id,prazo_do_encarregado,data,hora,encarregado.nome,encarregadoId,proprietario.nome,proprietarioId,assunto,tipoAtividade,status,processo.pasta,processoId,processo.adverso.nome,processo.natureza,processo.advogadoCliente.nome,diasPrazo,observacao
1653248.0,08/09/2026,08/09/2026,,Amanda Carvalho Martins,9353,Nathalia Garcia,2821,Envio da Contranotificação,Compromisso (Prazo),Não iniciado,0265-26,474125,Prefeitura de São José do Rio Preto,,Jurídico Notificação,,"Pendente - elaborar. 
Protocolo e-mail."
1653242.0,01/10/2026,05/10/2026,,Lawrencce Van Hornn Liberatori da Silva,9293,Karen Demetrio Firmino,8956,Julgamento,Compromisso (Prazo),Não iniciado,1009834-19.2026.8.11.0001,471178,Syndel Costa Conceição,Cível,Thaia - Escritório RST&A,,01/10/2026 a 05/10/2026
1653217.0,17/09/2026,18/09/2026,,Marina Luise Campana Perini,8560,Nathalia Garcia,2821,Manifestação sobre laudo pericial,Compromisso (Prazo),Não iniciado,1025752-98.2024.8.26.0071,454780,Prefeitura Municipal de Bauru,Cível,Serur Advogados,,Pendente - Aguardando minuta
1653211.0,02/09/2026,03/09/2026,,Amanda Carvalho Martins,9353,Nathalia Garcia,2821,Questões de fato e direito + Provas,Compromisso (Prazo),Não iniciado,0002615-93.2026.8.16.0045,472358,Eloina Alves Sofias,Cível,Bruno - Escritório RST&A,,Pendente - Aguardando minuta
1653181.0,28/08/2026,31/08/2026,,Lawrencce Van Hornn Liberatori da Silva,9293,Nathalia Garcia,2821,Julgamento,Compromisso (Prazo),Não iniciado,1021641-32.2023.8.26.0451,439904,Débora da Silva Galvão,Cível,Bruno - Escritório RST&A,,Julgamento: 31.08.2026
1653180.0,28/08/2026,31/08/2026,,Lawrencce Van Hornn Liberatori da Silva,9293,Nathalia Garcia,2821,Julgamento,Compromisso (Prazo),Não iniciado,1003757-86.2023.8.26.0322,411202,Antonio Rogerio Borges,Cível,Bruno - Escritório RST&A,,Julgamento: 31.08.2026
1653173.0,03/09/2026,04/09/2026,,Amanda Carvalho Martins,9353,Nathalia Garcia,2821,Questões de fato e direito + Provas,Compromisso (Prazo),Não iniciado,0000054-96.2026.8.16.0045,472395,Maria Aparecida do Nascimento,Cível,Bruno - Escritório RST&A,,Pendente - Aguardando minuta
1653172.0,03/09/2026,04/09/2026,,Lawrencce Van Hornn Liberatori da Silva,9293,Lawrencce Van Hornn Liberatori da Silva,9293,Recolher custas finais,Compromisso (Prazo),Não iniciado,1017143-83.2024.8.26.0344,458648,Roberta Kelly Lima Ferreira,Cível,Bruno - Escritório RST&A,,Protocolo direto
1653171.0,03/09/2026,04/09/2026,,Lawrencce Van Hornn Liberatori da Silva,9293,Nathalia Garcia,2821,Agravo em Resp,Compromisso (Prazo),Não iniciado,1004195-15.2023.8.26.0322,414165,Luzia Cristina Picinato,Cível,Bruno - Escritório RST&A,,Pendente - Aguardando minuta
1653170.0,03/09/2026,04/09/2026,,Marina Luise Campana Perini,8560,Nathalia Garcia,2821,Questões de Fato e Direito + Provas,Compromisso (Prazo),Não iniciado,4001517-69.2026.8.26.0451,471292,Rikewlly Pereira de Lima,Cível,Bruno - Escritório RST&A,,Pendente - Aguardando minuta
1653169.0,03/09/2026,04/09/2026,,Marina Luise Campana Perini,8560,Nathalia Garcia,2821,Apelação,Compromisso (Prazo),Não iniciado,0009628-91.2023.8.26.0071,403737,Maria de Lourdes Oliveira,Cível,Bruno - Escritório RST&A,,Pendente - Aguardando minuta
1653168.0,03/09/2026,04/09/2026,,Marina Luise Campana Perini,8560,Nathalia Garcia,2821,Apresentar planilha atualizada de débito,Compromisso (Prazo),Não iniciado,0031365-05.2019.8.26.0100,294572,Icmm Participações e Empreendimentos Imobiliários ltda,Cível,Bentivegna e Ribeiro Advogados,,Pendente - Aguardando minuta
1653167.0,28/08/2026,31/08/2026,,Lawrencce Van Hornn Liberatori da Silva,9293,Nathalia Garcia,2821,Manifestação ao Laudo,Compromisso (Prazo),Não iniciado,0011744-93.2024.8.16.0045,461946,Ana Paula Camaro,Cível,Bruno - Escritório RST&A,,Pendente validação - minuta recebida em 28.08.2026
1653166.0,28/08/2026,31/08/2026,,Lawrencce Van Hornn Liberatori da Silva,9293,Nathalia Garcia,2821,Manifestação ao Laudo,Compromisso (Prazo),Não iniciado,0015064-54.2024.8.16.0045,461960,Maria Eduarda Ferreira de Lima,Cível,Bruno - Escritório RST&A,,Pendente validação - minuta recebida em 27.08.2026
1653165.0,28/08/2026,31/08/2026,,Amanda Carvalho Martins,9353,Nathalia Garcia,2821,Manifestação aos Esclarecimentos,Compromisso (Prazo),Não iniciado,0006297-90.2025.8.16.0045,464832,Antonio Ferreira de Assis,Cível,Bruno - Escritório RST&A,,Pendente validação - minuta recebida em 28.08.2026
1653163.0,28/08/2026,31/08/2026,,Amanda Carvalho Martins,9353,Amanda Carvalho Martins,9353,Manifestação aos Esclarecimentos,Compromisso (Prazo),Não iniciado,0005948-87.2025.8.16.0045,464662,Josilene de Fátima Juliano Carvalho,Cível,Bruno - Escritório RST&A,,Pendente validação - minuta recebida em 28.08.2026
1653161.0,28/08/2026,31/08/2026,,Lawrencce Van Hornn Liberatori da Silva,9293,Nathalia Garcia,2821,Impugnação Honorários Periciais,Compromisso (Prazo),Finalizado pelo Encarregado(a),0065627-48.2024.8.16.0014,462227,Israel Antônio Pina,Cível,Bruno - Escritório RST&A,,Minuta protocolada em 28.08.2026.
1653160.0,28/08/2026,31/08/2026,,Lawrencce Van Hornn Liberatori da Silva,9293,Nathalia Garcia,2821,Manifestação ao Laudo,Compromisso (Prazo),Não iniciado,0011117-89.2024.8.16.0045,461937,Alberto Alves de Freitas Junior,Cível,Bruno - Escritório RST&A,,Pendente validação - minuta recebida em 28.08.2026
1653159.0,28/08/2026,31/08/2026,,Lawrencce Van Hornn Liberatori da Silva,9293,Nathalia Garcia,2821,Embargos de declaração,Compromisso (Prazo),Finalizado pelo Encarregado(a),1003763-93.2023.8.26.0322,411197,Cristiano dos Santos,Cível,Bruno - Escritório RST&A,,Dispensado
1653158.0,28/08/2026,31/08/2026,,Lawrencce Van Hornn Liberatori da Silva,9293,Nathalia Garcia,2821,Manifestação ao Laudo,Compromisso (Prazo),Não iniciado,0011759-62.2024.8.16.0045,461952,Jenifer Lins Leonor,Cível,Bruno - Escritório RST&A,,Pendente - Aguardando minuta
1653157.0,28/08/2026,31/08/2026,,Lawrencce Van Hornn Liberatori da Silva,9293,Nathalia Garcia,2821,Embargos de declaração,Compromisso (Prazo),Não iniciado,0008780-26.2024.8.16.0014,444895,Lucimara Alves Cabral,Cível,Bruno - Escritório RST&A,,Pendente - Aguardando minuta
1653155.0,01/09/2026,02/09/2026,,Marina Luise Campana Perini,8560,Nathalia Garcia,2821,Embargos de declaração,Compromisso (Prazo),Não iniciado,0009657-44.2023.8.26.0071,403672,Adriano Cataluppi,Cível,Bruno - Escritório RST&A,,Pendente - Aguardando minuta
1653154.0,01/09/2026,04/09/2026,,Laryssa Mazo Pintor de Lima Rodrigues,5293,Nathalia Garcia,2821,Exceção de Incompetência Territorial,Compromisso (Prazo),Não iniciado,0010416-68.2026.5.15.0100,474141,Alex Pereira de Souza,Trabalhista,Jurídico Trabalhista,,
1653153.0,12/10/2026,19/10/2026,,Laryssa Mazo Pintor de Lima Rodrigues,5293,Nathalia Garcia,2821,Defesa e documentos,Compromisso (Prazo),Não iniciado,0010416-68.2026.5.15.0100,474141,Alex Pereira de Souza,Trabalhista,Jurídico Trabalhista,,
1653152.0,19/10/2026,20/10/2026,,Laryssa Mazo Pintor de Lima Rodrigues,5293,Nathalia Garcia,2821,Audiência Inicial,Compromisso (Audiência),Não iniciado,0010416-68.2026.5.15.0100,474141,Alex Pereira de Souza,Trabalhista,Jurídico Trabalhista,,Telepresencial
1653147.0,01/09/2026,02/09/2026,,Lawrencce Van Hornn Liberatori da Silva,9293,Nathalia Garcia,2821,Embargos de declaração,Compromisso (Prazo),Não iniciado,1007644-45.2024.8.26.0451,447496,Luciana Xisto dos Santos,Cível,Bruno - Escritório RST&A,,Pendente - Aguardando minuta
1653146.0,01/09/2026,02/09/2026,,Lawrencce Van Hornn Liberatori da Silva,9293,Nathalia Garcia,2821,Recurso Especial,Compromisso (Prazo),Não iniciado,1021113-95.2023.8.26.0451,439383,Anderson Bezerra Santos Souza,Cível,Bruno - Escritório RST&A,,Pendente - Aguardando minuta
1653144.0,02/09/2026,03/09/2026,,Lawrencce Van Hornn Liberatori da Silva,9293,Nathalia Garcia,2821,Manifestação ao Laudo,Compromisso (Prazo),Não iniciado,1002538-90.2024.8.26.0358,448240,Sara Marini Sifontes Galhardo,Cível,Bruno - Escritório RST&A,,Pendente - Aguardando minuta
1653143.0,02/09/2026,03/09/2026,,Lawrencce Van Hornn Liberatori da Silva,9293,Nathalia Garcia,2821,Quesitos e assistente técnico,Compromisso (Prazo),Não iniciado,1002549-34.2024.8.26.0451,444592,Estefani Pedronetti da Silva Alves,Cível,Bruno - Escritório RST&A,,Pendente - Aguardado minuta
1653141.0,31/08/2026,01/09/2026,,Marina Luise Campana Perini,8560,Nathalia Garcia,2821,Agravo de Instrumento (rateio),Compromisso (Prazo),Não iniciado,1014631-63.2025.8.26.0451,468074,Daniele de Matos Rodrigues,Cível,Bruno - Escritório RST&A,,Protocolo direto
1653140.0,31/08/2026,01/09/2026,,Marina Luise Campana Perini,8560,Nathalia Garcia,2821,Recurso Especial,Compromisso (Prazo),Não iniciado,1044537-48.2024.8.26.0576,455176,Pamela Cristina Menezes,Cível,Bruno - Escritório RST&A,,Pendente - Aguardando minuta
1653130.0,31/08/2026,04/09/2026,,Laryssa Mazo Pintor de Lima Rodrigues,5293,Nathalia Garcia,2821,Verificar Despacho,Compromisso (Prazo),Não iniciado,0011469-72.2023.5.15.0041,440239,Maria Elmita Simonete Alves Soares,Trabalhista,Jurídico Trabalhista,,"João 28/08:  Intimada a parte exequente para indicar, em 30 dias, meios inéditos e efetivos para prosseguimento da execução. Se silente ou sem indicação de bens penhoráveis, os autos serão remetidos ao arquivo provisório por 2 anos (art. 11-A da CLT), com início da prescrição intercorrente.

D J E N - TRT15
Disponibilização: sexta-feira, 28 de agosto de 2026.
Arquivo: 1
Publicação: 16690
TRT15 Diário de Justiça Eletrônico Nacional
Intimação Processo: 0011469-72.2023.5.15.0041   Órgão: EXE1 - Sorocaba  Data de disponibilização:   Tipo de comunicação: Intimação  Meio: Diário de Justiça Eletrônico Nacional   Parte(s):   MARIA ELMITA SIMONETE ALVES SOARES  OG DA SILVA  COMER BEM REFEICOES EMPRESARIAIS LTDA   Advogado(s)   LUIZ GUSTAVO DE MELLO GOMES NICOLAU  OAB SP-489955  GUILHERME DE MELLO THIBES  OAB SP-375280  LUCAS DE LEON BARROS MEIRA  OAB SP-379690   PODER JUDICIÁRIO JUSTIÇA DO TRABALHO TRIBUNAL REGIONAL DO TRABALHO DA 15ª REGIÃO EXE1 - SOROCABA ATOrd 0011469-72.2023.5.15.0041 AUTOR: MARIA ELMITA SIMONETE ALVES SOARES RÉU: COMER BEM REFEICOES EMPRESARIAIS LTDA INTIMAÇÃO Fica V. Sa. intimado para tomar ciência do Despacho ID 728bec8 proferido nos autos. Órgão Julgador de Origem: VARA DO TRABALHO DE ITAPETININGA DESPACHO Vistos, etc... Intime-se a exequente para indicar meios inéditos e efetivos para prosseguimento da presente execução, no prazo de 30 dias. Silente ou em caso de não indicação de bens, bem como em caso de indicação de medidas inócuas para a efetividade da execução, considerando que a Recomendação CGJT nº 3/2018 foi revogada em 26/09/2023, remetam os autos ao arquivo provisório pelo prazo de 02 (dois) anos, nos termos do art. 11-A da CLT, devendo o autor ser intimado, por meio de seu advogado, acerca do início do prazo da prescrição intercorrente. Poderá a parte exequente, caso localizado bens livres e desembaraçados, requerer o prosseguimento da execução nos mesmos autos. Para que não alegue desconhecimento, intime-se também pessoalmente, por carta, no endereço cadastrado nos autos, sendo válida ainda que retornada/rejeitada, uma vez que é obrigação da parte/advogado manter seu endereço atualizado, nos termos do art. 77, V e art. 274 parágrafo único do CPC. SOROCABA/SP, 27 de agosto de 2026 JOSE ANTONIO DOSUALDO Juiz do Trabalho SubstitutoIntimado(s) / Citado(s) - MARIA ELMITA SIMONETE ALVES SOARES"
1653129.0,31/08/2026,04/09/2026,,Laryssa Mazo Pintor de Lima Rodrigues,5293,Nathalia Garcia,2821,Verificar Despacho,Compromisso (Prazo),Não iniciado,0000565-32.2026.5.13.0012,473896,Geovane Simão de Andrade,Trabalhista,Jurídico Trabalhista,,"João 28/08: Decisão de 27/08/2026 acolheu a exceção de incompetência territorial apresentada pela Pacaembu, declarou competente a Vara do Trabalho de Barretos/SP e determina a remessa dos autos para lá após o trânsito em julgado; processo retirado da pauta de audiências.

D J E N - TRT13
Disponibilização: sexta-feira, 28 de agosto de 2026.
Arquivo: 1
Publicação: 2707
TRT13 Diário de Justiça Eletrônico Nacional
Intimação Processo: 0000565-32.2026.5.13.0012   Órgão: Vara do Trabalho de Sousa  Data de disponibilização:   Tipo de comunicação: Intimação  Meio: Diário de Justiça Eletrônico Nacional   Parte(s):   GEOVANE SIMAO DE ANDRADE  PACAEMBU EMPREENDIMENTOS E CONSTRUCOES LTDA  WG ARTE EM PINTURAS LTDA   Advogado(s)   ADALBERTO GONCALVES DE BRITO JUNIOR  OAB PE-23300  WELLINGTON ROBERTO DE MELLO  OAB SP-384037  NATHALIA CAROLINE CORREIA GARCIA  OAB SP-338049   TRIBUNAL REGIONAL DO TRABALHO DA 13ª REGIÃO VARA DO TRABALHO DE SOUSA ATOrd 0000565-32.2026.5.13.0012 AUTOR: GEOVANE SIMAO DE ANDRADE RÉU: PACAEMBU EMPREENDIMENTOS E CONSTRUCOES LTDA E OUTROS (1) INTIMAÇÃO Fica V. Sa. intimado para tomar ciência da Decisão ID aed0c97 proferida nos autos. DECISÃO Trata-se de Exceção de Incompetência Territorial oposta pela primeira reclamada, PACAEMBU CONSTRUTORA S.A., em face da presente reclamação trabalhista, na qual sustenta a incompetência territorial deste Juízo, ao argumento de que o reclamante prestou serviços exclusivamente em localidades situadas nos Estados de São Paulo e Paraná. A exceção foi apresentada tempestivamente, nos termos do art. 800 da CLT. Por sua vez, o reclamante apresentou impugnação, sustentando que a excipiente não impugnou, em sua peça, os fatos que ensejariam a incidência do § 3º do art. 651 da CLT, alegando ainda que o reclamante teria sido recrutado em sua cidade natal pelo sócio da segunda reclamada. É o relatório. Nos termos do art. 651, caput, da CLT, a competência das Varas do Trabalho é determinada, em regra, pelo local da prestação dos serviços. No caso dos autos, a própria petição inicial informa que o reclamante desenvolveu suas atividades laborais em Barretos/SP, Assis/SP, Botucatu/SP e Arapongas/PR, não havendo alegação de prestação de serviços no Estado da Paraíba. O reclamante pretende, contudo, a manutenção da competência deste Juízo com fundamento no § 3º do art. 651 da CLT, sustentando que teria sido recrutado e aliciado no Município de Juru/PB pelo sócio da segunda reclamada, que teria, ainda, custeado seu deslocamento até o Estado de São Paulo. Afirma, assim, que a contratação teria se aperfeiçoado em território paraibano. Ocorre que a incidência da regra excepcional prevista no § 3º do art. 651 da CLT pressupõe a demonstração de que o empregador promoveu a realização de atividades fora do lugar da celebração do contrato de trabalho, circunstância que deve estar minimamente amparada pelos elementos constantes dos autos. No caso concreto, não sequer indícios de que a contratação tenha efetivamente ocorrido no Município de Juru/PB, tampouco de que o recrutamento alegado tenha sido realizado pela empregadora naquele local. A competência territorial não pode ser definida exclusivamente a partir da conveniência da parte ou de alegações desprovidas de suporte probatório. A regra prevista no § 3º do art. 651 da CLT constitui hipótese específica de extensão da competência territorial e, portanto, exige a demonstração dos pressupostos fáticos que autorizam sua incidência. Nesse contexto, prevalece a regra geral do caput do dispositivo, segundo a qual a competência territorial é fixada pelo local da prestação dos serviços. Também não prospera a invocação genérica do princípio constitucional do acesso à Justiça para justificar a competência deste Juízo. Embora se reconheça a relevância do referido princípio, sua incidência não autoriza, por si só, o afastamento dos critérios objetivos de competência territorial estabelecidos pela legislação trabalhista, sobretudo quando não demonstrada a situação excepcional alegada pela parte autora. Registre-se, ainda, que a tramitação do feito sob a modalidade do Juízo 100% Digital, com a possibilidade de realização de atos processuais por meio telepresencial, não altera as regras legais de competência territorial. Ademais, o foro do local da prestação de serviços é o mais adequado para a coleta das provas testemunhal e pericial. Assim, acolho a exceção de incompetência territorial apresentada pela empresa PACAEMBU EMPREENDIMENTOS E CONSTRUCOES LTDA nos autos da ação movida por GEOVANE SIMAO DE ANDRADE, para declarar a competência da da Vara do Trabalho de Barretos/SP e determinar a remessa dos autos àquele Juízo, após o trânsito em julgado. Retire-se o processo da pauta de audiências. Intimem-se as partes. SOUSA/PB, 27 de agosto de 2026. KARINA LIMA DE QUEIROZ Juiz do Trabalho SubstitutoIntimado(s) / Citado(s) - PACAEMBU EMPREENDIMENTOS E CONSTRUCOES LTDA - WG ARTE EM PINTURAS LTDA"
1653128.0,31/08/2026,04/09/2026,,Laryssa Mazo Pintor de Lima Rodrigues,5293,Nathalia Garcia,2821,Verificar Despacho,Compromisso (Prazo),Não iniciado,0000544-19.2026.5.22.0105,473100,Marcos Vinicius Dutra dos Santos,Trabalhista,Jurídico Trabalhista,,"João 28/08: Como a reclamada Manda Chuva não foi localizada para receber a notificação, o Juízo determina a intimação da parte reclamante para, em 5 dias úteis, requerer o que entender de direito, sob pena de extinção do processo sem julgamento do mérito em relação a essa reclamada.

D J E N - TRT22
Disponibilização: sexta-feira, 28 de agosto de 2026.
Arquivo: 1
Publicação: 321
TRT22 Diário de Justiça Eletrônico Nacional
Intimação Processo: 0000544-19.2026.5.22.0105   Órgão: Vara do Trabalho de Piripiri  Data de disponibilização:   Tipo de comunicação: Intimação  Meio: Diário de Justiça Eletrônico Nacional   Parte(s):   MARCOS VINICIUS DUTRA DOS SANTOS  MANDA CHUVA SERVICOS ELETRICOS E HIDRAULICOS LTDA  VIDA NOVA CUIABA II - EMPREENDIMENTO IMOBILIARIO LTDA   Advogado(s)   THIAGO CARVALHO DOS SANTOS  OAB PI-16641  ANDRE FERREIRA DE ARAUJO  OAB PI-10009  NATHALIA CAROLINE CORREIA GARCIA  OAB SP-338049   PODER JUDICIÁRIO JUSTIÇA DO TRABALHO TRIBUNAL REGIONAL DO TRABALHO DA 22ª REGIÃO VARA DO TRABALHO DE PIRIPIRI ATSum 0000544-19.2026.5.22.0105 AUTOR: MARCOS VINICIUS DUTRA DOS SANTOS RÉU: MANDA CHUVA SERVICOS ELETRICOS E HIDRAULICOS LTDA E OUTROS (1) INTIMAÇÃO Fica V. Sa. intimado para tomar ciência do Despacho ID 3dd2c32 proferido nos autos. DESPACHO Considerando que a reclamada MANDA CHUVA SERVICOS ELETRICOS E HIDRAULICOS LTDA, não foi localizada para recebimento da notificação, conforme documento de Id 900c5d2, intime-se a parte reclamante para, no prazo de 5 dias, requerendo o que entender de direito, sob pena de extinção do processo sem julgamento do mérito em relação a esta reclamada. Intime-se. PIRIPIRI/PI, 27 de agosto de 2026. CARLOS WAGNER ARAUJO NERY DA CRUZ Juiz Titular de Vara do TrabalhoIntimado(s) / Citado(s) - VIDA NOVA CUIABA II - EMPREENDIMENTO IMOBILIARIO LTDA"
1653111.0,18/09/2026,21/09/2026,,Amanda Carvalho Martins,9353,Nathalia Garcia,2821,Quesitos e assistente técnico,Compromisso (Prazo),Não iniciado,0017325-55.2025.8.16.0045,472105,Francielle de Souza dos Santos,Cível,Thaia - Escritório RST&A,,Pendente - Aguardando minuta
1653108.0,18/09/2026,21/09/2026,,Lawrencce Van Hornn Liberatori da Silva,9293,Nathalia Garcia,2821,Quesitos e assistente técnico,Compromisso (Prazo),Não iniciado,0015261-72.2025.8.16.0045,472545,Clayton Fagundes Catarino,Cível,Bruno - Escritório RST&A,,Pendente - Aguardando minuta
1653104.0,25/09/2026,28/09/2026,,Marina Luise Campana Perini,8560,Nathalia Garcia,2821,Julgamento,Compromisso (Prazo),Não iniciado,0008362-35.2024.8.26.0071,445270,Geni de Sousa Santos,Cível,Bruno - Escritório RST&A,,
1653102.0,03/09/2026,04/09/2026,,Lawrencce Van Hornn Liberatori da Silva,9293,Nathalia Garcia,2821,Envio de Notificação,Compromisso (Prazo),Não iniciado,0180-26,472878,Nelson Fagiolli e outros,,Jurídico Notificação,,Pendente - Elaborar
1653097.0,18/09/2026,21/09/2026,,Lawrencce Van Hornn Liberatori da Silva,9293,Nathalia Garcia,2821,Quesitos e assistente técnico,Compromisso (Prazo),Não iniciado,0014157-45.2025.8.16.0045,471138,Erika Beatriz Aldivino Rosa,Cível,Bruno - Escritório RST&A,,Pendente - Aguardando minuta
1653086.0,28/08/2026,31/08/2026,,Amanda Carvalho Martins,9353,Nathalia Garcia,2821,Envio da Contranotificação,Compromisso (Prazo),Não iniciado,0268-26,474138,Fernanda Rodrigues,,Jurídico Notificação,,"Pendente - elaborar. 
Protocolo e-mail."
1653084.0,31/08/2026,08/09/2026,,Laryssa Mazo Pintor de Lima Rodrigues,5293,Nathalia Garcia,2821,Razões Finais,Compromisso (Prazo),Não iniciado,0010671-53.2025.5.15.0070,464700,Francisco Matias dos Santos,Trabalhista,Jurídico Trabalhista,,
1653082.0,02/09/2026,03/09/2026,,Marina Luise Campana Perini,8560,Nathalia Garcia,2821,Julgamento,Compromisso (Prazo),Não iniciado,4005278-58.2025.8.26.0576,468635,Adalgisa Moraes de Andrade,Cível,Thaia - Escritório RST&A,,Julgamento de IA
1653081.0,02/09/2026,03/09/2026,,Lawrencce Van Hornn Liberatori da Silva,9293,Nathalia Garcia,2821,Julgamento,Compromisso (Prazo),Não iniciado,1002259-82.2025.8.26.0451,462795,Gustavo Ferreira de Souza,Cível,Thaia - Escritório RST&A,,
1653080.0,28/08/2026,31/08/2026,,Marina Luise Campana Perini,8560,Nathalia Garcia,2821,Julgamento,Compromisso (Prazo),Não iniciado,1051887-87.2024.8.26.0576,459444,Luis Fernando Rodrigues de Andrade,Cível,Thaia - Escritório RST&A,,Julgamento de Eds
1653077.0,28/08/2026,31/08/2026,,Marina Luise Campana Perini,8560,Nathalia Garcia,2821,Julgamento,Compromisso (Prazo),Não iniciado,1051876-58.2024.8.26.0576,459976,Cleber Santos Silva Fagundes,Cível,Thaia - Escritório RST&A,,Julgamento de Agravo interno
1653070.0,31/08/2026,01/09/2026,,Lawrencce Van Hornn Liberatori da Silva,9293,Nathalia Garcia,2821,Embargos de declaração,Compromisso (Prazo),Não iniciado,4004454-04.2026.8.26.0079,473094,Maria Catiele Santos Lopes,Cível,Thaia - Escritório RST&A,,Pendente - Aguardando minuta
1653069.0,31/08/2026,01/09/2026,,Amanda Carvalho Martins,9353,Nathalia Garcia,2821,Esclarecimentos,Compromisso (Prazo),Não iniciado,4005963-65.2025.8.26.0576,468785,Rosiele Barbosa Silva,Cível,Thaia - Escritório RST&A,,Pendente - Aguardando minuta
1653068.0,31/08/2026,01/09/2026,,Lawrencce Van Hornn Liberatori da Silva,9293,Nathalia Garcia,2821,Embargos de declaração,Compromisso (Prazo),Não iniciado,4001900-17.2026.8.26.0073,472932,Thamires Klein Pereira,Cível,Thaia - Escritório RST&A,,Pendente - Aguardando minuta
1653067.0,31/08/2026,01/09/2026,,Lawrencce Van Hornn Liberatori da Silva,9293,Nathalia Garcia,2821,Embargos de declaração,Compromisso (Prazo),Não iniciado,4002485-06.2026.8.26.0482,471255,Fabiano Alves da Silva,Cível,Thaia - Escritório RST&A,,Pendente - Aguardando minuta
1653063.0,31/08/2026,01/09/2026,,Marina Luise Campana Perini,8560,Nathalia Garcia,2821,Embargos de declaração,Compromisso (Prazo),Não iniciado,1001209-21.2025.8.26.0451,462588,Vinicius Henrique Soares,Cível,Thaia - Escritório RST&A,,Pendente - Aguardando minuta
1653057.0,31/08/2026,01/09/2026,,Lawrencce Van Hornn Liberatori da Silva,9293,Nathalia Garcia,2821,Manif Pesquisa Serasa,Compromisso (Prazo),Não iniciado,4000895-11.2025.8.26.0132,468521,Jackeline Soares de Oliveira,Cível,Thaia - Escritório RST&A,,Pendente - Aguardando minuta
1653056.0,31/08/2026,01/09/2026,,Marina Luise Campana Perini,8560,Nathalia Garcia,2821,Contraminuta de Agravo de Interno,Compromisso (Prazo),Não iniciado,1010934-38.2025.8.26.0482,466211,Daiana Aparecida do Carmo Ruffo,Cível,Thaia - Escritório RST&A,,Pendente - Aguardando minuta
1653054.0,31/08/2026,01/09/2026,,Marina Luise Campana Perini,8560,Nathalia Garcia,2821,Carta de Preposição,Compromisso (Prazo),Não iniciado,4004952-64.2026.8.26.0576,471301,Ana Paula Maldonado,Cível,Thaia - Escritório RST&A,,Protocolo direto
1653052.0,31/08/2026,01/09/2026,,Lawrencce Van Hornn Liberatori da Silva,9293,Nathalia Garcia,2821,Embargos de declaração,Compromisso (Prazo),Não iniciado,4003850-91.2025.8.26.0624,470220,Dayele Cristina de Sousa Lerci,Cível,Thaia - Escritório RST&A,,Pendente - Aguardando minuta
1653051.0,31/08/2026,01/09/2026,,Lawrencce Van Hornn Liberatori da Silva,9293,Nathalia Garcia,2821,Quesitos e assistente técnico,Compromisso (Prazo),Não iniciado,4003850-91.2025.8.26.0624,470220,Dayele Cristina de Sousa Lerci,Cível,Thaia - Escritório RST&A,,Pendente - Aguardando minuta
1653047.0,03/09/2026,04/09/2026,,Marina Luise Campana Perini,8560,Nathalia Garcia,2821,Carta de Preposição,Compromisso (Prazo),Não iniciado,0017826-09.2025.8.16.0045,472388,Elibelto Aparecido Geraldo,Cível,Thaia - Escritório RST&A,,Protocolo direto
1653045.0,03/09/2026,04/09/2026,,Marina Luise Campana Perini,8560,Nathalia Garcia,2821,Manif Extinção,Compromisso (Prazo),Não iniciado,1055357-29.2024.8.26.0576,461462,Layane Agatha Esteves Moraes,Cível,Thaia - Escritório RST&A,,Pendente - Aguardando minuta
1653043.0,31/08/2026,01/09/2026,,Marina Luise Campana Perini,8560,Nathalia Garcia,2821,Contrarrazões de Recurso Especial,Compromisso (Prazo),Não iniciado,1051894-79.2024.8.26.0576,459450,Rose Vitoria dos Santos Liebana,Cível,Thaia - Escritório RST&A,,Pendente - Aguardando minuta
1653041.0,28/08/2026,31/08/2026,,Lawrencce Van Hornn Liberatori da Silva,9293,Nathalia Garcia,2821,Comunicar Julgamento de AI,Compromisso (Prazo),Não iniciado,4000233-26.2026.8.26.0451,470941,Marcio Alves de Paula,Cível,Thaia - Escritório RST&A,,Pendente - Aguardando minuta
1653038.0,28/08/2026,31/08/2026,,Marina Luise Campana Perini,8560,Nathalia Garcia,2821,Embargos de declaração,Compromisso (Prazo),Não iniciado,1002913-02.2025.8.26.0344,463169,Francieli Feltri Limão,Cível,Thaia - Escritório RST&A,,Pendente validação - minuta recebida em 27.08.2026
1653035.0,28/08/2026,31/08/2026,,Marina Luise Campana Perini,8560,Nathalia Garcia,2821,Embargos de declaração,Compromisso (Prazo),Não iniciado,1001798-75.2026.8.13.0342,472996,Gisaine Aparecida Dias,Cível,Thaia - Escritório RST&A,,Pendente validação - minuta recebida em 27.08.2026
1653033.0,28/08/2026,31/08/2026,,Marina Luise Campana Perini,8560,Nathalia Garcia,2821,Embargos de declaração,Compromisso (Prazo),Não iniciado,4004150-66.2026.8.26.0576,471102,Andressa Vieira Vechiatto,Cível,Thaia - Escritório RST&A,,Pendente validação - minuta recebida em 27.08.2026
1653030.0,01/09/2026,02/09/2026,,Marina Luise Campana Perini,8560,Nathalia Garcia,2821,Julgamento,Compromisso (Prazo),Não iniciado,1024770-87.2025.8.26.0576,465727,Isabel Soares da Silva,Cível,Thaia - Escritório RST&A,,Julgamento de AI
1653029.0,28/08/2026,31/08/2026,,Marina Luise Campana Perini,8560,Nathalia Garcia,2821,Embargos de declaração,Compromisso (Prazo),Não iniciado,0002928-69.2024.8.16.0192,465246,Brigida Dal Molin,Cível,Thaia - Escritório RST&A,,Pendente - Aguardando minuta
1653027.0,28/08/2026,31/08/2026,,Marina Luise Campana Perini,8560,Nathalia Garcia,2821,Manif Honorários do Perito,Compromisso (Prazo),Não iniciado,0002928-69.2024.8.16.0192,465246,Brigida Dal Molin,Cível,Thaia - Escritório RST&A,,Pendente validação - minuta recebida em 27.08.2026
1653024.0,28/08/2026,31/08/2026,,Marina Luise Campana Perini,8560,Marina Luise Campana Perini,8560,CR Aresp,Compromisso (Prazo),Não iniciado,1055806-84.2024.8.26.0576,461445,Leonardo Antonio Bego Salazar,Cível,Thaia - Escritório RST&A,,Minuta validada em 28.08.2026 - aguardando protocolo
1653022.0,28/08/2026,31/08/2026,,Lawrencce Van Hornn Liberatori da Silva,9293,Nathalia Garcia,2821,Comprovar Recolhimento Honorários Periciais,Compromisso (Prazo),Não iniciado,1004915-30.2025.8.26.0445,466803,Danielle dos Anjos Nascimento,Cível,Thaia - Escritório RST&A,,Protocolo direto
1653016.0,25/09/2026,28/09/2026,,Lawrencce Van Hornn Liberatori da Silva,9293,Nathalia Garcia,2821,Julgamento,Compromisso (Prazo),Não iniciado,5001429-53.2024.4.03.6337,454558,Nayane Keyla Madrid,Cível,Thaia - Escritório RST&A,,
1653014.0,14/10/2026,15/10/2026,,Marina Luise Campana Perini,8560,Nathalia Garcia,2821,Vistoria,Compromisso (Prazo),Não iniciado,1056304-83.2024.8.26.0576,461555,Layra Susan Ramos Salvador,Cível,Thaia - Escritório RST&A,,"No local do imóvel - Rua Adolpho Casagrande, n° 276 - Qd 6, LT 13"
1653012.0,01/09/2026,04/09/2026,,Laryssa Mazo Pintor de Lima Rodrigues,5293,Nathalia Garcia,2821,Exceção de Incompetência Territorial,Compromisso (Prazo),Não iniciado,0011329-77.2026.5.15.0091,473589,Paulo Rodrigo Borges Silva,Trabalhista,Jurídico Trabalhista,,
1652894.0,02/09/2026,10/09/2026,,Laryssa Mazo Pintor de Lima Rodrigues,5293,Nathalia Garcia,2821,Manifestação MPT - Estágio,Compromisso (Prazo),Não iniciado,001482.2026.15.001/4,474130,Ministério Público do Trabalho Bauru,Procedimento Administrativo,Jurídico Trabalhista,,
1652865.0,28/08/2026,31/08/2026,,Marina Luise Campana Perini,8560,Nathalia Garcia,2821,Acompanhar homologação do acordo,Compromisso (Acompanhar),Não iniciado,1000657-35.2025.8.26.0458,466918,Rosa Maria Julião Coimbra,Cível,Procuradoria do Estado de São Paulo,,Acompanhar homologação do acordo para programação do pagamento.
1652861.0,08/09/2026,09/09/2026,,Amanda Carvalho Martins,9353,Nathalia Garcia,2821,Envio da Contranotificação,Compromisso (Prazo),Não iniciado,0267-26,474127,Prefeitura de São José do Rio Preto,,Jurídico Notificação,,"Pendente - elaborar. 
Envio e-mail."
1652859.0,23/09/2026,24/09/2026,,Amanda Carvalho Martins,9353,Nathalia Garcia,2821,Envio da Contranotificação,Compromisso (Prazo),Não iniciado,0266-26,474126,Prefeitura de São José do Rio Preto,,Jurídico Notificação,,"Pendente - elaborar. 
Protocolo e-mail."
1652857.0,27/08/2026,28/08/2026,,Amanda Carvalho Martins,9353,Nathalia Garcia,2821,Envio da Contranotificação,Compromisso (Prazo),Não iniciado,0265-26,474125,Prefeitura de São José do Rio Preto,,Jurídico Notificação,,"Pendente - elaborar. 
Protocolo e-mail."
1652795.0,28/08/2026,31/08/2026,,Amanda Carvalho Martins,9353,Nathalia Garcia,2821,Envio da Contranotificação,Compromisso (Prazo),Não iniciado,0264-26,474119,Octavio Felipe dos Santos,,Jurídico Notificação,,"Pendente - elaborar 
Protocolo digital."
1652790.0,28/08/2026,03/09/2026,,Laryssa Mazo Pintor de Lima Rodrigues,5293,Nathalia Garcia,2821,Verificar Despacho,Compromisso (Prazo),Finalizado pelo Encarregado(a),0010311-91.2026.5.15.0100,471843,Daniel da Silva Cerqueira,Trabalhista,Jurídico Trabalhista,,"Lary 28/08: Ok. 
João 27/08: Intimação ao advogado do reclamante: notificação enviada à primeira reclamada retornou com a informação ""mudou-se"". Prazo para manifestação: 5 dias.

D J E N - TRT15
Disponibilização: quinta-feira, 27 de agosto de 2026.
Arquivo: 1
Publicação: 4950
TRT15 Diário de Justiça Eletrônico Nacional
Intimação Processo: 0010311-91.2026.5.15.0100   Órgão: CON1 - Presidente Prudente  Data de disponibilização:   Tipo de comunicação: Intimação  Meio: Diário de Justiça Eletrônico Nacional   Parte(s):   DANIEL DA SILVA CERQUEIRA  ENG. CARLOS ALBERTO BOTELHO JUNIOR LTDA  PACAEMBU CONSTRUTORA S.A.   Advogado(s)   MILTON SCANHOLATO JUNIOR  OAB SP-268998  NATHALIA CAROLINE CORREIA GARCIA  OAB SP-338049   PODER JUDICIÁRIO JUSTIÇA DO TRABALHO TRIBUNAL REGIONAL DO TRABALHO DA 15ª REGIÃO CON1 - PRESIDENTE PRUDENTE PROCESSO: ATSum 0010311-91.2026.5.15.0100 AUTOR: DANIEL DA SILVA CERQUEIRA RÉU: ENG. CARLOS ALBERTO BOTELHO JUNIOR LTDA E OUTROS (1) Órgão Julgador de Origem: 2ª VARA DO TRABALHO DE ASSIS ADVOGADO DO RECLAMANTE Fica V. Sa. intimada da certidão de Id. 717e37e. A notificação encaminhada para a primeira reclamada retornou com a informação ""mudou-se"". Prazo para manifestação: 5 dias. .Intimado(s) / Citado(s) - DANIEL DA SILVA CERQUEIRA"
1652789.0,28/08/2026,03/09/2026,,Laryssa Mazo Pintor de Lima Rodrigues,5293,Nathalia Garcia,2821,Verificar Despacho,Compromisso (Prazo),Finalizado pelo Encarregado(a),0010914-61.2026.5.15.0005,472931,Laerte Rocha Souza,Trabalhista,Jurídico Trabalhista,,"Lary 28/08: Ok. 
João 27/08: Intimação ao autor para ciência de certidão e fornecimento de endereço atualizado, no prazo de 5 dias, sob pena de extinção do feito sem julgamento de mérito.

D J E N - TRT15
Disponibilização: quinta-feira, 27 de agosto de 2026.
Arquivo: 1
Publicação: 22981
TRT15 Diário de Justiça Eletrônico Nacional
Intimação Processo: 0010914-61.2026.5.15.0005   Órgão: CON1 - Bauru  Data de disponibilização:   Tipo de comunicação: Intimação  Meio: Diário de Justiça Eletrônico Nacional   Parte(s):   LAERTE ROCHA SOUZA  DINA ARAUJO DA SILVA  PACAEMBU CONSTRUTORA S.A.   Advogado(s)   JOSE EVANDRO PEREIRA DA SILVA  OAB DF-42460  NATHALIA CAROLINE CORREIA GARCIA  OAB SP-338049   PODER JUDICIÁRIO JUSTIÇA DO TRABALHO TRIBUNAL REGIONAL DO TRABALHO DA 15ª REGIÃO CON1 - BAURU ATOrd 0010914-61.2026.5.15.0005 AUTOR: LAERTE ROCHA SOUZA RÉU: DINA ARAUJO DA SILVA E OUTROS (1) INTIMAÇÃO Fica V. Sa. intimado para tomar ciência do Despacho ID 58558cb proferido nos autos. DESPACHO Ciência da certidão de id bbca93e. Fornecer atual endereço, no prazo de 5 (cinco) dias, sob pena de extinção do feito, sem julgamento de mérito. BAURU/SP, 26 de agosto de 2026 BRENO ORTIZ TAVARES COSTA Juiz do Trabalho SubstitutoIntimado(s) / Citado(s) - LAERTE ROCHA SOUZA"
1652787.0,28/08/2026,03/09/2026,,Laryssa Mazo Pintor de Lima Rodrigues,5293,Nathalia Garcia,2821,Verificar Despacho,Compromisso (Prazo),Não iniciado,0011086-46.2021.5.15.0015,274310,José da Penha Ribeiro Lopes,Trabalhista,Escritório Tozzini,,"João 27/08: Aditamento à pauta da Sessão Ordinária da 7ª Turma, sessão virtual de 15/09/2026 a 22/09/2026. Relator: Min. Cláudio Mascarenhas Brandão. (Tozzini)

D J E N - TST
Disponibilização: quinta-feira, 27 de agosto de 2026.
Arquivo: 1
Publicação: 4162
TST Diário de Justiça Eletrônico Nacional
Intimação Processo: 0011086-46.2021.5.15.0015   Órgão: 7ª Turma  Data de disponibilização:   Tipo de comunicação: Intimação  Meio: Diário de Justiça Eletrônico Nacional   Parte(s):   JOSE DA PENHA RIBEIRO LOPES  BRUMAR DE MARILIA PORTARIA E LIMPEZA LTDA - ME  PACAEMBU CONSTRUTORA S.A.   Advogado(s)   NATHALIA CAROLINE CORREIA GARCIA  OAB SP-338049  ALEXANDRE DE ALMEIDA CARDOSO  OAB SP-149394  ADINALDO APARECIDO DE OLIVEIRA  OAB SP-137939  ROMERO DA SILVA LEAO  OAB SP-189342  ANDERSON LUIZ SCOFONI  OAB SP-162434   Aditamento à Pauta de Julgamento (processos PJe) da Sessão Ordinária da Sétima Turma, a realizar-se exclusivamente em ambiente eletrônico (sessão virtual). A sessão virtual terá início no dia 15/09/2026 e encerramento 22/09/2026. 1. Sustentação oral na sessão virtual: 1.1. Sustentações eletrônicas: Nas hipóteses de cabimento de sustentação oral, fica facultado ao advogado encaminhar a sustentação por meio eletrônico, após a publicação da pauta até 48 horas antes do início da sessão virtual (art. 134-A do RITST). Neste caso, o julgamento será realizado em ambiente eletrônico (sessão virtual). 1.2. Formato e responsabilidade: As sustentações devem seguir as especificações técnicas do Tribunal (Ato SEGJUD.GP nº 129/2025), e o advogado firmará termo de declaração de que se encontra devidamente habilitado nos autos e de responsabilidade pelo conteúdo do arquivo enviado (art. 134-A, §§ 3º e 4º, do RITST). 2. Destaque para julgamento em sessão presencial: 2.1. Prazo: O pedido de destaque pode ser feito desde a publicação da pauta até 48 horas antes do início da sessão virtual (art. 135, II, do RITST). 2.2. Requerimento: O advogado deve formalizar o pedido de destaque por meio de inscrição eletrônica no endereço https://www.tst.jus.br/portal-da-advocacia. 2.3. Condição: O pedido de destaque só poderá ser realizado se o julgamento do processo comportar sustentação oral, e será submetido à consideração do relator. Em caso de deferimento, o processo será remetido para julgamento presencial, com publicação de nova pauta (art. 135 do RITST). Observação: Caso opte por encaminhar a sustentação oral por meio eletrônico, o advogado não poderá requerer o destaque do processo para julgamento presencial (art. 134-A, § 5º, do RITST). Processo EDCiv-RRAg - 11086-46.2021.5.15.0015 incluído no PLENARIO VIRTUAL. Relator: MINISTRO CLÁUDIO MASCARENHAS BRANDÃO. DAVI DE OLIVEIRA Secretário da 7ª Turma."
1652784.0,27/08/2026,02/09/2026,,Laryssa Mazo Pintor de Lima Rodrigues,5293,Nathalia Garcia,2821,Verificar Despacho,Compromisso (Prazo),Finalizado pelo Encarregado(a),0011329-77.2026.5.15.0091,473589,Paulo Rodrigo Borges Silva,Trabalhista,Jurídico Trabalhista,,"Lary 28/08: Audiência na pauta e sistema. Nada fazer.

João 27/08: Audiência una por videoconferência designada para 11/11/2026, 10:10.

Órgão: CON1 - Bauru
Data de disponibilização: 26/08/2026
Tipo de comunicação: Intimação
Meio: Diário de Justiça Eletrônico Nacional
Parte(s)
PACAEMBU CONSTRUTORA S.A.(P)
PAULO RODRIGO BORGES SILVA(A)
Advogado(s)
FERNANDO MANOEL LICKS DE PAIVA(PR 100858)
DANILO PIANCO ROSAS(PR 69520)

PODER JUDICIÁRIO JUSTIÇA DO TRABALHO TRIBUNAL REGIONAL DO TRABALHO DA 15ª REGIÃO CON1 - BAURU PROCESSO: ATOrd 0011329-77.2026.5.15.0091 AUTOR: PAULO RODRIGO BORGES SILVA RÉU: PACAEMBU CONSTRUTORA S.A. NOTIFICAÇÃO AUDIÊNCIA UNA POR VIDEOCONFERÊNCIA PARA AS PARTES: 1- Classe do Processo: Ação Trabalhista - Rito Ordinário.  Tipo de Audiência: Una por videoconferência (rito sumaríssimo). 2- Data : 11/11/2026 10:10 3- Link da audiência: O link da audiência, para partes, advogados e testemunhas, é o que segue: Https://trt15-jus-br.zoom.us/j/85809471767?pwd=mmqzbk9ptzzvovltr01qyve2shzwqt09 Id da Reunião 858 0947 1767 Senha199094 Orientações  sobre  o  uso  da  plataforma  ZOOM  podem  ser obtidas  no site-https://sites.google.com/trt15.jus.br/zoomadv/pagina-inicial . Os participantes da audiência deverão ser identificados conforme determinado na Ordem de Serviço CR 02/2024 do Eg. TRT da 15ª Região, seguindo os seguintes parâmetros: I – Horário da audiência – Advogado(a) Recte/Recda – Nome II – Horário da audiência – Reclamante – Nome III – Horário da audiência – Reclamada – Nome IV – Horário da audiência – Preposto(a) – Nome V – Horário da audiência – Testemunha Recte/Recda - Nome Para renomeação é necessário o ingresso no zoom pela ID da sala e senha e não pelo acesso ao link que cai de forma automática sem possibilidade de alteração. PARA O AUTOR (DEJT): O não comparecimento do(a) AUTOR(A) à referida audiência implicará o ARQUIVAMENTO da reclamação trabalhista com responsabilização do mesmo pelo pagamento das custas. A comunicação da designação à parte deve ser feita por seu patrono. Sendo a audiência tipo UNA, deverá comparecer acompanhado de testemunhas, conforme previsão legal para o rito do processo. PARA O RÉU (DOMICÍLIO ELETRÔNICO/E-CARTA) Para conhecimento do pedido, acessar o link da petição inicial: 26071716263331700000300805441   Pela presente V. Sa fica ciente do ajuizamento da presente ação, notificado(a) para comparecer à audiência supra, que será realizada por videoconferência por acesso ao link certificado nos autos e apresentar defesa até o horário da audiência, sob pena de ser declarado revel e confesso quanto à matéria de fato, presumindo-se verdadeiros os fatos alegados pela parte autora. Com a defesa V.Sa. deve apresentar documentos pessoais, instrumento constitutivo (contrato social) se pessoa Jurídica e documentos que pretende utilizar como prova, protocolando-os no Processo Judicial Eletrônico (PJe), em formato PDF nos termos da Lei. Em havendo pedido que necessite de perícia, apresentar quesitos e indicar assistente técnico, em peça apartada, uma para cada tipo de perícia. Sendo a audiência tipo UNA, deverá comparecer acompanhado de testemunhas, conforme previsão legal para o rito do processo. Na audiência lhe é facultado fazer-se substituir por preposto (empregado) que tenha conhecimento direto dos fatos e que em seu nome poderá depor, sob as penas da lei, celebrar acordo, receber e dar quitação. Aconselhável acompanhamento de advogado. Atentar para existência de outros documentos constantes dos autos. O processo pode ser visto por meio da consulta pública no endereço https://pje.trt15.jus.br/consultaprocessual ou  pelo aplicativo JTe, para smartphones, baixado gratuitamente. NAO APAGAR NENHUM CARACTERE DESTA LINHA. ESTE DOCUMENTO SERA ENVIADO VIA ECARTA (TIPO COM_AR).   .

Intimado(s) / Citado(s)
- PAULO RODRIGO BORGES SILVA"
1652783.0,27/08/2026,02/09/2026,,Laryssa Mazo Pintor de Lima Rodrigues,5293,Nathalia Garcia,2821,Verificar Despacho,Compromisso (Prazo),Finalizado pelo Encarregado(a),0011376-38.2022.5.15.0076,353378,Zaqueu Andrade Silva,Trabalhista,Escritório Tozzini,,"Lary 28/08: Ok. 
João 27/08: Processo distribuído para a 8ª Turma do TST (Gabinete Min. Sergio Pinto Martins) em 24/08/2026. Sem providências.

D J E N - TST
Disponibilização: quarta-feira, 26 de agosto de 2026.
Arquivo: 1
Publicação: 1891
TST Diário de Justiça Eletrônico Nacional
Lista de distribuição Processo: 0011376-38.2022.5.15.0076   Órgão: Gabinete do Ministro Sergio Pinto Martins  Data de disponibilização:   Tipo de comunicação: Lista de distribuição  Meio: Diário de Justiça Eletrônico Nacional   Parte(s):   PACAEMBU CONSTRUTORA S.A.  BRUMAR DE MARILIA PORTARIA E LIMPEZA LTDA - ME  ZAQUEU ANDRADE SILVA   Advogado(s)   ROMERO DA SILVA LEAO  OAB SP-189342  ADINALDO APARECIDO DE OLIVEIRA  OAB SP-137939  ALEXANDRE DE ALMEIDA CARDOSO  OAB SP-149394  NATHALIA CAROLINE CORREIA GARCIA  OAB SP-338049  ANDERSON LUIZ SCOFONI  OAB SP-162434   Processo 0011376-38.2022.5.15.0076 distribuído para 8ª Turma - Gabinete do Ministro Sergio Pinto Martins na data 24/08/2026 Para maiores informações, clique no link a seguir: https://pje.tst.jus.br/pjekz/visualizacao/26082500300719000000200113608?instancia=3"
1652782.0,27/08/2026,02/09/2026,,Laryssa Mazo Pintor de Lima Rodrigues,5293,Nathalia Garcia,2821,Verificar Despacho,Compromisso (Prazo),Finalizado pelo Encarregado(a),0011707-65.2023.5.15.0082,435186,Marcos Henrique Santana de Almeida,Trabalhista,Jurídico Trabalhista,,"Lary 28/08: Ok. 

João 27/08: Processo distribuído para a 4ª Turma do TST (Gabinete Min. Alexandre Luiz Ramos) em 24/08/2026. Sem providências

D J E N - TST
Disponibilização: quarta-feira, 26 de agosto de 2026.
Arquivo: 1
Publicação: 12375
TST Diário de Justiça Eletrônico Nacional
Lista de distribuição Processo: 0011707-65.2023.5.15.0082   Órgão: Gabinete do Ministro Alexandre Luiz Ramos  Data de disponibilização:   Tipo de comunicação: Lista de distribuição  Meio: Diário de Justiça Eletrônico Nacional   Parte(s):   MARCOS HENRIQUE SANTANA DE ALMEIDA  CARLOS EDUARDO MARGI  C E MARGI REFEICOES LTDA  COMER BEM REFEICOES EMPRESARIAIS LTDA  PACAEMBU CONSTRUTORA S.A.   Advogado(s)   DANIEL ALEX MICHELON  OAB SP-225217  NATHALIA CAROLINE CORREIA GARCIA  OAB SP-338049   Processo 0011707-65.2023.5.15.0082 distribuído para 4ª Turma - Gabinete do Ministro Alexandre Luiz Ramos na data 24/08/2026 Para maiores informações, clique no link a seguir: https://pje.tst.jus.br/pjekz/visualizacao/26082500300719000000200113608?instancia=3"
1652779.0,04/09/2026,05/09/2026,,Amanda Carvalho Martins,9353,Nathalia Garcia,2821,Envio da Contranotificação,Compromisso (Prazo),Não iniciado,0197-26,473183,Sonia Lucia Lemes Pereira,,Jurídico Notificação,,"Pendente - elaborar. 
Protocolo físico."
1652778.0,27/08/2026,02/09/2026,,Laryssa Mazo Pintor de Lima Rodrigues,5293,Nathalia Garcia,2821,Verificar Despacho,Compromisso (Prazo),Finalizado pelo Encarregado(a),0011011-19.2022.5.18.0005,369945,Kairo Queven Oliveira Gomes,Trabalhista,Jurídico Trabalhista,,"Lary 28/08: Ok. 
João 27/08: Processo incluído na pauta da 1ª Turma do TST, sessão virtual de 14/09 a 21/09/2026. Sem providências.

D J E N - TST
Disponibilização: quarta-feira, 26 de agosto de 2026.
Arquivo: 1
Publicação: 24792
TST Diário de Justiça Eletrônico Nacional
Intimação Processo: 0011011-19.2022.5.18.0005   Órgão: 1ª Turma  Data de disponibilização:   Tipo de comunicação: Intimação  Meio: Diário de Justiça Eletrônico Nacional   Parte(s):   PACAEMBU CONSTRUTORA S.A.  KAIRO QUEVEN OLIVEIRA GOMES   Advogado(s)   MARCELA CORRALES RENDON  OAB GO-35397  CLAUDIO PRUDENTE DE OLIVEIRA ARAUJO  OAB GO-42543  NATHALIA CAROLINE CORREIA GARCIA  OAB SP-338049   Pauta de Julgamento (processos PJe) da Sessão Ordinária da Primeira Turma, a realizar-se exclusivamente em ambiente eletrônico (sessão virtual). A sessão virtual terá início no dia 14/09/2026 e encerramento 21/09/2026. 1. Sustentação oral na sessão virtual: 1.1. Sustentações eletrônicas: Nas hipóteses de cabimento de sustentação oral, fica facultado ao advogado encaminhar a sustentação por meio eletrônico, após a publicação da pauta até 48 horas antes do início da sessão virtual (art. 134-A do RITST). Neste caso, o julgamento será realizado em ambiente eletrônico (sessão virtual). 1.2. Formato e responsabilidade: As sustentações devem seguir as especificações técnicas do Tribunal (Ato SEGJUD.GP nº 129/2025), e o advogado firmará termo de declaração de que se encontra devidamente habilitado nos autos e de responsabilidade pelo conteúdo do arquivo enviado (art. 134-A, §§ 3º e 4º, do RITST). 2. Destaque para julgamento em sessão presencial: 2.1. Prazo: O pedido de destaque pode ser feito desde a publicação da pauta até 48 horas antes do início da sessão virtual (art. 135, II, do RITST). 2.2. Requerimento: O advogado deve formalizar o pedido de destaque por meio de inscrição eletrônica no endereço https://www.tst.jus.br/portal-da-advocacia. 2.3. Condição: O pedido de destaque só poderá ser realizado se o julgamento do processo comportar sustentação oral, e será submetido à consideração do relator. Em caso de deferimento, o processo será remetido para julgamento presencial, com publicação de nova pauta (art. 135 do RITST). Observação: Caso opte por encaminhar a sustentação oral por meio eletrônico, o advogado não poderá requerer o destaque do processo para julgamento presencial (art. 134-A, § 5º, do RITST). Processo Ag-AIRR - 11011-19.2022.5.18.0005 incluído no PLENARIO VIRTUAL. Relator: MINISTRO AMAURY RODRIGUES PINTO JUNIOR. ALEX ALEXANDER ABDALLAH JUNIOR Secretário da 1ª Turma."
1652776.0,27/08/2026,02/09/2026,,Laryssa Mazo Pintor de Lima Rodrigues,5293,Nathalia Garcia,2821,Verificar Despacho,Compromisso (Prazo),Finalizado pelo Encarregado(a),0000689-73.2026.5.05.0291,473245,Silvio Queiroz da Silva Junior,Trabalhista,Jurídico Trabalhista,,"Lary 28/08: ED protocolado. Salvei na pasta e GED. 

João 27/08: Sentença parcialmente procedente - Condenação da AUCA (principal) e subsidiariamente da Pacaembu ao pagamento de verbas rescisórias, FGTS+40%, multa 477 §8º e danos morais (3x salário mínimo); custas R$ 506,52. Prazo para EDs - Fatal: 03/09. Prazo para RO: 08/09.

D J E N - TRT5
Disponibilização: quarta-feira, 26 de agosto de 2026.
Arquivo: 1
Publicação: 3615
TRT5 Diário de Justiça Eletrônico Nacional
Intimação Processo: 0000689-73.2026.5.05.0291   Órgão: Vara do Trabalho de Irecê  Data de disponibilização:   Tipo de comunicação: Intimação  Meio: Diário de Justiça Eletrônico Nacional   Parte(s):   SILVIO QUEIROZ SILVA JUNIOR  AUCA EDIFICACOES SUSTENTAVEIS LTDA  PACAEMBU CONSTRUTORA S.A.   Advogado(s)   TIFANE MIKELLY PEREIRA DE CARVALHO  OAB BA-84031  NATHALIA CAROLINE CORREIA GARCIA  OAB SP-338049  CAROLINE BUSATTO  OAB PR-57758  JOAO VITOR SANTOS REHIM  OAB BA-87548   PODER JUDICIÁRIO JUSTIÇA DO TRABALHO TRIBUNAL REGIONAL DO TRABALHO DA 5ª REGIÃO VARA DO TRABALHO DE IRECÊ ATSum 0000689-73.2026.5.05.0291 RECLAMANTE: SILVIO QUEIROZ SILVA JUNIOR RECLAMADO: AUCA EDIFICACOES SUSTENTAVEIS LTDA E OUTROS (1) INTIMAÇÃO Fica V. Sa. intimado para tomar ciência da Sentença ID f835c8f proferida nos autos, cujo dispositivo consta a seguir: DISPOSITIVO Posto isto, nos autos da reclamação trabalhista ajuizada por SILVIO QUEIROZ SILVA JUNIOR em face de AUCA EDIFICAÇÕES SUSTENTÁVEIS LTDA e PACAEMBU CONSTRUTORA S.A, decido JULGAR PARCIALMENTE PROCEDENTES os pedidos da parte autora, nos termos e limites da fundamentação supra que passa a fazer parte integrante e indissociável deste dispositivo, para REJEITAR as preliminares arguidas e, no mérito, CONDENAR a reclamada AUCA EDIFICAÇÕES SUSTENTÁVEIS LTDA, e, subsidiariamente, PACAEMBU CONSTRUTORA S.A. ao pagamento das seguintes verbas, considerando o período laboral de 19/04/2025 a 18/07/2026 (projeção do aviso prévio), o salário do autor, acrescido das demais verbas salariais, observando-se, ainda, o limite dos pedidos e a dedução de valores comprovadamente quitados a idêntico título: A) 15 dias de saldo de salário, referente a junho de 2026; B) 33 dias de aviso prévio indenizado; C) férias integrais + 1/3, referentes ao período aquisitivo de 2025/2026; D) férias proporcionais + 1/3, referentes ao período aquisitivo de 2026/2027; E) 13º salário proporcional ao ano de 2026; F) FGTS + 40%, valores que serão depositados na conta vinculada do autor, devendo ser expedido alvará após o trânsito em julgado da presente sentença; G) indenização substitutiva ao seguro-desemprego; H) multa do art. 477, § 8º, da CLT; I) Indenização por danos morais, arbitrada no montante correspondente a três vezes o salário mínimo vigente à época do efetivo pagamento. CONDENO as reclamadas no pagamento de honorários advocatícios sucumbenciais no valor percentual de 5% sobre o valor líquido da condenação. CONDENO o reclamante no pagamento de honorários advocatícios sucumbenciais no valor percentual de 5% sobre o valor do pedido indeferido (multa do art. 467 da CLT), a qual fica sob condição suspensiva de exigibilidade e somente poderá ser executada se, nos dois anos subsequentes ao trânsito em julgado da presente decisão, o credor demonstrar que deixou de existir a situação de insuficiência de recursos que justificou a concessão da gratuidade, extinguindo-se, ultrapassado esse prazo, tal obrigação do devedor. DEFIRO o benefício da justiça gratuita à parte reclamante. Julgo improcedentes os demais pedidos nos termos da fundamentação. Juros, correção monetária, recolhimentos previdenciários e fiscais, na forma da fundamentação. Custas, pelas rés, no importe de R$506,52 (quinhentos e seis reais e cinquenta e dois centavos), calculadas sobre R$25.325,77 (vinte e cinco mil, trezentos e vinte e cinco reais e setenta e sete centavos), conforme cálculos de liquidação anexos. Intimem-se. Registre-se. Cumpra-se. Nada mais. DAVI PEREIRA MAGALHAES Juiz do TrabalhoIntimado(s) / Citado(s) - PACAEMBU CONSTRUTORA S.A. - AUCA EDIFICACOES SUSTENTAVEIS LTDA"
1652775.0,27/08/2026,02/09/2026,,Laryssa Mazo Pintor de Lima Rodrigues,5293,Nathalia Garcia,2821,Verificar Despacho,Compromisso (Prazo),Finalizado pelo Encarregado(a),0001328-05.2026.5.08.0131,474026,Antonio Farias,Trabalhista,Jurídico Trabalhista,,"Lary 28/08: Ok. 
João 27/08: Suspensão do processo por Exceção de Incompetência Territorial arguida pela Pacaembu (2ª reclamada); audiência automática do PJe mantida; reclamante intimado a se manifestar em 5 dias. Sem providências.

D J E N - TRT8
Disponibilização: quarta-feira, 26 de agosto de 2026.
Arquivo: 1
Publicação: 1442
TRT8 Diário de Justiça Eletrônico Nacional
Intimação Processo: 0001328-05.2026.5.08.0131   Órgão: 4ª VARA DO TRABALHO DE PARAUAPEBAS  Data de disponibilização:   Tipo de comunicação: Intimação  Meio: Diário de Justiça Eletrônico Nacional   Parte(s):   ANTONIO FARIAS  PACAEMBU EMPREENDIMENTOS E CONSTRUCOES LTDA  SM HIDRAULICA LTDA  SPL ENGENHARIA LTDA   Advogado(s)   DOUGLAS CALDAS CARVALHO  OAB PA-19284  GABRIELLA ROSA DE MATOS  OAB PA-33207  SENO PETRI  OAB PA-4904  LEONARDO DOUGLAS ANDRADE OLIVEIRA  OAB PA-25413  NATHALIA CAROLINE CORREIA GARCIA  OAB SP-338049   PODER JUDICIÁRIO JUSTIÇA DO TRABALHO TRIBUNAL REGIONAL DO TRABALHO DA 8ª REGIÃO 4ª VARA DO TRABALHO DE PARAUAPEBAS ATSum 0001328-05.2026.5.08.0131 RECLAMANTE: ANTONIO FARIAS RECLAMADO: SM HIDRAULICA LTDA E OUTROS (2) INTIMAÇÃO Fica V. Sa. intimado para tomar ciência do Despacho ID cc7cee6 proferido nos autos. DESPACHO - PJE Cuida-se de arguição de Exceção de Incompetência Territorial pela segunda reclamada, conforme razões de Id 0879de3. Para fins de impulsionamento processual (arts. 2º e 139, do CPC), DETERMINO que a Secretaria da Vara deverá adote os seguintes procedimentos de triagem inerentes ao processamento do incidente, com intuito de possibilitar o contraditório (art. 5º, LV, da CFRB) e a célere análise do mérito (art. 4º, do CPC): I) Em observância ao que estabelece o art. 800 da CLT, DETERMINO a suspensão do processo, porém mantenho a audiência designada automaticamente pelo PJe, como forma de preservar o princípio da celeridade processual, caso seja rejeitada a exceção, e desde entre a data atual e a data da realização da audiência haja tempo suficiente para manifestação do excepto/reclamante e julgamento do incidente. II) FICA INTIMADO o reclamante-excepto a partir da publicação deste Despacho no DJEN para, querendo, apresentar manifestação sobre a exceção, no prazo de cinco dias. Após o término do prazo concedido ao reclamante para se manifestar, façam os autos conclusão para prolação da decisão ou para análise da necessidade de marcação de audiência para produção de prova oral quanto à exceção de incompetência territorial. Dê-se ciência. PARAUAPEBAS/PA, 25 de agosto de 2026. TATIANE PUCHARELLI RIGOLIM Juíza do Trabalho SubstitutaIntimado(s) / Citado(s) - PACAEMBU EMPREENDIMENTOS E CONSTRUCOES LTDA"
1652765.0,01/09/2026,02/09/2026,,Amanda Carvalho Martins,9353,Nathalia Garcia,2821,Envio da Contranotificação,Compromisso (Prazo),Não iniciado,0263-26,474116,Maria Eduarda Claudomiro de Lima,,Jurídico Notificação,,"Pendente - elaborar. 
Protocolo físico."
1652762.0,07/09/2026,08/09/2026,,Amanda Carvalho Martins,9353,Nathalia Garcia,2821,Envio da Contranotificação,Compromisso (Prazo),Não iniciado,0262-26,474115,Mayara Aparecida de Camargo Miranda Silva,,Jurídico Notificação,,"Pendente - elaborar. 
Protocolo digital"
1652761.0,03/09/2026,04/09/2026,,Amanda Carvalho Martins,9353,Nathalia Garcia,2821,Envio da Contranotificação,Compromisso (Prazo),Não iniciado,0260-26,474071,Raelt Armando Pintos,,Jurídico Notificação,,"Pendente - elaborar. 
Protocolo digital"
1652634.0,16/09/2026,17/09/2026,,Lawrencce Van Hornn Liberatori da Silva,9293,Nathalia Garcia,2821,Obrigação de Fazer,Compromisso (Prazo),Não iniciado,1035245-60.2021.8.26.0506,299687,Jéssica Monaliza de Souza,Cível,Bentivegna e Ribeiro Advogados,,Pendente - aguardando minuta
1652621.0,15/12/2026,16/12/2026,,Laryssa Mazo Pintor de Lima Rodrigues,5293,Nathalia Garcia,2821,Audiência Una,Compromisso (Prazo),Não iniciado,0010598-06.2026.5.15.0019,473231,Camille Vitória Véras Ferreira,Trabalhista,Jurídico Trabalhista,,Telepresencial
1652534.0,01/09/2026,26/08/2026,,Laryssa Mazo Pintor de Lima Rodrigues,5293,Nathalia Garcia,2821,Verificar Despacho,Compromisso (Prazo),Cancelado,0012868-76.2024.5.15.0082,462028,Railson de Moura de Souza,Trabalhista,Jurídico Trabalhista,,"D J E N - TRT15
Disponibilização: segunda-feira, 24 de agosto de 2026.
Arquivo: 1
Publicação: 18402
TRT15 Diário de Justiça Eletrônico Nacional
Intimação Processo: 0012868-76.2024.5.15.0082   Órgão: Gabinete da Vice-Presidência Judicial - Análise de Recurso  Data de disponibilização:   Tipo de comunicação: Intimação  Meio: Diário de Justiça Eletrônico Nacional   Parte(s):   PACAEMBU SAO JOSE DO RIO PRETO 336 - EMPREENDIMENTO IMOBILIARIO LTDA  GALVAO CONSTRUTORA LTDA  RAILSON DE MOURA DE SOUZA   Advogado(s)   VINICIUS LUIS CASTELAN  OAB SP-225917  CAMILA POLTRONIERI  OAB SP-331260  RICARDO ANDRE ZAMBO  OAB SP-138476  NATHALIA CAROLINE CORREIA GARCIA  OAB SP-338049   PODER JUDICIÁRIO JUSTIÇA DO TRABALHO TRIBUNAL REGIONAL DO TRABALHO DA 15ª REGIÃO ÓRGÃO ESPECIAL - ANÁLISE DE RECURSO Relator: FABIO BUENO DE AGUIAR ROT 0012868-76.2024.5.15.0082 RECORRENTE: PACAEMBU SAO JOSE DO RIO PRETO 336 - EMPREENDIMENTO IMOBILIARIO LTDA RECORRIDO: RAILSON DE MOURA DE SOUZA E OUTROS (1) INTIMAÇÃO Fica V. Sa. intimado para tomar ciência do Despacho ID 781c950 proferido nos autos. Mantenho o despacho agravado. Intime(m)-se o(s) agravado(s) para apresentar(em) contraminuta e contrarrazões. Após regular processamento, remetam-se ao C. Tribunal Superior do Trabalho. Campinas, 21 de agosto de 2026. WILTON BORBA CANICOBA Desembargador Vice-Presidente JudicialIntimado(s) / Citado(s) - PACAEMBU SAO JOSE DO RIO PRETO 336 - EMPREENDIMENTO IMOBILIARIO LTDA"
1652527.0,07/09/2026,07/09/2026,,Marina Luise Campana Perini,8560,Nathalia Garcia,2821,Acompanhar Carta de Citação,Compromisso (Acompanhar),Não iniciado,4011064-36.2026.8.26.0451,474106,Ana Paula de Souza Ferraz,Cível,Bruno - Escritório RST&A,,Acompanhar Carta de Citação
1652520.0,21/09/2026,22/09/2026,,Marina Luise Campana Perini,8560,Nathalia Garcia,2821,Perícia,Compromisso (Prazo),Não iniciado,1014322-42.2025.8.26.0451,468915,Jonathan Jardim Ramos da Silva,Cível,Bruno - Escritório RST&A,,
1652508.0,03/09/2026,04/09/2026,,Marina Luise Campana Perini,8560,Nathalia Garcia,2821,exceção de pré-executividade,Compromisso (Prazo),Não iniciado,1518810-32.2020.8.26.0071,474079,Prefeitura Municipal de Bauru,Processo Cível,Jurídico Interno Cível,,Pendente - Elaborar
1652396.0,17/09/2026,18/09/2026,,Marina Luise Campana Perini,8560,Nathalia Garcia,2821,Apelação,Compromisso (Prazo),Não iniciado,4008185-42.2026.8.26.0100,470601,Paiva & Rodrigues Construtora Ltda,Cível,Thaia - Escritório RST&A,,Pendente - Aguardando minuta
1652233.0,21/09/2026,25/09/2026,,Amanda Carvalho Martins,9353,Nathalia Garcia,2821,Julgamento,Compromisso (Prazo),Não iniciado,0057334-89.2024.8.16.0014,457926,Daiani Barreiro Rech,Cível,Bruno - Escritório RST&A,,Sessão de julgamento - 21/09/2026 até 25/09/2026
1652231.0,21/09/2026,25/09/2026,,Amanda Carvalho Martins,9353,Nathalia Garcia,2821,Julgamento,Compromisso (Prazo),Não iniciado,0003763-42.2026.8.16.0045,472106,Mauro Gonçalves Cardoso,Cível,Bruno - Escritório RST&A,,Sessão de julgamento - 21/09/2026 até 25/09/2026
1652227.0,21/09/2026,25/09/2026,,Lawrencce Van Hornn Liberatori da Silva,9293,Nathalia Garcia,2821,Julgamento,Compromisso (Prazo),Não iniciado,0008776-86.2024.8.16.0014,445127,David Rodrigues de Oliveira,Cível,Bruno - Escritório RST&A,,Sessão de Julgamento - 21/09/2026 00:00 até 25/09/2026
1652222.0,16/09/2026,17/09/2026,,Marina Luise Campana Perini,8560,Nathalia Garcia,2821,Manifestação,Compromisso (Prazo),Não iniciado,1024523-74.2022.8.26.0071,370373,Ernane Jose de Melo Costa,Cível,Jurídico Interno Cível,,Pendente - Aguardando minuta
1652191.0,11/11/2026,12/11/2026,,Laryssa Mazo Pintor de Lima Rodrigues,5293,Nathalia Garcia,2821,Audiência de Instrução,Compromisso (Audiência),Não iniciado,0000499-24.2026.5.22.0102,472910,Claudemir Ferreira dos Santos,Trabalhista,Jurídico Trabalhista,,Telepresencial
1652188.0,27/08/2026,28/08/2026,,Marina Luise Campana Perini,8560,Nathalia Garcia,2821,Assinatura e Protocolo do Acordo pela Procuradora,Compromisso (Prazo),Não iniciado,1000657-35.2025.8.26.0458,466918,Rosa Maria Julião Coimbra,Cível,Procuradoria do Estado de São Paulo,,Protocolo realizado em 27.08.2026
1652147.0,09/09/2026,10/09/2026,,Lawrencce Van Hornn Liberatori da Silva,9293,Nathalia Garcia,2821,Perícia,Compromisso (Prazo),Não iniciado,0014156-60.2025.8.16.0045,468396,Paulo Ricardo Albino de Souza,Cível,Bruno - Escritório RST&A,,
1652127.0,26/08/2026,01/09/2026,,Laryssa Mazo Pintor de Lima Rodrigues,5293,Nathalia Garcia,2821,Verificar Despacho,Compromisso (Prazo),Finalizado pelo Encarregado(a),0010598-06.2026.5.15.0019,473231,Camille Vitória Véras Ferreira,Trabalhista,Jurídico Trabalhista,,"Lary 28/08: Audiência na pauta e sistema. Nada fazer. 

João 27/08: Indeferido pedido de multa contra a reclamada por ausência na conciliação; designada Audiência Una por videoconferência, 16/12/2026, 08h00.

D J E N - TRT15
Disponibilização: terça-feira, 25 de agosto de 2026.
Arquivo: 1
Publicação: 4844

TRT15 Diário de Justiça Eletrônico Nacional

Intimação Processo: 0010598-06.2026.5.15.0019   Órgão: CON1 - Presidente Prudente  Data de disponibilização:   Tipo de comunicação: Intimação  Meio: Diário de Justiça Eletrônico Nacional   Parte(s):   CAMILLE VITORIA VERAS FERREIRA  PACAEMBU CONSTRUTORA S.A.  THERE REFEICOES ARACATUBA LTDA  THERE REFEICOES MARILIA LTDA   Advogado(s)   ISABELA BEATRIZ CALONI SAMPAIO  OAB SP-531092  ARIEL HENRIQUE DA SILVA OLIVEIRA  OAB SP-407810  NATHALIA CAROLINE CORREIA GARCIA  OAB SP-338049   PODER JUDICIÁRIO JUSTIÇA DO TRABALHO TRIBUNAL REGIONAL DO TRABALHO DA 15ª REGIÃO CON1 - PRESIDENTE PRUDENTE ATSum 0010598-06.2026.5.15.0019 AUTOR: CAMILLE VITORIA VERAS FERREIRA RÉU: THERE REFEICOES ARACATUBA LTDA E OUTROS (2) INTIMAÇÃO Fica V. Sa. intimado para tomar ciência do Despacho ID 87a199e proferido nos autos. Órgão Julgador de Origem: 1ª VARA DO TRABALHO DE ARAÇATUBA DESPACHO A reclamante requer a aplicação de multa à parte reclamada, por ato atentatório à dignidade da justiça, em razão de sua ausência à audiência de conciliação. Indefiro, uma vez que a presença das partes na audiência designada exclusivamente para tentativa de conciliação é faculdade processual, não cabendo falar-se em descumprimento de obrigação processual apta a ensejar a penalidade de multa ou revelia. Com fundamento na Portaria GP-CR nº 002/2022, em harmonia com o § 1º, do art. 1º, da Ordem de Serviço nº 04, de 06 de maio de 2022, da Corregedoria Regional do TRT da 15ª Região, designo audiência Una por videoconferência (rito sumaríssimo) para o dia 16/12/2026 08:00, com a utilização da plataforma Zoom (Ato Conjunto nº 54/TST.CSJT.GP, de 29 de dezembro de 2020). As pautas de audiências poderão ser consultadas no ambiente Justiça do Trabalho Eletrônica (JTe), pelo link https://jte.csjt.jus.br/ , ou ainda pelo aplicativo JTe, disponibilizado para smartphones dos sistemas Android e IOS (lojas Google Play e App Store). Para acesso ao ambiente virtual no qual ocorrerá a audiência basta acessar o link ou código abaixo e aguardar a autorização para acesso, a ser concedida pelo administrador da sala. Link: https://trt15-jus-br.zoom.us/j/83908076312?pwd=VnVGRnpYWFZmZjFwN3k4eVpnYTNSZz09 ID da reunião: 839 0807 6312 Senha de acesso: 248026 Caso seja utilizado um computador, não há necessidade de baixar o aplicativo. Caso seja utilizado o celular, o link encaminhará o participante diretamente para o aplicativo que deverá ser instalado. Após a instalação do aplicativo (caso seja o primeiro acesso), clicar no link novamente, o qual o direcionará ao ambiente virtual da audiência telepresencial. Outras orientações para acesso e uso do aplicativo podem ser obtidas no seguinte endereço eletrônico: https://sites.google.com/trt15.jus.br/zoomadv/pagina-inicial e http://www.tst.jus.br/web/guest/sessoes-telepresenciais. Observação: Solicita-se que, caso aconteça de a parte acessar a sala de audiência no horário agendado e o Juízo ainda não houver acessado, que permaneça aguardando, pois o fato decorrerá de atraso da audiência virtual anterior. Ao ingressar no ambiente virtual da audiência, a fim de que a interação seja a mais próxima possível de uma audiência presencial, deverão ser habilitados o áudio e a câmera e informada a identificação correta das partes, com a denominação “horário da audiência - reclamante/Nome”, “horário da audiência - reclamada/Nome”, “horário da audiência- preposto reclamada/Nome”, “horário da audiência - advogado/reclamante - Nome”, “horário da audiência- advogado/reclamada - Nome"". Para evitar ruídos, o microfone, depois de habilitado, deve ser mantido desligado e ligado apenas e durante os momentos em que o participante efetuar alguma intervenção. Os participantes deverão acessar o ambiente virtual no qual ocorrerá a audiência pelo menos 5 minutos antes do horário designado e ali permanecer aguardando o início, lembrando que atrasos podem ocorrer, pois uma audiência anterior pode não ter sido encerrada e cada ambiente virtual é criado especificamente para a audiência do respectivo processo. Cabe aos advogados comunicar diretamente aos respectivos clientes e testemunhas: a data e horário da audiência, bem como o link e as instruções de acesso ao ambiente virtual da audiência. Solicita-se especial empenho dos advogados e das partes para que empreendam esforços para buscar, previamente à realização da audiência, a solução negociada do litígio. PROVIDÊNCIAS ESPECÍFICAS E COMINAÇÕES PARA A AUDIÊNCIA: I - Recomenda-se que a contestação e seus respectivos documentos sejam protocolados no PJe com pelo menos 24h de antecedência da audiência. II - Na audiência é facultado à parte reclamada fazer-se substituir por preposto que tenha conhecimento dos fatos, bem como fazer-se acompanhar por advogado, sendo que o não comparecimento na audiência implicará na revelia e eventualmente confissão quanto à matéria de fato. Em se tratando de pessoa jurídica, a parte reclamada deverá apresentar com a defesa a cópia atual do estatuto constitutivo (contrato social) de forma eletrônica. As cominações decorrentes da ausência na audiência virtual devido à impossibilidade de identificação da parte reclamada pelo anfitrião, para admissão na sala de audiência, não serão relevadas quando a(o) reclamada(o) ou seu preposto, tenham acessado o ambiente virtual da sala de espera sem estar devidamente identificada. III - A ausência da parte reclamante implicará no arquivamento da reclamação trabalhista, com eventual responsabilização pelo pagamento das custas. As cominações decorrentes da ausência na audiência virtual não serão relevadas caso decorram da impossibilidade de identificação da parte pelo anfitrião, para admissão na sala de audiência, por ter a parte reclamante acessado o ambiente virtual da sala de espera sem estar devidamente identificada. Em caso de impossibilidades técnicas de acesso ao ambiente virtual no dia e horário da audiência, bem como demais intercorrências pontuais, estas serão analisadas por ocasião da realização do ato processual designado. Intimem-se. PRESIDENTE PRUDENTE/SP, 21 de agosto de 2026 CLOVIS VICTORIO JUNIOR Juiz do Trabalho TitularIntimado(s) / Citado(s) - PACAEMBU CONSTRUTORA S.A."
1652126.0,26/08/2026,01/09/2026,,Laryssa Mazo Pintor de Lima Rodrigues,5293,Nathalia Garcia,2821,Verificar Despacho,Compromisso (Prazo),Em andamento,0000832-03.2024.5.09.0653,450711,Ryan Lima de Sousa,Trabalhista,Jurídico Trabalhista,,"Lary 27/08: Dilação de prazo protocolada. Salvei na pasta e GED. Pagamento programado. Ajustar para dia 31/08 - Acompanhar e preparar EE. 

João 27/08: Pacaembu foi intimada para garantir a execução no prazo de 48. Prazo para pedido de dilação de prazo - Fatal: 28/08. Prazo para Embargos à Execução - Fatal: 02/09

D J E N - TRT9
Disponibilização: terça-feira, 25 de agosto de 2026.
Arquivo: 1
Publicação: 434

TRT9 Diário de Justiça Eletrônico Nacional

Intimação Processo: 0000832-03.2024.5.09.0653   Órgão: VARA DO TRABALHO DE ARAPONGAS  Data de disponibilização:   Tipo de comunicação: Intimação  Meio: Diário de Justiça Eletrônico Nacional   Parte(s):   RYAN LIMA DE SOUSA  PACAEMBU CONSTRUTORA S.A.   Advogado(s)   JOAO GABRIEL FERNANDES DE QUEIROZ MAIA  OAB RN-18682  NATHALIA CAROLINE CORREIA GARCIA  OAB SP-338049   PODER JUDICIÁRIO JUSTIÇA DO TRABALHO TRIBUNAL REGIONAL DO TRABALHO DA 9ª REGIÃO VARA DO TRABALHO DE ARAPONGAS ATSum 0000832-03.2024.5.09.0653 AUTOR: RYAN LIMA DE SOUSA RÉU: PACAEMBU CONSTRUTORA S.A. INTIMAÇÃO Fica V. Sa. intimado para tomar ciência do Despacho ID f739189 proferido nos autos. Faço conclusos em razão da apresentação dos cálculos de liquidação. 20/08/2026 - PAULO CESAR PADOVANI - Servidor DESPACHO 1. Considerando os cálculos elaborados pelo Sr. Calculista, arbitro a título de honorários o importe de R$ 800,00 (oitocentos reais), reajustáveis. 2. Intimem-se as partes para, no prazo comum de 8 dias úteis, querendo, apresentarem impugnação fundamentada com indicação dos itens e valores objeto da discordância, sob pena de preclusão, nos termos do artigo 879, § 2º, da Lei 13.467/2017. ARAPONGAS/PR, 24 de agosto de 2026. CINTIA APARECIDA SILVA DE PAULA LATINI Juíza do Trabalho SubstitutaIntimado(s) / Citado(s) - PACAEMBU CONSTRUTORA S.A."
1652125.0,26/08/2026,01/09/2026,,Laryssa Mazo Pintor de Lima Rodrigues,5293,Nathalia Garcia,2821,Verificar Despacho,Compromisso (Prazo),Finalizado pelo Encarregado(a),0000849-27.2025.5.09.0678,466539,Diemerson Costa Leite,Trabalhista,Jurídico Trabalhista,,"João 27/08: Processo incluído na pauta da Sessão Virtual de 22/09/2026, 10h. Relator: Des. Célio Horst Waldraff. Sem providências.

D J E N - TRT9
Disponibilização: terça-feira, 25 de agosto de 2026.
Arquivo: 1
Publicação: 10102

TRT9 Diário de Justiça Eletrônico Nacional

Pauta de julgamento Processo: 0000849-27.2025.5.09.0678   Órgão: Seção Especializada  Data de disponibilização:   Tipo de comunicação: Pauta de julgamento  Meio: Diário de Justiça Eletrônico Nacional   Parte(s):   DANILO DA COSTA CLAZER  PACAEMBU PONTA GROSSA 525 - EMPREENDIMENTO IMOBILIARIO LTDA  DIEMERSON COSTA LEITE   Advogado(s)   REGINA APARECIDA GOSMANN SILVA  OAB PR-31884  NATHALIA CAROLINE CORREIA GARCIA  OAB SP-338049  JEFFERSON SILVA  OAB PR-31360   PAUTA DE JULGAMENTO Órgão julgador: Seção Especializada Sessão: Sessão Virtual Data da sessão: 22/09/2026, às 10:00 Processo: 0000849-27.2025.5.09.0678 Relator(a): CÉLIO HORST WALDRAFF Ficam as partes e seus advogados intimados de que o processo acima identificado foi incluído na pauta da sessão de julgamento indicada, podendo ser julgado nesta ou nas sessões subsequentes. A pauta completa está disponível em: https://pje.trt9.jus.br/consultaprocessual/pautas#SESP-2-2026-09-22"
1652122.0,26/08/2026,31/08/2026,,Laryssa Mazo Pintor de Lima Rodrigues,5293,Nathalia Garcia,2821,Verificar Despacho,Compromisso (Prazo),Concluído,0013175-93.2025.5.15.0082,470231,Robson Araújo dos Santos,Trabalhista,Jurídico Trabalhista,,"Lary 25/08: Sentença julgou TOTALMENTE IMPROCEDENTES os pedidos do autor. Nada fazer. 

D J E N - TRT15
Disponibilização: segunda-feira, 24 de agosto de 2026.
Arquivo: 1
Publicação: 28919

TRT15 Diário de Justiça Eletrônico Nacional

Intimação Processo: 0013175-93.2025.5.15.0082   Órgão: CON2 - São José do Rio Preto  Data de disponibilização:   Tipo de comunicação: Intimação  Meio: Diário de Justiça Eletrônico Nacional   Parte(s):   ROBSON ARAUJO DOS SANTOS  DINA ARAUJO DA SILVA  PACAEMBU CONSTRUTORA S.A.   Advogado(s)   JOSE EVANDRO PEREIRA DA SILVA  OAB DF-42460  NATHALIA CAROLINE CORREIA GARCIA  OAB SP-338049   PODER JUDICIÁRIO JUSTIÇA DO TRABALHO TRIBUNAL REGIONAL DO TRABALHO DA 15ª REGIÃO CON2 - SÃO JOSÉ DO RIO PRETO ATOrd 0013175-93.2025.5.15.0082 AUTOR: ROBSON ARAUJO DOS SANTOS RÉU: DINA ARAUJO DA SILVA E OUTROS (1) INTIMAÇÃO Fica V. Sa. intimado para tomar ciência da Sentença ID 9da471c proferida nos autos, cujo dispositivo consta a seguir: III – DISPOSITIVO Pelo exposto, julgo IMPROCEDENTES os pedidos formulados por ROBSON ARAUJO DOS SANTOS em face de DINA ARAUJO DA SILVA e PACAEMBU CONSTRUTORA S.A. Condeno a parte reclamante ao pagamento de honorários sucumbenciais de 5% sobre o valor da causa, ficando suspensa a exigibilidade. Defiro à parte reclamante o benefício da justiça gratuita, isentando-a do pagamento das custas de R$ 1.216,00, calculadas sobre o valor atribuído à causa de R$ 60.800,00. Após o trânsito em julgado, nada mais havendo, arquivem-se os autos. Intimem-se as partes. Nada mais. SAMANTHA IANSEN FALLEIROS Juíza do Trabalho SubstitutaIntimado(s) / Citado(s) - PACAEMBU CONSTRUTORA S.A."
1652121.0,26/08/2026,31/08/2026,,Laryssa Mazo Pintor de Lima Rodrigues,5293,Nathalia Garcia,2821,Verificar Despacho,Compromisso (Prazo),Concluído,0010925-87.2025.5.15.0082,464686,David dos Santos Honorio da Silva,Trabalhista,Jurídico Trabalhista,,"Lary 25/08: Audiência na pauta e sistema. Nada fazer.

Lary 21/08: Audiência de conciliação (execução) por videoconferência - Semana Nacional de Execução designada (14/09/2026 10:35 Sala 2 - CEJUSC SJRIO PRETO - JT Centro Judiciário de Métodos Consensuais de Solução de Disputas da Justiça do Trabalho), telepresencial.  

D J E N - TRT15
Disponibilização: segunda-feira, 24 de agosto de 2026.
Arquivo: 1
Publicação: 9121

TRT15 Diário de Justiça Eletrônico Nacional

Intimação Processo: 0010925-87.2025.5.15.0082   Órgão: CEJUSC SJRIO PRETO - JT Centro Judiciário de Métodos Consensuais de Solução de Disputas da Justiça do Trabalho  Data de disponibilização:   Tipo de comunicação: Intimação  Meio: Diário de Justiça Eletrônico Nacional   Parte(s):   DAVID DOS SANTOS HONORIO DA SILVA  LTA OBRAS DE ALVENARIA LTDA  PACAEMBU CONSTRUTORA S.A.   Advogado(s)   NATHALIA CAROLINE CORREIA GARCIA  OAB SP-338049  THIAGO SANTOS GRANDI  OAB SP-283148  IGOR CORREA ROMAN  OAB SP-459195   PODER JUDICIÁRIO JUSTIÇA DO TRABALHO TRIBUNAL REGIONAL DO TRABALHO DA 15ª REGIÃO CEJUSC SJRIO PRETO - JT CENTRO JUDICIÁRIO DE MÉTODOS CONSENSUAIS DE SOLUÇÃO DE DISPUTAS DA JUSTIÇA DO TRABALHO ATSum 0010925-87.2025.5.15.0082 AUTOR: DAVID DOS SANTOS HONORIO DA SILVA RÉU: LTA OBRAS DE ALVENARIA LTDA E OUTROS (1) INTIMAÇÃO Fica V. Sa. intimado para tomar ciência do Despacho ID 375229c proferido nos autos. DESPACHO Considerando a Semana Nacional de Execução (14 a 18 de setembro de 2026), decide este Juízo agendar sessão virtual. Considerando que a conciliação deve ser buscada a qualquer tempo, bem como a existência de ferramentas tecnológicas que permitem a realização de sessões e audiências de conciliação e mediação, decide este Juízo agendar sessão de conciliação/mediação virtual. A audiência será realizada telepresencialmente, NO DIA 14/09/2026 10:35, pelo CEJUSC da Circunscrição de São José do Rio Preto, por intermédio da plataforma ZOOM, disponível em versão para celulares e computador. Ao adentrar à sala virtual de audiência, OBRIGATORIAMENTE ÀS PARTES E ADVOGADOS SE IDENTIFIQUEM CORRETAMENTE, fazendo constar: o horário agendado, os adjetivos “parte reclamante” e ou “parte reclamada”, o nome e, “advogado da parte reclamante e ou reclamada”, no OAB e nome, na denominação. Exemplo1: 08:30-nome do reclamante/reclamada Exemplo2: 08:30-nº OAB/SP-nome advogado (reclamante / reclamada) O acesso à SALA VIRTUAL de audiência ocorrerá através do link: https://us02web.zoom.us/j/89156255965?pwd=TFJ1SndHRXo5ZlJuQmZoVzRCQkpsUT09 ou ID da reunião: 891 5625 5965 Senha de acesso: 306909 Caso o acesso seja feito através do clicar no link será pedido que insira a senha acima fornecida. Sugerimos o acesso através do seguinte procedimento: - copiar o link (ctrl + c) acima fornecido e colar (ctrl + v) na barra de endereços do navegador “Google Chrome”, nesse caso não será necessário inserir a senha. Para participação efetiva das audiências telepresenciais sugere-se o download do aplicativo ZOOM, tanto no celular, caso a participação se dê pelo celular, quanto no computador/notebook caso a participação se dê por tais equipamentos. Caso seja utilizado o celular, o link encaminhará o participante diretamente para o aplicativo android e apple que são autoexplicativos (depois de instalados). No link abaixo tem todas as instruções necessárias para instalação do aplicativo nos equipamentos, favor acessar (partes e procuradores): https://sites.google.com/trt15.jus.br/zoomadv/pagina-inicial. Destaco às partes que não haverá o envio de link, por e-mail, devendo ser utilizado o acima informado. As consequências da ausência do reclamante ou reclamada serão analisadas pela vara de origem que detém competência jurisdicional da matéria. Na referida audiência serão observadas as seguintes diretrizes: 1 - obrigatória a presença das partes acompanhas por seus advogados constituídos, com poderes para transigir, ficando cientes de que sairão automaticamente notificados das determinações constantes na ata de audiência, independentemente de nova intimação. 2 - a parte reclamada deverá evitar a participação de advogados, sem conhecimento do processo e prepostos sem qualquer autonomia de negociação, a fim de evitar a ineficácia da audiência. 3 - fica estabelecido que para esta audiência não será necessária a condução de testemunhas. 4 - os participantes deverão acessar o ambiente virtual, no qual ocorrerá a audiência, pelo menos CINCO MINUTOS antes do horário designado e permanecer na SALA DE ESPERA aguardando ser encaminhado para a SALA PRINCIPAL. Deverá habilitar câmera e áudio a fim de que sua participação possa ser o mais próximo possível do que ocorre em uma audiência presencial. Destaca-se que atrasos podem ocorrer dependendo do transcorrer das audiências agendadas para aquela sessão. 5 - para evitar ruídos, o microfone, depois de habilitado, deve ser mantido desligado e ligado apenas durante a sua participação. 6 - A fim de possibilitar a efetiva identificação e autorização prévia para ingresso dos participantes no ambiente virtual solicitamos a gentileza de peticionar nos autos informando o número do telefone com (DDD), pois caso ocorra alguma eventualidade com o link informado haverá a possibilidade de contactá-los. 7 - Para que os trabalhos sejam facilitados, no mesmo prazo, deverão ser juntados aos autos, cópia dos documentos de identificação dos participantes. Ao término da audiência retornem os autos para a vara de origem para deliberações. Nossa equipe encontra-se à disposição, pelo endereço eletrônico cejusc.sjriopreto@trt15.jus.br, para outras informações que se fizerem necessárias. Intimem-se as partes, devendo os Ilustres Advogados informarem e orientarem seus representados com as instruções de acesso ao ambiente virtual da audiência, bem como a data e horário. SAO JOSE DO RIO PRETO/SP, 20 de agosto de 2026 SAMANTHA IANSEN FALLEIROS Juíza do Trabalho Coordenadora do CEJUSC-JT 1º GrauIntimado(s) / Citado(s) - LTA OBRAS DE ALVENARIA LTDA - PACAEMBU CONSTRUTORA S.A."
1652120.0,26/08/2026,31/08/2026,,Laryssa Mazo Pintor de Lima Rodrigues,5293,Nathalia Garcia,2821,Verificar Despacho,Compromisso (Prazo),Concluído,0012868-76.2024.5.15.0082,462028,Railson de Moura de Souza,Trabalhista,Jurídico Trabalhista,,"Lary 25/08: Apenas pacaembu recorreu de revista e agravou da decisão. Prazo para o reclamante apresentar CRRR e CMAI. Nada fazer.

D J E N - TRT15
Disponibilização: segunda-feira, 24 de agosto de 2026.
Arquivo: 1
Publicação: 18402

TRT15 Diário de Justiça Eletrônico Nacional

Intimação Processo: 0012868-76.2024.5.15.0082   Órgão: Gabinete da Vice-Presidência Judicial - Análise de Recurso  Data de disponibilização:   Tipo de comunicação: Intimação  Meio: Diário de Justiça Eletrônico Nacional   Parte(s):   PACAEMBU SAO JOSE DO RIO PRETO 336 - EMPREENDIMENTO IMOBILIARIO LTDA  GALVAO CONSTRUTORA LTDA  RAILSON DE MOURA DE SOUZA   Advogado(s)   VINICIUS LUIS CASTELAN  OAB SP-225917  CAMILA POLTRONIERI  OAB SP-331260  RICARDO ANDRE ZAMBO  OAB SP-138476  NATHALIA CAROLINE CORREIA GARCIA  OAB SP-338049   PODER JUDICIÁRIO JUSTIÇA DO TRABALHO TRIBUNAL REGIONAL DO TRABALHO DA 15ª REGIÃO ÓRGÃO ESPECIAL - ANÁLISE DE RECURSO Relator: FABIO BUENO DE AGUIAR ROT 0012868-76.2024.5.15.0082 RECORRENTE: PACAEMBU SAO JOSE DO RIO PRETO 336 - EMPREENDIMENTO IMOBILIARIO LTDA RECORRIDO: RAILSON DE MOURA DE SOUZA E OUTROS (1) INTIMAÇÃO Fica V. Sa. intimado para tomar ciência do Despacho ID 781c950 proferido nos autos. Mantenho o despacho agravado. Intime(m)-se o(s) agravado(s) para apresentar(em) contraminuta e contrarrazões. Após regular processamento, remetam-se ao C. Tribunal Superior do Trabalho. Campinas, 21 de agosto de 2026. WILTON BORBA CANICOBA Desembargador Vice-Presidente JudicialIntimado(s) / Citado(s) - PACAEMBU SAO JOSE DO RIO PRETO 336 - EMPREENDIMENTO IMOBILIARIO LTDA"
1652119.0,26/08/2026,31/08/2026,,Laryssa Mazo Pintor de Lima Rodrigues,5293,Nathalia Garcia,2821,Verificar Despacho,Compromisso (Prazo),Não iniciado,0011407-69.2024.5.15.0082,449452,Renato Pasqualinotto,Trabalhista,Jurídico Trabalhista,,"Lary 26/08: Prazo para ED ou AIRR. Ajustar para dia 27/08. Verificar. 

D J E N - TRT15
Disponibilização: segunda-feira, 24 de agosto de 2026.
Arquivo: 1
Publicação: 14182

TRT15 Diário de Justiça Eletrônico Nacional

Intimação Processo: 0011407-69.2024.5.15.0082   Órgão: Gabinete da Vice-Presidência Judicial - Análise de Recurso  Data de disponibilização:   Tipo de comunicação: Intimação  Meio: Diário de Justiça Eletrônico Nacional   Parte(s):   CH XAVIER ESTRUTURAS METALICAS LTDA  PACAEMBU CONSTRUTORA S.A.  RENATO PASQUALINOTTO  RICARDO GIMENES  TESSA TECNOLOGIA E DESENVOLVIMENTO EIRELI  CH XAVIER ESTRUTURAS METALICAS LTDA  PACAEMBU CONSTRUTORA S.A.  RENATO PASQUALINOTTO  TESSA TECNOLOGIA E DESENVOLVIMENTO EIRELI   Advogado(s)   DANIEL KRUSCHEWSKY BASTOS  OAB SP-312114  DENISE FERREIRA DE MATOS  OAB SP-360941  REINALDO SIDERLEY VASSOLER  OAB SP-82555  NATHALIA CAROLINE CORREIA GARCIA  OAB SP-338049   PODER JUDICIÁRIO JUSTIÇA DO TRABALHO TRIBUNAL REGIONAL DO TRABALHO DA 15ª REGIÃO ÓRGÃO ESPECIAL - ANÁLISE DE RECURSO Relator: WELLINGTON AMADEU ROT 0011407-69.2024.5.15.0082 RECORRENTE: RENATO PASQUALINOTTO E OUTROS (3) RECORRIDO: RENATO PASQUALINOTTO E OUTROS (3) INTIMAÇÃO Fica V. Sa. intimado para tomar ciência da Decisão ID 73cd36f proferida nos autos. Tramitação Preferencial ROT 0011407-69.2024.5.15.0082 - 7ª Câmara Valor da condenação: R$ 20.000,00 Recorrente: Advogado(s): 1. PACAEMBU CONSTRUTORA S.A. NATHALIA CAROLINE CORREIA GARCIA (SP338049) Recorrido: Advogado(s): CH XAVIER ESTRUTURAS METALICAS LTDA DANIEL KRUSCHEWSKY BASTOS (SP312114) Recorrido: Advogado(s): RENATO PASQUALINOTTO DENISE FERREIRA DE MATOS (SP360941) Recorrido: RICARDO GIMENES Recorrido: Advogado(s): TESSA TECNOLOGIA E DESENVOLVIMENTO EIRELI REINALDO SIDERLEY VASSOLER (SP82555) RECURSO DE: PACAEMBU CONSTRUTORA S.A. PRESSUPOSTOS EXTRÍNSECOS Recurso tempestivo (ciência da decisão em 04/03/2026 - Id 90b7486; recurso apresentado em 16/03/2026 - Id 4b58f42). Regular a representação processual. Preparo satisfeito. PRESSUPOSTOS INTRÍNSECOS 1.1 DIREITO PROCESSUAL CIVIL E DO TRABALHO (8826) / ATOS PROCESSUAIS (8893) / NULIDADE (8919) / NEGATIVA DE PRESTAÇÃO JURISDICIONAL Quanto à nulidade do julgado por negativa de prestação jurisdicional, não há como receber o recurso, porque o Tribunal manifestou-se suficientemente a respeito das matérias suscitadas, não se verificando violação aos arts. 93, inciso IX, da Constituição Federal, 832 da CLT e 489 do CPC/2015. Por fim, ressalte-se que o Magistrado não está obrigado a responder a todas as alegações das partes, nem a se ater aos fundamentos por elas indicados, quando não necessários para o deslinde da controvérsia ou quando já tenha encontrado fundamentos suficientes para proferir a decisão. Tampouco precisa consignar, a cada raciocínio exprimido, que a posição adotada não viola os dispositivos do ordenamento jurídico apontados ou não dissente do entendimento oriundo de Tribunais Superiores. Assinale-se que tal obrigatoriedade inexiste, bastando uma decisão fundamentada, como determina o texto constitucional. 2.1 DIREITO INDIVIDUAL DO TRABALHO (12936) / RESPONSABILIDADE SOLIDÁRIA/SUBSIDIÁRIA Constou do v. Acórdão: ""O Supremo Tribunal Federal, ao julgar o RE 958.252 (Tema 725 da Repercussão Geral) e a ADPF 324, firmou tese no sentido de que a terceirização de serviços é lícita, mas que o tomador dos serviços responde subsidiariamente pelas obrigações trabalhistas inadimplidas pela prestadora, independentemente de culpa in eligendo ou in vigilando, desde que tenha se beneficiado da força de trabalho do empregado. O fundamento da responsabilização é o proveito econômico obtido pelo tomador, que não pode transferir integralmente ao trabalhador o risco do empreendimento. A responsabilidade decorre do dever de vigilância e da boa-fé objetiva que deve nortear as relações contratuais, de modo que a tomadora, ao selecionar e contratar empresa interposta, assume o risco pelo descumprimento das obrigações trabalhistas essenciais. Ainda que se admitisse a necessidade de apuração de culpa, verifica-se nos autos que a segunda reclamada não demonstrou ter fiscalizado adequadamente o cumprimento das obrigações trabalhistas pela contratada. A prova oral colhida e a ausência de documentos comprobatórios de fiscalização efetiva revelam culpa in vigilando, pois a contratante não se desincumbiu do ônus de comprovar a adoção de medidas concretas de acompanhamento da execução do contrato e da adimplência das verbas laborais. O conjunto probatório evidencia que o reclamante prestou serviços em benefício direto da Pacaembu Construtora, em obra por ela executada, sendo inequívoco o nexo entre o trabalho desempenhado e o interesse econômico da tomadora. Assim, configurado o proveito direto da atividade laboral e ausente prova de fiscalização efetiva, mantém-se a condenação subsidiária, nos termos do item IV da Súmula nº 331 do TST, segundo o qual: ""O inadimplemento das obrigações trabalhistas, por parte do empregador, implica a responsabilidade subsidiária do tomador dos serviços quanto àquelas obrigações, desde que haja participado da relação processual e conste também do título executivo judicial."" Mantém-se, portanto, a condenação da Pacaembu Construtora S.A.à responsabilidade subsidiária pelas obrigações trabalhistas reconhecidas na sentença"". O v. acórdão decidiu em conformidade com o inciso IV da Súmula 331 do Colendo TST e interpretação sistemática dos artigos 186 e 927 do Código Civil. Ademais, também seguiu a diretriz traçada pelo STF no julgamento da ADPF 324, que julgou procedente o pedido e firmou a seguinte tese: ""1. É lícita a terceirização de toda e qualquer atividade, meio ou fim, não se configurando relação de emprego entre a contratante e o empregado da contratada. 2. Na terceirização, compete à contratante: I) verificar a idoneidade e a capacidade econômica da terceirizada; e II) responder subsidiariamente pelo descumprimento das normas trabalhistas, bem como por obrigações previdenciárias, na forma do art. 31 da Lei 8.212/1993"". Acrescente-se, que a mesma ratio decidendi foi reiterada pelo STF na mesma data (30/8/2018), ao julgar o mérito da questão constitucional suscitada no leading case RE número 958.252 em que a terceirização foi analisada ""à luz dos arts. 2o, 5o, II, XXXVI, LIV e LV e 97 da Constituição Federal"" e o ""alcance da liberdade de contratar na esfera trabalhista"". Nesta oportunidade foi fixado o TEMA 725, com repercussão geral, nos seguintes termos: ""É lícita a terceirização ou qualquer outra forma de divisão do trabalho entre pessoas jurídicas distintas, independentemente do objeto social das empresas envolvidas, mantida a responsabilidade subsidiária da empresa contratante"". Assim sendo, ante a inexistência dos requisitos exigidos pelo artigo 896 da CLT indefiro o seguimento do recurso de revista. LIMITAÇÃO DA RESPONSABILIDADE SUBSIDIÁRIA - VERBAS RESCISÓRIAS - MULTA DE 40% DO FGTS/MULTA DO ART. 477 DA CLT/OBRIGAÇÕES PREVIDENCIÁRIAS O v. Acórdão decidiu: ""A recorrente requer ainda a limitação de sua responsabilidade ao período compreendido entre 23/11/2022 e 22/12/2022, sustentando ser incontroverso que o reclamante apenas lhe prestou serviços nesse intervalo, conforme documentos e planilhas juntadas. Também sem razão. A sentença apreciou expressamente essa alegação e concluiu pela prestação de serviços durante todo o pacto laboral, conforme o seguinte trecho: ""Quanto à segunda reclamada, PACAEMBU, esta alega que o autor lhe prestou serviços em período limitado, de 23.11.2022 a 22.12.2022. Contudo, a testemunha conduzida pela empregadora, Nelson, afirmou que ""Durante todo o período prestou serviços para a segunda reclamada"", a corroborar a alegação da inicial no sentido de que toda a prestação dos serviços ocorreu em obra da segunda ré."" A prova oral, portanto, afastou a tese patronal de limitação temporal, confirmando que o reclamante trabalhou em benefício da Pacaembu durante todo o contrato de trabalho (10/10/2022 a 01/02/2023). A documentação apresentada pela recorrente (contrato de subempreitada e planilhas) não individualiza o autor, tampouco demonstra o encerramento de suas atividades antes da dispensa. Assim, permanece o quadro fático delineado na sentença, em conformidade com o princípio da continuidade da relação de emprego e com o ônus probatório da reclamada, que não se desincumbiu de provar suas alegações modificativas. Desse modo, não há falar em limitação temporal da responsabilidade subsidiária, que subsiste por todo o período contratual reconhecido nos autos, uma vez que o tomador de serviços se beneficiou da força de trabalho do reclamante durante todo o vínculo empregatício. Outrossim, pretende, subsidiariamente, que sua responsabilidade seja limitada, excluindo-se verbas de natureza punitiva, como a multa do artigo 477 da CLT, a multa de 40% do FGTS, as verbas rescisórias e as obrigações previdenciárias de quota patronal, sob o argumento de que tais parcelas seriam personalíssimas do empregador direto. Razão não lhe assiste. Nos termos do item VI da Súmula nº 331 do TST: ""A responsabilidade subsidiária do tomador de serviços abrange todas as verbas decorrentes da condenação referentes ao período da prestação laboral."" (...) Portanto, o inadimplemento das obrigações trabalhistas pelo empregador implica a responsabilidade subsidiária da tomadora por todas as verbas devidas no período da prestação laboral, sejam salariais, indenizatórias ou punitivas"". Com relação aos temas em destaque, o v. acórdão decidiu em consonância com a Súmula 331, VI, do C. TST, o que inviabiliza o recurso, ante o disposto no art. 896, § 7º, da CLT e na Súmula 333 do C. TST. 3.1 DIREITO INDIVIDUAL DO TRABALHO (12936) / DURAÇÃO DO TRABALHO (13764) / HORAS EXTRAS Nos termos do v. Acórdão: ""Os registros de ponto acostados aos autos (Id 4e08aa5) demonstram horários invariáveis (sempre das 7h30 às 17h), com uma hora de intervalo. A r. sentença ressaltou que ""ainda que os horários sejam invariáveis, a prova oral não foi suficiente para infirmar o conteúdo dos registros"". Contudo, essa uniformidade retira-lhes a credibilidade como meio de prova, uma vez que desconsidera as variações naturais da jornada laboral. O entendimento consagrado na Súmula nº 338, III, do TST é expresso no sentido de que ""a não apresentação injustificada dos controles de frequência gera presunção relativa de veracidade da jornada de trabalho, a qual pode ser elidida por prova em contrário"", e que a mesma presunção se estende aos casos em que os cartões apresentados revelam horários invariáveis. A prova oral colhida em audiência reforça a tese inicial: a testemunha do autor confirmou que laboravam das 7h às 17h30, com apenas 30 minutos de intervalo, e que o controle de ponto era preenchido pelo encarregado, sem correspondência com a jornada efetiva. Já a testemunha patronal, conquanto tenha mencionado o mesmo horário constante dos cartões, não soube esclarecer como se dava o controle de jornada, tampouco refutou a alegação de preenchimento unilateral dos registros. Desse modo, diante da inidoneidade dos controles de frequência, impõe-se a inversão do ônus probatório, cabendo à reclamada demonstrar a jornada diversa da narrada na inicial, o que não fez. O TST aplica esse padrão reiteradamente em casos análogos, reconhecendo a inidoneidade de controles com marcações uniformes e a consequente presunção de veracidade da jornada descrita na inicial, salvo prova robusta em sentido contrário pelo empregador. Exemplo: no RR-967-98.2015.5.08.0122, a Corte registra expressamente o teor do item III da Súmula 338 ao tratar da invalidade de cartões uniformes e da inversão do ônus probatório. No mesmo sentido, decisões como RR-1000933-80.2017.5.02.0065 e RR-754-43.2015.5.05.0036 enfrentam a matéria e reafirmam a diretriz sumulada sobre cartões invariáveis e distribuição do ônus da prova. Presume-se, portanto, verdadeira a jornada declinada pelo reclamante, conforme orientação jurisprudencial pacífica desta Corte Superior, no que diz respeito especificamente aos horários de entrada e saída do serviço"". A v. decisão referente ao tema em epígrafe é resultado da apreciação das provas, as quais foram valoradas de acordo com as regras previstas no art. 371 do CPC/2015. Conclusão diversa da adotada remeteria ao reexame de fatos e provas, procedimento vedado nesta fase processual, à luz da Súmula 126 do Eg. TST. Assim, na presente hipótese, a menção de violação a dispositivos do ordenamento jurídico e de divergência jurisprudencial não viabiliza o processamento do recurso. 4.1 DIREITO INDIVIDUAL DO TRABALHO (12936) / RESCISÃO DO CONTRATO DE TRABALHO O v. Acórdão afirmou: ""Portanto, inexistindo prova do elemento subjetivo que caracteriza o abandono de emprego, reconhece-se que a ruptura contratual decorreu de dispensa imotivada, o que atrai a obrigação de pagamento das verbas rescisórias devidas, bem como a entrega do TRCT e das guias do seguro-desemprego (ou indenização substitutiva, se descumprida a obrigação de fazer). Diante do exposto, nego provimento ao recurso da segunda reclamada, mantendo integralmente a decisão de origem que reconheceu a dispensa sem justa causa, com condenação ao pagamento das verbas rescisórias e à entrega do TRCT e das guias do seguro-desemprego"". No que se refere ao tema em destaque, o v. acórdão se fundamentou no conjunto fático-probatório e não violou, de forma direta e literal, os dispositivos apontados. Assim, inadmissível o recurso, pelo teor da Súmula 126 do C. TST e pela ausência dos requisitos exigidos pela alínea ""c"" do art. 896 da CLT. 5.1 DIREITO INDIVIDUAL DO TRABALHO (12936) / CONTRATO INDIVIDUAL DE TRABALHO (13707) / FGTS Quanto aos temas em destaque, o v. acórdão decidiu com amparo nos elementos fático-probatórios contidos nos autos, conforme trecho a seguir transcrito: ""Os documentos de Ids aa41917 e 8e32acc, mencionados pela recorrente, não comprovam a regularidade integral dos depósitos fundiários. Referem-se apenas a guias SEFIP, que indicam o envio de informações parciais ao sistema da Caixa Econômica Federal em determinados meses, sem demonstrar o efetivo recolhimento dos valores em favor do reclamante, tampouco abrangem a totalidade do período contratual reconhecido. Além disso, não foram apresentados extratos analíticos da conta vinculada do trabalhador emitidos pela Caixa, documentos esses que seriam os únicos aptos a demonstrar de forma inequívoca o recolhimento regular. Diante dessa omissão, prevalece a presunção de ausência de quitação integral, conforme entendimento pacífico do TST, segundo o qual cabe ao empregador o ônus da prova quanto ao recolhimento do FGTS (art. 818, II, da CLT, c/c art. 373, II, do CPC). A responsabilidade subsidiária da segunda reclamada abrange todas as parcelas devidas pelo empregador principal, inclusive o FGTS e a indenização de 40%, conforme pacífica jurisprudência consolidada na Súmula nº 331, VI, do TST. Diante disso, nego provimento ao recurso da segunda reclamada, mantendo a condenação ao pagamento do FGTS e da multa de 40%, de forma subsidiária e limitada ao período de efetiva prestação dos serviços"". Conclusão diversa da adotada remeteria ao reexame de fatos e provas, procedimento vedado nesta fase processual, à luz da Súmula 126 do Eg. TST. Assim, na presente hipótese, a menção de violação a dispositivos do ordenamento jurídico não viabiliza o processamento do recurso. 6.1 DIREITO INDIVIDUAL DO TRABALHO (12936) / VERBAS REMUNERATÓRIAS, INDENIZATÓRIAS E BENEFÍCIOS (13831) / MULTA PREVISTA EM NORMA COLETIVA O v. Acórdão asseverou: ""No entanto, a Cláusula 4ª, invocada na própria inicial, disciplina os adicionais incidentes sobre as horas extraordinárias (p.ex., percentual de 60%) a serem observados no cálculo das horas extras eventualmente devidas, não constituindo, por si, violação autônoma passível de multa quando as horas extras são reconhecidas em juízo. Com efeito, o próprio autor fundamentou seu pedido de horas extras na Cláusula 4ª da CCT ""para acrescer 60% sobre a hora normal"" logo, o deferimento das horas extraordinárias já assegura a aplicação do adicional convencional no momento da liquidação, sem configurar infringência autônoma dessa cláusula capaz de acionar a penalidade. De mais a mais, as demais violações invocadas genericamente (piso, intervalo, insalubridade/periculosidade etc.) não se confirmaram no julgamento deste recurso e, portanto, não ensejam multa. E, quanto às multas pretendidas ""uma por vigência"", ausente indicação específica da cláusula penal aplicável e da efetiva infração em cada período, não há como ampliar a condenação apenas por presunção punitiva"". Com relação à aludida matéria, inviável o apelo, pois não restou configurada, de forma direta e literal, nos termos em que estabelece a alínea ""c"" do art. 896 da CLT, a alegada ofensa aos dispositivos constitucionais e legais invocados. 7.1 DIREITO PROCESSUAL CIVIL E DO TRABALHO (8826) / PARTES E PROCURADORES (8842) / ASSISTÊNCIA JUDICIÁRIA GRATUITA BENEFÍCIOS DA JUSTIÇA GRATUITA À PESSOA NATURAL PRECEDENTE OBRIGATÓRIO - TEMA IRR N. 21 DO EG. TST O v. acórdão decidiu: ""Tratando-se o demandante de pessoa física, a juntada de declaração de hipossuficiência (fl. 30) se revela suficiente para a concessão do referido benefício. A presente matéria encontra-se pacificada por este E. Regional, no julgamento do IRDR nº 0007637-28.2021.5.15.0000"". No julgamento do Incidente de Recursos de Revista Repetitivos (TEMA IRR N. 21), Processo n. 277- 83.2020.5.09.0084, o Eg. TST fixou a seguinte tese vinculante: “I - independentemente de pedido da parte, o magistrado trabalhista tem o poder-dever de conceder o benefício da justiça gratuita aos litigantes que perceberem salário igual ou inferior a 40% (quarenta por cento) do limite máximo dos benefícios do Regime Geral de Previdência Social, conforme evidenciado nos autos; II - o pedido de gratuidade de justiça, formulado por aquele que perceber salário superior a 40% (quarenta por cento) do limite máximo dos benefícios do Regime Geral de Previdência Social, pode ser instruído por documento particular firmado pelo interessado, nos termos da Lei nº 7.115/83, sob as penas do art. 299 do Código Penal; III - havendo impugnação à pretensão pela parte contrária, acompanhada de prova, o juiz abrirá vista ao requerente do pedido de gratuidade de justiça, decidindo, após, o incidente (art. 99, § 2º, do CPC)”. Cumpre registrar que a ""ratio"" vinculante deve ser imediatamente aplicada aos casos em curso, a partir da publicação da respectiva certidão de julgamento, independentemente do trânsito em julgado. É o que o Pretório Excelso decidiu, e.g., no AI 795968 SP, Rel. Min. ROBERTO BARROSO, Julgado em 25/04/2023, no ARE 1.031.810-DF, na Rcl 6999-MG, na Rcl 3.632-AM, na Rcl 872-SP, na Rcl 3.473-DF, na Rcl 2.576-SC (sobre os efeitos da decisão plenária na ADI 4.424-DF), na ADI 711-AM. Ademais, a respeito da matéria tratada no recurso interposto, neste Tribunal, no julgamento do Incidente de Resolução de Demandas Repetitivas (TEMA IRDR N. 28), Processo n.7637-28.2021.5.15.0000, fixou-se a seguinte tese vinculante: ""JUSTIÇA GRATUITA. PROVA DE INSUFICIÊNCIA FINANCEIRA. DECLARAÇÃO FIRMADA POR PESSOA NATURAL OU POR ADVOGADO COM PODERES ESPECÍFICOS. PRESUNÇÃO DE VERACIDADE. CONTRATO DE TRABALHO EXTINTO OU EM VIGÊNCIA. I) Para a comprovação da hipossuficiência financeira, mesmo após o advento da Lei 13.467/2017, basta a declaração de insuficiência de recursos, firmada por pessoa natural ou por seu advogado, com poderes específicos para tanto, ressalvada a possibilidade de contraprova pela parte adversa; II) No caso de contrato de trabalho extinto, a última remuneração não pode servir de base para a concessão ou não do benefício, pois a condição de pobreza pressupõe insuficiência de recursos para a demanda em momento presente e, se não apresentadas provas em sentido contrário, prevalece a presunção de veracidade da declaração de hipossuficiência. Refere-se à tese jurídica nº 05, deste Eg. Tribunal."" Portanto, estando a decisão recorrida em conformidade com a tese jurídica prevalecente firmada no citado incidente, inviável o recurso, nos termos dos arts. 896, § 7º, e 896-C da CLT, 985, I, do CPC/2015 e 14, I, da IN 38/2015, e da Súmula 333 do Eg. TST. 8.1 DIREITO INDIVIDUAL DO TRABALHO (12936) / DESCONTOS PREVIDENCIÁRIOS DESONERAÇÃO Registrou a v. decisão recorrida que: ""Não bastasse, o inconformismo também não prospera, uma vez que a condenação principal e solidária foi imposta à 1ª reclamada, sendo a responsabilidade da recorrente apenas subsidiária, não se beneficiando da suscitada desoneração"". Desse modo, o v. acórdão, além de ter se fundamentado nas provas, decidiu em conformidade com a Súmula 331, VI, do C. TST. Assim, inadmissível o recurso, pelo teor da Súmula 126 do C. TST e pela ausência dos requisitos exigidos pela alínea ""c"" do art. 896 da CLT. 9.1 DIREITO PROCESSUAL CIVIL E DO TRABALHO (8826) / PARTES E PROCURADORES (8842) / SUCUMBÊNCIA (8874) / HONORÁRIOS ADVOCATÍCIOS DO VALOR ARBITRADO Constou do v. Acórdão: ""Outrossim, provejo o recurso autoral para fixar o percentual dos honorários advocatícios sucumbenciais em 10%, porque condizente com o grau de zelo do profissional, o lugar de prestação do serviço, a natureza e a importância da causa, o trabalho realizado pelo advogado e o tempo exigido para o seu serviço, tratando-se de montante amparado pelo disposto no artigo 791-A da CLT"". Com relação ao percentual fixado dos honorários advocatícios, o v. julgado considerou os critérios fixados no § 2º do art. 791-A da CLT. Assim, uma vez que a fixação do percentual dos honorários advocatícios, respeitados os limites legais, se insere no poder discricionário do julgador, que dispõe de seu livre convencimento na análise do caso concreto, resta inviável o apelo, pois demandaria a reanálise do quadro fático delineado (incidência da Súmula 126 do Eg. TST). Nesse sentido a iterativa, notória e atual a jurisprudência do Eg. TST: Ag-ED-AIRR-11059-53.2017.5.03.0010, 1ª Turma, Relator Ministro Amaury Rodrigues Pinto Junior, DEJT 29/04/2022; Ag-AIRR-1000350-42.2019.5.02.0060, 2ª Turma, Relatora Ministra Morgana de Almeida Richa, DEJT 08/04/2022; AIRR-21302-73.2019.5.04.0005, 3ª Turma, Relator Ministro Alberto Luiz Bresciani de Fontan Pereira, DEJT 26/03/2021; Ag-AIRR-10285-14.2019.5.18.0211, 4ª Turma, Relator Ministro Alexandre Luiz Ramos, DEJT 17/12/2021; AIRR-101057-35.2019.5.01.0263, Ag-AIRR-279-78.2019.5.06.0017, 5ª Turma, Relator Ministro Douglas Alencar Rodrigues, DEJT 06/05/202, 6ª Turma, Relator Ministro Lelio Bentes Correa, DEJT 06/05/2022; RRAg-10215-81.2018.5.03.0103, 8ª Turma, Relatora Ministra Dora Maria da Costa, DEJT 11/04/2022. CONCLUSÃO DENEGO seguimento ao recurso de revista. Publique-se e intimem-se. CAMPINAS/SP, 18 de agosto de 2026 WILTON BORBA CANICOBA Desembargador Federal do Trabalho Gabinete da Vice-Presidência Judicial - Análise de Recurso (flno)Intimado(s) / Citado(s) - TESSA TECNOLOGIA E DESENVOLVIMENTO EIRELI - RENATO PASQUALINOTTO - CH XAVIER ESTRUTURAS METALICAS LTDA - PACAEMBU CONSTRUTORA S.A."
1652118.0,26/08/2026,31/08/2026,,Laryssa Mazo Pintor de Lima Rodrigues,5293,Nathalia Garcia,2821,Verificar Despacho,Compromisso (Prazo),Não iniciado,0010062-35.2025.5.15.0017,462087,Reginaldo dos Santos,Trabalhista,Jurídico Trabalhista,,"João 27/08: Prazo para Contrarrazões ao RO - Fatal: 04/09

D J E N - TRT15
Disponibilização: segunda-feira, 24 de agosto de 2026.
Arquivo: 1
Publicação: 9370

TRT15 Diário de Justiça Eletrônico Nacional

Intimação Processo: 0010062-35.2025.5.15.0017   Órgão: CON2 - Jundiaí  Data de disponibilização:   Tipo de comunicação: Intimação  Meio: Diário de Justiça Eletrônico Nacional   Parte(s):   MARIO LUIS RIGOLO  REGINALDO DOS SANTOS  PACAEMBU CONSTRUTORA S.A.  SOLPI INSTALACOES INDUSTRIALIZADAS EIRELI   Advogado(s)   ESDRAS DA SILVA DOS SANTOS  OAB MG-140532  NATHALIA CAROLINE CORREIA GARCIA  OAB SP-338049  GUSTAVO HENRIQUE NASCIMBENI RIGOLINO  OAB SP-178018   PODER JUDICIÁRIO JUSTIÇA DO TRABALHO TRIBUNAL REGIONAL DO TRABALHO DA 15ª REGIÃO CON2 - JUNDIAÍ ATOrd 0010062-35.2025.5.15.0017 AUTOR: REGINALDO DOS SANTOS RÉU: SOLPI INSTALACOES INDUSTRIALIZADAS EIRELI E OUTROS (1) INTIMAÇÃO Fica V. Sa. intimado para tomar ciência da Decisão ID ed8bf46 proferida nos autos. Órgão Julgador de Origem: 1ª VARA DO TRABALHO DE JUNDIAÍ DECISÃO Pressupostos extrínsecos: Os recursos interpostos pelas partes (reclamante e segunda reclamada) são tempestivos. Regulares as representações. Recolhidas as custas e efetivado o depósito recursal/seguro garantia pela(s) reclamada(s). Pressupostos intrínsecos: Todas as matérias debatidas preenchem o requisito de admissibilidade. Apresente(m) o(s) recorrido(s) contrarrazões no prazo legal e, após, remetam-se os autos ao segundo grau. Intimem-se os patronos das partes, ainda, para que efetuem, se for o caso, seu cadastramento junto ao sistema PJe na 2ª instância. JUNDIAI/SP, 21 de agosto de 2026. KATHLEEN MECCHI ZARINS STAMATO Juíza do Trabalho Titular MLFIntimado(s) / Citado(s) - SOLPI INSTALACOES INDUSTRIALIZADAS EIRELI - PACAEMBU CONSTRUTORA S.A."
1652117.0,26/08/2026,31/08/2026,,Laryssa Mazo Pintor de Lima Rodrigues,5293,Nathalia Garcia,2821,Verificar Despacho,Compromisso (Prazo),Finalizado pelo Encarregado(a),0011098-30.2024.5.15.0088,455250,Gregori Peter Aparecido Oliveira,Trabalhista,Jurídico Trabalhista,,"João 27/08: AIRR do Reclamante desprovido. Sem providências.

D J E N - TST
Disponibilização: segunda-feira, 24 de agosto de 2026.
Arquivo: 1
Publicação: 8217

TST Diário de Justiça Eletrônico Nacional

Intimação Processo: 0011098-30.2024.5.15.0088   Órgão: SETR2  Data de disponibilização:   Tipo de comunicação: Intimação  Meio: Diário de Justiça Eletrônico Nacional   Parte(s):   GREGORI PETER APARECIDO OLIVEIRA  M A DA SILVA CORREA CONSTRUCAO  PACAEMBU CONSTRUTORA S.A.   Advogado(s)   LEONARDO GUIMARAES SILVA  OAB SP-354884  PRISCILA FERREIRA REIS COSTA  OAB SP-264593  NATHALIA CAROLINE CORREIA GARCIA  OAB SP-338049  LUIZ HENRIQUE PINTO FERREIRA  OAB SP-468647   PODER JUDICIÁRIO JUSTIÇA DO TRABALHO TRIBUNAL SUPERIOR DO TRABALHO 2ª TURMA Relatora: LIANA CHAIB AIRR 0011098-30.2024.5.15.0088 AGRAVANTE: GREGORI PETER APARECIDO OLIVEIRA AGRAVADO: PACAEMBU CONSTRUTORA S.A. E OUTROS (1) A secretaria do(a) 2ª Turma intima as partes do processo para tomarem ciência da decisão de id (4ee6e90) proferida nos autos do processo 0011098-30.2024.5.15.0088 cujo conteúdo, conforme previsão do inciso I, art. 13, da Resolução nº 455/2018 do CNJ e do § 3º, art. 205, do CPC/2015, está transcrito a seguir: Poder Judiciário Justiça do Trabalho Tribunal Superior do Trabalho PROCESSO Nº TST-AIRR - 0011098-30.2024.5.15.0088 AGRAVANTE: GREGORI PETER APARECIDO OLIVEIRA ADVOGADO: Dr. LUIZ HENRIQUE PINTO FERREIRA ADVOGADA: Dra. PRISCILA FERREIRA REIS COSTA AGRAVADO: PACAEMBU CONSTRUTORA S.A. ADVOGADA: Dra. NATHALIA CAROLINE CORREIA GARCIA AGRAVADO: M A DA SILVA CORREA CONSTRUCAO ADVOGADO: Dr. LEONARDO GUIMARAES SILVA GMLC/kcr/lcc D E C I S Ã O AGRAVO DE INSTRUMENTO EM RECURSO DE REVISTA Trata-se de agravo de instrumento interposto contra decisão na qual foi denegado seguimento ao recurso de revista. Inicialmente, ressalto que a decisão denegatória do Tribunal Regional não acarreta qualquer prejuízo à parte, em razão de este juízo ad quem, ao analisar o presente agravo de instrumento, proceder a um novo juízo de admissibilidade da revista. Por essa razão, não há que se cogitar da usurpação de competência, visto que cabe ao juízo a quo o exame precário dos pressupostos extrínsecos e intrínsecos do recurso de revista. Assinale-se, ainda, que não são apreciados os temas constantes do recurso de revista, mas ausentes do agravo, porquanto evidenciado o conformismo da parte em relação ao despacho agravado, incidindo o instituto da preclusão. Por outro lado, também não são objeto de análise as alegações constantes do agravo, porém ausentes do recurso de revista, visto que inovatórias. Ressalta-se, ainda, que nos termos da IN/TST nº 40/2016, havendo omissão no despacho de admissibilidade quanto a um dos temas do recurso de revista, é ônus da parte opor embargos de declaração, sob pena de preclusão. Por fim, não se conhece do agravo de instrumento nos capítulos em que a parte não investe contra a fundamentação adotada na decisão de admissibilidade, por falta de dialeticidade recursal (óbice da Súmula/TST nº 422). No mais, presentes os pressupostos legais de admissibilidade, conheço do apelo. O recurso de revista teve seu processamento denegado com amparo nos seguintes fundamentos: RECURSO DE: GREGORI PETER APARECIDO OLIVEIRA PRESSUPOSTOS EXTRÍNSECOS Recurso tempestivo (ciência da decisão em 05/11/2025 - Id 0d29c90; recurso apresentado em 14/11/2025 - Id fbad31e). Regular a representação processual. Dispensado o preparo. PRESSUPOSTOS INTRÍNSECOS 1.1 DIREITO INDIVIDUAL DO TRABALHO (12936) / RESCISÃO DO CONTRATO DE TRABALHO (13949) / JUSTA CAUSA/FALTA GRAVE No que se refere ao tema em destaque, inviável o recurso, pois a parte recorrente indica trecho do acórdão recorrido que não aborda todos os fundamentos adotados pela aludida decisão, deixando de cumprir adequadamente os requisitos exigidos pelo art. 896, § 1º-A, I, da CLT. No sentido do acima exposto são os seguintes precedentes: RR- 18177-29.2013.5.16.0020, 1ª Turma, DEJT de 29/04/2016; AIRR-104-15.2014.5.08.0014, 2ª Turma, DEJT de 06/05/2016; AIRR-10033-37.2014.5.14.0101, 3ª Turma, DEJT de 29/04 /2016; AIRR-10982-58.2014.5.14.0005, 4ª Turma, DEJT de 22/04/2016; AIRR-1410- 22.2013.5.07.0001, 6ª Turma, DEJT de 06/05/2016; AIRR-11680-81.2014.5.03.0163, 7ª Turma, DEJT de 04/03/2016. 2.1 DIREITO INDIVIDUAL DO TRABALHO (12936) / DURAÇÃO DO TRABALHO (13764) / HORAS EXTRAS 2.2 DIREITO INDIVIDUAL DO TRABALHO (12936) / DURAÇÃO DO TRABALHO (13764) / COMPENSAÇÃO DE JORNADA Constou no v. Acórdão: ""Conforme cartão de ponto à fl. 184, houve a compensação semanal da jornada de trabalho, que pode ser realizada de forma tácita, conforme art. 59, §6º, da CLT. Observa-se, também, que o Reclamante não laborou acima das 44º horas semanais. Desse modo, aceita-se a compensação semanal realizada pela Reclamada e por consequência, reforma-se a r. sentença para excluir da condenação as horas extras"". Quanto à questões relativas aos temas em destaque, o v. acórdão decidiu com amparo nos elementos fático-probatórios contidos nos autos. Conclusão diversa da adotada remeteria ao reexame de fatos e provas, procedimento vedado nesta fase processual, à luz da Súmula 126 do Eg. TST. Assim, na presente hipótese, a menção de violação a dispositivos do ordenamento jurídico não viabiliza o processamento do recurso. 3.1 DIREITO INDIVIDUAL DO TRABALHO (12936) / RESPONSABILIDADE SOLIDÁRIA/SUBSIDIÁRIA No que se refere ao tema em destaque, inviável o recurso, pois a /o recorrente indica apenas a parte dispositiva do v. acórdão, deixando de cumprir adequadamente os requisitos exigidos pelo art. 896, § 1º-A, I, da CLT. Nesse sentido: EMBARGOS REGIDOS PELA LEI Nº 13.015/2014. RECURSO DE REVISTA NÃO CONHECIDO. REQUISITO ESTABELECIDO NO ARTIGO 896, § 1º-A, INCISO I, DA CLT. INDICAÇÃO DO TRECHO DA DECISÃO REGIONAL QUE CONSUBSTANCIA O PREQUESTIONAMENTO DA CONTROVÉRSIA. DIVERGÊNCIA JURISPRUDENCIAL NÃO DEMONSTRADA. Nos termos da jurisprudência firmada nesta Subseção, acerca dos pressupostos intrínsecos do recurso de revista, insertos no artigo 896, § 1º-A, da CLT, é indispensável a transcrição do trecho exato da decisão recorrida que consubstancie o prequestionamento da matéria trazida ao debate, cabendo à parte a demonstração, clara e objetiva, dos fundamentos de fato e de direito constantes da decisão regional no tema debatido, não se admitindo, para tanto, a mera indicação das páginas correspondentes, paráfrase, sinopse, transcrição integral do acórdão recorrido, do relatório, da ementa ou apenas da parte dispositiva, pois, para fins de cumprimento da exigência legal, é imprescindível a transcrição textual do trecho da decisão recorrida. Portanto, a discussão sobre o cumprimento dos pressupostos intrínsecos do artigo 896, § 1º-A, da CLT está superada pela jurisprudência desta Subseção, o que impõe a incidência do artigo 894, § 2º, da CLT. Precedentes. Embargos não conhecidos. (E-ED-RR-60300- 98.2013.5.21.0021, Subseção I Especializada em Dissídios Individuais, Relator Ministro Jose Roberto Freire Pimenta, DEJT 25/05/2018). (grifo nosso) No mesmo sentido são os seguintes julgados do Eg. TST:: AIRR- 1335-52.2012.5.11.0018, 3ª Turma, DEJT-13/11/15, AIRR-24030-45.2013.5.24.0004, 5ª Turma, DEJT-02/10/15, AIRR-833-37.2011.5.04.0732, 6ª Turma, DEJT-02/10/15, Ag-AIRR- 3222-45.2012.5.12.0050, 7ª Turma, DEJT-04/09/15 e RR-10012-21.2013.5.14.0061, 8ª Turma, DEJT-28/08/15. CONCLUSÃO DENEGO seguimento ao recurso de revista. Em agravo de instrumento, a parte revigora as alegações apresentadas no recurso de revista denegado. Porém, não obtém êxito em decompor os fundamentos do despacho recorrido. Assim, mantém-se juridicamente robusta a fundamentação do despacho denegatório, que refutou as alegações apresentadas pela parte, uma vez que expôs de forma coerente e coesa os motivos legais pelos quais o recurso não admite seguimento. No caso em análise, a fundamentação per relationem pode ser utilizada, uma vez que a decisão agravada foi capaz de enfrentar todo o arrazoado exposto no recurso. Portanto, em observância ao princípio da celeridade processual, é imperativa a aplicação do entendimento firmado em sede de Repercussão Geral pelo E. Supremo Tribunal Federal no AI-QO nº 791.292-PE, (DJe – 13/08/2010). No referido precedente, foi fixada a tese de que “o art. 93, IX, da Constituição Federal exige que o acórdão ou decisão sejam fundamentados, ainda que sucintamente, sem determinar, contudo, o exame pormenorizado de cada uma das alegações ou provas”, motivada pelo fato de que “o acórdão recorrido está de acordo com essa orientação, uma vez que foram explicitadas razões suficientes para o convencimento do julgador, que endossou os fundamentos do despacho de inadmissibilidade do recurso de revista, integrando-os ao julgamento do agravo de instrumento”, nos termos do voto do Relator, Exmo. Ministro Gilmar Mendes. Conforme entendimento consolidado do E. Supremo Tribunal Federal em outros julgados, a decisão per relationem cumpre integralmente os termos do artigo 93, IX, da Constituição Federal de 1988. Nesse sentido: AGRAVO INTERNO EM RECURSO ORDINÁRIO EM HABEAS CORPUS. AUSÊNCIA DE VÍCIO DE FUNDAMENTAÇÃO NO ACÓRDÃO DE APELAÇÃO. ADMISSIBILIDADE DA FUNDAMENTAÇÃO PER RELATIONEM. RECURSO ORDINÁRIO DESPROVIDO. 1. A utilização da técnica da fundamentação per relationem não configura ofensa ao disposto no art. 93, IX, da Constituição da República. 2. Agravo interno desprovido.(RHC 221785 AgR, Relator(a): NUNES MARQUES, Segunda Turma, julgado em 22-02-2023, PROCESSO ELETRÔNICO DJe-s/n DIVULG 06-03-2023 PUBLIC 07-03-2023 – grifos acrescidos) DIREITO PROCESSUAL CIVIL. FUNDAMENTAÇÃO PER RELATIONEM. POSSIBILIDADE. PRECEDENTES. NEGATIVA DE PRESTAÇÃO JURISDICIONAL. ART. 93, IX, DA CONSTITUIÇÃO DA REPÚBLICA. NULIDADE. NÃO OCORRÊNCIA. RAZÕES DE DECIDIR EXPLICITADAS PELO ÓRGÃO JURISDICIONAL. AGRAVO NÃO PROVIDO. 1. Inexiste violação do art. 93, IX, da Constituição Federal. A jurisprudência desta Suprema Corte é no sentido de que o referido dispositivo exige a explicitação, pelo órgão jurisdicional, das razões do seu convencimento. Enfrentadas todas as causas de pedir veiculadas pela parte, capazes de, em tese, influenciar o resultado da demanda, fica dispensado o exame detalhado de cada argumento suscitado, considerada a compatibilidade entre o que alegado e o entendimento fixado pelo órgão julgador. 2. Este Supremo Tribunal Federal tem jurisprudência consolidada quanto à regularidade da fundamentação per relationem como técnica de motivação das decisões judiciais. Precedentes. 3. As razões do agravo interno não se mostram aptas a infirmar os fundamentos que lastrearam a decisão agravada. 4. A teor do art. 85, § 11, do CPC, o “tribunal, ao julgar recurso, majorará os honorários fixados anteriormente levando em conta o trabalho adicional realizado em grau recursal, observando, conforme o caso, o disposto nos §§ 2º a 6º, sendo vedado ao tribunal, no cômputo geral da fixação de honorários devidos ao advogado do vencedor, ultrapassar os respectivos limites estabelecidos nos §§ 2º e 3º para a fase de conhecimento”. 5. Agravo interno conhecido e não provido. (RE 1397056 ED-AgR, Relator(a): ROSA WEBER (Presidente), Tribunal Pleno, julgado em 13-03-2023, PROCESSO ELETRÔNICO DJe-s/n DIVULG 27-03-2023 PUBLIC 28-03-2023 – grifos acrescidos) SEGUNDO AGRAVO REGIMENTAL EM HABEAS CORPUS. PROCESSO PENAL. DECISÃO MONOCRÁTICA. AUSÊNCIA DE ARGUMENTAÇÃO APTA A MODIFICÁ-LA. MEDIDA CAUTELAR DE RETENÇÃO DE PASSAPORTE. FUNDAMENTAÇÃO IDÔNEA. CONTEMPORANEIDADE VERIFICADA. FUNDAMENTAÇÃO PER RELATIONEM. POSSIBILIDADE. MANUTENÇÃO DA NEGATIVA DE SEGUIMENTO. AGRAVO REGIMENTAL DESPROVIDO. 1. A inexistência de argumentação apta a infirmar o julgamento monocrático conduz à manutenção da decisão recorrida. 2. Na hipótese, a restrição da entrega de passaporte imposta ao agravante converge para as circunstâncias concretas atinentes ao receio de evasão e o não cumprimento da pena aplicada. 3. A medida extrema deve ser contemporânea ao motivo que a ensejou e não com o momento da prática delitiva. Precedentes. 4. A fundamentação per relationem é admitida como técnica de motivação nas decisões judiciais quando fizer referência a outro pronunciamento judicial e vier acrescida de fundamentos próprios. Precedentes. 5. Agravo regimental desprovido.(HC 213634 AgR-segundo, Relator(a): EDSON FACHIN, Segunda Turma, julgado em 13-06-2023, PROCESSO ELETRÔNICO DJe-s/n DIVULG 21-06-2023 PUBLIC 22-06-2023) Nessa senda, tem se apresentado a jurisprudência firme deste Tribunal Superior do Trabalho pela possibilidade de fundamentação per relationem. Vejam-se: AGRAVO EM AGRAVO DE INSTRUMENTO EM RECURSO DE REVISTA. ACÓRDÃO REGIONAL PUBLICADO NA VIGÊNCIA DA LEI Nº 13.467/2017. NULIDADE. NEGATIVA DE PRESTAÇÃO JURISDICIONAL. MANUTENÇÃO DO DESPACHO DENEGATÓRIO DE SEGUIMENTO DO RECURSO DE REVISTA. FUNDAMENTAÇÃO ""PER RELATIONEM"". TRANSCENDÊNCIA NÃO RECONHECIDA NA DECISÃO AGRAVADA. O Supremo Tribunal Federal, no julgamento do Tema 339 do repositório de Repercussão Geral, com efeitos vinculantes, firmou tese no sentido de que ""o art. 93, IX, da Constituição Federal exige que o acórdão ou decisão sejam fundamentados, ainda que sucintamente, sem determinar, contudo, o exame pormenorizado de cada uma das alegações ou provas"". Nesse sentido, admite-se inclusive a adoção da técnica de motivação ""per relationem"", com remição direta aos fundamentos adotados pela decisão recorrida. Mantém-se. Agravo conhecido e desprovido. (Ag-AIRR-21448-70.2017.5.04.0204, 5ª Turma, Relatora Ministra Morgana de Almeida Richa, DEJT 20/10/2023). AGRAVO EM AGRAVO DE INSTRUMENTO EM RECURSO DE REVISTA INTERPOSTO PELO EXECUTADO NA VIGÊNCIA DA LEI 13.467/2017. 1. NULIDADE DA DECISÃO MONOCRÁTICA POR FALTA DE FUNDAMENTAÇÃO . DECISÃO COM FUNDAMENTO PER RELATIONEM . REGULARIDADE. 2. HONORÁRIOS SUCUMBENCIAIS. DESCABIMENTO EM INCIDENTE DE DESCONSIDERAÇÃO DA PERSONALIDADE JURÍDICA (AUSÊNCIA DE VIOLAÇÃO CONSTITUCIONAL). TRANSCENDÊNCIA ECONÔMICA RECONHECIDA. 1. A decisão com fundamentação per relationem tem respaldo na jurisprudência do Supremo Tribunal Federal, que não vislumbra ofensa ao art. 93, IX, da Constituição Federal, tampouco desrespeito aos princípios do devido processo legal, do contraditório ou da ampla defesa (RHC 130542 AgR/SC, Relator Ministro Roberto Barroso, Órgão Julgador: Primeira Turma, DJe-228 de 26/10/2016). Precedentes. 2. O incidente de desconsideração de personalidade jurídica não compreende ação autônoma, de modo que o cabimento dos honorários advocatícios nesse contexto depende de previsão legal, por se tratar de medida excepcional, tal como ocorre com a reconvenção, a teor do art. 791-A, § 5º, da CLT. À míngua, portanto, de fundamento específico a tutelar o cabimento dos honorários em sede de incidente de desconsideração de personalidade jurídica, não há como se vislumbrar violação direta e literal dos dispositivos apontados pelas partes. Agravo conhecido e não provido. (Ag-AIRR-764-86.2020.5.17.0001, 8ª Turma, Relatora Ministra Delaide Alves Miranda Arantes, DEJT 25/09/2023). AGRAVO INTERNO. AGRAVO DE INSTRUMENTO. RECURSO DE REVISTA. ACÓRDÃO REGIONAL PUBLICADO NA VIGÊNCIA DA LEI Nº 13.467/2017. 1. NULIDADE DA DECISÃO AGRAVADA POR NEGATIVA DE PRESTAÇÃO JURISDICIONAL. DECISÃO COM FUNDAMENTAÇÃO PER RELATIONEM . I . A jurisprudência pátria é firme no sentido da admissão da técnica decisória da fundamentação per relationem. II . Assim, não há falar em violação ao dever constitucional de fundamentação das decisões judiciais, previsto no art. 93, IX, da CRFB/1988. III . Agravo interno de que se conhece e a que se nega provimento. (...) (Ag-AIRR-498-82.2017.5.09.0242, 7ª Turma, Relator Ministro Evandro Pereira Valadao Lopes, DEJT 30/06/2023). Toda essa conjuntura promove o cumprimento de dever e responsabilidade do juiz, expresso no Código de Processo Civil de 2015, no que tange a “velar pela duração razoável do processo” (art. 139, inciso II, CPC/15), o qual foi alçado ao status de “princípio da razoável duração do processo”. Por todo o exposto, nego provimento ao agravo de instrumento. Publique-se. Brasília, 21 de agosto de 2026. LIANA CHAIB Ministra Relatora O documento está disponibilizado na íntegra na Consulta Processual do sistema PJe e poderá ser acessado por meio do endereço https://pje.tst.jus.br/consultaprocessual/, tendo a validação confirmada com a chave 26082111543286400000199299839. Conforme o inciso IV, art. 21, da Resolução nº 455/2018 do CNJ, o documento também pode ser acessado diretamente pelo endereço: https://pje.tst.jus.br/pjekz/validacao/26082111543286400000199299839?instancia=3 PATRICIA MUNDIM RESENDEIntimado(s) / Citado(s) - PACAEMBU CONSTRUTORA S.A."
1652115.0,26/08/2026,31/08/2026,,Laryssa Mazo Pintor de Lima Rodrigues,5293,Nathalia Garcia,2821,Verificar Despacho,Compromisso (Prazo),Finalizado pelo Encarregado(a),0010448-76.2023.5.15.0133,396809,Eva Lopes Silva Alves (espólio de Wilson Aparecido Alves),Trabalhista,Jurídico Trabalhista,,"João 27/08: Processo distribuído para a 6ª Turma do TST (Gab. Min. Antônio Fabrício de Matos Gonçalves), em 20/08/2026. Sem providências.

D J E N - TST
Disponibilização: segunda-feira, 24 de agosto de 2026.
Arquivo: 1
Publicação: 3642

TST Diário de Justiça Eletrônico Nacional

Lista de distribuição Processo: 0010448-76.2023.5.15.0133   Órgão: Gabinete do Ministro Antônio Fabrício de Matos Gonçalves  Data de disponibilização:   Tipo de comunicação: Lista de distribuição  Meio: Diário de Justiça Eletrônico Nacional   Parte(s):   PACAEMBU CONSTRUTORA S.A.  BRUMAR DE MARILIA PORTARIA E LIMPEZA LTDA - ME  WILSON APARECIDO ALVES   Advogado(s)   ADINALDO APARECIDO DE OLIVEIRA  OAB SP-137939  THAIS OLIVEIRA PULICI  OAB SP-310768  NATHALIA CAROLINE CORREIA GARCIA  OAB SP-338049   Processo 0010448-76.2023.5.15.0133 distribuído para 6ª Turma - Gabinete do Ministro Antônio Fabrício de Matos Gonçalves na data 20/08/2026 Para maiores informações, clique no link a seguir: https://pje.tst.jus.br/pjekz/visualizacao/26082100300867800000199214612?instancia=3"
1652072.0,26/08/2026,01/09/2026,,Laryssa Mazo Pintor de Lima Rodrigues,5293,Nathalia Garcia,2821,Verificar Despacho,Compromisso (Prazo),Em andamento,0001676-51.2025.5.10.0018,469641,Maiara dos Santos Souza,Trabalhista,Jurídico Trabalhista,,"João 27/08: EDs da Pacaembu acolhidos parcialmente, com efeito modificativo sobre a sentença. Prazo para Recurso ordinário - Fatal: 04/09
D J E N - TRT10
Disponibilização: segunda-feira, 24 de agosto de 2026.
Arquivo: 1
Publicação: 1145

TRT10 Diário de Justiça Eletrônico Nacional

Intimação Processo: 0001676-51.2025.5.10.0018   Órgão: 18ª Vara do Trabalho de Brasília - DF  Data de disponibilização:   Tipo de comunicação: Intimação  Meio: Diário de Justiça Eletrônico Nacional   Parte(s):   MAIARA DOS SANTOS SOUZA  PACAEMBU EMPREENDIMENTOS E CONSTRUCOES LTDA   Advogado(s)   NATHALIA CAROLINE CORREIA GARCIA  OAB SP-338049   PODER JUDICIÁRIO JUSTIÇA DO TRABALHO TRIBUNAL REGIONAL DO TRABALHO DA 10ª REGIÃO 18ª Vara do Trabalho de Brasília - DF ATSum 0001676-51.2025.5.10.0018 RECLAMANTE: MAIARA DOS SANTOS SOUZA RECLAMADO: PACAEMBU EMPREENDIMENTOS E CONSTRUCOES LTDA INTIMAÇÃO Fica V. Sa. intimado para tomar ciência da Sentença ID c4ac5c4 proferida nos autos, cujo dispositivo consta a seguir: III - DISPOSITIVO Ante o exposto, conheço dos embargos de declaração opostos por PACAEMBU CONSTRUTORA S.A. e, no mérito, ACOLHÊ-LOS PARCIALMENTE, conferindo efeito modificativo ao julgado, nos termos da fundamentação que integra este dispositivo. Intimem-se as partes. JAELINE BOSO PORTELA DE SANTANA STROBEL Juíza do Trabalho SubstitutaIntimado(s) / Citado(s) - PACAEMBU EMPREENDIMENTOS E CONSTRUCOES LTDA"
1652071.0,26/08/2026,01/09/2026,,Laryssa Mazo Pintor de Lima Rodrigues,5293,Nathalia Garcia,2821,Verificar Despacho,Compromisso (Prazo),Finalizado pelo Encarregado(a),0000849-27.2025.5.09.0678,466539,Diemerson Costa Leite,Trabalhista,Jurídico Trabalhista,,"João 27/08: Processo distribuído à Desembargadora Relatora Thereza Cristina Gosdal (Seção Especializada), em 21/08/2026. Sem providências.

D J E N - TRT9
Disponibilização: segunda-feira, 24 de agosto de 2026.
Arquivo: 1
Publicação: 3639

TRT9 Diário de Justiça Eletrônico Nacional

Lista de distribuição Processo: 0000849-27.2025.5.09.0678   Órgão: Seção Especializada  Data de disponibilização:   Tipo de comunicação: Lista de distribuição  Meio: Diário de Justiça Eletrônico Nacional   Parte(s):   PACAEMBU PONTA GROSSA 525 - EMPREENDIMENTO IMOBILIARIO LTDA  DIEMERSON COSTA LEITE   Advogado(s)   JEFFERSON SILVA  OAB PR-31360  REGINA APARECIDA GOSMANN SILVA  OAB PR-31884  NATHALIA CAROLINE CORREIA GARCIA  OAB SP-338049   Ata de Distribuição de processos para Revisor. Em 21/08/2026 10:10, na Secretaria da Seção Especializada, do Tribunal Regional do Trabalho da Nona Região, foi realizada a Distribuição informatizada do processo 0000849-27.2025.5.09.0678 À Exma. Desembargadora do Trabalho THEREZA CRISTINA GOSDAL"
1651663.0,11/09/2026,14/09/2026,,Amanda Carvalho Martins,9353,Nathalia Garcia,2821,Contestação,Compromisso (Prazo),Não iniciado,5003705-71.2024.4.03.6106,474072,Shirlei Bela Caetano,Cível,Thaia - Escritório RST&A,,Pendente - Aguardando minuta
1651598.0,07/09/2026,08/09/2026,,Marina Luise Campana Perini,8560,Nathalia Garcia,2821,Envio da Contranotificação,Compromisso (Prazo),Não iniciado,0261-26,474074,Câmara Municipal de Primavera do Leste,,Jurídico Notificação,,Pendente - elaborar.
1651591.0,26/08/2026,31/08/2026,,Laryssa Mazo Pintor de Lima Rodrigues,5293,Nathalia Garcia,2821,Exceção de Incompetência Territorial,Compromisso (Prazo),Finalizado pelo Encarregado(a),0011829-74.2026.5.15.0017,474073,Raphael Brunes Venancio,Trabalhista,Jurídico Trabalhista,,"Lary 28/08: Reclamante prestou serviços em diversas localidades, sendo a ultima em SJRP. Assim, prejudicado o prazo de exceção, pois foi ajuizada da VT de SJRP."
1651587.0,20/10/2026,27/10/2026,,Laryssa Mazo Pintor de Lima Rodrigues,5293,Nathalia Garcia,2821,Defesa e documentos,Compromisso (Prazo),Não iniciado,0011829-74.2026.5.15.0017,474073,Raphael Brunes Venancio,Trabalhista,Jurídico Trabalhista,,
1651585.0,27/10/2026,28/10/2026,,Laryssa Mazo Pintor de Lima Rodrigues,5293,Nathalia Garcia,2821,Audiência Inicial,Compromisso (Prazo),Não iniciado,0011829-74.2026.5.15.0017,474073,Raphael Brunes Venancio,Trabalhista,Jurídico Trabalhista,,Telepresencial
1651576.0,26/08/2026,27/08/2026,,Amanda Carvalho Martins,9353,Nathalia Garcia,2821,Envio da Contranotificação,Compromisso (Prazo),Não iniciado,0260-26,474071,Raelt Armando Pintos,,Jurídico Notificação,,"Pendente - elaborar. 
Protocolo digital."
1651574.0,26/08/2026,31/08/2026,,Laryssa Mazo Pintor de Lima Rodrigues,5293,Nathalia Garcia,2821,Exceção de Incompetência Territorial,Compromisso (Prazo),Finalizado pelo Encarregado(a),1001403-73.2026.5.02.0008,474070,Melissa Ccossegian Moraes de Aguiar,Trabalhista,Jurídico Trabalhista,,Lary 28/08: Funcionária da Pacaembu. Trabalhava no escritório de SP e ajuizou ação na VT de São Paulo. Nada fazer. Prazo prejudicado.
1651572.0,06/10/2026,13/10/2026,,Laryssa Mazo Pintor de Lima Rodrigues,5293,Nathalia Garcia,2821,Defesa e documentos,Compromisso (Prazo),Não iniciado,1001403-73.2026.5.02.0008,474070,Melissa Ccossegian Moraes de Aguiar,Trabalhista,Jurídico Trabalhista,,
1651570.0,13/10/2026,14/10/2026,,Laryssa Mazo Pintor de Lima Rodrigues,5293,Nathalia Garcia,2821,Audiência Una,Compromisso (Prazo),Não iniciado,1001403-73.2026.5.02.0008,474070,Melissa Ccossegian Moraes de Aguiar,Trabalhista,Jurídico Trabalhista,,Presencial
1651567.0,03/09/2026,04/09/2026,,Lawrencce Van Hornn Liberatori da Silva,9293,Nathalia Garcia,2821,Exceção de pré-executividade,Compromisso (Prazo),Não iniciado,1501830-62.2026.8.26.0309,474062,Prefeitura Municipal de Jundiaí,Processo Cível,Serur Advogados,,Pendente - Elaborar
1651552.0,27/08/2026,28/08/2026,,Amanda Carvalho Martins,9353,Nathalia Garcia,2821,Envio da Contranotificação,Compromisso (Prazo),Não iniciado,0259-26,474069,Carlos Magno Pereira de Oliveira,,Jurídico Notificação,,"Pendente - elaborar. 
Protocolo físico."
1651535.0,26/08/2026,31/08/2026,,Laryssa Mazo Pintor de Lima Rodrigues,5293,Nathalia Garcia,2821,Exceção de Incompetência Territorial,Compromisso (Prazo),Não iniciado,0011406-53.2026.5.15.0005,474060,Danilo da Silva Carvalho,Trabalhista,Jurídico Trabalhista,,
1651532.0,26/01/2027,02/02/2027,,Laryssa Mazo Pintor de Lima Rodrigues,5293,Nathalia Garcia,2821,Defesa e documentos,Compromisso (Prazo),Não iniciado,0011406-53.2026.5.15.0005,474060,Danilo da Silva Carvalho,Trabalhista,Jurídico Trabalhista,,
1651528.0,02/02/2027,03/02/2027,,Laryssa Mazo Pintor de Lima Rodrigues,5293,Nathalia Garcia,2821,Audiência Inicial,Compromisso (Prazo),Não iniciado,0011406-53.2026.5.15.0005,474060,Danilo da Silva Carvalho,Trabalhista,Jurídico Trabalhista,,Telepresencial
1651505.0,08/09/2026,09/09/2026,,Marina Luise Campana Perini,8560,Nathalia Garcia,2821,Perícia,Compromisso (Prazo),Não iniciado,1056307-38.2024.8.26.0576,461664,Monara Frias de Souza,Cível,Thaia - Escritório RST&A,,"Rua Onizio Alves de Assis, nº 188, Qd 04,LT 26 - Egydio Zani, São José do Rio Preto – SP."
1651471.0,28/08/2026,31/08/2026,,Amanda Carvalho Martins,9353,Nathalia Garcia,2821,Defesa administrativa,Compromisso (Prazo),Não iniciado,0226-26,473839,Lucas Luciano de Campos,,Jurídico Notificação,,"Pendente - elaborar.
Protocolo digital."
1651450.0,14/09/2026,15/09/2026,,Amanda Carvalho Martins,9353,Nathalia Garcia,2821,Recurso Especial,Compromisso (Prazo),Não iniciado,0047111-77.2024.8.16.0014,450911,Antônio de Morais Silva,Cível,Bruno - Escritório RST&A,,Pendente - Aguardando minuta
1651435.0,25/08/2026,26/08/2026,,Amanda Carvalho Martins,9353,Nathalia Garcia,2821,Envio da Contranotificação,Compromisso (Prazo),Finalizado pelo Encarregado(a),0229-26,473840,Silvana Silva de Souza,,Jurídico Notificação,,Boleto enviado em 26.08.2026.
1651397.0,24/08/2026,28/08/2026,,Laryssa Mazo Pintor de Lima Rodrigues,5293,Nathalia Garcia,2821,Verificar Despacho,Compromisso (Prazo),Concluído,0011126-81.2026.5.15.0070,473762,Cleuton Carvalho Ferreira,Trabalhista,Jurídico Trabalhista,,"Lary 25/08: Ok. Conferido.
João 24/08: Apreciação da renúncia em relação ao pedido de adicional de insalubridade feito pelo Reclamante será feito na sentença. Perícia cancelada. Sem providências.

D J E N - TRT15
Disponibilização: sexta-feira, 21 de agosto de 2026.
Arquivo: 1
Publicação: 2874

TRT15 Diário de Justiça Eletrônico Nacional

Intimação Processo: 0011126-81.2026.5.15.0070   Órgão: CON1 - São José do Rio Preto  Data de disponibilização:   Tipo de comunicação: Intimação  Meio: Diário de Justiça Eletrônico Nacional   Parte(s):   CLEUTON CARVALHO FERREIRA  WILSON BRANDEMARTE  PACAEMBU CATANDUVA 348 - EMPREENDIMENTO IMOBILIARIO LTDA   Advogado(s)   WESLLEY DE PAULA  OAB DF-31272  ANNA LUISA SOUSA E SILVA  OAB DF-52766  NATHALIA CAROLINE CORREIA GARCIA  OAB SP-338049   PODER JUDICIÁRIO JUSTIÇA DO TRABALHO TRIBUNAL REGIONAL DO TRABALHO DA 15ª REGIÃO CON1 - SÃO JOSÉ DO RIO PRETO ATOrd 0011126-81.2026.5.15.0070 AUTOR: CLEUTON CARVALHO FERREIRA RÉU: PACAEMBU CATANDUVA 348 - EMPREENDIMENTO IMOBILIARIO LTDA INTIMAÇÃO Fica V. Sa. intimado para tomar ciência do Despacho ID f7633e5 proferido nos autos. Órgão Julgador de Origem: 2ª VARA DO TRABALHO DE CATANDUVA DESPACHO Vistos etc. Aguarde-se a audiência de instrução, oportunidade em que será homologada a desistência ou renúncia ao pedido de adicional de insalubridade. Intimem-se as partes e o perito técnico. SAO JOSE DO RIO PRETO/SP, 19 de agosto de 2026 MAURO CESAR MORELI Juiz do Trabalho TitularIntimado(s) / Citado(s) - PACAEMBU CATANDUVA 348 - EMPREENDIMENTO IMOBILIARIO LTDA"
1651394.0,24/08/2026,28/08/2026,,Laryssa Mazo Pintor de Lima Rodrigues,5293,Joyce Cristhina Machado,2818,Verificar Despacho,Compromisso (Prazo),Concluído,0010389-15.2025.5.15.0070,463960,Thiago Manoel da Silva,Trabalhista,Jurídico Trabalhista,,"Lary 25/08: Ok. Conferido.
João 24/08: Sentença de extinção - Pagamentos realizados pela 1ª Reclamada. Sem providências. Nada fazer.

D J E N - TRT15
Disponibilização: sexta-feira, 21 de agosto de 2026.
Arquivo: 1
Publicação: 11842

TRT15 Diário de Justiça Eletrônico Nacional

Intimação Processo: 0010389-15.2025.5.15.0070   Órgão: LIQ2 - São José do Rio Preto  Data de disponibilização:   Tipo de comunicação: Intimação  Meio: Diário de Justiça Eletrônico Nacional   Parte(s):   THIAGO MANOEL DA SILVA  PACAEMBU CATANDUVA III - EMPREENDIMENTO IMOBILIARIO LTDA  RSP SEGURANCA E VIGILANCIA PATRIMONIAL LTDA - ME   Advogado(s)   LUIS GUSTAVO ALESSI  OAB SP-323375  DEIGLES WILLIAN DUARTE RIBEIRO  OAB SP-317082  NATHALIA CAROLINE CORREIA GARCIA  OAB SP-338049   PODER JUDICIÁRIO JUSTIÇA DO TRABALHO TRIBUNAL REGIONAL DO TRABALHO DA 15ª REGIÃO LIQ2 - SÃO JOSÉ DO RIO PRETO ATSum 0010389-15.2025.5.15.0070 AUTOR: THIAGO MANOEL DA SILVA RÉU: RSP SEGURANCA E VIGILANCIA PATRIMONIAL LTDA - ME E OUTROS (1) INTIMAÇÃO Fica V. Sa. intimado para tomar ciência da Sentença ID 82f9e08 proferida nos autos, cujo dispositivo consta a seguir: Tratando-se de execução de contribuições previdenciárias cujo valor é igual ou inferior a R$40.000,00, deixo de determinar a execução dos valores devidos à União, com fundamento no art. 1º da Portaria Normativa PGF/AGU nº 47, de 7 de julho de 2023. Ante o pagamento das demais verbas, declaro extinta a execução pelo pagamento, nos termos do art. 924, II do CPC. Dê-se baixa e, após o registro dos pagamentos e verificada a inexistência de saldo, arquive-se. Intimem-se. FERNANDO RODRIGUES CARVALHO Juiz do Trabalho SubstitutoIntimado(s) / Citado(s) - RSP SEGURANCA E VIGILANCIA PATRIMONIAL LTDA - ME - PACAEMBU CATANDUVA III - EMPREENDIMENTO IMOBILIARIO LTDA"
1651392.0,24/08/2026,28/08/2026,,Laryssa Mazo Pintor de Lima Rodrigues,5293,Nathalia Garcia,2821,Verificar Despacho,Compromisso (Prazo),Finalizado pelo Encarregado(a),0010893-02.2017.5.15.0070,119943,Marcio Roberto dos Santos Rocha,Trabalhista,Jurídico Trabalhista,,"Lary 26/08: ED protocolado. Salvei na pasta e GED. 
Lary 25/08: Ok. Conferido. Prazo para ED. Ajustar para dia 26/08 - João vai ajustar. Fatal: 31/08.

João 24/08: Embargos à Execução da Pacaembu julgados improcedentes - Prazo para eventual EDs 31/08/2026

D J E N - TRT15
Disponibilização: sexta-feira, 21 de agosto de 2026.
Arquivo: 1
Publicação: 6657

TRT15 Diário de Justiça Eletrônico Nacional

Intimação Processo: 0010893-02.2017.5.15.0070   Órgão: DAM - São José do Rio Preto  Data de disponibilização:   Tipo de comunicação: Intimação  Meio: Diário de Justiça Eletrônico Nacional   Parte(s):   MARCIO ROBERTO DOS SANTOS ROCHA  A. M. AURUBAS - ME  PACAEMBU CONSTRUTORA S.A.   Advogado(s)   NILSON ANTONIO DA SILVEIRA JUNIOR  OAB SP-160174  LÍVIA VENDRAMIN  OAB SP-189600  NATHALIA CAROLINE CORREIA GARCIA  OAB SP-338049   PODER JUDICIÁRIO JUSTIÇA DO TRABALHO TRIBUNAL REGIONAL DO TRABALHO DA 15ª REGIÃO DAM - SÃO JOSÉ DO RIO PRETO ATOrd 0010893-02.2017.5.15.0070 AUTOR: MARCIO ROBERTO DOS SANTOS ROCHA RÉU: A. M. AURUBAS - ME E OUTROS (1) INTIMAÇÃO Fica V. Sa. intimado para tomar ciência da Sentença ID a13c199 proferida nos autos, cujo dispositivo consta a seguir: DISPOSITIVO Do exposto, conheço dos Embargos à Execução e, no mérito, julgo-os IMPROCEDENTES, tudo nos termos da fundamentação supra, parte integrante desta decisão. Custas processuais pela executada, no valor de R$ 44,26, a teor do artigo 789-A, V da CLT. Intimem-se as partes. Decorridos os prazos legais e não havendo interposição de recurso, liberem-se os valores disponíveis nos autos a quem de direito. FERNANDO RODRIGUES CARVALHO Juiz do Trabalho SubstitutoIntimado(s) / Citado(s) - PACAEMBU CONSTRUTORA S.A."
1651390.0,24/08/2026,28/08/2026,,Laryssa Mazo Pintor de Lima Rodrigues,5293,Nathalia Garcia,2821,Verificar Despacho,Compromisso (Prazo),Concluído,0010771-04.2024.5.15.0115,448097,Edgar Reis Cordeiro,Trabalhista,Jurídico Trabalhista,,"Lary 25/08: Ok. Conferido. Nada fazer.
João 24/08: Liberação dos valores dos constritos em conta da Pacembu. Sem providências. Financeiro já informou que os valores foram liberados. 

D J E N - TRT15
Disponibilização: sexta-feira, 21 de agosto de 2026.
Arquivo: 1
Publicação: 16875

TRT15 Diário de Justiça Eletrônico Nacional

Intimação Processo: 0010771-04.2024.5.15.0115   Órgão: EXE1 - Presidente Prudente  Data de disponibilização:   Tipo de comunicação: Intimação  Meio: Diário de Justiça Eletrônico Nacional   Parte(s):   EDGAR REIS CORDEIRO  SAO PAULO SECRETARIA DA ADMINISTRACAO PENITENCIARIA  BRUMAR DE MARILIA PORTARIA E LIMPEZA LTDA - ME  PACAEMBU CONSTRUTORA S.A.  PACAEMBU PRESIDENTE PRUDENTE - EMPREENDIMENTO IMOBILIARIO LTDA   Advogado(s)   ADINALDO APARECIDO DE OLIVEIRA  OAB SP-137939  HAMILTON FERNANDO MACHADO DE MATTOS  OAB SP-189256  NATHALIA CAROLINE CORREIA GARCIA  OAB SP-338049   PODER JUDICIÁRIO JUSTIÇA DO TRABALHO TRIBUNAL REGIONAL DO TRABALHO DA 15ª REGIÃO EXE1 - PRESIDENTE PRUDENTE ATOrd 0010771-04.2024.5.15.0115 AUTOR: EDGAR REIS CORDEIRO RÉU: PACAEMBU CONSTRUTORA S.A. E OUTROS (2) INTIMAÇÃO Fica V. Sa. intimado para tomar ciência da Decisão ID 8b14c3e proferida nos autos. Órgão Julgador de Origem: 2ª VARA DO TRABALHO DE PRESIDENTE PRUDENTE DECISÃO 1- Trata-se de petição de urgência apresentada pela primeira reclamada, PACAEMBU CONSTRUTORA S.A. (ID. a3e73e9), por meio da qual requer o imediato levantamento do bloqueio judicial de R$ 22.507,90 efetivado em suas contas bancárias via sistema Sisbajud. 2- Sustenta a requerente que a referida constrição é manifestamente indevida, visto que o débito cobrado refere-se a contribuições previdenciárias decorrentes do reconhecimento de vínculo empregatício direto com a terceira reclamada, BRUMAR DE MARILIA PORTARIA E LIMPEZA LTDA - ME, cuja responsabilidade foi exclusivamente assumida por esta última no acordo judicial homologado nos autos. 3- Comprova, outrossim, ter adimplido integralmente a cota que lhe cabia na avença. 4- Assiste integral razão à peticionária. Analisando os termos do acordo extrajudicial apresentado sob o ID. db5529c, homologado por este Juízo em 04/07/2025 (ID. 9f45315), verifica-se que a primeira e a segunda reclamadas (empresas do grupo Pacaembu) assumiram, de forma exclusiva, a obrigação de pagar ao reclamante a quantia líquida de R$ 35.000,00, em 04 (quatro) parcelas mensais e sucessivas de R$ 8.750,00. Referido montante foi integral e tempestivamente satisfeito pelas devedoras, conforme comprovantes bancários anexados, ensejando a extinção da execução trabalhista principal pela satisfação integral do crédito, declarada por sentença em 12/01/2026 (ID. fcaaeca). De outra sorte, constata-se que o vínculo de emprego direto do autor no período de 15/07/2020 a 24/05/2022 foi reconhecido e assumido de forma exclusiva pela terceira reclamada, BRUMAR DE MARÍLIA PORTARIA E LIMPEZA LTDA - ME (item 11 do acordo). Diante do exposto, quanto à manifestação Id 148fa0e, nos termos do documento sob Id 58da5ef, já foi liberada pelo Juízo os valores apressados em contas da ré PACAEMBU CONSTRUTORA S.A. e PACAEMBU PRESIDENTE PRUDENTE - EMPREENDIMENTO IMOBILIARIO LTDA, diretamente através do sistema sisbajud. Desse modo, evidenciado que a obrigação pelo recolhimento previdenciário em comento é de responsabilidade única e exclusiva de BRUMAR DE MARÍLIA PORTARIA E LIMPEZA LTDA - ME, determino a penhora de valores pelo Sisbajud (teimosinha). PRESIDENTE PRUDENTE/SP, 20 de agosto de 2026. REGIS ANTONIO BERSANIN NIEDDU Juiz do Trabalho Substituto KMOIntimado(s) / Citado(s) - PACAEMBU PRESIDENTE PRUDENTE - EMPREENDIMENTO IMOBILIARIO LTDA - PACAEMBU CONSTRUTORA S.A."
1651388.0,24/08/2026,28/08/2026,,Laryssa Mazo Pintor de Lima Rodrigues,5293,Nathalia Garcia,2821,Verificar Despacho,Compromisso (Prazo),Em andamento,1001268-44.2025.5.02.0025,464677,Juliana Cattinne Fernandes,,Escritório Tozzini,,"Lary 28/08: Estratégia do Tozzini: Preparar ED para o Juiz pronunciar sobre as contribuições previdenciárias e erro material. Fatal: 31/08. Ajustar

Lary 26/08: Respondi o e-mail quanto ao preparo. Ajustar para dia 27/08 - Acompanhar retorno. Fatal: 03/09

Lary 25/08: E-mail enviado para o Tozzini. Acompanhar 26/08. 
João 24/08: Acordo homologado com ressalvas - Prazo para RO em 03/09

D J E N - TRT2
Disponibilização: sexta-feira, 21 de agosto de 2026.
Arquivo: 1
Publicação: 31710

TRT2 Diário de Justiça Eletrônico Nacional

Intimação Processo: 1001268-44.2025.5.02.0025   Órgão: 25ª Vara do Trabalho de São Paulo  Data de disponibilização:   Tipo de comunicação: Intimação  Meio: Diário de Justiça Eletrônico Nacional   Parte(s):   J.C.F.  M.A.D.M.F.  P.C.S.   Advogado(s)   ALEXANDRE DE ALMEIDA CARDOSO  OAB SP-149394  LUIS GUSTAVO SILVERIO  OAB SP-263648  NATHALIA CAROLINE CORREIA GARCIA  OAB SP-338049   Tomar ciência do(a) Intimação de ID 8ae21b0.Intimado(s) / Citado(s) - P.C.S."
1651194.0,24/08/2026,25/08/2026,,Amanda Carvalho Martins,9353,Nathalia Garcia,2821,Envio da Contranotificação,Compromisso (Prazo),Finalizado pelo Encarregado(a),0258-26,474048,Ludmila Santos Andrade,,Jurídico Notificação,,Contranotificação protocolada em 25.08.2026.
1651174.0,24/08/2026,25/08/2026,,Amanda Carvalho Martins,9353,Nathalia Garcia,2821,Envio da Contranotificação,Compromisso (Prazo),Finalizado pelo Encarregado(a),0257-26,474046,Laiara de Souza Costa,,Jurídico Notificação,,Contranotificação protocolada em 25.08.2026.
1651156.0,24/08/2026,25/08/2026,,Amanda Carvalho Martins,9353,Nathalia Garcia,2821,Envio da Contranotificação,Compromisso (Prazo),Finalizado pelo Encarregado(a),0255-26,474044,Fabiana Aparecida de Medeiros Araújo,,Jurídico Notificação,,Contranotificação protocolada em 25.08.2026.
1651154.0,24/08/2026,25/08/2026,,Amanda Carvalho Martins,9353,Nathalia Garcia,2821,Envio da Contranotificação,Compromisso (Prazo),Finalizado pelo Encarregado(a),0256-26,474045,Karolayni Oliveira Santos,,Jurídico Notificação,,Contranotificação protocolada em 25.08.2026.
1651131.0,24/08/2026,27/08/2026,,Laryssa Mazo Pintor de Lima Rodrigues,5293,Nathalia Garcia,2821,Manifestação sobre preclusão,Compromisso (Prazo),Concluído,0010925-87.2025.5.15.0082,464686,David dos Santos Honorio da Silva,Trabalhista,Jurídico Trabalhista,,Lary 25/08: Manifestação protocolada. Salvei na pasta e GED.
1651130.0,11/09/2026,14/09/2026,,Laryssa Mazo Pintor de Lima Rodrigues,5293,Nathalia Garcia,2821,Audiência de Conciliação,Compromisso (Prazo),Não iniciado,0010925-87.2025.5.15.0082,464686,David dos Santos Honorio da Silva,Trabalhista,Jurídico Trabalhista,,Telepresencial
1651125.0,24/08/2026,25/08/2026,,Amanda Carvalho Martins,9353,Nathalia Garcia,2821,Envio da Contranotificação,Compromisso (Prazo),Finalizado pelo Encarregado(a),0254-26,474043,Eduardo Diogo Cassiano de Morais,,Jurídico Notificação,,Contranotificação protocolada em 25.08.2026.
1651093.0,24/08/2026,25/08/2026,,Amanda Carvalho Martins,9353,Nathalia Garcia,2821,Envio da Contranotificação,Compromisso (Prazo),Finalizado pelo Encarregado(a),0253-26,474041,Ana Neres Soares,,Jurídico Notificação,,Contranotificação protocolada em 25.08.2026.
1651082.0,01/09/2026,02/09/2026,,Lawrencce Van Hornn Liberatori da Silva,9293,Nathalia Garcia,2821,Julgamento,Compromisso (Prazo),Não iniciado,4001572-54.2025.8.26.0451,468092,Edna Aparecida Beraldo,Cível,Bruno - Escritório RST&A,,Julgamento: 26.08.2026 a 02.09.2026
1651081.0,26/08/2026,27/08/2026,,Lawrencce Van Hornn Liberatori da Silva,9293,Nathalia Garcia,2821,Julgamento,Compromisso (Prazo),Não iniciado,1011855-27.2024.8.26.0451,453105,Maria Teresa da Silva,Cível,Bruno - Escritório RST&A,,
1651073.0,24/08/2026,28/08/2026,,Lawrencce Van Hornn Liberatori da Silva,9293,Nathalia Garcia,2821,Julgamento,Compromisso (Prazo),Não iniciado,0011782-08.2024.8.16.0045,461961,Paulo César Ferreira,Cível,Bruno - Escritório RST&A,,Julgamento de AI
1651071.0,02/09/2026,02/09/2026,,Lawrencce Van Hornn Liberatori da Silva,9293,Nathalia Garcia,2821,Julgamento,Compromisso (Prazo),Não iniciado,1017615-54.2024.8.26.0451,451824,Pamela Cristina dos Santos,Cível,Bruno - Escritório RST&A,,Julgamento
1651068.0,25/08/2026,26/08/2026,,Amanda Carvalho Martins,9353,Nathalia Garcia,2821,Erro,Compromisso (Prazo),Cancelado,0003509-36.2024.8.16.0014,446740,Jheniffer Caroline Silva Oliveira,Cível,Bruno - Escritório RST&A,,Erro
1651052.0,21/08/2026,24/08/2026,,Amanda Carvalho Martins,9353,Nathalia Garcia,2821,Embargos de declaração (rateio),Compromisso (Prazo),Finalizado pelo Encarregado(a),0014199-94.2025.8.16.0045,471940,Ana Paula de Oliveira,Cível,Bruno - Escritório RST&A,,Minuta protocolada em 21.08.2026
1651049.0,06/11/2026,09/11/2026,,Laryssa Mazo Pintor de Lima Rodrigues,5293,Nathalia Garcia,2821,Audiência de Instrução,Compromisso (Prazo),Não iniciado,0000388-91.2026.5.23.0076,471793,Adilson Rocha Bezerra,Trabalhista,Jurídico Trabalhista,,Telepresencial (horário de Cuiabá)
1651047.0,21/08/2026,24/08/2026,,Amanda Carvalho Martins,9353,Nathalia Garcia,2821,Envio da Contranotificação,Compromisso (Prazo),Cancelado,0252-26,474040,Prefeitura do Município de Marília,,Jurídico Notificação,,DI seguirá com a resposta.
1651045.0,21/08/2026,24/08/2026,,Lawrencce Van Hornn Liberatori da Silva,9293,Nathalia Garcia,2821,Manifestação aos esclarecimentos,Compromisso (Prazo),Finalizado pelo Encarregado(a),0012628-25.2024.8.16.0045,461964,Wesley Igor de Souza,Cível,Bruno - Escritório RST&A,,Minuta protocolada em 24.08.2026.
1651044.0,25/08/2026,31/08/2026,,Laryssa Mazo Pintor de Lima Rodrigues,5293,Laryssa Mazo Pintor de Lima Rodrigues,5293,Acompanhar,Compromisso,Não iniciado,,,,,,,"Lary 25/08: Falei com a Sol e ela disse que o contrato de trabalho já foi restabelecido e entregue para a reclamante o ultimo dia de trabalho. Agora aguardar o 16 dia. Ajustar para dia 03/09 - Acompanhar, antes das férias. 

Acompanhar caso Jessica - Robinho"
1651042.0,21/08/2026,24/08/2026,,Lawrencce Van Hornn Liberatori da Silva,9293,Nathalia Garcia,2821,Manifestação aos esclarecimentos,Compromisso (Prazo),Finalizado pelo Encarregado(a),0012342-47.2024.8.16.0045,461963,Vilma dos Reis,Cível,Bruno - Escritório RST&A,,Minuta protocolada em 24.08.2026.
1651040.0,21/08/2026,24/08/2026,,Lawrencce Van Hornn Liberatori da Silva,9293,Nathalia Garcia,2821,Manifestação aos esclarecimento,Compromisso (Prazo),Finalizado pelo Encarregado(a),0011126-51.2024.8.16.0045,461941,Margarida Bispo de Brites,Cível,Bruno - Escritório RST&A,,Minuta protocolada em 24.08.2026
1651036.0,21/08/2026,24/08/2026,,Lawrencce Van Hornn Liberatori da Silva,9293,Nathalia Garcia,2821,Manifestação aos esclarecimentos,Compromisso (Prazo),Finalizado pelo Encarregado(a),0011122-14.2024.8.16.0045,461938,Jacir Casturino Antunes Soares,Cível,Bruno - Escritório RST&A,,Minuta protocolada em 24.08.2026.
1651032.0,21/08/2026,24/08/2026,,Lawrencce Van Hornn Liberatori da Silva,9293,Nathalia Garcia,2821,Manifestação aos esclarecimentos,Compromisso (Prazo),Finalizado pelo Encarregado(a),0011123-96.2024.8.16.0045,462376,Janaine Pineti Francisco,Cível,Bruno - Escritório RST&A,,Minuta protocolada em 24.08.2026.
1651029.0,21/08/2026,24/08/2026,,Amanda Carvalho Martins,9353,Nathalia Garcia,2821,Embargos de declaração (rateio),Compromisso (Prazo),Finalizado pelo Encarregado(a),0003729-67.2026.8.16.0045,472128,Jean Mirteau Bazelais,Cível,Bruno - Escritório RST&A,,Minuta protocolada em 21.08.2026.
1651026.0,25/08/2026,26/08/2026,,Amanda Carvalho Martins,9353,Nathalia Garcia,2821,Especificação de Provas,Compromisso (Prazo),Finalizado pelo Encarregado(a),5026428-54.2025.4.04.7001,471650,Cintia Gabrielle da Conceicao Lima,Cível,Bruno - Escritório RST&A,,Minuta protocolada em 26.08.2026.
1651025.0,24/08/2026,25/08/2026,,Marina Luise Campana Perini,8560,Nathalia Garcia,2821,Especificação de Provas,Compromisso (Prazo),Finalizado pelo Encarregado(a),4009951-81.2025.8.26.0451,471251,Tales Vinicius de Oliveira,Cível,Bruno - Escritório RST&A,,Minuta protocolada em 25.08.2026
1651024.0,21/08/2026,24/08/2026,,Lawrencce Van Hornn Liberatori da Silva,9293,Nathalia Garcia,2821,Requerimento de revelia,Compromisso (Prazo),Finalizado pelo Encarregado(a),1044977-26.2025.8.26.0506,467464,Suellen de Freitas,Cível,Bruno - Escritório RST&A,,Minuta protocolada em 24.08.2026.
1651023.0,26/08/2026,27/08/2026,,Amanda Carvalho Martins,9353,Nathalia Garcia,2821,Perícia,Compromisso (Prazo),Não iniciado,0003509-36.2024.8.16.0014,446740,Jheniffer Caroline Silva Oliveira,Cível,Bruno - Escritório RST&A,,"Perícia: 27.08.2026, às 14:30h - AT CAMILA LIPI"
1650985.0,26/08/2026,27/08/2026,,Marina Luise Campana Perini,8560,Nathalia Garcia,2821,Embargos de declaração,Compromisso (Prazo),Finalizado pelo Encarregado(a),0017325-55.2025.8.16.0045,472105,Francielle de Souza dos Santos,Cível,Thaia - Escritório RST&A,,Dispensado
1650983.0,26/08/2026,27/08/2026,,Marina Luise Campana Perini,8560,Nathalia Garcia,2821,Embargos de declaração,Compromisso (Prazo),Não iniciado,4000023-48.2026.8.26.0071,470900,Adriana Greyze da Silva,Cível,Thaia - Escritório RST&A,,Minuta validada em 26.08 - aguardando protocolo
1650982.0,26/08/2026,27/08/2026,,Marina Luise Campana Perini,8560,Nathalia Garcia,2821,Embargos de declaração,Compromisso (Prazo),Não iniciado,4006952-24.2026.8.26.0451,472751,Ana Carolina Alves Silva,Cível,Thaia - Escritório RST&A,,Minuta validada em 26.08 - aguardando protocolo
1650981.0,26/08/2026,27/08/2026,,Lawrencce Van Hornn Liberatori da Silva,9293,Nathalia Garcia,2821,Manifestação,Compromisso (Prazo),Não iniciado,5003895-67.2026.4.04.7001,471943,Juliana de Cassia Baptistone,Cível,Thaia - Escritório RST&A,,Pendente - Protocolo direto.
1650980.0,26/08/2026,27/08/2026,,Lawrencce Van Hornn Liberatori da Silva,9293,Nathalia Garcia,2821,Manifestação sobre os esclarecimentos do perito,Compromisso (Prazo),Não iniciado,1009912-14.2025.8.26.0071,464692,Gerson Gustavo Rocha da Silva,Cível,Thaia - Escritório RST&A,,Pendente validação - minuta recebida em 25.08.2026
1650978.0,24/08/2026,25/08/2026,,Lawrencce Van Hornn Liberatori da Silva,9293,Nathalia Garcia,2821,Julgamento,Compromisso (Prazo),Não iniciado,1001299-69.2025.8.26.0664,465506,Anderson Loide da Silva,Cível,Thaia - Escritório RST&A,,Julgamento dos Eds
1650977.0,25/08/2026,01/09/2026,,Marina Luise Campana Perini,8560,Nathalia Garcia,2821,Julgamento,Compromisso (Prazo),Finalizado pelo Encarregado(a),4004661-64.2026.8.26.0576,471186,Jully Graciely da Conceição Batista,Cível,Thaia - Escritório RST&A,,Eds rejeitados
1650976.0,24/08/2026,25/08/2026,,Lawrencce Van Hornn Liberatori da Silva,9293,Nathalia Garcia,2821,Julgamento,Compromisso (Prazo),Não iniciado,1030912-54.2023.8.26.0196,444034,Tereza Aparecida da Silva,Cível,Thaia - Escritório RST&A,,Julgamento de Eds
1650974.0,27/08/2026,28/08/2026,,Marina Luise Campana Perini,8560,Nathalia Garcia,2821,Manifestação - Ofícios,Compromisso (Prazo),Não iniciado,1065979-86.2024.8.26.0506,461091,Olavo Bernardes Filgueiras Filho,Cível,Thaia - Escritório RST&A,,Minuta validada em 27.08 - aguardando protocolo
1650969.0,25/08/2026,26/08/2026,,Marina Luise Campana Perini,8560,Nathalia Garcia,2821,Impugnação Laudo Pericial,Compromisso (Prazo),Finalizado pelo Encarregado(a),1000961-07.2025.8.26.0079,462798,Diego Augusto Paula Romero,Cível,Thaia - Escritório RST&A,,Minuta protocolada em 26.08.2026.
1650966.0,21/08/2026,26/08/2026,,Marina Luise Campana Perini,8560,Nathalia Garcia,2821,Julgamento,Compromisso (Prazo),Não iniciado,1019921-77.2022.8.26.0576,326749,Claudemiro Aparecido Lacerda,Cível,Thaia - Escritório RST&A,,Julgamento de Apelação
1650963.0,25/08/2026,26/08/2026,,Marina Luise Campana Perini,8560,Nathalia Garcia,2821,Agravo de Instrumento,Compromisso (Prazo),Finalizado pelo Encarregado(a),1065979-86.2024.8.26.0506,461091,Olavo Bernardes Filgueiras Filho,Cível,Thaia - Escritório RST&A,,Dispensado
1650961.0,24/08/2026,25/08/2026,,Marina Luise Campana Perini,8560,Nathalia Garcia,2821,Agravo de Instrumento,Compromisso (Prazo),Finalizado pelo Encarregado(a),1010683-46.2025.8.26.0344,467123,Luciano Caprari Pereira,Cível,Thaia - Escritório RST&A,,Dispensado
1650957.0,21/08/2026,24/08/2026,,Lawrencce Van Hornn Liberatori da Silva,9293,Marina Luise Campana Perini,8560,Informar andamento CP,Compromisso (Prazo),Finalizado pelo Encarregado(a),4004020-73.2025.8.26.0071,468560,V.J. Caceano - ME,Cível,Thaia - Escritório RST&A,,Minuta protocolada em 24.08.2026.
1650951.0,21/08/2026,24/08/2026,,Lawrencce Van Hornn Liberatori da Silva,9293,Nathalia Garcia,2821,Manifestação Sobre a Conexão,Compromisso (Prazo),Finalizado pelo Encarregado(a),0002638-64.2025.8.16.0048,466866,R Cardoso de Moraes Lotes Ltda.,Cível,Thaia - Escritório RST&A,,Minuta protocolada em 24.08.2026.
1650949.0,21/08/2026,24/08/2026,,Marina Luise Campana Perini,8560,Nathalia Garcia,2821,Impugnação ao Laudo Pericial,Compromisso (Prazo),Finalizado pelo Encarregado(a),1002913-02.2025.8.26.0344,463169,Francieli Feltri Limão,Cível,Thaia - Escritório RST&A,,Minuta protocolada em 24.08.2026
1650947.0,21/08/2026,24/08/2026,,Marina Luise Campana Perini,8560,Nathalia Garcia,2821,Erro,Compromisso (Prazo),Cancelado,1001798-75.2026.8.13.0342,472996,Gisaine Aparecida Dias,Cível,Thaia - Escritório RST&A,,Erro
1650943.0,08/09/2026,09/09/2026,,Marina Luise Campana Perini,8560,Nathalia Garcia,2821,Impugnação a proposta honorários,Compromisso (Prazo),Não iniciado,1000657-35.2025.8.26.0458,466918,Rosa Maria Julião Coimbra,Cível,Procuradoria do Estado de São Paulo,,Pendente - aguardando minuta
1650931.0,03/09/2026,04/09/2026,,Amanda Carvalho Martins,9353,Nathalia Garcia,2821,Envio da Contranotificação,Compromisso (Prazo),Não iniciado,0249-26,474038,Prefeitura de São José do Rio Preto,,Jurídico Notificação,,"Pendente - elaborar. 
Protocolo físico."
1650930.0,03/09/2026,04/09/2026,,Amanda Carvalho Martins,9353,Nathalia Garcia,2821,Envio da Contranotificação,Compromisso (Prazo),Não iniciado,0250-26,474037,Prefeitura de São José do Rio Preto,,Jurídico Notificação,,"Pendente - elaborar. 
Protocolo físico."
1650928.0,03/09/2026,04/09/2026,,Amanda Carvalho Martins,9353,Nathalia Garcia,2821,Envio da Contranotificação,Compromisso (Prazo),Não iniciado,0251-26,474036,Prefeitura de São José do Rio Preto,,Jurídico Notificação,,"Pendente - elaborar. 
Protocolo e-mail."
1650897.0,08/09/2026,09/09/2026,,Lawrencce Van Hornn Liberatori da Silva,9293,Nathalia Garcia,2821,Pericia,Compromisso (Prazo),Não iniciado,0011129-06.2024.8.16.0045,461942,Toniel Soares de Lima,Cível,Bruno - Escritório RST&A,,
1650895.0,26/08/2026,27/08/2026,,Amanda Carvalho Martins,9353,Nathalia Garcia,2821,Envio da Contranotificação,Compromisso (Prazo),Não iniciado,0248-26,474035,Dyulie Stefany Lemes de Oliveira,,Jurídico Notificação,,"Pendente - elaborar. 
Protocolo físico."
1650793.0,26/08/2026,02/09/2026,,Laryssa Mazo Pintor de Lima Rodrigues,5293,Nathalia Garcia,2821,Manifestação sobre a emenda,Compromisso (Prazo),Não iniciado,0012339-49.2025.5.15.0041,469893,Sidney Rogerio Alves Rodrigues,Trabalhista,Jurídico Trabalhista,,
1650792.0,26/04/2027,28/04/2027,,Laryssa Mazo Pintor de Lima Rodrigues,5293,Nathalia Garcia,2821,Audiência Una,Compromisso (Prazo),Não iniciado,0012339-49.2025.5.15.0041,469893,Sidney Rogerio Alves Rodrigues,Trabalhista,Jurídico Trabalhista,,Telepresencial
1650788.0,21/08/2026,27/08/2026,,Laryssa Mazo Pintor de Lima Rodrigues,5293,Nathalia Garcia,2821,Verificar Despacho,Compromisso (Prazo),Concluído,0010946-64.2025.5.15.0017,464635,Paulo Sergio Batista,Trabalhista,Jurídico Trabalhista,,"Lary 21/08: Reclamante intimado para apresentar manifestação face os Embargos de Declaração apresentados. Nada fazer. Prazo somente para o reclamante. 

D J E N - TRT15
Disponibilização: quinta-feira, 20 de agosto de 2026.
Arquivo: 1
Publicação: 12781

TRT15 Diário de Justiça Eletrônico Nacional

Intimação Processo: 0010946-64.2025.5.15.0017   Órgão: Vaga Aposent. da Desembargadora Ana Amarylis Vivacqua de Oliveira Gulla - 3ª Câmara  Data de disponibilização:   Tipo de comunicação: Intimação  Meio: Diário de Justiça Eletrônico Nacional   Parte(s):   COMPANHIA PAULISTA DE FORCA E LUZ  LUCAS PAGLIUSI DAMIANO CAVICCHIOLI  PAULO SERGIO BATISTA  COMPANHIA PAULISTA DE FORCA E LUZ  PACAEMBU CONSTRUTORA S.A.  PAULO SERGIO BATISTA  RENASCER CONSTRUCOES ELETRICAS LTDA   Advogado(s)   DANIEL BATTIPAGLIA SGAI  OAB SP-214918  ERIK FERNANDES ALVES  OAB SP-474313  TUPA MONTEMOR PEREIRA  OAB SP-264643  NATHALIA CAROLINE CORREIA GARCIA  OAB SP-338049  LUCAS VITOR SIQUEIRA SIGOLO  OAB SP-483189   PODER JUDICIÁRIO JUSTIÇA DO TRABALHO TRIBUNAL REGIONAL DO TRABALHO DA 15ª REGIÃO 3ª CÂMARA Relatora: JULIANA BENATTI ROT 0010946-64.2025.5.15.0017 RECORRENTE: PAULO SERGIO BATISTA E OUTROS (1) RECORRIDO: PAULO SERGIO BATISTA E OUTROS (3) INTIMAÇÃO Fica V. Sa. intimado para tomar ciência do Despacho ID c684b4a proferido nos autos. 8 Diante da possibilidade de efeito modificativo aos embargos de declaração apresentados pela primeira reclamada (Renascer Construções Elétricas Ltda.), com base no art. 1.023, § 2º do CPC, determino a intimação do reclamante para que se manifeste sobre os embargos apresentados no prazo de 5 (cinco) dias, caso queira. Intimem-se as partes. Campinas, 19 de agosto de 2.026. JULIANA BENATTI RelatoraIntimado(s) / Citado(s) - RENASCER CONSTRUCOES ELETRICAS LTDA - PACAEMBU CONSTRUTORA S.A."
1650787.0,31/08/2026,01/09/2026,,Marina Luise Campana Perini,8560,Nathalia Garcia,2821,Julgamento,Compromisso (Prazo),Não iniciado,1011118-68.2025.8.26.0037,466603,Secretario da Fazenda do Município de Araraquara,Tributário,Jurídico Interno Cível,,Julgamento virtual
1650786.0,21/08/2026,27/08/2026,,Laryssa Mazo Pintor de Lima Rodrigues,5293,Nathalia Garcia,2821,Verificar Despacho,Compromisso (Prazo),Concluído,0011639-07.2021.5.15.0076,294738,Marcelo Adriano Porto,Trabalhista,Escritório Tozzini,,"Lary 21/08: Liberação do alvará ref. ao valor de 2k depositado de contribuição previdenciaria. Nada fazer. 

D J E N - TRT15
Disponibilização: quinta-feira, 20 de agosto de 2026.
Arquivo: 1
Publicação: 21194

TRT15 Diário de Justiça Eletrônico Nacional

Intimação Processo: 0011639-07.2021.5.15.0076   Órgão: LIQ2 - Ribeirão Preto  Data de disponibilização:   Tipo de comunicação: Intimação  Meio: Diário de Justiça Eletrônico Nacional   Parte(s):   MARCELO ADRIANO PORTO  BRUMAR DE MARILIA PORTARIA E LIMPEZA LTDA - ME  PACAEMBU CONSTRUTORA S.A.   Advogado(s)   ADINALDO APARECIDO DE OLIVEIRA  OAB SP-137939  ALEXANDRE DE ALMEIDA CARDOSO  OAB SP-149394  LUISA HELENA ROQUE CARDOSO  OAB SP-124228  NATHALIA CAROLINE CORREIA GARCIA  OAB SP-338049   PODER JUDICIÁRIO JUSTIÇA DO TRABALHO TRIBUNAL REGIONAL DO TRABALHO DA 15ª REGIÃO LIQ2 - RIBEIRÃO PRETO ATOrd 0011639-07.2021.5.15.0076 AUTOR: MARCELO ADRIANO PORTO RÉU: BRUMAR DE MARILIA PORTARIA E LIMPEZA LTDA - ME E OUTROS (1) INTIMAÇÃO Fica V. Sa. intimado para tomar ciência do Despacho ID 55e68ba proferido nos autos. Órgão Julgador de Origem: 2ª VARA DO TRABALHO DE FRANCA DESPACHO ALVARÁ JUDICIAL DE TRANSFERÊNCIA PARA CONTA VINCULADA DO FGTS Processo: 0011639-07.2021.5.15.0076 Reclamante: MARCELO ADRIANO PORTO, CPF: 145.480.938-85 Reclamada: BRUMAR DE MARILIA PORTARIA E LIMPEZA LTDA - ME, CNPJ: 21.874.962/0001-40; PACAEMBU CONSTRUTORA S.A., CNPJ: 96.298.013/0001-68 Atente a gerência do Banco do Brasil, ou quem suas vezes fizer, que o presente despacho, por mim assinado eletronicamente, possui força de ALVARÁ JUDICIAL DE TRANSFERÊNCIA, autorizando a transferência do valor de R$ 2.770,72, do depósito existente nestes autos na Conta Judicial 900109312990 (Valor original do depósito: R$ 2.770,72, efetuado em 07/07/2026), para a conta vinculada do FGTS do reclamante MARCELO ADRIANO PORTO, CPF: 145.480.938-85, PIS/PASEP 11331622799, acrescido de juros e atualização monetária a partir de 07/07/2026 até a data do efetivo pagamento. Data de admissão: 14/07/2020 Data de demissão: 27/02/2021 POR MEDIDA DE ECONOMIA E CELERIDADE, CÓPIA ASSINADA ELETRONICAMENTE DESTA DELIBERAÇÃO SERVIRÁ COMO ALVARÁ. PARA FINS DE IDENTIFICAÇÃO SERÁ CONSIDERADO COMO NÚMERO DO DOCUMENTO O ID DESTA DECISÃO, devendo a Assessoria providenciar o encaminhamento via email para pso4840@bb.com.br . RIBEIRAO PRETO/SP, 19 de agosto de 2026 ADRIEL PONTES DE OLIVEIRA Juiz do Trabalho SubstitutoIntimado(s) / Citado(s) - MARCELO ADRIANO PORTO"
1650785.0,21/08/2026,27/08/2026,,Laryssa Mazo Pintor de Lima Rodrigues,5293,Nathalia Garcia,2821,Verificar Despacho,Compromisso (Prazo),Concluído,0000832-03.2024.5.09.0653,450711,Ryan Lima de Sousa,Trabalhista,Jurídico Trabalhista,,"Lary 21/08: Parte reclamante intimada para apresentar os cálculos no modelo PJC para conferencia. Nada fazer. Prazo somente para o autor. 

D J E N - TRT9
Disponibilização: quinta-feira, 20 de agosto de 2026.
Arquivo: 1
Publicação: 5279

TRT9 Diário de Justiça Eletrônico Nacional

Intimação Processo: 0000832-03.2024.5.09.0653   Órgão: VARA DO TRABALHO DE ARAPONGAS  Data de disponibilização:   Tipo de comunicação: Intimação  Meio: Diário de Justiça Eletrônico Nacional   Parte(s):   RYAN LIMA DE SOUSA  PACAEMBU CONSTRUTORA S.A.   Advogado(s)   JOAO GABRIEL FERNANDES DE QUEIROZ MAIA  OAB RN-18682  NATHALIA CAROLINE CORREIA GARCIA  OAB SP-338049   PODER JUDICIÁRIO JUSTIÇA DO TRABALHO TRIBUNAL REGIONAL DO TRABALHO DA 9ª REGIÃO VARA DO TRABALHO DE ARAPONGAS ATSum 0000832-03.2024.5.09.0653 AUTOR: RYAN LIMA DE SOUSA RÉU: PACAEMBU CONSTRUTORA S.A. INTIMAÇÃO Fica V. Sa. intimado para tomar ciência do Despacho ID df577cc proferido nos autos. Faço conclusos em razão da manifestação da parte autora - id c22d58c. Em 18 de agosto de 2026. LEILA APARECIDA MARTINATO - servidora DESPACHO Intime-se o exequente para o envio do arquivo de extensão ""PJC"" (aba cálculos do processo), viabilizando atualizações e lançamentos posteriores. Após, volte concluso para sua homologação do cálculo reajustado - id c22d58c. ARAPONGAS/PR, 19 de agosto de 2026. CINTIA APARECIDA SILVA DE PAULA LATINI Juíza do Trabalho SubstitutaIntimado(s) / Citado(s) - RYAN LIMA DE SOUSA"
1650784.0,20/08/2026,27/08/2026,,Laryssa Mazo Pintor de Lima Rodrigues,5293,Nathalia Garcia,2821,Verificar Despacho,Compromisso (Prazo),Concluído,0016454-34.2024.5.16.0005,449285,Igor Barbosa,Trabalhista,Jurídico Trabalhista,,"Lary 21/08: Remetido os autos para a Contadoria da Vara para apuração do débito. Constou expressamente que as partes serão intimadas para manifestação do Laudo Contabil. Nada fazer nesse momento.
Apresentada a conta readequada pela Contadoria, intimem-se
as partes para, no prazo comum de 8 (oito) dias, apresentarem eventual impugnação,
nos termos do art. 879, § 2º, da CLT, sob pena de preclusão


D J E N - TRT16
Disponibilização: quinta-feira, 20 de agosto de 2026.
Arquivo: 1
Publicação: 2750

TRT16 Diário de Justiça Eletrônico Nacional

Intimação Processo: 0016454-34.2024.5.16.0005   Órgão: Vara do Trabalho de Pinheiro  Data de disponibilização:   Tipo de comunicação: Intimação  Meio: Diário de Justiça Eletrônico Nacional   Parte(s):   IGOR BARBOSA  GESSO & CORES LTDA  PACAEMBU CONSTRUTORA S.A.   Advogado(s)   CAMILA MUNIZ DE ANDRADE  OAB MA-22399  PATRICIA BORGES DE SOUSA BARBOSA  OAB MA-21977  NATHALIA CAROLINE CORREIA GARCIA  OAB SP-338049  RAFAELA VELOSO MELO  OAB MA-22756   PODER JUDICIÁRIO JUSTIÇA DO TRABALHO TRIBUNAL REGIONAL DO TRABALHO DA 16ª REGIÃO VARA DO TRABALHO DE PINHEIRO ATOrd 0016454-34.2024.5.16.0005 AUTOR: IGOR BARBOSA RÉU: GESSO & CORES LTDA E OUTROS (1) INTIMAÇÃO Fica V. Sa. intimado para tomar ciência do Despacho ID e22046c proferido nos autos. DESPACHO Vistos, etc. Certificado o trânsito em julgado e considerando os limites do título executivo judicial, tal como delineado pela sentença e pelos acórdãos proferidos em grau de recurso ordinário e de revista, determino: Remetam-se os autos à Contadoria do Juízo, para elaboração e atualização da conta, observados estritamente os parâmetros do título executivo judicial, formado pela sentença de ID 2176a59, pela decisão de embargos de declaração de ID 2cf8402, pelo acórdão de ID bc7599e, pelo acórdão de embargos de declaração de ID c12dea5 e pela decisão do C. TST de ID f8e90d1, a saber: a) parcelas deferidas: saldo de salário de 25 (vinte e cinco) dias; 13º salário proporcional (06/12); recolhimento do FGTS sobre o 13º salário; férias proporcionais + 1/3 (06/12); diferenças de FGTS, observada a remuneração reconhecida e os valores efetivamente depositados (extrato de ID 5adfcc8); multa do art. 477, § 8º, da CLT; adicional de horas extras de 50%, correspondente a 22 (vinte e duas) horas semanais; e reflexos das horas extras em FGTS, RSR, férias + 1/3 e 13º salário; b) exclusão, por força do acórdão regional, do salário do mês de junho/2023, bem como a inexistência de condenação em multa do art. 467 da CLT, horas extras a 100%, horas intervalares, multa de 40% do FGTS e indenização por dano moral; c) base salarial de R$ 4.000,00 (quatro mil reais); d) período contratual de 24/01/2023 a 25/07/2023; e) deferimento apenas do adicional de horas extras, e não da hora integral, na forma da Súmula nº 340 do C. TST, tal como expressamente consignado no título; f) limitação da condenação aos valores indicados na petição inicial, conforme preliminar acolhida na sentença e não reformada em grau de recurso, sem prejuízo da incidência de juros e correção monetária; g) atualização monetária e juros segundo os parâmetros fixados no julgamento da ADC 58, da ADC 59 e da ADI 5867 (IPCA-e na fase pré-judicial e taxa SELIC a partir da citação), na forma da coisa julgada (art. 879, § 1º, da CLT); h) honorários advocatícios de 10% (dez por cento) sobre o valor que resultar da liquidação, conforme redução determinada pelo acórdão regional; i) contribuições previdenciárias e fiscais na forma da legislação de regência, observadas as disposições da Lei nº 12.546/2011 quanto à cota patronal, respeitada a simultaneidade entre o período em que a empresa esteve submetida ao regime de desoneração previdenciária e o da prestação de serviços, nos exatos termos da decisão proferida pelo C. TST (ID f8e90d1). Apresentada a conta readequada pela Contadoria, intimem-se as partes para, no prazo comum de 8 (oito) dias, apresentarem eventual impugnação, nos termos do art. 879, § 2º, da CLT, sob pena de preclusão. Decorrido o prazo, com ou sem manifestação, voltem os autos conclusos. Intimem-se. Cumpra-se. PINHEIRO/MA, 19 de agosto de 2026. POLLYANA LUCIA ROSADO SOARES Juíza do Trabalho SubstitutaIntimado(s) / Citado(s) - PACAEMBU CONSTRUTORA S.A."
1650783.0,21/08/2026,27/08/2026,,Laryssa Mazo Pintor de Lima Rodrigues,5293,Nathalia Garcia,2821,Verificar Despacho,Compromisso (Prazo),Concluído,0001335-10.2025.5.23.0003,469713,Elvis Luan Almeida Cardim,Trabalhista,Jurídico Trabalhista,,"Lary 21/08: Prazo para o reclamante apresentar manifestação face os embargos de declaração apresentados pela Pacaembu. Nada fazer. Prazo somente para o autor. 

D J E N - TRT23
Disponibilização: quinta-feira, 20 de agosto de 2026.
Arquivo: 1
Publicação: 990

TRT23 Diário de Justiça Eletrônico Nacional

Intimação Processo: 0001335-10.2025.5.23.0003   Órgão: 3ª VARA DO TRABALHO DE CUIABÁ  Data de disponibilização:   Tipo de comunicação: Intimação  Meio: Diário de Justiça Eletrônico Nacional   Parte(s):   ELVIS LUAN ALMEIDA CARDIM  MAIARA ALVES CARVALHO  PACAEMBU CONSTRUTORA S.A.   Advogado(s)   PAULA FERNANDA WINTER BUSS  OAB MS-25522  NATHALY CAROLINE DE ALMEIDA RESENDE  OAB MT-31693-O  NATHALIA CAROLINE CORREIA GARCIA  OAB SP-338049   PODER JUDICIÁRIO JUSTIÇA DO TRABALHO PJE - PROCESSO JUDICIAL ELETRÔNICO - 23ª REGIÃO 3ª VARA DO TRABALHO DE CUIABÁ ATSum 0001335-10.2025.5.23.0003 RECLAMANTE: ELVIS LUAN ALMEIDA CARDIM RECLAMADO: MAIARA ALVES CARVALHO E OUTROS (1) INTIMAÇÃO Fica V. Sa. intimado para tomar ciência da Decisão ID b3ae549 proferida nos autos. Vistos, etc. 1. Recebo os embargos de declaração opostos, eis que presentes os pressupostos de admissibilidade. 2. Intime-se a parte adversa para, querendo, contraminutá-los no prazo legal, sob pena de preclusão. 3. Apresentada a contraminuta ou decorrendo in albis o prazo, volvam os autos conclusos para julgamento. CUIABA/MT, 13 de agosto de 2026. PABLO SALDIVAR DA SILVA Juiz(a) do Trabalho Substituto(a) CUIABA/MT, 19 de agosto de 2026. CUIABA/MT, 19 de agosto de 2026. FERNANDO CAMPOS VILLELA ServidorIntimado(s) / Citado(s) - MAIARA ALVES CARVALHO"
1650781.0,20/08/2026,26/08/2026,,Laryssa Mazo Pintor de Lima Rodrigues,5293,Nathalia Garcia,2821,Verificar Despacho,Compromisso (Prazo),Concluído,0010485-06.2023.5.15.0133,396813,Orlando Carlos Hummel Julian,Trabalhista,Jurídico Trabalhista,,"Lary 21/08: Prazo para o reclamante apresentar CMAI. Nada fazer. Apenas Pacaembu recorreu. 

D J E N - TRT15
Disponibilização: quarta-feira, 19 de agosto de 2026.
Arquivo: 1
Publicação: 19991

TRT15 Diário de Justiça Eletrônico Nacional

Intimação Processo: 0010485-06.2023.5.15.0133   Órgão: Gabinete da Vice-Presidência Judicial - Análise de Recurso  Data de disponibilização:   Tipo de comunicação: Intimação  Meio: Diário de Justiça Eletrônico Nacional   Parte(s):   BANCO DO BRASIL SA  LUIZ CARLOS GALAO  ORLANDO CARLOS HUMMEL JULIAN  PACAEMBU CONSTRUTORA S.A.  BRUMAR DE MARILIA PORTARIA E LIMPEZA LTDA - ME  ORLANDO CARLOS HUMMEL JULIAN  PACAEMBU CONSTRUTORA S.A.   Advogado(s)   ADINALDO APARECIDO DE OLIVEIRA  OAB SP-137939  ALEXANDRE ANTONIO CESAR  OAB SP-109043  THAIS OLIVEIRA PULICI  OAB SP-310768  NATHALIA CAROLINE CORREIA GARCIA  OAB SP-338049   PODER JUDICIÁRIO JUSTIÇA DO TRABALHO TRIBUNAL REGIONAL DO TRABALHO DA 15ª REGIÃO ÓRGÃO ESPECIAL - ANÁLISE DE RECURSO Relator: RONALDO OLIVEIRA SIANDELA ROT 0010485-06.2023.5.15.0133 RECORRENTE: ORLANDO CARLOS HUMMEL JULIAN E OUTROS (1) RECORRIDO: ORLANDO CARLOS HUMMEL JULIAN E OUTROS (2) PODER JUDICIÁRIO JUSTIÇA DO TRABALHO TRIBUNAL REGIONAL DO TRABALHO DA 15ª REGIÃO GABINETE DA VICE-PRESIDÊNCIA JUDICIAL - ANÁLISE DE RECURSO ROT 0010485-06.2023.5.15.0133 RECORRENTE: ORLANDO CARLOS HUMMEL JULIAN E OUTROS (1) RECORRIDO: ORLANDO CARLOS HUMMEL JULIAN E OUTROS (2) Mantenho o despacho agravado. Intime(m)-se o(s) agravado(s) para apresentar(em) contraminuta e contrarrazões. Após regular processamento, remetam-se ao C. Tribunal Superior do Trabalho. Campinas, 18 de agosto de 2026. WILTON BORBA CANICOBA Desembargador Vice-Presidente Judicial CAMPINAS/SP, 18 de agosto de 2026. GERALDO RODRIGUES DE LIMA JUNIOR AssessorIntimado(s) / Citado(s) - PACAEMBU CONSTRUTORA S.A."
1650780.0,19/08/2026,26/08/2026,,Laryssa Mazo Pintor de Lima Rodrigues,5293,Nathalia Garcia,2821,Verificar Despacho,Compromisso (Prazo),Concluído,0010925-87.2025.5.15.0082,464686,David dos Santos Honorio da Silva,Trabalhista,Jurídico Trabalhista,,"Lary 25/08: Audiência na pauta e sistema. Nada fazer. 

Lary 21/08: Audiência de conciliação (execução) por videoconferência - Semana Nacional de Execução designada (14/09/2026 10:35 Sala 2 - CEJUSC SJRIO PRETO - JT Centro Judiciário de Métodos Consensuais de Solução de Disputas da Justiça do Trabalho), telepresencial.  Ajustar para dia 24/08. Acompanhar. 

D J E N - TRT15
Disponibilização: quarta-feira, 19 de agosto de 2026.
Arquivo: 1
Publicação: 21324

TRT15 Diário de Justiça Eletrônico Nacional

Intimação Processo: 0010925-87.2025.5.15.0082   Órgão: EXE1 - São José do Rio Preto  Data de disponibilização:   Tipo de comunicação: Intimação  Meio: Diário de Justiça Eletrônico Nacional   Parte(s):   DAVID DOS SANTOS HONORIO DA SILVA  LTA OBRAS DE ALVENARIA LTDA  PACAEMBU CONSTRUTORA S.A.   Advogado(s)   NATHALIA CAROLINE CORREIA GARCIA  OAB SP-338049  THIAGO SANTOS GRANDI  OAB SP-283148  IGOR CORREA ROMAN  OAB SP-459195   PODER JUDICIÁRIO JUSTIÇA DO TRABALHO TRIBUNAL REGIONAL DO TRABALHO DA 15ª REGIÃO EXE1 - SÃO JOSÉ DO RIO PRETO ATSum 0010925-87.2025.5.15.0082 AUTOR: DAVID DOS SANTOS HONORIO DA SILVA RÉU: LTA OBRAS DE ALVENARIA LTDA E OUTROS (1) INTIMAÇÃO Fica V. Sa. intimado para tomar ciência do Despacho ID 5a78163 proferido nos autos. Órgão Julgador de Origem: LIQ1 - SÃO JOSÉ DO RIO PRETO DESPACHO Vistos. Considerando que a atividade de conciliação das partes é um dos pilares do processo judicial trabalhista, conforme preceitua o artigo 764 da CLT, e dos mais relevantes, porque implica na célere solução do processo e na verdadeira pacificação social, finalidade precípua do Poder Judiciário, cabendo ao juiz estimular a solução consensual de conflitos, nos termos dos artigos 3.º, §3.º, e 139, inciso V, ambos do CPC, de aplicação supletiva ao processo do trabalho, de acordo com o artigo 769 da CLT; Considerando, ainda, que a tentativa de conciliar as partes em conflito pode ocorrer em qualquer momento processual e que o magistrado pode, também, a qualquer momento, determinar o comparecimento das partes e procuradores, conforme dispõe o artigo 772, inciso I, do CPC; Em face da informação do CEJUSC de disponibilização de pauta para realização de audiência de tentativa de conciliação, nos termos do art. 75 da Consolidação dos Provimentos da Corregedoria-Geral da Justiça do Trabalho, encaminhem-se os presentes autos ao CEJUSC para as providências que entender necessárias. As partes serão notificadas por ocasião da designação da audiência. Cumpra-se. SAO JOSE DO RIO PRETO/SP, 18 de agosto de 2026 TONY EVERSON SIMAO CARMONA Juiz do Trabalho TitularIntimado(s) / Citado(s) - LTA OBRAS DE ALVENARIA LTDA - PACAEMBU CONSTRUTORA S.A."
1650779.0,24/08/2026,26/08/2026,,Laryssa Mazo Pintor de Lima Rodrigues,5293,Nathalia Garcia,2821,Verificar Despacho,Compromisso (Prazo),Em andamento,0010799-85.2018.5.15.0016,156270,Rogerio Andrade,Trabalhista,Jurídico Trabalhista,,"Lary 28/08: Agravo elaborado. Pendente protocolo Abri um chamado para TI instalar o EDOC, pois não estamos conseguindo protocolar. Ajustar para dia 31/08. Fatal: 01/09.

Lary 25/08: Prazo para agravo interno. Ajustar para dia 28/08. Fatal: 01/09.

D J E N - TST
Disponibilização: quarta-feira, 19 de agosto de 2026.
Arquivo: 1
Publicação: 5939

TST Diário de Justiça Eletrônico Nacional

Intimação Processo: 0010799-85.2018.5.15.0016   Órgão: 6ª Turma  Data de disponibilização:   Tipo de comunicação: Intimação  Meio: Diário de Justiça Eletrônico Nacional   Parte(s):   P.C.S.  R.A.  C.V.L.E.   Advogado(s)   DR. RAFAEL TEIXEIRA SEBASTIANI  OAB SP-355751  DRA. ANA PAULA VASQUES MOREIRA  OAB SP-346252  DRA. MICHELE FERNANDES BELO  OAB SP-368293  DR. JOÃO EDUARDO ASCENCIO  OAB SP-321938  DR. RODRIGO ALBUQUERQUE MARANHÃO PAULO DE OLIVEIRA  OAB SP-235342  DRA. NATHÁLIA CAROLINE CORREIA GARCIA  OAB SP-338049   Agravante(s), Agravado(a)(s) e Recorrente(s): P. C. S.A. ADVOGADO: NATHÁLIA CAROLINE CORREIA GARCIA Agravante(s), Agravado(a) e Recorrido(s): R. A. ADVOGADO: RODRIGO ALBUQUERQUE MARANHÃO PAULO DE OLIVEIRA ADVOGADO: JOÃO EDUARDO ASCENCIO ADVOGADO: MICHELE FERNANDES BELO ADVOGADO: RAFAEL TEIXEIRA SEBASTIANI ADVOGADO: ANA PAULA VASQUES MOREIRA Agravado(s) e Recorrido(s): C. V. L. -. E. T6/GMACC/L/apf D E C I S Ã O Trata-se de recurso de revista com agravos de instrumento interpostos contra o acórdão proferido em julgamento de recurso ordinário. A decisão regional foi publicada após iniciada a eficácia da Lei 13.467/2017, em 11/11/2017, que alterou o art. 896-A da CLT, passando a dispor: Art.896-A - O Tribunal Superior do Trabalho, no recurso de revista, examinará previamente se a causa oferece transcendência com relação aos reflexos gerais de natureza econômica, política, social ou jurídica. § 1º São indicadores de transcendência, entre outros: I - econômica, o elevado valor da causa; II - política, o desrespeito da instância recorrida à jurisprudência sumulada do Tribunal Superior do Trabalho ou do Supremo Tribunal Federal; III - social, a postulação, por reclamante-recorrente, de direito social constitucionalmente assegurado; IV - jurídica, a existência de questão nova em torno da interpretação da legislação trabalhista. § 2º Poderá o relator, monocraticamente, denegar seguimento ao recurso de revista que não demonstrar transcendência, cabendo agravo desta decisão para o colegiado. § 3º Em relação ao recurso que o relator considerou não ter transcendência, o recorrente poderá realizar sustentação oral sobre a questão da transcendência, durante cinco minutos em sessão. § 4º Mantido o voto do relator quanto à não transcendência do recurso, será lavrado acórdão com fundamentação sucinta, que constituirá decisão irrecorrível no âmbito do tribunal. ... § 6º O juízo de admissibilidade do recurso de revista exercido pela Presidência dos Tribunais Regionais do Trabalho limita-se à análise dos pressupostos intrínsecos e extrínsecos do apelo, não abrangendo o critério da transcendência das questões nele veiculadas. O Regimento Interno do Tribunal Superior do Trabalho adequou-se às alterações jurídico-processuais, estabelecendo em relação ao critério da transcendência, além dos parâmetros já fixados em lei, o marco temporal para observância dos comandos inseridos pela Lei 13.467/2017: ?Art. 246. As normas relativas ao exame da transcendência dos recursos de revista, previstas no art. 896-A da CLT, somente incidirão naqueles interpostos contra decisões proferidas pelos Tribunais Regionais do Trabalho publicadas a partir de 11/11/2017, data da vigência da Lei n.º 13.467/2017.? Evidente, portanto, a subsunção dos presentes recursos de revista e agravo de instrumento aos termos da referida lei. I - AGRAVO DE INSTRUMENTO. RECURSO DE REVISTA. LEI Nº 13.467/2017 Trata-se de agravos de instrumento interpostos contra decisão mediante a qual se denegou seguimento aos recursos de revista, nos seguintes termos: RECURSO DE: R. A. PRESSUPOSTOS EXTRÍNSECOS Recurso tempestivo (decisão publicada em 31/01/2024 - Id eb4532c; recurso apresentado em 07/02/2024 - Id b3bcc0a). Regular a representação processual. Desnecessário o preparo. PRESSUPOSTOS INTRÍNSECOS DIREITO PROCESSUAL CIVIL E DO TRABALHO (8826) / ATOS PROCESSUAIS (8893) / NULIDADE (8919) / JULGAMENTO EXTRA / ULTRA / CITRA PETITA LIMITAÇÃO DA CONDENAÇÃO AOS VALORES DA INICIAL Quanto a esta matéria, a parte recorrente não logrou demonstrar a alegada divergência jurisprudencial. Os arestos colacionados são inadequados ao confronto, por não preencherem os requisitos do art. 896, ""a"", da CLT, e Súmula 337, I, ""a"", do Eg. TST. CONCLUSÃO DENEGO seguimento ao recurso de revista. RECURSO DE: P. C. S.A. PRESSUPOSTOS EXTRÍNSECOS Recurso tempestivo (decisão publicada em 31/01/2024 - Id 3279c08; recurso apresentado em 15/02/2024 - Id 42a47ba). Regular a representação processual. Preparo satisfeito. PRESSUPOSTOS INTRÍNSECOS DIREITO PROCESSUAL CIVIL E DO TRABALHO (8826) / ATOS PROCESSUAIS (8893) / NULIDADE (8919) / NEGATIVA DE PRESTAÇÃO JURISDICIONAL Quanto à nulidade do julgado por negativa de prestação jurisdicional, não há como receber o recurso, porque o Tribunal manifestou-se explicitamente a respeito da matéria suscitada, não se verificando violação aos arts. 93, inciso IX, da Constituição Federal, 832 da CLT e 489 do CPC/2015. Além disso, não se admite o recurso por ofensa aos demais dispositivos apontados, ante a diretriz traçada pela Súmula 459 do Eg. TST. Por fim, ressalte-se que o Magistrado não está obrigado a responder a todas as alegações das partes, nem a se ater aos fundamentos por elas indicados, quando não necessários para o deslinde da controvérsia ou quando já tenha encontrado fundamentos suficientes para proferir a decisão. Tampouco precisa consignar, a cada raciocínio exprimido, que a posição adotada não viola os dispositivos do ordenamento jurídico apontados ou não dissente do entendimento oriundo de Tribunais Superiores. Assinale-se que tal obrigatoriedade inexiste, bastando uma decisão fundamentada, como determina o texto constitucional. DIREITO PROCESSUAL CIVIL E DO TRABALHO (8826) / PROCESSO E PROCEDIMENTO (8960) / PROVAS (8990) / DEPOIMENTO (10940) / SUSPEIÇÃO CONTRADITA DE TESTEMUNHA / INTERESSE NA CAUSA Consta do v. acórdão o seguinte: ?No que tange ao depoimento da testemunha ouvida a convite do reclamante, nada há de omisso. O indeferimento da contradita apresentada em audiência não foi objeto do pedido recursal, nada havendo a ser analisando no pertinente. Ademais, a qualidade dos depoimento deve ser sopesada com as demais provas produzidas e elementos constantes dos autos. No aspecto, entendeu-se por comprovadas as alegações exordiais quanto às horas extras.? Quanto ao não acolhimento da contradita oferecida, mantendo-se a conclusão adotada em audiência, o v. acórdão decidiu a matéria com fundamento na análise de fatos e provas (Súmula 126 do Eg. TST). Assim, na presente hipótese, a menção de violação a dispositivos do ordenamento jurídico e de divergência jurisprudencial não viabiliza o processamento do recurso. DIREITO INDIVIDUAL DO TRABALHO (12936) / RESPONSABILIDADE SOLIDÁRIA /SUBSIDIÁRIA (14034) / SUBEMPREITADA O C. TST firmou entendimento de que, em se tratando de contrato de subempreitada, a responsabilidade entre o empreiteiro principal e o subempreiteiro é solidária, quanto ao inadimplemento das obrigações trabalhistas, nos termos do art. 455 da CLT, não havendo que se falar em contrariedade à Súmula 331, IV, do TST, tampouco em violação ao referido dispositivo legal. Portanto, a interpretação conferida pelo v. acórdão recorrido está em consonância com iterativa, notória e atual jurisprudência do C. TST (RR-1021- 66.2014.5.12.0032, 1ª Turma, DEJT-11/05/18, AIRR-130473-53.2014.5.13.0016, 2ª Turma, DEJT-24/06/16, AIRR-2568-62.2015.5.12.0047, 3ª Turma, DEJT-20/10/17, RR-10109- 83.2013.5.14.0008, 4ª Turma, DEJT-26/05/17, RR-1518-48.2011.5.24.0001, 5ª Turma, DEJT-07/10/16, AIRR-1925-07.2015.5.12.0047, 6ª Turma, DEJT-17/02/17, AIRR-11517- 79.2015.5.18.0121, 7ª Turma, DEJT15/09/17, ARR-412-32.2015.5.08.0009, 8ª Turma, DEJT13/04/18). Inviável, por decorrência, o apelo, ante o disposto no art. 896, § 7º, da CLT e na Súmula 333 do C. TST. DIREITO INDIVIDUAL DO TRABALHO (12936) / VERBAS REMUNERATÓRIAS, INDENIZATÓRIAS E BENEFÍCIOS (13831) / ADICIONAL (13833) / ADICIONAL DE TRANSFERÊNCIA O v. acórdão entendeu que ?o fato de o autor ter permanecido em alojamentos nas transferências realizadas para as cidades de Tatuí, Marília e Ribeirão Preto não retira, na hipótese, a caracterização de alteração de domicílio?, fazendo jus ao adicional de transferência provisória. Observo que o recorrente logrou demonstrar a divergência entre o v. acórdão e os arestos dos processos em anexo ao recurso, de nº 0000028- 04.2023.5.09.0028, 0010812-24.2020.5.03.0089 e 0001317-80.2019.5.09.0005. Assim sendo, com fundamento no art. 896, ""a"", da CLT, defiro o processamento do recurso. DIREITO INDIVIDUAL DO TRABALHO (12936) / DURAÇÃO DO TRABALHO (13764) / HORAS EXTRAS A v. decisão referente à fixação da jornada e horas extras é resultado da apreciação das provas, valoradas de acordo com as regras previstas no art. 371 do CPC/2015. Conclusão diversa da adotada remeteria ao reexame de fatos e provas, procedimento vedado nesta fase processual, à luz da Súmula 126 do Eg. TST. Assim, na presente hipótese, a menção de violação a dispositivos do ordenamento jurídico e de divergência jurisprudencial não viabiliza o processamento do recurso. DIREITO PROCESSUAL CIVIL E DO TRABALHO (8826) / PARTES E PROCURADORES (8842) / ASSISTÊNCIA JUDICIÁRIA GRATUITA No que se refere ao tema em destaque, o v. acórdão, além de ter se fundamentado nas provas, decidiu em conformidade com a Súmula 463, I, do Eg. TST. Assim, inviável o recurso pelo teor do art. 896, § 7º, da CLT e das Súmulas 126 e 333 do Eg. TST. DIREITO PROCESSUAL CIVIL E DO TRABALHO (8826) / PARTES E PROCURADORES (8842) / SUCUMBÊNCIA (8874) / HONORÁRIOS ADVOCATÍCIOS O v. acórdão arbitrou os honorários advocatícios considerando os critérios fixados no § 2º do art. 791-A da CLT. Assim, uma vez que a fixação do percentual dos honorários advocatícios, respeitados os limites legais, se insere no poder discricionário do julgador, que dispõe de seu livre convencimento na análise do caso concreto, resta inviável o apelo (incidência da Súmula 126 do C. TST) CONCLUSÃO Recebo parcialmente o recurso de revista Presentes os pressupostos legais de admissibilidade, conheço. Em sede de agravo de instrumento, a parte insistem no processamento do apelo. Analiso. Primeiramente, convém esclarecer que os presidentes dos Tribunais Regionais do Trabalho, no exercício do juízo de admissibilidade do recurso de revista, estão cumprindo expressa determinação legal, de jurisdição inafastável, conforme dispõe o § 1º do art. 896 da CLT, o qual abrange tanto os pressupostos extrínsecos quanto os intrínsecos, sem que isso implique usurpação de competência do TST ou cerceamento ao direito de defesa e de amplo acesso à jurisdição. De qualquer modo, a alegação de nulidade da decisão denegatória requer a apresentação prévia de embargos de declaração na instância a quo. A ausência deste procedimento acarretará a preclusão, que por sua vez impossibilita a avaliação de qualquer suposta violação aos artigos 93, inciso IX, da Constituição Federal, 489 do Código de Processo Civil e 832 da Consolidação das Leis do Trabalho. É pertinente destacar ainda, em consonância com o princípio da delimitação recursal, que apenas os temas efetivamente submetidos à análise no agravo de instrumento podem ser objeto de escrutínio, sendo que a preclusão incide sobre os temas alegados nas razões do recurso de revista, mesmo que tenham sido objeto de debate na decisão que motivou o agravo, que não tenham sido novamente trazidos à tona no agravo de instrumento, conforme prescreve o artigo 1º, parágrafo 1º, da Instrução Normativa nº 40 do Tribunal Superior do Trabalho. Outrossim, a parte recorrente que não se insurge, por meio de embargos de declaração, sobre as omissões identificadas no juízo de admissibilidade do recurso de revista em relação a um ou mais tópicos, está impedida de tê-los avaliados nesta fase recursal, uma vez que sujeitos aos efeitos da preclusão, conforme preconiza o parágrafo 2º do artigo 2º da Instrução Normativa nº 40 do Tribunal Superior do Trabalho. Ademais, os argumentos inovatórios acham-se alijados de análise, porquanto ausentes das considerações delineadas nas razões apresentadas no recurso de revista. No caso dos presentes autos, observe-se que a decisão agravada, ao denegar seguimento ao recurso de revista interposto, apresentou fundamentação condizente com a exigência estabelecida no § 1º do artigo 896 da CLT. A bem ver, não há como se alterar a decisão agravada, a qual me reporto e utilizo como fundamentação, tendo em vista que de seu detido cotejo com as razões de recurso conclui-se não haver a demonstração de jurisprudência dissonante específica sobre o tema, de interpretação divergente de normas regulamentares ou de violação direta de dispositivo de lei federal ou da Constituição da República, nos moldes das alíneas ?a?, ?b? e ?c? do art. 896 da CLT. Os fundamentos assentados na decisão agravada são alusivos a verbetes da jurisprudência que retratam, com fidelidade, a orientação do TST acerca de cada uma das pretensões recursais. Portanto, faço minhas, per relationem, as razões de decidir que serviram à decisão denegatória do recurso de revista, para declarar sua manifesta improcedência. Acresça-se que, nos termos do artigo 932, III e IV, do Código de Processo Civil de 2015, combinados com os artigos 118, X e 255, III, a e b, do Regimento Interno desta Corte, o Relator está autorizado, por meio de decisão monocrática, a conhecer do agravo de instrumento para: a) negar-lhe provimento em caso de recurso de revista inadmissível, prejudicado ou em que não tenha havido impugnação específica de todos os fundamentos da decisão recorrida, inclusive nas hipóteses do art. 896, § 1º-A, da CLT; b) negar-lhe provimento nos casos em que o recurso for contrário a tese fixada em julgamento de recursos repetitivos ou de repercussão geral, a entendimento firmado em incidente de assunção de competência ou de demandas repetitivas, a súmula vinculante do Supremo Tribunal Federal ou a súmula ou orientação jurisprudencial do Tribunal Superior do Trabalho ou, ainda, a jurisprudência dominante acerca do tema. Essa modalidade de decisão, que autoriza o desprovimento imediato dos recursos interpostos contra acórdãos cujos fundamentos se revelem consentâneos ao posicionamento pacífico dos Tribunais Superiores, reforça o microssistema de valorização dos precedentes desenvolvidos pelo legislador com o atual CPC e, a um só tempo, atende aos princípios da celeridade e da duração razoável do processo, ambos consagrados no artigo 5º, LXXVIII, da Constituição Federal. Ressalte-se que o Supremo Tribunal Federal tem jurisprudência consolidada no sentido de a remissão aos fundamentos da decisão recorrida e sua adoção como razão de decidir ser meio adequado para cumprir o requisito constitucional de motivação das decisões proferidas pelo Poder Judiciário. A respeito, destacam-se os seguintes precedentes: DIREITO PROCESSUAL CIVIL. FUNDAMENTAÇÃO PER RELATIONEM. POSSIBILIDADE. PRECEDENTES. NEGATIVA DE PRESTAÇÃO JURISDICIONAL. ART. 93, IX, DA CONSTITUIÇÃO DA REPÚBLICA. NULIDADE. NÃO OCORRÊNCIA. RAZÕES DE DECIDIR EXPLICITADAS PELO ÓRGÃO JURISDICIONAL. AGRAVO NÃO PROVIDO...."
1650778.0,20/08/2026,26/08/2026,,Laryssa Mazo Pintor de Lima Rodrigues,5293,Nathalia Garcia,2821,Verificar Despacho,Compromisso (Prazo),Concluído,0001055-54.2023.5.09.0664,439091,Bruna Ribeiro Pugioli,Trabalhista,Jurídico Trabalhista,,"Lary 21/08: Renovada intimação aos executados Comer Bem. Pacaembu já excluida. Nada fazer. 

D J E N - TRT9
Disponibilização: quarta-feira, 19 de agosto de 2026.
Arquivo: 1
Publicação: 4579

TRT9 Diário de Justiça Eletrônico Nacional

Intimação Processo: 0001055-54.2023.5.09.0664   Órgão: 05ª VARA DO TRABALHO DE LONDRINA  Data de disponibilização:   Tipo de comunicação: Intimação  Meio: Diário de Justiça Eletrônico Nacional   Parte(s):   BRUNA RIBEIRO PUGIOLI  WALTER FERREIRA DOS REIS  CARLOS EDUARDO MARGI   Advogado(s)   VINICIUS SILVA  OAB PR-74173   PODER JUDICIÁRIO JUSTIÇA DO TRABALHO TRIBUNAL REGIONAL DO TRABALHO DA 9ª REGIÃO 05ª VARA DO TRABALHO DE LONDRINA ATSum 0001055-54.2023.5.09.0664 AUTOR: BRUNA RIBEIRO PUGIOLI RÉU: CARLOS EDUARDO MARGI INTIMAÇÃO Fica V. Sa. intimado para tomar ciência do Despacho ID 6e0c79b proferido nos autos. CONCLUSÃO Nesta data, faço os presentes autos conclusos ao MM. Juiz do Trabalho desta Vara, em razão do protocolo ID fed8416. Em 11 de agosto de 2026. LARISSA TAVARES DE ALMEIDA Analista Judiciário VISTOS, ETC. Intime-se a exequente para que informe, no prazo de 10 dias, o endereço atualizado do executado. Apresentado, renove-se a citação de Id 545f5ac. LONDRINA/PR, 18 de agosto de 2026. MANOEL VINICIUS DE OLIVEIRA BRANCO Juiz Titular de Vara do TrabalhoIntimado(s) / Citado(s) - BRUNA RIBEIRO PUGIOLI"
1650777.0,20/08/2026,26/08/2026,,Laryssa Mazo Pintor de Lima Rodrigues,5293,Nathalia Garcia,2821,Verificar Despacho,Compromisso (Prazo),Concluído,0000388-91.2026.5.23.0076,471793,Adilson Rocha Bezerra,Trabalhista,Jurídico Trabalhista,,"Lary 25/08: Audiência na pauta e sistema. Nada fazer/

Lary 21/08: Designada audiência de INSTRUÇÃO para o dia 09/11/2026 às 08h15 (horário de Cuiabá), de forma telepresencial.. Não finalizei para acompanhar agendamento. Ajustar para dia 24/08. 

D J E N - TRT23
Disponibilização: quarta-feira, 19 de agosto de 2026.
Arquivo: 1
Publicação: 1103

TRT23 Diário de Justiça Eletrônico Nacional

Intimação Processo: 0000388-91.2026.5.23.0076   Órgão: 1º NÚCLEO DE JUSTIÇA 4.0 - TRT 23  Data de disponibilização:   Tipo de comunicação: Intimação  Meio: Diário de Justiça Eletrônico Nacional   Parte(s):   ADILSON ROCHA BEZERRA  PACAEMBU CONSTRUTORA S.A.  V. J. CACEANO   Advogado(s)   ALLAN ALBUQUERQUE SILVA  OAB MT-23586/O  MOHAMAD ALI KHATIB  OAB SP-255221  NATHALIA CAROLINE CORREIA GARCIA  OAB SP-338049  VINICIUS ASSIS ALMEIDA  OAB MT-17608-O  ALUISIO FELIPHE BARROS  OAB MT-15712  ELISANGELA SANTANA DA LUZ  OAB MT-31257/O   PODER JUDICIÁRIO JUSTIÇA DO TRABALHO PJE - PROCESSO JUDICIAL ELETRÔNICO - 23ª REGIÃO 1º NÚCLEO DE JUSTIÇA 4.0 - TRT 23 ATOrd 0000388-91.2026.5.23.0076 RECLAMANTE: ADILSON ROCHA BEZERRA RECLAMADO: V. J. CACEANO E OUTROS (1) INTIMAÇÃO Fica V. Sa. intimado para tomar ciência do Despacho ID a80f764 proferido nos autos. DESPACHO 1.Considerando o descumprimento do acordo pela 1ª ré, nos termos da ata de audiência id fafc949, determino o retorno dos autos a fase que se encontrava quando da realização do acordo. 2.Proceda a Secretaria a inclusão de lembrete nos autos para registrar o recebimento do valor de R$ 3.000,00 pelo autor, montante que deverá ser deduzido de eventual condenação. 3.Para prosseguimento da lide, recebo as defesas apresentadas pelas rés nos id ef80cd0 e 5afa80f e documentos que as acompanham. 4.Concedo ao autor o prazo de 15 dias para apresentar impugnação. 5. Designo para o dia 09/11/2026 às 08h15 (horário de Cuiabá), a realização da audiência de INSTRUÇÃO, de forma telepresencial. 6. Ficam as partes intimadas a se fazerem presentes pessoalmente à audiência, a ser realizada de forma telepresencial, nos termos do art. 843 da CLT, e a prestarem depoimento pessoal, caso necessário e pertinente, nos termos do art. 820 da CLT e Súmula nº 74 do c. TST, bem como, supletivamente, no que couber, de acordo com o disposto nos arts. 385 a 388 do CPC, sendo: a) vedada a substituição do(a) reclamante por outro empregado ou pelo sindicato da categoria; b) facultado ao empregador fazer-se substituir por preposto, nos termos do art. 843, § 1º, da CLT; c) necessária a apresentação, pelas partes, no início da audiência telepresencial, de um documento oficial de identificação pessoal com foto. 7. Ficam as partes cientes de que a sua ausência à audiência de INSTRUÇÃO para a qual foram intimadas importará a aplicação das sanções processuais correspondentes, nos termos do art. 385, §1º, do CPC e Súmula n. 74, I, do TST. 8. Ficam as partes cientes de que as suas testemunhas deverão participar da audiência, de forma telepresencial, independentemente de intimação, conforme estabelecem os arts. 825 e 845, da CLT, e sua oitiva observará a regra do art. 820 da CLT e, supletivamente, o disposto no art. 453, caput e § 1º, do CPC. Caberá à parte ou seu procurador encaminhar o link de acesso à sala de audiência telepresencial às testemunhas por e-mail, whatsapp ou outro meio eletrônico, sendo que a comprovação de tal encaminhamento servirá como prova de convite da testemunha caso esta não compareça na audiência. O adiamento da audiência por não comparecimento da testemunha somente ocorrerá se comprovado o respectivo convite (artigo 11, §§ 5º e 6º, da Portaria Conjunta TRT CORREG GP nº 002/2020). 9. Ficam as partes cientes de que a audiência telepresencial será realizada por por meio da Plataforma ZOOM, instituída como a plataforma oficial para a realização de audiências e sessões de julgamento nos órgãos da Justiça do Trabalho pelo Ato Conjunto TST.CSJT.GP Nº 54/2020, cabendo-lhes a responsabilidade de: a) providenciar a instalação do referido aplicativo em seu computador, notebook, smartphone ou outro meio telemático, caso necessário, para participar da audiência designada; b) acessar o link abaixo, no dia e horário designados para ingressar na sala de audiência virtual, sob pena de aplicação das sanções processuais correspondentes. https://trt23-jus-br.zoom.us/j/9904392798?pwd=ZEtRZ2tUTHpIYUpSNUZmR01QZ3NKUT09 Caso seja solicitado ID e senha da reunião: ID da reunião : 990 439 2798 senha: r3ww.J Ou aponte a câmera do seu celular para o QR Code abaixo: 10. Ficam as partes cientes de que eventual impossibilidade de participação à audiência de forma telepresencial deverá ser comunicada no processo com até 48 horas de antecedência da data designada, competindo a este juízo apreciar a plausibilidade da justificativa e, se for o caso, manter ou suspender a prática do ato. ALTO ARAGUAIA/MT, 18 de agosto de 2026. LUCYANE MUNOZ ROCHA Juiz(a) do Trabalho TitularIntimado(s) / Citado(s) - V. J. CACEANO - PACAEMBU CONSTRUTORA S.A."
1650775.0,20/08/2026,26/08/2026,,Laryssa Mazo Pintor de Lima Rodrigues,5293,Nathalia Garcia,2821,Prazo,Compromisso (Prazo),Concluído,0001685-22.2025.5.08.0130,469639,Jefferson de Freitas Oliveira,Trabalhista,Jurídico Trabalhista,,"Lary 21/08: Diante do adimplemento integral do acordo pela Campus, o processo foi arquivado. Nada fazer. 

D J E N - TRT8
Disponibilização: quarta-feira, 19 de agosto de 2026.
Arquivo: 1
Publicação: 4275

TRT8 Diário de Justiça Eletrônico Nacional

Intimação Processo: 0001685-22.2025.5.08.0130   Órgão: 3ª VARA DO TRABALHO DE PARAUAPEBAS  Data de disponibilização:   Tipo de comunicação: Intimação  Meio: Diário de Justiça Eletrônico Nacional   Parte(s):   JEFFERSON DE FREITAS OLIVEIRA  EMPREITEIRA CAMPUS LTDA  PACAEMBU EMPREENDIMENTOS E CONSTRUCOES LTDA   Advogado(s)   WAGNER DEZEM  OAB SP-368419  ELISSON JOSE FERREIRA DE ANDRADE  OAB PA-13225-A  ANDRE LUYZ DA SILVEIRA MARQUES  OAB PA-12902-B  NATHALIA CAROLINE CORREIA GARCIA  OAB SP-338049   PODER JUDICIÁRIO JUSTIÇA DO TRABALHO TRIBUNAL REGIONAL DO TRABALHO DA 8ª REGIÃO 3ª VARA DO TRABALHO DE PARAUAPEBAS ATOrd 0001685-22.2025.5.08.0130 RECLAMANTE: JEFFERSON DE FREITAS OLIVEIRA RECLAMADO: EMPREITEIRA CAMPUS LTDA E OUTROS (1) INTIMAÇÃO Fica V. Sa. intimado para tomar ciência da Sentença ID 52ce03c proferida nos autos, cujo dispositivo consta a seguir: LUIZ CARLOS DE ARAUJO SANTOS JUNIOR Juiz do Trabalho SubstitutoIntimado(s) / Citado(s) - PACAEMBU EMPREENDIMENTOS E CONSTRUCOES LTDA - EMPREITEIRA CAMPUS LTDA"
1650740.0,28/08/2026,31/08/2026,,Marina Luise Campana Perini,8560,Nathalia Garcia,2821,Defesa administrativa,Compromisso (Prazo),Não iniciado,0245-26,473956,Jessica Campos,,Jurídico Notificação,,Pendente - elaborar.
1650718.0,09/09/2026,10/09/2026,,Marina Luise Campana Perini,8560,Nathalia Garcia,2821,Contrarrazões de Apelação,Compromisso (Prazo),Não iniciado,1012916-20.2024.8.26.0451,449124,Débora Cristina Coelho Leandro,Cível,Bruno - Escritório RST&A,,Pendente - Aguardando minuta
1650694.0,24/08/2026,27/08/2026,,Laryssa Mazo Pintor de Lima Rodrigues,5293,Nathalia Garcia,2821,Exceção de Incompetência Territorial,Compromisso (Prazo),Concluído,0001328-05.2026.5.08.0131,474026,Antonio Farias,Trabalhista,Jurídico Trabalhista,,"Lary 25/08: Exceção de Incompetência apresentada. Salvei na pasta e GED. 

João 20/08: minuta na pasta"
1650693.0,04/09/2026,11/09/2026,,Laryssa Mazo Pintor de Lima Rodrigues,5293,Nathalia Garcia,2821,Defesa e documentos,Compromisso (Prazo),Não iniciado,0001328-05.2026.5.08.0131,474026,Antonio Farias,Trabalhista,Jurídico Trabalhista,,
1650692.0,11/09/2026,14/09/2026,,Laryssa Mazo Pintor de Lima Rodrigues,5293,Nathalia Garcia,2821,Audiência Una,Compromisso (Prazo),Não iniciado,0001328-05.2026.5.08.0131,474026,Antonio Farias,Trabalhista,Jurídico Trabalhista,,Telepresencial
1650365.0,19/08/2026,20/08/2026,,Marina Luise Campana Perini,8560,Nathalia Garcia,2821,Audiência de Conciliação,Compromisso (Prazo),Concluído,1120750-34.2025.8.26.0100,474015,Jefferson William de Oliveira Souza,Cível,Thaia - Escritório RST&A,,Audiência realizada
1650324.0,17/09/2026,18/09/2026,,Laryssa Mazo Pintor de Lima Rodrigues,5293,Nathalia Garcia,2821,Audiência Una,Compromisso (Prazo),Não iniciado,0000621-08.2026.5.23.0038,473624,Lucas Cristiano Alves dos Santos,Trabalhista,Jurídico Trabalhista,,Telepresencial
1650320.0,25/05/2027,26/05/2027,,Laryssa Mazo Pintor de Lima Rodrigues,5293,Nathalia Garcia,2821,Audiência Inicial,Compromisso (Prazo),Não iniciado,0010914-61.2026.5.15.0005,472931,Laerte Rocha Souza,Trabalhista,Jurídico Trabalhista,,Telepresencial
1650318.0,27/10/2026,03/11/2026,,Laryssa Mazo Pintor de Lima Rodrigues,5293,Nathalia Garcia,2821,Verificar testemunhas,Compromisso (Prazo),Não iniciado,0011329-77.2026.5.15.0091,473589,Paulo Rodrigo Borges Silva,Trabalhista,Jurídico Trabalhista,,
1650317.0,05/11/2026,10/11/2026,,Laryssa Mazo Pintor de Lima Rodrigues,5293,Nathalia Garcia,2821,Defesa e documentos,Compromisso (Prazo),Não iniciado,0011329-77.2026.5.15.0091,473589,Paulo Rodrigo Borges Silva,Trabalhista,Jurídico Trabalhista,,
1650316.0,10/11/2026,11/11/2026,,Laryssa Mazo Pintor de Lima Rodrigues,5293,Nathalia Garcia,2821,Audiência Una,Compromisso (Prazo),Não iniciado,0011329-77.2026.5.15.0091,473589,Paulo Rodrigo Borges Silva,Trabalhista,Jurídico Trabalhista,,Telepresencial
1650295.0,01/09/2026,02/09/2026,,Lawrencce Van Hornn Liberatori da Silva,9293,Nathalia Garcia,2821,Julgamento,Compromisso (Prazo),Não iniciado,4002621-48.2026.8.26.0079,472420,Fernanda Cristina da Silva Galhardo,Cível,Thaia - Escritório RST&A,,Julgamento de AI
1650264.0,03/09/2026,03/09/2026,,Marina Luise Campana Perini,8560,Nathalia Garcia,2821,Acompanhar Juntada do AR,Compromisso (Acompanhar),Não iniciado,0017826-09.2025.8.16.0045,472388,Elibelto Aparecido Geraldo,Cível,Thaia - Escritório RST&A,,Acompanhar Juntada do AR
1650251.0,19/08/2026,25/08/2026,,Laryssa Mazo Pintor de Lima Rodrigues,5293,Nathalia Garcia,2821,Verificar Despacho,Compromisso (Prazo),Concluído,0011329-77.2026.5.15.0091,473589,Paulo Rodrigo Borges Silva,Trabalhista,Jurídico Trabalhista,,"Lary 20/08: Audiência na pauta e no sistema. Nada fazer. 

Lary 19/08: Designada audiência UNA para o dia 11/11/2026, às 10:10min, telepresencial. Não finalizei para acompanhar - ajustar para dia 20/08.

Órgão: CON1 - Bauru
Data de disponibilização: 18/08/2026
Tipo de comunicação: Intimação
Meio: Diário de Justiça Eletrônico Nacional
Parte(s)
PACAEMBU CONSTRUTORA S.A.(P)
PAULO RODRIGO BORGES SILVA(A)
Advogado(s)
DANILO PIANCO ROSAS(PR 69520)
FERNANDO MANOEL LICKS DE PAIVA(PR 100858)

PODER JUDICIÁRIO JUSTIÇA DO TRABALHO TRIBUNAL REGIONAL DO TRABALHO DA 15ª REGIÃO CON1 - BAURU ATOrd 0011329-77.2026.5.15.0091 AUTOR: PAULO RODRIGO BORGES SILVA RÉU: PACAEMBU CONSTRUTORA S.A. INTIMAÇÃO Fica V. Sa. intimado para tomar ciência do Despacho ID b3ee796 proferido nos autos. Órgão Julgador de Origem: 4ª VARA DO TRABALHO DE BAURU DESPACHO Vistos, etc. Designo AUDIÊNCIA UNA para o dia 11/11/2026, às 10:10min. A audiência será realizada de forma TELEPRESENCIAL, por meio da plataforma ZOOM, nos termos da Resolução nº 354/2020 do CNJ e do Ato Conjunto TST.CSJT.GP nº 54/2023. O acesso deverá ser realizado através dos seguintes dados: Todos os participantes da audiência deverão ingressar na sala virtual de audiências, mediante acesso ao link abaixo: https://trt15-jus-br.zoom.us/j/85809471767?pwd=MmQzbk9PTzZvOVltR01QYVE2SHZWQT09 ID da reunião: 858 0947 1767 Senha: 199094 Os participantes deverão anexar ao processo cópias dos respectivos documentos de identificação, que serão verificados em audiência. O destinatário deverá apresentar defesa até o horário da audiência, sob pena de ser declarado revel e confesso quanto à matéria de fato, presumindo-se verdadeiros os fatos alegados pela parte autora. Com a defesa, V. Sa. deverá apresentar documentos pessoais, instrumento constitutivo (contrato social) se Pessoa Jurídica e documentos que pretenda utilizar como prova, protocolando-os no Processo Judicial Eletrônico (PJe), em formato PDF, nos termos da Lei. Caso necessário, poderá ser utilizado o Serviço de Auto Atendimento disponibilizado na Unidade para a prática dos atos processuais pelo interessado. Fica também facultada à parte a apresentação de defesa oral. A ausência do(a) reclamante implicará extinção do processo sem resolução de mérito e consequente arquivamento da reclamatória, nos termos do art. 844 da CLT, com sua condenação ao pagamento das custas processuais no percentual de 2% (dois por cento) sobre o valor atribuído à causa (artigo 844, §2º da CLT). Caso  as  partes  desejem  a  intimação  de  testemunhas,  deverão proceder à intimação delas na forma do disposto no artigo 455 do CPC, devendo informar à(s) testemunha(s) o horário e forma de acesso na audiência, a fim de que a(s) mesma(s) compareça(m) na sala de sessão virtual, sob pena de preclusão. Atente  o(a)  patrono(a)  que,  no  caso,  a  intimação  deverá  observar  o disposto no § 1º do art. 455 do CPC. Não  desejando  a  intimação,  caberá  à  parte  providenciar  o comparecimento da testemunha na audiência telepresencial, sob pena de preclusão. Eventuais problemas técnicos enfrentados por testemunhas ou partes, referentes ao acesso remoto ou utilização de plataformas virtuais, não serão considerados justificativas legais para o adiamento da sessão de audiência designada.   A responsabilidade pela solução de problemas técnicos prévios à audiência é, in casu, da parte ou testemunha que os enfrenta, devendo estas se precaverem com antecedência, buscando suporte técnico necessário para garantir seu comparecimento virtual.   Desta forma, considerando a inexistência de previsão legal para o adiamento em face de problemas técnicos previsíveis e solucionáveis, bem como que, desde  o ano de 2020, as audiência telepresenciais/remotas são amplamente utilizadas em todos os segmentos do Poder Judiciário; ficam, desde já, cientes as partes e, por elas, eventuais testemunhas de que a audiência designada prosseguirá na data e hora marcadas, conforme pauta previamente divulgada. - O participante a ser ouvido deverá estar em ambiente fechado vestido adequadamente para o ato, o que não significa vestes formais, mas apenas o natural respeito com o ato solene. - Fica vedado o acesso em via pública, como praças ou em veículos, ainda que estacionados; - O participante deverá ter capacidade de manusear o equipamento que acessa, inclusive estando com login aguardando na sala de espera virtual com no MÍNIMO 5 minutos de antecedência da hora marcada para a audiência; - O local não poderá ser ruidoso; - A conexão deve ser estável, uma vez que a queda ou paralisação total de som e imagem durante o depoimento prejudica totalmente a fidedignidade da prova, ficando sem efeito o seu depoimento caso se trate de testemunha, acarretando a confissão caso se trate de parte; - Câmera deve ser mantida ligada e com foco no rosto e mãos do participante, durante todo o depoimento. O descumprimento de qualquer condição acima acarretará efeitos da ausência do participante, diante das possibilidades de oitiva presencial no Juízo ou na sede da residência, caso não disponibilizado equipamento por alguma unidade e/ou a parte/testemunha não reúna as condições necessárias para ser ouvida por dispositivo próprio, circunstâncias que devem ser verificadas previamente pela parte interessada. É  facultado à parte reclamada fazer-se substituir por preposto que tenha conhecimento dos fatos. Se for utilizado um computador, não há necessidade de baixar programa, pois o link acima fornece acesso direto ao ambiente virtual no qual ocorrerá a audiência, podendo-se cancelar  a opção  de  instalação do  aplicativo. Se for utilizado  o  celular, o  link informado acima encaminhará o participante  diretamente para  o  aplicativo que  deverá  ser instalado,  e que é  autoexplicativo.  Após  a  instalação do  aplicativo (caso seja o primeiro acesso), clicar novamente no link informado acima, o qual o direcionará à audiência telepresencial. Havendo  dificuldades para  acessar  o ambiente  virtual  na plataforma   ZOOM,  manuais   e   vídeos  disponibilizados   pelo Tribunal poderão  ser  acessados no  seguinte  endereço eletrônico(link): https://sites.google.com/trt15.jus.br/zoomadv/pagina-inicial. Para acompanhar a evolução na realização das audiências ao longo do dia, a  pauta poderá ser  consultada  no ambiente Justiça do Trabalho  Eletrônica  (JTe),  pelo link  https://jte.csjt.jus.br, ou  ainda  pelo aplicativo  JTe,  disponibilizado  para smartphones  dos  sistemas Android  e  IOS (lojas  Google  Play  e  AppStore). INSTRUÇÕES para uso do aplicativo de acompanhamento das audiências em tempo real: e https://youtu.be/5K61iol61x4 (instruções de uso do aplicativo). Também é possível se valer do balcão virtual para questionar sobre qual audiência está sendo realizada no momento, pelo link:  https://meet.google.com/hjg-sxzx-qwu Por ocasião do início da audiência, deverão ser habilitados o áudio e a câmera. Os  participantes deverão  acessar  o ambiente  virtual  no qual ocorrerá  a audiência  pelo  menos 5  minutos  antes do  horário designado e ali permanecer aguardando o início da sessão. Lembrando que poderão ocorrer atrasos, pois a audiência anterior pode não ter sido encerrada ainda. Considerando-se  que as  audiências  telepresenciais  permitem a oitiva de partes e testemunhas à distância, torna-se desnecessário a expedição de carta precatória para cidades  fora da jurisdição  da  Vara de Itápolis, devendo  as  partes observar  este  item, sob  pena  de preclusão da prova. Desde já, fica estabelecido que o Juízo, nos termos do art. 765 da CLT,  poderá limitar o acesso do público em geral à sala de audiência, tal como nos casos em que a lei prevê o  direito  ao segredo  de  justiça. Cabe aos advogados comunicar diretamente aos respectivos clientes e às suas testemunhas a data e horário da audiência, bem como o link e as instruções de acesso ao ambiente virtual da audiência. Ficam as partes, advogados e testemunhas cientes de que, nos termos do art. 3o, § 2o, da Portaria Conjunta GP-VPA-VPJ-CR n. 005/2020, do Tribunal Regional do Trabalho da 15ª Região, a audiência de instrução será gravada em áudio e vídeo, sendo posteriormente disponibilizado link para visualização pelas partes. A publicidade dos atos processuais não autoriza a qualquer das partes, seus procuradores, estagiários ou terceiros à difusão e veiculação das imagens e vozes produzidas na audiência, sem autorização expressa das partes, procuradores e deste(a) Magistrado(a), em conjunto, por força do que dispõe o art. 5º, incisos V e X da CF/88. Para acesso ao ambiente virtual no qual ocorrerá a audiência designada especificamente para este processo basta acessar o link indicado acima, ficando cientes as partes de que não será remetido convite via e-mail para acesso à sala virtual. Intime-se a parte autora por seu(s) procurador(es) habilitado(s) no sistema PJE/JT, sendo que poderá(ão) manifestar(em-se) sobre intimação pessoal de seu(s) constituído(s) no prazo de 05 dias, sob pena de preclusão. Intimem-se, sendo o autor por meio de seu patrono via DEJT. Notifique-se/Citem-se a ré conforme determinado.     BAURU/SP, 17 de agosto de 2026 EDMA ALVES MOREIRA Juíza do Trabalho Substituta

Intimado(s) / Citado(s)
- PAULO RODRIGO BORGES SILVA"
1650250.0,19/08/2026,25/08/2026,,Laryssa Mazo Pintor de Lima Rodrigues,5293,Nathalia Garcia,2821,Verificar Despacho,Compromisso (Prazo),Concluído,0010914-61.2026.5.15.0005,472931,Laerte Rocha Souza,Trabalhista,Jurídico Trabalhista,,"Lary 20/08: Audiência na pauta e sistema. Nada fazer. 

Lary 19/08: Diante do retorno da notificação enviada à 1ª Reclamada, foi concedido prazo de 5 dias para o reclamante indicar novo endereço, bem como a audiência INICIAL do dia 09/09/2026 foi cancelada e redesignada para o dia 26/05/2027 14:00, telepresencial.  - Não finalizei para acompanhar. Ajustar para dia 20/08.

D J E N - TRT15
Disponibilização: terça-feira, 18 de agosto de 2026.
Arquivo: 1
Publicação: 13781

TRT15 Diário de Justiça Eletrônico Nacional

Intimação Processo: 0010914-61.2026.5.15.0005   Órgão: CON1 - Bauru  Data de disponibilização:   Tipo de comunicação: Intimação  Meio: Diário de Justiça Eletrônico Nacional   Parte(s):   LAERTE ROCHA SOUZA  DINA ARAUJO DA SILVA  PACAEMBU CONSTRUTORA S.A.   Advogado(s)   JOSE EVANDRO PEREIRA DA SILVA  OAB DF-42460  NATHALIA CAROLINE CORREIA GARCIA  OAB SP-338049   PODER JUDICIÁRIO JUSTIÇA DO TRABALHO TRIBUNAL REGIONAL DO TRABALHO DA 15ª REGIÃO CON1 - BAURU ATOrd 0010914-61.2026.5.15.0005 AUTOR: LAERTE ROCHA SOUZA RÉU: DINA ARAUJO DA SILVA E OUTROS (1) INTIMAÇÃO Fica V. Sa. intimado para tomar ciência do Despacho ID c6932c2 proferido nos autos. DESPACHO Diante da devolução pelos Correios da notificação enviada à reclamada com a informação ""desconhecido"", concede-se ao reclamante, prazo de 5 (cinco) dias, para que forneça nos autos o atual endereço da reclamada, sob pena de extinção do feito sem resolução do mérito, nos termos do art. 485, VI do CPC. Redesigno audiência INICIAL para o dia 26/05/2027 14:00h, mantidas as cominações anteriores, de forma telepresencial, com a utilização da plataforma ZOOM, disponível em versão para celular e para computador, observando-se o procedimento e determinações a seguir: 1) O link para participação na audiência telepresencial tanto para PARTES, ADVOGADOS E TESTEMUNHAS, é o que segue: https://trt15-jus-br.zoom.us/j/82335308963?pwd=ZzJhaVZQdFpUWFFQbUgrdFd3c3k3Zz09 ID da reunião: 823 3530 8963 Senha de acesso: 124413 Cabe aos advogados das partes comunicar diretamente aos respectivos clientes a data e horário da audiência, o link acima e as instruções de acesso ao ambiente virtual da audiência. Caso o acesso à audiência ocorra por meio de telefone celular, recomenda-se que o aplicativo ZOOM seja baixado com antecedência. BAURU/SP, 17 de agosto de 2026 BRENO ORTIZ TAVARES COSTA Juiz do Trabalho SubstitutoIntimado(s) / Citado(s) - PACAEMBU CONSTRUTORA S.A."
1650248.0,19/08/2026,25/08/2026,,Laryssa Mazo Pintor de Lima Rodrigues,5293,Nathalia Garcia,2821,Verificar Despacho,Compromisso (Prazo),Concluído,0013158-30.2025.5.15.0091,469705,Rita de Cassia Bamonte,Trabalhista,Jurídico Trabalhista,,"Lary 19/08: Julgada extinta a execução com pagamento integral dos valores pela empresa Junior Mariano Serviços. Nada fazer. 

D J E N - TRT15
Disponibilização: terça-feira, 18 de agosto de 2026.
Arquivo: 1
Publicação: 22851

TRT15 Diário de Justiça Eletrônico Nacional

Intimação Processo: 0013158-30.2025.5.15.0091   Órgão: LIQ1 - Bauru  Data de disponibilização:   Tipo de comunicação: Intimação  Meio: Diário de Justiça Eletrônico Nacional   Parte(s):   RITA DE CASSIA BAMONTE  JUNIOR MARIANO SERVICOS ADMINISTRATIVOS, SEGURANCA E LIMPEZA LTDA  PACAEMBU PIRATININGA 464 - EMPREENDIMENTO IMOBILIARIO LTDA   Advogado(s)   EVERTON HENRIQUE DOS SANTOS SILVA  OAB SP-454976  CLAUDINEI APARECIDO BALDUINO  OAB SP-134111  VIRGINIA SOARES DE CHECHI  OAB SP-464590  NATHALIA CAROLINE CORREIA GARCIA  OAB SP-338049   PODER JUDICIÁRIO JUSTIÇA DO TRABALHO TRIBUNAL REGIONAL DO TRABALHO DA 15ª REGIÃO LIQ1 - BAURU ATSum 0013158-30.2025.5.15.0091 AUTOR: RITA DE CASSIA BAMONTE RÉU: JUNIOR MARIANO SERVICOS ADMINISTRATIVOS, SEGURANCA E LIMPEZA LTDA E OUTROS (1) INTIMAÇÃO Fica V. Sa. intimado para tomar ciência da Sentença ID 95eb44f proferida nos autos, cujo dispositivo consta a seguir: Tendo em vista que decorreu o prazo para a parte reclamante informar eventual descumprimento, este Juízo considera o acordo integralmente cumprido. Julgo extinta a presente execução, nos termos do artigo 924, II do CPC. Caso haja algum valor pendente de liberação, providencie a Secretaria via sistema. Oportunamente, registrem-se os valores pagos e arquive-se. Intimem-se. KARINE DA JUSTA TEIXEIRA ROCHA Juíza do Trabalho SubstitutaIntimado(s) / Citado(s) - PACAEMBU PIRATININGA 464 - EMPREENDIMENTO IMOBILIARIO LTDA - JUNIOR MARIANO SERVICOS ADMINISTRATIVOS, SEGURANCA E LIMPEZA LTDA"
1650244.0,19/08/2026,25/08/2026,,Laryssa Mazo Pintor de Lima Rodrigues,5293,Nathalia Garcia,2821,Verificar Despacho,Compromisso (Prazo),Concluído,0010118-30.2024.5.15.0041,444957,Monique Regiane Moreira Gomes,Trabalhista,Jurídico Trabalhista,,"Lary 19/08: Prazo para a reclamante indicar os dados bancários. Pacaembu já foi excluída da lide (Comer Bem - fornecimento de refeição). Nada fazer. 

D J E N - TRT15
Disponibilização: terça-feira, 18 de agosto de 2026.
Arquivo: 1
Publicação: 22961

TRT15 Diário de Justiça Eletrônico Nacional

Edital Processo: 0010118-30.2024.5.15.0041   Órgão: LIQ2 - Sorocaba  Data de disponibilização:   Tipo de comunicação: Edital  Meio: Plataforma Nacional de Editais   Parte(s):   BRUNO VENANCIO SANTIAGO  MONIQUE REGIANE MOREIRA GOMES  CARLOS EDUARDO MARGI  C E MARGI REFEICOES LTDA  COMER BEM REFEICOES EMPRESARIAIS LTDA  MARGI REFEICOES EMPRESARIAIS LTDA   Advogado(s)   DANILO MINALI ORLANDO  OAB SP-293800  LUIZA ALMEIDA  OAB SP-470960   PODER JUDICIÁRIO JUSTIÇA DO TRABALHO TRIBUNAL REGIONAL DO TRABALHO DA 15ª REGIÃO LIQ2 - SOROCABA PROCESSO: ATSum 0010118-30.2024.5.15.0041 AUTOR: MONIQUE REGIANE MOREIRA GOMES RÉU: COMER BEM REFEICOES EMPRESARIAIS LTDA E OUTROS (3) Órgão Julgador de Origem: VARA DO TRABALHO DE ITAPETININGA Primeiramente, deverá a parte reclamante e/ou seus(suas) patronos(as), em dois dias, informar ou confirmar seus dados bancários, quais sejam, nome/CPF/CNPJ do titular, nome e número do banco, número da agência e número/tipo da conta. Para possibilitar a identificação pelo Juízo, deverá constar no PJe-JT como tipo de petição “manifestação” e na descrição “número de conta para transferência de valores - reclamante”. Esta petição deverá conter apenas tais informações. Ante o silêncio das reclamadas, homologo os cálculos apresentados pela reclamante, com adequação dos juros e correção aos parâmetros de id 1e8b947, para que produzam os efeitos legais, fixando a condenação em 17/08/2026 (id 3c03e72), nas importâncias de: Principal Bruto………………………………………..............R$ 13.358,15. Juros do principal…………………………………...............R$ 2.163,92. FGTS (a ser depositado em conta vinculada)........R$ 665,96. Juros do FGTS………………………………………................R$ 110,27. INSS (cota empregado – DARF/DCTFWEB)…….....R$ 339,52 (deduzir). INSS (cota empregador – DARF DCTF WEB).........R$ 1.432,73. Honorários Advocatícios ……..…………………….........R$ 1.629,83. Em face do princípio da progressividade tributária, não há incidência de Imposto de Renda, consoante ato declaratório da própria Secretaria da Receita Federal. Custas processuais (GRU - https://gru.jt.jus.br/gru) pela parte reclamada no importe de R$ 413,75 em 17/08/2026. Desnecessária ciência da União (PGF) no que se refere às contribuições previdenciárias, em face do disposto na Portaria Normativa PGF/AGU 47 de 7/7/2023 e artigo 879, § 5º, da CLT. Cite(m)-se o(s) executado(s) na pessoa de seu(s) advogado(s) através do DJEN ou, não havendo nomeação, diretamente pelos Correios ou edital, conforme o caso, para o pagamento em 15 (quinze) dias improrrogáveis das importâncias que constam da planilha de atualização ID 3c03e72 (já com a dedução dos eventuais depósitos das executadas principais existentes nos autos), em valores corrigidos e majorados na forma da lei até a data do efetivo pagamento, em guias próprias. Eventuais pedidos de dilação de prazo estão desde já indeferidos. Caso haja devolução da notificação e o endereço seja o mesmo que o encontrado no site da Receita Federal do Brasil, cite-se por edital. Os valores líquidos devidos à parte exequente e seu patrono deverão ser depositados diretamente em sua conta e juntar os comprovantes individualizados nos autos juntamente com a planilha utilizada para fazer a devida atualização de todas as verbas. Os valores devidos a título de custas (guia GRU – https://gru.jt.jus.br/gru), IR (guia DARF em nome da parte autora – código 5936 ou 1889 se RRA) ou FGTS (guia GFIP/SEFIP – conectividade social - código 650 ou 660), deverão ser depositados em guias próprias e comprovadas nos autos no prazo acima concedido, ou seja, em até quinze dias, independentemente de outros regramentos. O recolhimento das contribuições previdenciárias (cotas empregado e empregador) deve ser feito obrigatoriamente por meio da guia DARF, preenchida on line através do programa DCTFWEB, com os códigos lá disponibilizados ao devedor (Ato Declaratório Executivo CODAR nº 2 de 5/1/2023, Instrução Normativa RFB 2005 de 29/1/2021, Recomendação 1/2024 GCGJT e Comunicado CR 8/2023 deste Regional). O comprovante deve ser juntado nos autos em até trinta dias improrrogáveis desta citação, quando, então, estará totalmente garantida a execução (artigo 884 da CLT). Eventuais pedidos de dilação de prazo estarão desde já indeferidos. Todos os valores somente deverão ser recolhidos em depósito judicial quando houver a intenção de interpor embargos à execução e, neste caso, informado de forma destacada ao juntar o comprovante dos valores devidos à parte autora. Para efetuar a quitação da execução deverá a parte executada se utilizar do programa PJe-Calc Cidadão, que poderá ser obtido no site do Egrégio TRT da Oitava Região no endereço https://www.trt8.jus.br/pjecalc-cidadao, a fim de obter o valor atualizado do débito até a data do efetivo pagamento e juntar a memória de cálculos aos autos. Tão logo o Juízo esteja totalmente garantido, nos termos do artigo 884 da CLT, a parte exequente poderá apresentar Impugnação à Sentença de Liquidação e/ou a parte executada os Embargos à Execução, no prazo de cinco dias, se assim desejar. Caso não haja pagamento espontâneo por parte dos(as) executados(as) e considerando que a prestação jurisdicional não se esgota com a prolação de sentença; considerando que é princípio constitucional assegurar a todos razoável duração do processo e meios que garantam a celeridade de sua tramitação (artigo 5º, LXXVIII); considerando que há ferramentas eletrônicas que são acessíveis apenas ao judiciário, diga a parte exequente se tem interesse que o juízo realize pesquisa patrimonial através das ferramentas eletrônicas pertinentes ao caso, no prazo de cinco dias. O silêncio será entendido como concordância. Esgotadas as ferramentas eletrônicas e sem êxito na garantia da execução, o exequente será intimado para requerer o que entende necessário e cabível para o prosseguimento da execução. Ao final, após satisfeito o crédito exequendo, pagas as contribuições previdenciárias, imposto de renda, as custas e as despesas processuais, registrem-se no sistema os valores pagos e arquivem-se os autos definitivamente. Intimem-se.Intimado(s) / Citado(s) - COMER BEM REFEICOES EMPRESARIAIS LTDA"
1650243.0,19/08/2026,25/08/2026,,Laryssa Mazo Pintor de Lima Rodrigues,5293,Nathalia Garcia,2821,Verificar Despacho,Compromisso (Prazo),Concluído,1001268-44.2025.5.02.0025,464677,Juliana Cattinne Fernandes,,Escritório Tozzini,,"Lary 19/08: Partes intimadas para manifestar-se sobre quem pagará os honorários médicos. A reclamante já se pronunciou. Nada fazer. Autos já estão conclusos. 

D J E N - TRT2
Disponibilização: terça-feira, 18 de agosto de 2026.
Arquivo: 1
Publicação: 6764

TRT2 Diário de Justiça Eletrônico Nacional

Intimação Processo: 1001268-44.2025.5.02.0025   Órgão: 25ª Vara do Trabalho de São Paulo  Data de disponibilização:   Tipo de comunicação: Intimação  Meio: Diário de Justiça Eletrônico Nacional   Parte(s):   J.C.F.  M.A.D.M.F.  P.C.S.   Advogado(s)   ALEXANDRE DE ALMEIDA CARDOSO  OAB SP-149394  LUIS GUSTAVO SILVERIO  OAB SP-263648  NATHALIA CAROLINE CORREIA GARCIA  OAB SP-338049   Tomar ciência do(a) Intimação de ID daebfb9.Intimado(s) / Citado(s) - P.C.S."
1650240.0,19/08/2026,25/08/2026,,Laryssa Mazo Pintor de Lima Rodrigues,5293,Nathalia Garcia,2821,Verificar Despacho,Compromisso (Prazo),Concluído,0000621-08.2026.5.23.0038,473624,Lucas Cristiano Alves dos Santos,Trabalhista,Jurídico Trabalhista,,"Lary 20/08: Audiência na pauta e sistema. Nada fazer.

Lary 19/08: Audiência UNA designada para o dia 05/10/2026, às 09h cancelada e redesignada na forma de conciliação para o dia 18/09/2026, às 08h, telepresencial. Não finalizei para acompanhar agendamento. Ajustar para dia 20/08

D J E N - TRT23
Disponibilização: terça-feira, 18 de agosto de 2026.
Arquivo: 1
Publicação: 3117

TRT23 Diário de Justiça Eletrônico Nacional

Intimação Processo: 0000621-08.2026.5.23.0038   Órgão: 3ª VARA DO TRABALHO DE SINOP  Data de disponibilização:   Tipo de comunicação: Intimação  Meio: Diário de Justiça Eletrônico Nacional   Parte(s):   LUCAS CRISTIANO ALVES DOS SANTOS  PACAEMBU CONSTRUTORA S.A.  PACAEMBU SINOP 449 - EMPREENDIMENTO IMOBILIARIO LTDA   Advogado(s)   EMANOEL GOMES DE SOUSA  OAB MT-18303-O  NATHALIA CAROLINE CORREIA GARCIA  OAB SP-338049   PODER JUDICIÁRIO JUSTIÇA DO TRABALHO PJE - PROCESSO JUDICIAL ELETRÔNICO - 23ª REGIÃO 3ª VARA DO TRABALHO DE SINOP ATSum 0000621-08.2026.5.23.0038 RECLAMANTE: LUCAS CRISTIANO ALVES DOS SANTOS RECLAMADO: PACAEMBU SINOP 449 - EMPREENDIMENTO IMOBILIARIO LTDA E OUTROS (1) INTIMAÇÃO Fica V. Sa. intimado para tomar ciência do Despacho ID c2d716a proferido nos autos. DESPACHO 1. Inclua-se o feito na pauta de audiências de CONCILIAÇÃO, designada para o dia 18/09/2026 08:00, a fim de tentativa de acordo, ressaltando que as partes deverão comparecer ao ato, pois o não comparecimento injustificado será considerado ato atentatório à dignidade da justiça, sujeito à aplicação de multa, nos termos do art. 334, §8º, do CPC. 2. A audiência de conciliação será realizada de forma TELEPRESENCIAL, sendo facultada a participação de forma presencial na 3ª Vara do Trabalho. 3. A audiência telepresencial será realizada por meio da plataforma ZOOM, que deverá ser acessada pelo seguinte link: https://trt23-jus-br.zoom.us/my/vtsinoptres?pwd=ZGxLZmRjcWpnSm1uL2IxMEN3VGRrUT09&omn=81619456272 ID da reunião: 903 903 1999 Senha de acesso: Sinop3@ 4. Para participar da audiência via Zoom, é necessário: 4.1 Acessar o link supramencionado por qualquer navegador, caso o acesso ocorra por meio de um computador; 4.2 Instalar o aplicativo Zoom e, após, inserir o ID da reunião e a senha acima indicados, caso o acesso ocorra a partir de um celular; 4.3 Usar, para ambos os casos, câmera, microfone e alto-falantes, sendo recomendável o uso de fones de ouvido. 5. REQUISITOS OBRIGATÓRIOS PARA O INGRESSO NA SALA DE AUDIÊNCIA VIRTUAL: 5.1 Partes e advogados deverão obrigatoriamente se identificar com o nome e, de preferência, o horário da audiência, não sendo admitidos na sala ACESSOS NÃO IDENTIFICADOS, IDENTIFICADOS ERRONEAMENTE OU IDENTIFICADOS APENAS COM O NOME DO DISPOSITIVO UTILIZADO (IPHONE, SAMSUNG ETC.). 5.2 Partes e advogados deverão estar em local adequado, silencioso e com bom sinal de internet, sendo responsabilidade das partes e dos advogados a qualidade do acesso; 5.3 Todos os participantes deverão permanecer na sala de espera virtual até serem admitidos pelo Secretário de audiência, sob pena de serem considerados ausentes; 5.4 A consulta à pauta de audiência poderá ser acessada em tempo real no link https://portal.trt23.jus.br/portal/node/6551 5.5 Fica sob a exclusiva responsabilidade e risco das partes e procuradores assegurarem a adequada conexão à internet para a participação no ato, bem como disporem de equipamento e conhecimento satisfatórios para a pronta e imediata conexão de áudio e vídeo. 5.6 Como tal, ficam cientes de que o comparecimento na audiência de forma telepresencial não afasta o dever de pontualidade e, portanto, caso optem por se valer dessa vantagem, devem se certificar acerca da adequada conexão à internet, assim como de que dispõem da prática e dos equipamentos necessários para a participação no ato nesse formato. 5.7 Ficam as partes e advogados advertidos que problema de conexão, dificuldade técnica ou emprego de equipamento insatisfatório não serão considerados motivos justificáveis para o não comparecimento na audiência. 6. Intimem-se as partes acerca deste despacho e da audiência designada, por meio de seus advogados. SINOP/MT, 17 de agosto de 2026. MULLER DA SILVA PEREIRA Juiz(a) do Trabalho TitularIntimado(s) / Citado(s) - PACAEMBU SINOP 449 - EMPREENDIMENTO IMOBILIARIO LTDA - PACAEMBU CONSTRUTORA S.A."
1650236.0,19/08/2026,01/09/2026,,Laryssa Mazo Pintor de Lima Rodrigues,5293,Nathalia Garcia,2821,Verificar Despacho,Compromisso (Prazo),Concluído,0000580-20.2026.5.05.0401,473880,José Roberto de Jesus Viana,Trabalhista,Jurídico Trabalhista,,"Lary 19/08: Pacaembu intimada para manifestar-se contra a manifestação de exceção de incompetência apresentada pelo autor. Manifestação protocolada.Salvei na pasta e GED. 

D J E N - TRT5
Disponibilização: terça-feira, 18 de agosto de 2026.
Arquivo: 1
Publicação: 8626

TRT5 Diário de Justiça Eletrônico Nacional

Intimação Processo: 0000580-20.2026.5.05.0401   Órgão: Vara do Trabalho de Cruz das Almas  Data de disponibilização:   Tipo de comunicação: Intimação  Meio: Diário de Justiça Eletrônico Nacional   Parte(s):   JOSE ROBERTO DE JESUS VIANA  EMPREITEIRA CAMPUS LTDA  PACAEMBU CONSTRUTORA S.A.   Advogado(s)   LORENA PRAZERES LEAL  OAB BA-29430  WAGNER DEZEM  OAB SP-368419  NATHALIA CAROLINE CORREIA GARCIA  OAB SP-338049   PODER JUDICIÁRIO JUSTIÇA DO TRABALHO TRIBUNAL REGIONAL DO TRABALHO DA 5ª REGIÃO VARA DO TRABALHO DE CRUZ DAS ALMAS ATOrd 0000580-20.2026.5.05.0401 RECLAMANTE: JOSE ROBERTO DE JESUS VIANA RECLAMADO: EMPREITEIRA CAMPUS LTDA E OUTROS (1) INTIMAÇÃO Fica V. Sa. intimado para tomar ciência do Despacho ID 6add1f0 proferido nos autos. Dê-se vista à Reclamada PACAEMBU CONSTRUTORA S.A. da manifestação de ID a46c6e6. Prazo de 05 (cinco) dias. CRUZ DAS ALMAS/BA, 17 de agosto de 2026. IONE LAGO SANTANA Juíza do Trabalho TitularIntimado(s) / Citado(s) - PACAEMBU CONSTRUTORA S.A."
1650229.0,01/09/2026,01/09/2026,,Lawrencce Van Hornn Liberatori da Silva,9293,Nathalia Garcia,2821,Acompanhamento,Compromisso (Acompanhar),Não iniciado,5006596-98.2026.4.04.7001,472129,Ailton Mendes Cabral Filho,Cível,Thaia - Escritório RST&A,,Deliberarmos sobre o aviso ao comercial da desistência da ação e verificar se manifestação foi encaminhada - Avisar Lawrencce
1650118.0,07/09/2026,09/09/2026,,Laryssa Mazo Pintor de Lima Rodrigues,5293,Nathalia Garcia,2821,Enviar para o e-mail do perito toda documentação de segurança da obra,Compromisso (Prazo),Não iniciado,0000419-34.2026.5.23.0037,472905,Domingos Batista dos Santos,Trabalhista,Jurídico Trabalhista,,
1650116.0,07/09/2026,09/09/2026,,Laryssa Mazo Pintor de Lima Rodrigues,5293,Nathalia Garcia,2821,Comunicar assistente técnico da Pacaembu,Compromisso (Prazo),Não iniciado,0000419-34.2026.5.23.0037,472905,Domingos Batista dos Santos,Trabalhista,Jurídico Trabalhista,,
1650114.0,07/09/2026,10/09/2026,,Laryssa Mazo Pintor de Lima Rodrigues,5293,Nathalia Garcia,2821,Perícia,Compromisso (Prazo),Não iniciado,0000419-34.2026.5.23.0037,472905,Domingos Batista dos Santos,Trabalhista,Jurídico Trabalhista,,RHODIVI Morada do Bosque - Pacaembu Sinop
1649989.0,21/08/2026,24/08/2026,,Marina Luise Campana Perini,8560,Nathalia Garcia,2821,Embargos de declaração,Compromisso (Prazo),Finalizado pelo Encarregado(a),1000682-82.2025.8.26.0576,461993,Alexsandro José do Carmo,Cível,Thaia - Escritório RST&A,,Minuta protocolada em 24.08.2026.
1649985.0,26/08/2026,27/08/2026,,Marina Luise Campana Perini,8560,Nathalia Garcia,2821,Julgamento,Compromisso (Prazo),Não iniciado,1019582-16.2025.8.26.0576,468968,Michelle de Jesus Medeiros,Cível,Thaia - Escritório RST&A,,Julgamento de AI
1649984.0,11/09/2026,14/09/2026,,Amanda Carvalho Martins,9353,Nathalia Garcia,2821,Julgamento,Compromisso (Prazo),Não iniciado,0011927-30.2025.8.16.0045,468593,Alitton Antonio Delgado de Oliveira,Cível,Thaia - Escritório RST&A,,julgamento virtual
1649976.0,01/09/2026,01/09/2026,,Marina Luise Campana Perini,8560,Nathalia Garcia,2821,Acompanhar eventual acordo,Compromisso (Acompanhar),Não iniciado,1021601-92.2025.8.26.0576,473966,Leonardo dos Santos Teixeira,Cível,Jurídico Interno Cível,,Acompanhar eventual acordo.
1649961.0,18/08/2026,24/08/2026,,Laryssa Mazo Pintor de Lima Rodrigues,5293,Nathalia Garcia,2821,Verificar Despacho,Compromisso (Prazo),Concluído,0010481-66.2023.5.15.0133,396811,Orivando Henrique Bertolucci Junior,Trabalhista,Jurídico Trabalhista,,"Lary 18/08: Despacho anterior retificado para constar APENAS intimação da Brumar para pagamento. Nada fazer. 

D J E N - TRT15
Disponibilização: segunda-feira, 17 de agosto de 2026.
Arquivo: 1
Publicação: 12338

TRT15 Diário de Justiça Eletrônico Nacional

Intimação Processo: 0010481-66.2023.5.15.0133   Órgão: LIQ2 - São José do Rio Preto  Data de disponibilização:   Tipo de comunicação: Intimação  Meio: Diário de Justiça Eletrônico Nacional   Parte(s):   ORIVANDO HENRIQUE BERTOLUCCI JUNIOR  BRUMAR DE MARILIA PORTARIA E LIMPEZA LTDA - ME  PACAEMBU CONSTRUTORA S.A.   Advogado(s)   ADINALDO APARECIDO DE OLIVEIRA  OAB SP-137939  NIVALDO APARECIDO MEDEIRO  OAB SP-113996  THAIS OLIVEIRA PULICI  OAB SP-310768  NATHALIA CAROLINE CORREIA GARCIA  OAB SP-338049   PODER JUDICIÁRIO JUSTIÇA DO TRABALHO TRIBUNAL REGIONAL DO TRABALHO DA 15ª REGIÃO LIQ2 - SÃO JOSÉ DO RIO PRETO ATOrd 0010481-66.2023.5.15.0133 AUTOR: ORIVANDO HENRIQUE BERTOLUCCI JUNIOR RÉU: BRUMAR DE MARILIA PORTARIA E LIMPEZA LTDA - ME E OUTROS (1) INTIMAÇÃO Fica V. Sa. intimado para tomar ciência da Decisão ID 1aa81f7 proferida nos autos. Órgão Julgador de Origem: LIQ1 - SÃO JOSÉ DO RIO PRETO DECISÃO Tendo em vista evidente erro material, acolho o quanto alegado em petição de id cfbd022 e retifico a Decisão de id e14898 para constar que a citação foi direcionada à reclamada BRUMAR DE MARILIA PORTARIA E LIMPEZA LTDA - ME (devedora principal) Quanto à reclamada PACAEMBU CONSTRUTORA S.A., condenada subsidiariamente, esta será citada para pagamento/garantia da execução apenas no caso de resultarem negativas as diligências em face da primeira reclamada. Intimem-se. SAO JOSE DO RIO PRETO/SP, 12 de agosto de 2026. ALUISIO TEODORO FALLEIROS Juiz do Trabalho Substituto ALTMGIntimado(s) / Citado(s) - BRUMAR DE MARILIA PORTARIA E LIMPEZA LTDA - ME - PACAEMBU CONSTRUTORA S.A."
1649960.0,25/08/2026,25/08/2026,,Laryssa Mazo Pintor de Lima Rodrigues,5293,Nathalia Garcia,2821,Verificar Despacho,Compromisso (Prazo),Finalizado pelo Encarregado(a),0010474-33.2023.5.15.0082,396808,Andre Luiz Marchi,Trabalhista,Jurídico Trabalhista,,"Lary 27/.08: Revisada e protocolada. Salvei na pasta e GED. 

Lary 26/08: João elaborou a minuta. Ajustar para dia 27/08 - revisar. 

Lary 25/08: Ajustar para dia 26/08 - Fatal: 28/08.

Ajustado para dia 25/08/2026
Lary 18/08: Prazo para agravo de instrumento. Ajustar para dia 24/08. Fatal: 28/08.

D J E N - TRT15

Disponibilização: segunda-feira, 17 de agosto de 2026.

Arquivo: 1

Publicação: 24483

TRT15 Diário de Justiça Eletrônico Nacional

Intimação Processo: 0010474-33.2023.5.15.0082   Órgão: Gabinete da Vice-Presidência Judicial - Análise de Recurso  Data de disponibilização:   Tipo de comunicação: Intimação  Meio: Diário de Justiça Eletrônico Nacional   Parte(s):   ANDRE LUIZ MARCHI  PACAEMBU CONSTRUTORA S.A.  SITRAN SINALIZACAO DE TRANSITO INDUSTRIAL LTDA  ANDRE LUIZ MARCHI  BRUMAR DE MARILIA PORTARIA E LIMPEZA LTDA - ME  PACAEMBU CONSTRUTORA S.A.   Advogado(s)   THAIS OLIVEIRA PULICI  OAB SP-310768  NATHALIA CAROLINE CORREIA GARCIA  OAB SP-338049   PODER JUDICIÁRIO JUSTIÇA DO TRABALHO TRIBUNAL REGIONAL DO TRABALHO DA 15ª REGIÃO ÓRGÃO ESPECIAL - ANÁLISE DE RECURSO Relator: ORLANDO AMANCIO TAVEIRA ROT 0010474-33.2023.5.15.0082 RECORRENTE: ANDRE LUIZ MARCHI E OUTROS (1) RECORRIDO: ANDRE LUIZ MARCHI E OUTROS (2) INTIMAÇÃO Fica V. Sa. intimado para tomar ciência da Decisão ID 2fe72d9 proferida nos autos. ROT 0010474-33.2023.5.15.0082 - 11ª Câmara Recorrente: Advogado(s): 1. PACAEMBU CONSTRUTORA S.A. NATHALIA CAROLINE CORREIA GARCIA (SP338049) Recorrido: Advogado(s): ANDRE LUIZ MARCHI THAIS OLIVEIRA PULICI (SP310768) Recorrido: BRUMAR DE MARILIA PORTARIA E LIMPEZA LTDA - ME Recorrido: SITRAN SINALIZACAO DE TRANSITO INDUSTRIAL LTDA RECURSO DE: PACAEMBU CONSTRUTORA S.A. A reclamada opõe embargos de declaração em face da decisão de admissibilidade de recurso de revista, alegando omissão ao apreciar os pressupostos intrínsecos do apelo . É a síntese do necessário. DECISÃO São cabíveis os embargos de declaração de decisão em juízo de admissibilidade de recurso de revista, na forma do art. 897-A da CLT e, supletivamente, das normas previstas no Código de Processo Civil (art. 9º da IN 39/TST). Conheço dos embargos declaratórios, porque presentes os pressupostos de admissibilidade. Razão parcial assiste à parte. Realmente há vício a ser sanado, o que é feito com os fundamentos adiante, que ficam fazendo parte da decisão anterior: LIMITAÇÃO DA RESPONSABILIDADE AO PERÍODO DA PRESTAÇÃO DE SERVIÇOS APLICAÇÃO DO TEMA 120 DO TST A v. decisão não adotou tese explícita acerca de tais questões, o que inviabiliza o apelo, com base na Súmula 297 do C. TST. Diante do exposto, decido conhecer e acolher os embargos de declaração opostos, na forma da fundamentação, que fica fazendo parte integrante da decisão em juízo de admissibilidade de recurso de revista. Publique-se e intimem-se. CAMPINAS/SP, 10 de agosto de 2026 WILTON BORBA CANICOBA Desembargador Federal do Trabalho Gabinete da Vice-Presidência Judicial - Análise de Recurso (sgs)Intimado(s) / Citado(s) - ANDRE LUIZ MARCHI - PACAEMBU CONSTRUTORA S.A."
1649957.0,18/08/2026,24/08/2026,,Laryssa Mazo Pintor de Lima Rodrigues,5293,Nathalia Garcia,2821,Verificar Despacho,Compromisso (Prazo),Concluído,0000897-32.2023.5.09.0653,428823,Mario Cesar Fernandes da Silva,Trabalhista,Jurídico Trabalhista,,"Lary 18/08: Intimação do reclamante para que manifesta-se sobre as diligências efetuadas em face da 1ª Reclamada - Siqueira. Nada fazer. 

D J E N - TRT9
Disponibilização: segunda-feira, 17 de agosto de 2026.
Arquivo: 1
Publicação: 2336

TRT9 Diário de Justiça Eletrônico Nacional

Intimação Processo: 0000897-32.2023.5.09.0653   Órgão: VARA DO TRABALHO DE ARAPONGAS  Data de disponibilização:   Tipo de comunicação: Intimação  Meio: Diário de Justiça Eletrônico Nacional   Parte(s):   MARIO CESAR FERNANDES DA SILVA  MIGUEL ANTONIO MINIELLO  VARA DO TRABALHO DE LINS - SP  PACAEMBU ARAPONGAS 1 - EMPREENDIMENTO IMOBILIARIO LTDA  SIQUEIRA CONSTRUTORA EDIFICACOES E REFORMAS LTDA   Advogado(s)   ITACIR JOAQUIM DA SILVA  OAB PR-15208  NATHALIA CAROLINE CORREIA GARCIA  OAB SP-338049   PODER JUDICIÁRIO JUSTIÇA DO TRABALHO TRIBUNAL REGIONAL DO TRABALHO DA 9ª REGIÃO VARA DO TRABALHO DE ARAPONGAS ATSum 0000897-32.2023.5.09.0653 AUTOR: MARIO CESAR FERNANDES DA SILVA RÉU: PACAEMBU ARAPONGAS 1 - EMPREENDIMENTO IMOBILIARIO LTDA E OUTROS (1) Intima-se o exequente para vista dos resultados das diligências, pelo prazo de 30 dias. ARAPONGAS/PR, 13 de agosto de 2026. JOSE DIAS DE OLIVAIntimado(s) / Citado(s) - MARIO CESAR FERNANDES DA SILVA"
1649953.0,18/08/2026,24/08/2026,,Laryssa Mazo Pintor de Lima Rodrigues,5293,Nathalia Garcia,2821,Verificar Despacho,Compromisso (Prazo),Concluído,0001084-13.2025.5.22.0102,468293,Ernando Rodrigues Ferreira,Trabalhista,Jurídico Trabalhista,,"Lary 18/08:  Comprovada a obrigação de pagar pela 1ª reclamada, foi declarado extinta a execução, arquivem-se os autos em definitivo.Nada fazr. 

D J E N - TRT22
Disponibilização: segunda-feira, 17 de agosto de 2026.
Arquivo: 1
Publicação: 196

TRT22 Diário de Justiça Eletrônico Nacional

Intimação Processo: 0001084-13.2025.5.22.0102   Órgão: Vara do Trabalho de São Raimundo Nonato  Data de disponibilização:   Tipo de comunicação: Intimação  Meio: Diário de Justiça Eletrônico Nacional   Parte(s):   ADILSON BOSON ALMEIDA JUNIOR  ERNANDO RODRIGUES FERREIRA  AVN CONSTRUCOES LTDA  PACAEMBU CONSTRUTORA   Advogado(s)   ESDRAS IGINO DA SILVA  OAB SP-193586  RAYMSANDRESON DE MORAIS PRUDENCIO  OAB PI-10949  CARLOS ANTONIO NOGUEIRA ANDRADE  OAB SP-459112  NATHALIA CAROLINE CORREIA GARCIA  OAB SP-338049   PODER JUDICIÁRIO JUSTIÇA DO TRABALHO TRIBUNAL REGIONAL DO TRABALHO DA 22ª REGIÃO VARA DO TRABALHO DE SÃO RAIMUNDO NONATO ATOrd 0001084-13.2025.5.22.0102 AUTOR: ERNANDO RODRIGUES FERREIRA RÉU: AVN CONSTRUCOES LTDA E OUTROS (1) INTIMAÇÃO Fica V. Sa. intimado para tomar ciência do Despacho ID f7b6cba proferido nos autos. DESPACHO Comprovada a obrigação de pagar pela reclamada, declaro extinta a execução, arquivem-se os autos em definitivo. Nada mais. SAO RAIMUNDO NONATO/PI, 14 de agosto de 2026. GUSTAVO RIBEIRO MARTINS Juiz Titular de Vara do TrabalhoIntimado(s) / Citado(s) - PACAEMBU CONSTRUTORA - AVN CONSTRUCOES LTDA"
1649952.0,18/08/2026,24/08/2026,,Laryssa Mazo Pintor de Lima Rodrigues,5293,Nathalia Garcia,2821,Verificar Despacho,Compromisso (Prazo),Concluído,0000660-85.2026.5.23.0076,472755,Wilson Paz Bezerra,Trabalhista,Jurídico Trabalhista,,"Lary 18/08: Processo arquivado e audiência cancelada, diante da ausência de intimação da 1ª Reclamada. Nada fazer. 

D J E N - TRT23
Disponibilização: segunda-feira, 17 de agosto de 2026.
Arquivo: 1
Publicação: 1494

TRT23 Diário de Justiça Eletrônico Nacional

Intimação Processo: 0000660-85.2026.5.23.0076   Órgão: VARA DO TRABALHO DE PRIMAVERA DO LESTE  Data de disponibilização:   Tipo de comunicação: Intimação  Meio: Diário de Justiça Eletrônico Nacional   Parte(s):   WILSON PAZ BEZERRA  MENDES & MENDES GESSO LTDA  PACAEMBU CONSTRUTORA S.A.   Advogado(s)   ORLANGELA BARROS CAVALCANTE  OAB SP-319054  NATHALIA CAROLINE CORREIA GARCIA  OAB SP-338049   PODER JUDICIÁRIO JUSTIÇA DO TRABALHO PJE - PROCESSO JUDICIAL ELETRÔNICO - 23ª REGIÃO VARA DO TRABALHO DE PRIMAVERA DO LESTE ATSum 0000660-85.2026.5.23.0076 RECLAMANTE: WILSON PAZ BEZERRA RECLAMADO: MENDES & MENDES GESSO LTDA E OUTROS (1) INTIMAÇÃO Fica V. Sa. intimado para tomar ciência da Sentença ID 10772c4 proferida nos autos, cujo dispositivo consta a seguir: Vistos, etc. Trata-se de reclamação trabalhista submetida ao procedimento sumaríssimo, na forma do caput do art. 852-A da CLT. Expedida notificação ao primeiro reclamado, no endereço indicado na petição inicial, a diligência resultou negativa. Nos termos do inciso II do art. 852-B da CLT, incumbe ao autor a correta indicação do nome e endereço do reclamado, o que não ocorreu. Deferiu-se o requerimento do reclamante para concessão de prazo para fornecimento de endereço. O reclamante não cumpriu a diligência. Logo, julgo extinto o processo sem resolução de mérito, com fundamento no § 1° do art. 852-B da CLT, que estabelece que o não atendimento, pelo reclamante, do disposto no inciso II do artigo em questão importará no arquivamento da reclamação. Custas processuais sobre o valor da causa, no importe de R$ 776,37, a cargo da parte reclamante, dispensadas, ante a concessão à parte dos benefícios da justiça gratuita. Retirem-se os autos de pauta. Arquivem-se os autos com as cautelas de praxe. Ciência à parte autora. JOAO LUCAS PARETA DEGRAF Juiz(a) do Trabalho Substituto(a)Intimado(s) / Citado(s) - WILSON PAZ BEZERRA"
1649947.0,18/08/2026,24/08/2026,,Laryssa Mazo Pintor de Lima Rodrigues,5293,Nathalia Garcia,2821,Verificar Despacho,Compromisso (Prazo),Concluído,0000419-34.2026.5.23.0037,472905,Domingos Batista dos Santos,Trabalhista,Jurídico Trabalhista,,"Lary 25/08: Pericia na pauta e sistema. Nada fazer. 

Lary 18/08: Designada perícia técnica para o dia 10/09/2026, às 10h, no local RHODIVI Morada do Bosque - Pacaembu Sinop.. Não finalizei para acompanhar agendamento. Ajustar para 19/08. 

D J E N - TRT23
Disponibilização: segunda-feira, 17 de agosto de 2026.
Arquivo: 1
Publicação: 3895

TRT23 Diário de Justiça Eletrônico Nacional

Intimação Processo: 0000419-34.2026.5.23.0037   Órgão: 2ª VARA DO TRABALHO DE SINOP  Data de disponibilização:   Tipo de comunicação: Intimação  Meio: Diário de Justiça Eletrônico Nacional   Parte(s):   DOMINGOS BATISTA DOS SANTOS  RODRIGO EDUARDO FIGUEIREDO FERREIRA  ALPHA INFRAESTRUTURAS E URBANIZACOES LTDA  PACAEMBU CONSTRUTORA S.A.   Advogado(s)   ARAMIS MELO FRANCO  OAB MT-7816-B  YVES PATRICK PESCATORI GALENDI  OAB SP-316599  VANESSA BAROLI BARBOSA DE OLIVEIRA  OAB PA-21876  NATHALIA CAROLINE CORREIA GARCIA  OAB SP-338049   PODER JUDICIÁRIO JUSTIÇA DO TRABALHO PJE - PROCESSO JUDICIAL ELETRÔNICO - 23ª REGIÃO 2ª VARA DO TRABALHO DE SINOP ATOrd 0000419-34.2026.5.23.0037 RECLAMANTE: DOMINGOS BATISTA DOS SANTOS RECLAMADO: ALPHA INFRAESTRUTURAS E URBANIZACOES LTDA E OUTROS (1) ATO ORDINATÓRIO ATO ORDINATÓRIO praticado conforme delegação do art. 113, parágrafo único, da Consolidação Normativa do TRT da 23ª Região, Item 31 do Anexo IV do Provimento TRT 05/06. “A intimação das partes da data, horário e local designados pelo perito nomeado pelo Juízo para realização dos trabalhos periciais. ” INTIMAÇÃO DAS PARTES: De acordo com o permissivo praticado conforme delegação do artigo 89, parágrafo único, da Consolidação Normativa do TRT – 23ª Região. Item n.º ‘ 31’ do anexo IV do Provimento TRT 05/06, intimo as partes acerca da data, horário e local designados pelo perito para realização da perícia, conforme informações #id:09209be. SINOP/MT, 15 de agosto de 2026. LUCIANO CARDOSO CRUZ ServidorIntimado(s) / Citado(s) - PACAEMBU CONSTRUTORA S.A."
1649582.0,07/09/2026,08/09/2026,,Lawrencce Van Hornn Liberatori da Silva,9293,Nathalia Garcia,2821,Contestação,Compromisso (Prazo),Não iniciado,5706111-75.2026.8.09.0149,473964,Raniele da Silva dos Santos,Cível,Thaia - Escritório RST&A,,Pendente - Aguardando minuta
1649578.0,28/09/2026,29/09/2026,,Lawrencce Van Hornn Liberatori da Silva,9293,Nathalia Garcia,2821,Audiência de Conciliação,Compromisso (Prazo),Não iniciado,5706111-75.2026.8.09.0149,473964,Raniele da Silva dos Santos,Cível,Thaia - Escritório RST&A,,Videoconferência - O não comparecimento poderá ensejar multa de 2%
1649521.0,21/08/2026,24/08/2026,,Amanda Carvalho Martins,9353,Nathalia Garcia,2821,Questões de fato e de direito,Compromisso (Prazo),Cancelado,0016268-61.2026.8.16.0014,472087,Arlete Pereira dos Santos,Cível,Thaia - Escritório RST&A,,as determinações já foram cumpridas. A decisão somente nos intimou para ciência. Não temos nada a fazer.
1649418.0,21/08/2026,24/08/2026,,Lawrencce Van Hornn Liberatori da Silva,9293,Nathalia Garcia,2821,Embargos de declaração,Compromisso (Prazo),Cancelado,0002351-76.2026.8.16.0045,471822,Taisa Maria da Silva,Cível,Bruno - Escritório RST&A,,Prazo agendado erroneamente
1649417.0,07/09/2026,08/09/2026,,Lawrencce Van Hornn Liberatori da Silva,9293,Nathalia Garcia,2821,Pagamento de Honorários,Compromisso (Prazo),Não iniciado,0011770-91.2024.8.16.0045,461955,Marlene Soares Baio,Cível,Bruno - Escritório RST&A,,Pendente - Aguardando guia
1649415.0,03/09/2026,04/09/2026,,Amanda Carvalho Martins,9353,Nathalia Garcia,2821,Quesitos e assistente técnico,Compromisso (Prazo),Não iniciado,0001023-14.2026.8.16.0045,471698,Julio Cesar Teixeira,Cível,Bruno - Escritório RST&A,,Pendente - Aguardando minuta
1649414.0,03/09/2026,04/09/2026,,Amanda Carvalho Martins,9353,Nathalia Garcia,2821,Quesitos e assistente técnico,Compromisso (Prazo),Não iniciado,0001024-96.2026.8.16.0045,472179,Marcia Cristina da Silva,Cível,Bruno - Escritório RST&A,,Pendente - Aguardando minuta
1649412.0,07/09/2026,08/09/2026,,Amanda Carvalho Martins,9353,Nathalia Garcia,2821,Quesitos e assistente técnico,Compromisso (Prazo),Não iniciado,0003770-34.2026.8.16.0045,472125,Zaquel Gonçalves Soares,Cível,Bruno - Escritório RST&A,,Pendente - Aguardando minuta
1649410.0,07/09/2026,08/09/2026,,Amanda Carvalho Martins,9353,Nathalia Garcia,2821,Quesitos e assistente técnico,Compromisso (Prazo),Não iniciado,0003729-67.2026.8.16.0045,472128,Jean Mirteau Bazelais,Cível,Bruno - Escritório RST&A,,Pendente - Aguardando minuta
1649409.0,21/08/2026,24/08/2026,,Amanda Carvalho Martins,9353,Nathalia Garcia,2821,Erro,Compromisso (Prazo),Cancelado,0014199-94.2025.8.16.0045,471940,Ana Paula de Oliveira,Cível,Bruno - Escritório RST&A,,Erro
1649408.0,07/09/2026,08/09/2026,,Amanda Carvalho Martins,9353,Nathalia Garcia,2821,Quesitos e assistente técnico,Compromisso (Prazo),Não iniciado,0014199-94.2025.8.16.0045,471940,Ana Paula de Oliveira,Cível,Bruno - Escritório RST&A,,Pendente - Aguardando minuta
1649405.0,03/09/2026,04/09/2026,,Amanda Carvalho Martins,9353,Nathalia Garcia,2821,Quesitos e assistente técnico,Compromisso (Prazo),Não iniciado,0001079-47.2026.8.16.0045,472181,Isaque Antunes,Cível,Bruno - Escritório RST&A,,Pendente - Aguardando minuta
1649404.0,07/09/2026,08/09/2026,,Lawrencce Van Hornn Liberatori da Silva,9293,Nathalia Garcia,2821,Apelação,Compromisso (Prazo),Não iniciado,0011743-11.2024.8.16.0045,460925,Ana Paula Aparecida Roza,Cível,Bruno - Escritório RST&A,,Pendente - Aguardando minuta
1649403.0,21/08/2026,24/08/2026,,Lawrencce Van Hornn Liberatori da Silva,9293,Nathalia Garcia,2821,Embargos de declaração,Compromisso (Prazo),Finalizado pelo Encarregado(a),0011743-11.2024.8.16.0045,460925,Ana Paula Aparecida Roza,Cível,Bruno - Escritório RST&A,,Minuta protocolada em 24.08.2026.
1649402.0,25/08/2026,26/08/2026,,Marina Luise Campana Perini,8560,Nathalia Garcia,2821,Julgamento,Compromisso (Prazo),Cancelado,1040075-19.2022.8.26.0576,363212,Claudemiro Aparecido Lacerda,Cível,Thaia - Escritório RST&A,,Julgamento
1649400.0,14/08/2026,17/08/2026,,Amanda Carvalho Martins,9353,Nathalia Garcia,2821,Envio da Contranotificação,Compromisso (Prazo),Concluído,0246-26,473957,Karina dos Santos Dantas,,Jurídico Notificação,,Contranotificação protocolada em 17.08.2026.
1649399.0,14/08/2026,17/08/2026,,Marina Luise Campana Perini,8560,Nathalia Garcia,2821,Envio da Contranotificação,Compromisso (Prazo),Concluído,0245-26,473956,Jessica Campos,,Jurídico Notificação,,Contranotificação protocolada em 17.08.2026.
1649385.0,24/08/2026,25/08/2026,,Marina Luise Campana Perini,8560,Nathalia Garcia,2821,Envio da Contranotificação,Compromisso (Prazo),Finalizado pelo Encarregado(a),0244-26,473952,Ronilson Bata Rodrigues,,Jurídico Notificação,,Contranotificação protocolada em 25.08.2026.
1649313.0,21/08/2026,24/08/2026,,Laryssa Mazo Pintor de Lima Rodrigues,5293,Nathalia Garcia,2821,Exceção de Incompetência Territorial,Compromisso (Prazo),Concluído,0012058-33.2026.5.15.0082,473950,Francisco Sousa do Nascimento,Trabalhista,Jurídico Trabalhista,,Lary 21/08: Reclamante trabalhou em São José do Rio Preto e o processo foi ajuizado em São José do Rio Preto. Nada fazer.
1649309.0,13/10/2026,20/10/2026,,Laryssa Mazo Pintor de Lima Rodrigues,5293,Nathalia Garcia,2821,Defesa e documentos,Compromisso (Prazo),Não iniciado,0012058-33.2026.5.15.0082,473950,Francisco Sousa do Nascimento,Trabalhista,Jurídico Trabalhista,,
1649307.0,20/10/2026,21/10/2026,,Laryssa Mazo Pintor de Lima Rodrigues,5293,Nathalia Garcia,2821,Audiência Una,Compromisso (Prazo),Não iniciado,0012058-33.2026.5.15.0082,473950,Francisco Sousa do Nascimento,Trabalhista,Jurídico Trabalhista,,Telepresencial
1649139.0,20/08/2026,21/08/2026,,Amanda Carvalho Martins,9353,Nathalia Garcia,2821,Julgamento,Compromisso (Prazo),Concluído,0005137-30.2025.8.16.0045,464031,Elisangela Marcondes Leal,Cível,Bruno - Escritório RST&A,,Conhecido o recurso de parte e provido
1649138.0,19/08/2026,20/08/2026,,Lawrencce Van Hornn Liberatori da Silva,9293,Nathalia Garcia,2821,Julgamento,Compromisso (Prazo),Concluído,1003744-87.2023.8.26.0322,411206,Beatriz Fernandes Moreira,Cível,Bruno - Escritório RST&A,,Eds rejeitados
1649137.0,19/08/2026,20/08/2026,,Marina Luise Campana Perini,8560,Nathalia Garcia,2821,Julgamento,Compromisso (Prazo),Concluído,0006435-68.2023.8.26.0071,386867,Luiz Henrique Vendramin Rosalin,Cível,Bruno - Escritório RST&A,,Rejeitaram os Eds
1649136.0,17/08/2026,18/08/2026,,Marina Luise Campana Perini,8560,Nathalia Garcia,2821,Julgamento,Compromisso (Prazo),Concluído,1056623-85.2023.8.26.0576,442222,Rodrigo da Silva Tomaz,Cível,Bruno - Escritório RST&A,,Negado provimento ao recurso
1649115.0,12/10/2026,13/10/2026,,Laryssa Mazo Pintor de Lima Rodrigues,5293,Nathalia Garcia,2821,Audiência Inicial,Compromisso (Audiência),Não iniciado,0010485-20.2026.5.15.0062,471135,Hermann Rotterdan Nogueira de Mattos,Trabalhista,Jurídico Trabalhista,,Telepresencial
1649107.0,18/08/2026,21/08/2026,,Laryssa Mazo Pintor de Lima Rodrigues,5293,Nathalia Garcia,2821,Verificar Despacho,Compromisso (Prazo),Concluído,0011390-34.2026.5.15.0059,472937,Júlio César de Oliveira da Conceição,Trabalhista,Jurídico Trabalhista,,"Lary 21/08: Audiência na pauta e sistema. Nada fazer. 

Lary 18/08: Redesignada a audiência Una por videoconferência, para o dia 06/04/2027 09:30. Não finalizei para acompanhar. Ajustar para dia 19/08.

D J E N - TRT15
Disponibilização: sexta-feira, 14 de agosto de 2026.
Arquivo: 1

Publicação: 21915

TRT15 Diário de Justiça Eletrônico Nacional

Intimação Processo: 0011390-34.2026.5.15.0059   Órgão: CON1 - São José dos Campos  Data de disponibilização:   Tipo de comunicação: Intimação  Meio: Diário de Justiça Eletrônico Nacional   Parte(s):   JULIO CESAR DE OLIVEIRA DA CONCEICAO  PACAEMBU CONSTRUTORA S.A.   Advogado(s)   FELIPE RODRIGUES DA SILVA  OAB SP-473705  TAISSA FURTADO GATTO  OAB RJ-126725  NATHALIA CAROLINE CORREIA GARCIA  OAB SP-338049   PODER JUDICIÁRIO JUSTIÇA DO TRABALHO TRIBUNAL REGIONAL DO TRABALHO DA 15ª REGIÃO CON1 - SÃO JOSÉ DOS CAMPOS ATOrd 0011390-34.2026.5.15.0059 AUTOR: JULIO CESAR DE OLIVEIRA DA CONCEICAO RÉU: PACAEMBU CONSTRUTORA S.A. INTIMAÇÃO Fica V. Sa. intimado para tomar ciência do Despacho ID 129c752 proferido nos autos. Órgão Julgador de Origem: VARA DO TRABALHO DE PINDAMONHANGABA Prioridade(s): Pagamento de Salário DESPACHO Por readequação de pauta, redesigno a audiência Una por videoconferência, para o dia 06/04/2027 09:30, mantidas as cominações anteriores, devendo as partes e advogada(o)(s) acessarem o link de acesso à sala virtual com a utilização da plataforma ZOOM, conforme abaixo: https://trt15-jus-br.zoom.us/j/81709324031?pwd=FfoESg1GJL3oJJfbnaXk9snt4XwdCo.1 ID da reunião: 817 0932 4031 Senha de acesso: 0059 Advogada(s)(o)(s) e partes deverão, OBRIGATORIAMENTE, antes de ingressarem na audiência, inserir seus dados corretos para participação na sessão, da seguinte forma: a) ADVOGADA(S)(O)(S): HORÁRIO DA AUDIÊNCIA – NOME – OAB. b) PARTES: HORÁRIO DA AUDIÊNCIA – NOME – Reclamante ou Reclamado; Intimem-se. SAO JOSE DOS CAMPOS/SP, 13 de agosto de 2026 GABRIEL BORASQUE DE PAULA Juiz do Trabalho SubstitutoIntimado(s) / Citado(s) - PACAEMBU CONSTRUTORA S.A."
1649105.0,17/08/2026,21/08/2026,,Laryssa Mazo Pintor de Lima Rodrigues,5293,Nathalia Garcia,2821,Verificar Despacho,Compromisso (Prazo),Concluído,0001335-10.2025.5.23.0003,469713,Elvis Luan Almeida Cardim,Trabalhista,Jurídico Trabalhista,,"Lary 17/08: Apenas a Pacaembu apresentou embargos de declaração. Prazo para o reclamante manifestar-se, tendo em vista o possivel efeito modificativo. Nada fazer. 

D J E N - TRT23
Disponibilização: sexta-feira, 14 de agosto de 2026.
Arquivo: 1
Publicação: 2265

TRT23 Diário de Justiça Eletrônico Nacional

Intimação Processo: 0001335-10.2025.5.23.0003   Órgão: 3ª VARA DO TRABALHO DE CUIABÁ  Data de disponibilização:   Tipo de comunicação: Intimação  Meio: Diário de Justiça Eletrônico Nacional   Parte(s):   ELVIS LUAN ALMEIDA CARDIM  MAIARA ALVES CARVALHO  PACAEMBU CONSTRUTORA S.A.   Advogado(s)   PAULA FERNANDA WINTER BUSS  OAB MS-25522  NATHALIA CAROLINE CORREIA GARCIA  OAB SP-338049   PODER JUDICIÁRIO JUSTIÇA DO TRABALHO PJE - PROCESSO JUDICIAL ELETRÔNICO - 23ª REGIÃO 3ª VARA DO TRABALHO DE CUIABÁ ATSum 0001335-10.2025.5.23.0003 RECLAMANTE: ELVIS LUAN ALMEIDA CARDIM RECLAMADO: MAIARA ALVES CARVALHO E OUTROS (1) INTIMAÇÃO Fica V. Sa. intimado para tomar ciência da Decisão ID b3ae549 proferida nos autos. Vistos, etc. 1. Recebo os embargos de declaração opostos, eis que presentes os pressupostos de admissibilidade. 2. Intime-se a parte adversa para, querendo, contraminutá-los no prazo legal, sob pena de preclusão. 3. Apresentada a contraminuta ou decorrendo in albis o prazo, volvam os autos conclusos para julgamento. CUIABA/MT, 13 de agosto de 2026. PABLO SALDIVAR DA SILVA Juiz(a) do Trabalho Substituto(a)Intimado(s) / Citado(s) - PACAEMBU CONSTRUTORA S.A."
1649104.0,17/08/2026,21/08/2026,,Laryssa Mazo Pintor de Lima Rodrigues,5293,Nathalia Garcia,2821,Verificar Despacho,Compromisso (Prazo),Concluído,0000580-20.2026.5.05.0401,473880,José Roberto de Jesus Viana,Trabalhista,Jurídico Trabalhista,,"Lary 17/08: Diante da exceção de incompetência apresentada pelas reclamadas, a audiência do dia 13/10/2026, às 13:40 foi CANCELADA. Sem nova data. Sistema atualizado.

D J E N - TRT5
Disponibilização: sexta-feira, 14 de agosto de 2026.
Arquivo: 1
Publicação: 8432

TRT5 Diário de Justiça Eletrônico Nacional

Intimação Processo: 0000580-20.2026.5.05.0401   Órgão: Vara do Trabalho de Cruz das Almas  Data de disponibilização:   Tipo de comunicação: Intimação  Meio: Diário de Justiça Eletrônico Nacional   Parte(s):   JOSE ROBERTO DE JESUS VIANA  EMPREITEIRA CAMPUS LTDA  PACAEMBU CONSTRUTORA S.A.   Advogado(s)   LORENA PRAZERES LEAL  OAB BA-29430  WAGNER DEZEM  OAB SP-368419  NATHALIA CAROLINE CORREIA GARCIA  OAB SP-338049   PODER JUDICIÁRIO JUSTIÇA DO TRABALHO TRIBUNAL REGIONAL DO TRABALHO DA 5ª REGIÃO VARA DO TRABALHO DE CRUZ DAS ALMAS ATOrd 0000580-20.2026.5.05.0401 RECLAMANTE: JOSE ROBERTO DE JESUS VIANA RECLAMADO: EMPREITEIRA CAMPUS LTDA E OUTROS (1) INTIMAÇÃO Fica V. Sa. intimado para tomar ciência do Despacho ID 0b76750 proferido nos autos. Dê-se vista ao Autor da Exceção de Incompetência em Razão do Lugar de ID 8949622. Prazo de05 (cinco) dias. Diante das Exceções de Incompetência apresentadas, o Juízo cancelou a audiência do dia 13/10/2026. CRUZ DAS ALMAS/BA, 13 de agosto de 2026. IONE LAGO SANTANA Juíza do Trabalho TitularIntimado(s) / Citado(s) - EMPREITEIRA CAMPUS LTDA - PACAEMBU CONSTRUTORA S.A."
1649080.0,02/10/2026,05/10/2026,,Laryssa Mazo Pintor de Lima Rodrigues,5293,Nathalia Garcia,2821,Audiência Una,Compromisso (Prazo),Concluído,0000621-08.2026.5.23.0038,473624,Lucas Cristiano Alves dos Santos,Trabalhista,Jurídico Trabalhista,,"Presencial

João 19/08: Audiência redesignada para o dia 18/09/2026"
1649075.0,19/08/2026,20/08/2026,,Marina Luise Campana Perini,8560,Nathalia Garcia,2821,Especificação de Provas,Compromisso (Prazo),Concluído,1009791-10.2025.8.26.0451,465671,Richard Ryan Rigo,Cível,Bruno - Escritório RST&A,,Minuta protocolada em 19.08.2026.
1649074.0,19/08/2026,20/08/2026,,Lawrencce Van Hornn Liberatori da Silva,9293,Nathalia Garcia,2821,Reiterar Agravo em REsp,Compromisso (Prazo),Concluído,1003911-07.2023.8.26.0322,411210,Elaine Aparecida Dias,Cível,Bruno - Escritório RST&A,,"Saiu decisão para conrtaminutar, não foi necessário"
1649073.0,19/08/2026,20/08/2026,,Amanda Carvalho Martins,9353,Nathalia Garcia,2821,Manifestação aos Esclarecimentos,Compromisso (Prazo),Concluído,0010992-24.2024.8.16.0045,461603,Simone Dutra,Cível,Bruno - Escritório RST&A,,Minuta protocolada em 20.08.2026.
1649071.0,17/08/2026,18/08/2026,,Marina Luise Campana Perini,8560,Nathalia Garcia,2821,Manifestação aos documentos,Compromisso (Prazo),Concluído,4004264-69.2025.8.26.0566,471749,Havelange dos Santos Cruz,Cível,Bruno - Escritório RST&A,,Pendente validação - minuta recebida em 12.08.2026.
1649070.0,16/11/2026,20/11/2026,,Laryssa Mazo Pintor de Lima Rodrigues,5293,Nathalia Garcia,2821,Defesa e documentos,Compromisso (Prazo),Não iniciado,0010566-49.2026.5.15.0100,473929,Cesar Roberto de Almeida,Trabalhista,Jurídico Trabalhista,,
1649069.0,19/08/2026,20/08/2026,,Marina Luise Campana Perini,8560,Nathalia Garcia,2821,Reiterar Agravo em Resp,Compromisso (Prazo),Concluído,1003756-04.2023.8.26.0322,411203,Nathalia Andreza Canteiro de Lima,Cível,Bruno - Escritório RST&A,,"Saiu decisão para contraminutar, não foi necessário"
1649068.0,20/11/2026,23/11/2026,,Laryssa Mazo Pintor de Lima Rodrigues,5293,Nathalia Garcia,2821,Audiência Inicial,Compromisso (Prazo),Não iniciado,0010566-49.2026.5.15.0100,473929,Cesar Roberto de Almeida,Trabalhista,Jurídico Trabalhista,,Telepresencial
1649066.0,18/08/2026,19/08/2026,,Lawrencce Van Hornn Liberatori da Silva,9293,Nathalia Garcia,2821,Embargos de declaração,Compromisso (Prazo),Concluído,1019831-85.2024.8.26.0451,453203,Wilson Roberto Ferrazzi,Cível,Bruno - Escritório RST&A,,Minuta protocolada em 19.08.2026.
1649065.0,18/08/2026,19/08/2026,,Lawrencce Van Hornn Liberatori da Silva,9293,Nathalia Garcia,2821,Embargos de declaração,Compromisso (Prazo),Concluído,1021113-95.2023.8.26.0451,439383,Anderson Bezerra Santos Souza,Cível,Bruno - Escritório RST&A,,Minuta protocolada em 19.08.2026.
1649063.0,14/08/2026,17/08/2026,,Lawrencce Van Hornn Liberatori da Silva,9293,Nathalia Garcia,2821,Embargos de declaração,Compromisso (Prazo),Concluído,0008780-26.2024.8.16.0014,444895,Lucimara Alves Cabral,Cível,Bruno - Escritório RST&A,,Dispensado
1649049.0,09/02/2027,11/02/2027,,Laryssa Mazo Pintor de Lima Rodrigues,5293,Nathalia Garcia,2821,Audiência de Instrução,Compromisso (Audiência),Não iniciado,0010002-22.2026.5.15.0116,470279,Geyse Cristina Soares de Oliveira,Trabalhista,Jurídico Trabalhista,,Presencial
1649048.0,11/02/2027,12/02/2027,,Laryssa Mazo Pintor de Lima Rodrigues,5293,Nathalia Garcia,2821,Esclarecimentos Periciais,Compromisso (Prazo),Não iniciado,0010002-22.2026.5.15.0116,470279,Geyse Cristina Soares de Oliveira,Trabalhista,Jurídico Trabalhista,,
1649047.0,20/01/2027,29/01/2027,,Laryssa Mazo Pintor de Lima Rodrigues,5293,Nathalia Garcia,2821,Impugnação ao Laudo Pericial,Compromisso (Prazo),Não iniciado,0010002-22.2026.5.15.0116,470279,Geyse Cristina Soares de Oliveira,Trabalhista,Jurídico Trabalhista,,
1649046.0,31/08/2026,01/09/2026,,Amanda Carvalho Martins,9353,Nathalia Garcia,2821,Envio da Contranotificação,Compromisso (Prazo),Não iniciado,0243-26,473927,Jaira Barros Gomes,,Jurídico Notificação,,"Pendente - elaborar. 
Verificar o protocolo."
1649043.0,03/12/2026,04/12/2026,,Laryssa Mazo Pintor de Lima Rodrigues,5293,Nathalia Garcia,2821,Laudo Pericial,Compromisso (Prazo),Não iniciado,0010002-22.2026.5.15.0116,470279,Geyse Cristina Soares de Oliveira,Trabalhista,Jurídico Trabalhista,,
1649042.0,02/09/2026,03/09/2026,,Laryssa Mazo Pintor de Lima Rodrigues,5293,Nathalia Garcia,2821,Quesitos e assistente técnico,Compromisso (Prazo),Não iniciado,0010002-22.2026.5.15.0116,470279,Geyse Cristina Soares de Oliveira,Trabalhista,Jurídico Trabalhista,,
1649026.0,17/08/2026,18/08/2026,,Lawrencce Van Hornn Liberatori da Silva,9293,Nathalia Garcia,2821,Especificação de Provas,Compromisso (Prazo),Concluído,4007623-43.2026.8.26.0032,472820,Ednaldo de Souza,Cível,Thaia - Escritório RST&A,,MInuta protocolada em 18.08.2026.
1649008.0,17/08/2026,18/08/2026,,Marina Luise Campana Perini,8560,Nathalia Garcia,2821,Contrarrazões de Agravo em Recurso Especial,Compromisso (Prazo),Concluído,1051898-19.2024.8.26.0576,459452,Vanessa Perpetua Barrionuevo,Cível,Thaia - Escritório RST&A,,Minuta protocolada em 18.08.2026.
1649006.0,20/08/2026,21/08/2026,,Lawrencce Van Hornn Liberatori da Silva,9293,Nathalia Garcia,2821,Manifestação Reforçando Pagamento de Honorários,Compromisso (Prazo),Concluído,4004877-12.2026.8.26.0451,472394,Gabriel Togni Correa,Cível,Thaia - Escritório RST&A,,Minuta protocolada em 18.08.2026.
1649005.0,20/08/2026,21/08/2026,,Lawrencce Van Hornn Liberatori da Silva,9293,Nathalia Garcia,2821,Quesitos e assistente técnico,Compromisso (Prazo),Concluído,1047885-74.2024.8.26.0576,456718,Adrielle Souza Paschoalino Amorim,Cível,Thaia - Escritório RST&A,,Minuta protocolada em 21.08.2026
1649003.0,20/08/2026,21/08/2026,,Amanda Carvalho Martins,9353,Nathalia Garcia,2821,Quesitos e assistente técnico,Compromisso (Prazo),Concluído,1037662-28.2025.8.26.0576,472178,Selma Efigênia Ramalho,Cível,Thaia - Escritório RST&A,,Minuta protocolada em 21.08.2026.
1649002.0,20/08/2026,21/08/2026,,Laryssa Mazo Pintor de Lima Rodrigues,5293,Nathalia Garcia,2821,Exceção de Incompetência Territorial,Compromisso (Prazo),Concluído,0011239-26.2026.5.15.0073,473925,Walber Pinto Alves,Trabalhista,Jurídico Trabalhista,,"Lary 20/08: Nesse caso, não cabe exceção de incompetência. Processo habilitado. Nada fazer."
1649001.0,20/08/2026,21/08/2026,,Marina Luise Campana Perini,8560,Nathalia Garcia,2821,Carta de Preposição,Compromisso (Prazo),Concluído,4012579-56.2025.8.26.0576,470210,Renato Ferreira de Souza,Cível,Thaia - Escritório RST&A,,Carta enviada
1649000.0,18/08/2026,19/08/2026,,Lawrencce Van Hornn Liberatori da Silva,9293,Nathalia Garcia,2821,Contrarrazões ao Recurso Inominado,Compromisso (Prazo),Não iniciado,1009834-19.2026.8.11.0001,471178,Syndel Costa Conceição,Cível,Thaia - Escritório RST&A,,Pendente validação - minuta recebida em 17.08.2026.
1648999.0,18/08/2026,19/08/2026,,Marina Luise Campana Perini,8560,Nathalia Garcia,2821,Quesitos e assistente técnico,Compromisso (Prazo),Concluído,4007580-26.2026.8.26.0576,471577,Mateus Aparecido Marcal Pereira,Cível,Thaia - Escritório RST&A,,MInuta protocolada em 19.08.2026.
1648997.0,18/08/2026,19/08/2026,,Marina Luise Campana Perini,8560,Nathalia Garcia,2821,Agravo Interno,Compromisso (Prazo),Concluído,4005228-32.2025.8.26.0576,468524,Plinio Damasco Penna Neto,Cível,Thaia - Escritório RST&A,,Dispensado.
1648996.0,18/08/2026,19/08/2026,,Lawrencce Van Hornn Liberatori da Silva,9293,Nathalia Garcia,2821,Apelação,Compromisso (Prazo),Concluído,1116458-06.2025.8.11.0041,470856,Lucas Lourenço do Carmo,Cível,Thaia - Escritório RST&A,,Dispensado
1648995.0,17/08/2026,18/08/2026,,Lawrencce Van Hornn Liberatori da Silva,9293,Nathalia Garcia,2821,Embargos de declaração,Compromisso (Prazo),Concluído,4000895-11.2025.8.26.0132,468521,Jackeline Soares de Oliveira,Cível,Thaia - Escritório RST&A,,Dispensado
1648991.0,19/08/2026,20/08/2026,,Marina Luise Campana Perini,8560,Nathalia Garcia,2821,Julgamento,Compromisso (Prazo),Concluído,1001209-21.2025.8.26.0451,462588,Vinicius Henrique Soares,Cível,Thaia - Escritório RST&A,,Negaram provimento ao recurso
1648956.0,18/08/2026,19/08/2026,,Marina Luise Campana Perini,8560,Nathalia Garcia,2821,Julgamento,Compromisso (Prazo),Concluído,1051887-87.2024.8.26.0576,459444,Luis Fernando Rodrigues de Andrade,Cível,Thaia - Escritório RST&A,,Não conhecido o recurso de apelação pela deserção
1648954.0,25/11/2026,01/12/2026,,Laryssa Mazo Pintor de Lima Rodrigues,5293,Nathalia Garcia,2821,Defesa e documentos,Compromisso (Prazo),Não iniciado,0011239-26.2026.5.15.0073,473925,Walber Pinto Alves,Trabalhista,Jurídico Trabalhista,,
1648953.0,24/08/2026,25/08/2026,,Marina Luise Campana Perini,8560,Nathalia Garcia,2821,Julgamento,Compromisso (Prazo),Concluído,4001836-47.2025.8.26.0071,467560,Beatriz Rodrigues de Melo Penholato,Cível,Thaia - Escritório RST&A,,não conhecimento do recurso
1648952.0,01/12/2026,02/12/2026,,Laryssa Mazo Pintor de Lima Rodrigues,5293,Nathalia Garcia,2821,Audiência Una,Compromisso (Prazo),Não iniciado,0011239-26.2026.5.15.0073,473925,Walber Pinto Alves,Trabalhista,Jurídico Trabalhista,,Presencial
1648950.0,17/08/2026,18/08/2026,,Amanda Carvalho Martins,9353,Nathalia Garcia,2821,Quesitos e assistente técnico,Compromisso (Prazo),Concluído,1003734-73.2025.8.26.0451,463085,Vagner Gonçalves dos Santos,Cível,Thaia - Escritório RST&A,,Minuta protocolada em 18.08.2026.
1648947.0,17/08/2026,18/08/2026,,Amanda Carvalho Martins,9353,Nathalia Garcia,2821,Agravo de Instrumento -Justiça Gratuita,Compromisso (Prazo),Concluído,4001669-33.2026.8.26.0576,471001,Driele Regina da Silva,Cível,Thaia - Escritório RST&A,,Dispensado
1648945.0,14/08/2026,17/08/2026,,Marina Luise Campana Perini,8560,Nathalia Garcia,2821,Especificação de Provas,Compromisso (Prazo),Concluído,4004730-96.2026.8.26.0576,471250,Domingos dos Anjos Pereira,Cível,Thaia - Escritório RST&A,,Minuta protocolada em 17.08.2026.
1648905.0,03/09/2026,04/09/2026,,Marina Luise Campana Perini,8560,Nathalia Garcia,2821,Recurso Especial,Compromisso (Prazo),Não iniciado,1001513-87.2025.8.26.0073,463655,Prefeitura Municipal de Avaré,Tributário,Jurídico Interno Cível,,Pendente - Elaborar
1648757.0,13/08/2026,14/08/2026,,Amanda Carvalho Martins,9353,Nathalia Garcia,2821,Envio da Contranotificação,Compromisso (Prazo),Concluído,0242-26,473918,Danilo Rodrigues,,Jurídico Notificação,,Oficio protocolado em 14.08.2026.
1648746.0,20/08/2026,21/08/2026,,Amanda Carvalho Martins,9353,Nathalia Garcia,2821,Especificação de Provas,Compromisso (Prazo),Concluído,0001044-87.2026.8.16.0045,472283,Ednei Ribeiro da Silva,Cível,Bruno - Escritório RST&A,,Minuta protocolada em 21.08.2026.
1648737.0,14/08/2026,17/08/2026,,Laryssa Mazo Pintor de Lima Rodrigues,5293,Nathalia Garcia,2821,Reiterar pedido de desistência do adicional de insalubridade,Compromisso (Prazo),Concluído,0011126-81.2026.5.15.0070,473762,Cleuton Carvalho Ferreira,Trabalhista,Jurídico Trabalhista,,Lary 14/08: Manifestação reiterando protocolada. Salvei na pasta e GED.
1648736.0,15/09/2026,16/09/2026,,Laryssa Mazo Pintor de Lima Rodrigues,5293,Nathalia Garcia,2821,Audiência de Instrução,Compromisso (Audiência),Não iniciado,0011126-81.2026.5.15.0070,473762,Cleuton Carvalho Ferreira,Trabalhista,Jurídico Trabalhista,,Telepresencial
1648733.0,13/08/2026,13/08/2026,,Marina Luise Campana Perini,8560,Nathalia Garcia,2821,Embargos de declaração,Compromisso (Prazo),Concluído,1055886-48.2024.8.26.0576,461610,Natanael Pereira Francisco,Cível,Thaia - Escritório RST&A,,Minuta protocolada em 13.08.2026.
1648731.0,02/04/2027,05/04/2027,,Laryssa Mazo Pintor de Lima Rodrigues,5293,Nathalia Garcia,2821,Audiência Una,Compromisso (Audiência),Não iniciado,0000452-03.2026.5.09.0655,472194,Raimundo Nonato Sousa da Silva,Trabalhista,Jurídico Trabalhista,,Híbrida
1648723.0,25/08/2026,26/08/2026,,Amanda Carvalho Martins,9353,Nathalia Garcia,2821,Envio da Contranotificação,Compromisso (Prazo),Finalizado pelo Encarregado(a),0237-26,473916,Prefeitura de São José do Rio Preto,,Jurídico Notificação,,Contranotificação protocolada em 26.08.2026.
1648722.0,25/08/2026,26/08/2026,,Amanda Carvalho Martins,9353,Nathalia Garcia,2821,Envio da Contranotificação,Compromisso (Prazo),Finalizado pelo Encarregado(a),0238-26,473915,Prefeitura de São José do Rio Preto,,Jurídico Notificação,,Contranotificação protocolada em 26.08.2026.
1648720.0,25/08/2026,26/08/2026,,Amanda Carvalho Martins,9353,Nathalia Garcia,2821,Envio da Contranotificação,Compromisso (Prazo),Finalizado pelo Encarregado(a),0239-26,473914,Prefeitura de São José do Rio Preto,,Jurídico Notificação,,Contranotificação protocolada em 26.08.2026.
1648718.0,13/10/2026,19/10/2026,,Laryssa Mazo Pintor de Lima Rodrigues,5293,Nathalia Garcia,2821,Defesa e documentos,Compromisso (Prazo),Não iniciado,0012032-35.2026.5.15.0082,473908,Rener Marques da Costa,Trabalhista,Jurídico Trabalhista,,
1648717.0,25/08/2026,26/08/2026,,Amanda Carvalho Martins,9353,Nathalia Garcia,2821,Envio da Contranotificação,Compromisso (Prazo),Finalizado pelo Encarregado(a),0240-26,473913,Prefeitura de São José do Rio Preto,,Jurídico Notificação,,Contranotificação protocolada em 26.08.2026.
1648716.0,19/10/2026,20/10/2026,,Laryssa Mazo Pintor de Lima Rodrigues,5293,Nathalia Garcia,2821,Audiência Inicial,Compromisso (Audiência),Não iniciado,0012032-35.2026.5.15.0082,473908,Rener Marques da Costa,Trabalhista,Jurídico Trabalhista,,Telepresencial
1648710.0,31/08/2026,01/09/2026,,Lawrencce Van Hornn Liberatori da Silva,9293,Nathalia Garcia,2821,Envio da Contranotificação,Compromisso (Prazo),Não iniciado,0241-26,473912,Aguinaldo José Salgado Ferreira,,Jurídico Notificação,,"Pendente - elaborar. 
Envio e-mail ou correio."
1648698.0,11/08/2026,12/08/2026,,Amanda Carvalho Martins,9353,Karen Demetrio Firmino,8956,Erro,Compromisso (Prazo),Cancelado,0027-26,470760,Haryne Ucha Campos Gonçalves,,Jurídico Notificação,,Erro
1648692.0,25/08/2026,25/08/2026,,Laryssa Mazo Pintor de Lima Rodrigues,5293,Nathalia Garcia,2821,Impugnação OAB/PI - Livia Vendramin,Compromisso (Prazo),Em andamento,,,,,,,"Ajustado para dia 25/08/2026
Lary 14/08: Ajustar para dia 17/08 - Nath vai alinhar o assunto com o Miranda (lembrar ela)."
1648690.0,25/08/2026,25/08/2026,,Laryssa Mazo Pintor de Lima Rodrigues,5293,Nathalia Garcia,2821,Impugnação OAB/PI - Nathalia Garcia,Compromisso (Prazo),Em andamento,,,,,,,"Ajustado para dia 25/08/2026
Lary 14/08: Como dei prioridade aos prazos que vencem no começo da semana, nao consegui pegar para revisar. Ajustar para dia 17/08."
1648671.0,14/08/2026,20/08/2026,,Laryssa Mazo Pintor de Lima Rodrigues,5293,Nathalia Garcia,2821,Verificar Despacho,Compromisso (Prazo),Concluído,0010446-29.2019.5.15.0107,222844,Ednaldo Rodrigues Vaz,Trabalhista,Jurídico Trabalhista,,"Lary 25/08: AP protocolado. Salvei na pasta e GED. 

Lary 17/08: Sem materia para ED. Seguir com AP. Ajustar para dia 18/08. Fatal: 

Lary 14/08: Verificar se há materia para ED. Ajustar para 18/08. Fatal: 21/08

D J E N - TRT15
Disponibilização: quinta-feira, 13 de agosto de 2026.
Arquivo: 1
Publicação: 13009

TRT15 Diário de Justiça Eletrônico Nacional

Intimação Processo: 0010446-29.2019.5.15.0107   Órgão: DAM - São José do Rio Preto  Data de disponibilização:   Tipo de comunicação: Intimação  Meio: Diário de Justiça Eletrônico Nacional   Parte(s):   EDNALDO RODRIGUES VAZ  JULIANA GULART FERREIRA DELBON  L.H. SILVA DE SOUZA - ME  PACAEMBU CONSTRUTORA S.A.   Advogado(s)   DANIEL JOAQUIM EMILIO  OAB SP-286958  ANDRE ZANINI WAHBE  OAB SP-207910  NATHALIA CAROLINE CORREIA GARCIA  OAB SP-338049   PODER JUDICIÁRIO JUSTIÇA DO TRABALHO TRIBUNAL REGIONAL DO TRABALHO DA 15ª REGIÃO DAM - SÃO JOSÉ DO RIO PRETO ATOrd 0010446-29.2019.5.15.0107 AUTOR: EDNALDO RODRIGUES VAZ RÉU: L.H. SILVA DE SOUZA - ME E OUTROS (1) INTIMAÇÃO Fica V. Sa. intimado para tomar ciência da Sentença ID b640837 proferida nos autos, cujo dispositivo consta a seguir: DISPOSITIVO Do exposto, conheço dos Embargos à Execução e, no mérito, julgo-os PARCIALMENTE PROCEDENTES, tudo nos termos da fundamentação supra, parte integrante desta decisão. Custas processuais pela executada, no valor de R$ 44,26, a teor do artigo 789-A, V da CLT. Intimem-se as partes. Decorridos os prazos legais e não havendo interposição de recurso, intime-se a perita para, no prazo de 10 dias, retificar os cálculos nos termos da fundamentação. DANIELA RENATA REZENDE FERREIRA BORGES Juíza do Trabalho TitularIntimado(s) / Citado(s) - L.H. SILVA DE SOUZA - ME - PACAEMBU CONSTRUTORA S.A."
1648670.0,14/08/2026,20/08/2026,,Laryssa Mazo Pintor de Lima Rodrigues,5293,Nathalia Garcia,2821,Verificar Despacho,Compromisso (Prazo),Em andamento,0011196-90.2020.5.15.0076,233999,Gabriel Pereira Ribeiro,Trabalhista,Escritório Tozzini,,"Lary 27/08: Apólice enviada para revisão do Tozzini. Ajustar para dia 28/08.

Lary 26/08: Pedido renovado. Ajustar para dia 27/08.

Lary 25/08: Apólice solicitada. Ajustar para dia 26/08 - cobrar retorno.

Lary 14/08: Pacaembu intimada para 15 dias pagar ou garantir a execução. Prazo para Embargos à Execução. Enviei e-mail para o Tozzini sobre o caso. Aguardar retorno - 18/08. 

D J E N - TRT15
Disponibilização: quinta-feira, 13 de agosto de 2026.
Arquivo: 1
Publicação: 21268

TRT15 Diário de Justiça Eletrônico Nacional

Intimação Processo: 0013029-07.2024.5.15.0076   Órgão: EXE1 - Ribeirão Preto  Data de disponibilização:   Tipo de comunicação: Intimação  Meio: Diário de Justiça Eletrônico Nacional   Parte(s):   GABRIEL PEREIRA RIBEIRO  PALOMA CRISTINA PADOVAN CAVALCANTE  BRUMAR DE MARILIA PORTARIA E LIMPEZA LTDA - ME  PACAEMBU CONSTRUTORA S.A.   Advogado(s)   ROMERO DA SILVA LEAO  OAB SP-189342  ADINALDO APARECIDO DE OLIVEIRA  OAB SP-137939  ALEXANDRE DE ALMEIDA CARDOSO  OAB SP-149394  NATHALIA CAROLINE CORREIA GARCIA  OAB SP-338049  ANDERSON LUIZ SCOFONI  OAB SP-162434   PODER JUDICIÁRIO JUSTIÇA DO TRABALHO TRIBUNAL REGIONAL DO TRABALHO DA 15ª REGIÃO EXE1 - RIBEIRÃO PRETO CumPrSe 0013029-07.2024.5.15.0076 REQUERENTE: GABRIEL PEREIRA RIBEIRO REQUERIDO: BRUMAR DE MARILIA PORTARIA E LIMPEZA LTDA - ME E OUTROS (1) INTIMAÇÃO Fica V. Sa. intimado para tomar ciência do Despacho ID 82771e6 proferido nos autos. Órgão Julgador de Origem: 2ª VARA DO TRABALHO DE FRANCA DESPACHO Vistos, etc. Regularmente intimada para pagamento, a devedora principal BRUMAR DE MARILIA PORTARIA E LIMPEZA LTDA - ME deixou transcorrer in albis o prazo legal sem quitação ou garantia da execução. Fracassada a pesquisa patrimonial realizada por meio da ferramenta SISBAJUD em face da devedora principal, e considerando que a condenação subsidiária visa assegurar a efetividade da execução, com fundamento nos princípios da celeridade e da economia processual, determino o prosseguimento do feito diretamente em face da devedora subsidiária PACAEMBU CONSTRUTORA S.A. Cite-se a executada subsidiária, por intermédio de seus patronos e por força deste despacho, para pagamento da presente execução, no prazo de 15 (quinze) dias. No inadimplemento, fica desde logo autorizada a imediata investigação de patrimônio da devedora subsidiária por meio da ferramenta SISBAJUD. Intimem-se. RIBEIRAO PRETO/SP, 12 de agosto de 2026 ADRIEL PONTES DE OLIVEIRA Juiz do Trabalho SubstitutoIntimado(s) / Citado(s) - BRUMAR DE MARILIA PORTARIA E LIMPEZA LTDA - ME - PACAEMBU CONSTRUTORA S.A."
1648669.0,14/08/2026,20/08/2026,,Laryssa Mazo Pintor de Lima Rodrigues,5293,Nathalia Garcia,2821,Verificar Despacho,Compromisso (Prazo),Concluído,0001084-13.2025.5.22.0102,468293,Ernando Rodrigues Ferreira,Trabalhista,Jurídico Trabalhista,,"Lary 14/08: 1ª Reclamada AVN intimada para pagamento da multa por atraso no acordo. Nada fazer. 

D J E N - TRT22
Disponibilização: quinta-feira, 13 de agosto de 2026.
Arquivo: 1
Publicação: 261

TRT22 Diário de Justiça Eletrônico Nacional

Intimação Processo: 0001084-13.2025.5.22.0102   Órgão: Vara do Trabalho de São Raimundo Nonato  Data de disponibilização:   Tipo de comunicação: Intimação  Meio: Diário de Justiça Eletrônico Nacional   Parte(s):   ADILSON BOSON ALMEIDA JUNIOR  ERNANDO RODRIGUES FERREIRA  AVN CONSTRUCOES LTDA  PACAEMBU CONSTRUTORA   Advogado(s)   ESDRAS IGINO DA SILVA  OAB SP-193586  RAYMSANDRESON DE MORAIS PRUDENCIO  OAB PI-10949  CARLOS ANTONIO NOGUEIRA ANDRADE  OAB SP-459112  NATHALIA CAROLINE CORREIA GARCIA  OAB SP-338049   PODER JUDICIÁRIO JUSTIÇA DO TRABALHO TRIBUNAL REGIONAL DO TRABALHO DA 22ª REGIÃO VARA DO TRABALHO DE SÃO RAIMUNDO NONATO ATOrd 0001084-13.2025.5.22.0102 AUTOR: ERNANDO RODRIGUES FERREIRA RÉU: AVN CONSTRUCOES LTDA E OUTROS (1) INTIMAÇÃO Fica V. Sa. intimado para tomar ciência do Despacho ID 099171e proferido nos autos. DESPACHO Os autos retornaram do E. Tribunal o qual deu provimento ao recurso da parte reclamante. Posto isto, fica a AVN CONSTRUCOES LTDA intimada para garantir ou quitar a multa de 50% sobre o valor correspondente à segunda parcela paga com atraso, no prazo de 48 horas, sob pena de penhora. Cumpra-se. SAO RAIMUNDO NONATO/PI, 12 de agosto de 2026. GUSTAVO RIBEIRO MARTINS Juiz Titular de Vara do TrabalhoIntimado(s) / Citado(s) - PACAEMBU CONSTRUTORA - AVN CONSTRUCOES LTDA"
1648579.0,09/11/2026,13/11/2026,,Laryssa Mazo Pintor de Lima Rodrigues,5293,Nathalia Garcia,2821,Defesa e documentos,Compromisso (Prazo),Não iniciado,0011486-72.2026.5.15.0116,473899,Luis Carlos Batista,Trabalhista,Jurídico Trabalhista,,
1648577.0,13/11/2026,16/11/2026,,Laryssa Mazo Pintor de Lima Rodrigues,5293,Nathalia Garcia,2821,Audiência Inicial,Compromisso (Audiência),Não iniciado,0011486-72.2026.5.15.0116,473899,Luis Carlos Batista,Trabalhista,Jurídico Trabalhista,,Telepresencial
1648569.0,14/08/2026,19/08/2026,,Laryssa Mazo Pintor de Lima Rodrigues,5293,Nathalia Garcia,2821,Exceção de Incompetência,Compromisso (Prazo),Concluído,0000565-32.2026.5.13.0012,473896,Geovane Simão de Andrade,Trabalhista,Jurídico Trabalhista,,Lary 13/08: Exceção de incompetência protocolada. Salvei na pasta e GED.
1648551.0,03/09/2026,09/09/2026,,Laryssa Mazo Pintor de Lima Rodrigues,5293,Nathalia Garcia,2821,Defesa e documentos,Compromisso (Prazo),Não iniciado,0000565-32.2026.5.13.0012,473896,Geovane Simão de Andrade,Trabalhista,Jurídico Trabalhista,,
1648549.0,09/09/2026,10/09/2026,,Laryssa Mazo Pintor de Lima Rodrigues,5293,Nathalia Garcia,2821,Audiência Inicial,Compromisso (Audiência),Não iniciado,0000565-32.2026.5.13.0012,473896,Geovane Simão de Andrade,Trabalhista,Jurídico Trabalhista,,Telepresencial
1648442.0,13/08/2026,19/08/2026,,Laryssa Mazo Pintor de Lima Rodrigues,5293,Nathalia Garcia,2821,Verificar Despacho,Compromisso (Prazo),Concluído,0010485-20.2026.5.15.0062,471135,Hermann Rotterdan Nogueira de Mattos,Trabalhista,Jurídico Trabalhista,,"Lary 17/08: Audiência na pauta e sistema. Nada fazer. 

Lary 14/08: Audiência não agendada ainda. Ajustar para dia 17/08 - Acompanhar. 

13/08: Considerando a licença médica da juíza, a audiência INICIAL foi redesignada para o dia 13/10/2026, às 08h10min. Nota: favor cancelar da pauta a audiência do dia 12/10/2026.  Ajustar para dia 14/08. Acompanhar. 


D J E N - TRT15
Disponibilização: quarta-feira, 12 de agosto de 2026.
Arquivo: 1
Publicação: 12066

TRT15 Diário de Justiça Eletrônico Nacional

Intimação Processo: 0010485-20.2026.5.15.0062   Órgão: CON1 - Presidente Prudente  Data de disponibilização:   Tipo de comunicação: Intimação  Meio: Diário de Justiça Eletrônico Nacional   Parte(s):   HERMANN ROTTERDAN NOGUEIRA DE MATTOS  LL DELGADO GESTAO  PACAEMBU CONSTRUTORA S.A.   Advogado(s)   RODRIGO CHAVARI DE ARRUDA  OAB SP-209680  MARCO ANTONIO COLENCI  OAB SP-150163  NATHALIA CAROLINE CORREIA GARCIA  OAB SP-338049  REINALDO DANIEL RIGOBELLI  OAB SP-283124   PODER JUDICIÁRIO JUSTIÇA DO TRABALHO TRIBUNAL REGIONAL DO TRABALHO DA 15ª REGIÃO CON1 - PRESIDENTE PRUDENTE ATSum 0010485-20.2026.5.15.0062 AUTOR: HERMANN ROTTERDAN NOGUEIRA DE MATTOS RÉU: LL DELGADO GESTAO E OUTROS (1) INTIMAÇÃO Fica V. Sa. intimado para tomar ciência do Despacho ID e20c4a6 proferido nos autos. Órgão Julgador de Origem: VARA DO TRABALHO DE LINS Prioridade(s): Pagamento de Salário DESPACHO Vistos. Tendo em vista que a MM. Juíza Titular, Dra. Elen Zoraide Modolo Juca, estará em licença médica no período de 11/08 a 13/08/2026, redesigno a audiência INICIAL para o dia 13/10/2026, às 08h10min, mantidas as cominações anteriormente previstas. Intimem-se as partes. PRESIDENTE PRUDENTE/SP, 11 de agosto de 2026 HELOISA POLIZEL DE OLIVEIRA MORAES Juíza do Trabalho SubstitutaIntimado(s) / Citado(s) - LL DELGADO GESTAO - PACAEMBU CONSTRUTORA S.A."
1648441.0,13/08/2026,19/08/2026,,Laryssa Mazo Pintor de Lima Rodrigues,5293,Nathalia Garcia,2821,Verificar Despacho,Compromisso (Prazo),Concluído,0011100-10.2025.5.15.0041,465585,Donizete Aparecido Ribeiro da Silva,Trabalhista,Jurídico Trabalhista,,"Lary 17/08: ED protocolado. Salvei na pasta e GED. 

Lary 13/08: Sentença condenou as reclamadas de forma subsidiária. Valor da condenação 10.000,00 - Analisar se há chances de embargos. Ajustar para dia 17/08. Fatal: 20/08

D J E N - TRT15
Disponibilização: quarta-feira, 12 de agosto de 2026.
Arquivo: 1
Publicação: 9769

TRT15 Diário de Justiça Eletrônico Nacional

Intimação Processo: 0011100-10.2025.5.15.0041   Órgão: CON2 - Sorocaba  Data de disponibilização:   Tipo de comunicação: Intimação  Meio: Diário de Justiça Eletrônico Nacional   Parte(s):   DONIZETE APARECIDO RIBEIRO DA SILVA  LASTROSEG SEGURANCA PRIVADA LTDA  LL DELGADO GESTAO  PACAEMBU CONSTRUTORA S.A.   Advogado(s)   RODRIGO CHAVARI DE ARRUDA  OAB SP-209680  MARCO ANTONIO COLENCI  OAB SP-150163  NATHALIA CAROLINE CORREIA GARCIA  OAB SP-338049  GUSTAVO PESSOA CRUZ  OAB SP-292769   PODER JUDICIÁRIO JUSTIÇA DO TRABALHO TRIBUNAL REGIONAL DO TRABALHO DA 15ª REGIÃO CON2 - SOROCABA ATSum 0011100-10.2025.5.15.0041 AUTOR: DONIZETE APARECIDO RIBEIRO DA SILVA RÉU: LL DELGADO GESTAO E OUTROS (2) INTIMAÇÃO Fica V. Sa. intimado para tomar ciência da Sentença ID 93c34d3 proferida nos autos, cujo dispositivo consta a seguir: ISTO POSTO, julgo PARCIALMENTE PROCEDENTES os pedidos formulados por DONIZETE APARECIDO RIBEIRO DA SILVA para reconhecer a unicidade contratual de 07.08.2023 até 01.12.2024, com a 1ª e 2ª reclamadas, integrantes do grupo econômico, bem como condenar as reclamadas LL DELGADO GESTAO e LASTROSEG SEGURANCA PRIVADA LTDA, solidariamente, e PACAEMBU CONSTRUTORA S.A. subsidiariamente, ao pagamento de salário do mês de novembro de 2024, saldo salarial de dezembro de 2024 (01 dia), 5/12 de 13º salário proporcional de 2023, 11/12 de 13º salário proporcional de 2024, férias vencidas de 2023/2024, acrescidos de 1/3, férias proporcionais de 2024 +1/3, multa de 40% do FGTS sobre integralidade, autorizada a dedução dos valores pagos a iguais títulos, cujo pagamento estiver devidamente comprovado nos autos, tendo como base de cálculo será o salário base de R$2.045,92 mensais acrescido do adicional de periculosidade de R$572,86 mensais; multa do art. 477 da CLT; honorários sucumbenciais recíprocos; recolhimentos previdenciários e fiscais, juros e correção monetária, na forma da lei e da fundamentação, parte integrante deste dispositivo, inclusive para fins de liquidação de Sentença. No prazo de cinco dias de quando intimada, após o trânsito em julgado, deverá qualquer uma das reclamadas Lastrogev ou LL Delgado proceder às retificações na CTPS do obreiro, constando como vínculo único de 07.08.2023 até 01.12.2024. No caso de recusa da anotação, essa será realizada pela Secretaria e as reclamadas pagarão a multa de R$300,00 aos cofres públicos da União pelo descumprimento da ordem, prevista no art. 77, IV e § § 2o 3o, do CPC. No prazo de cinco dias de quando intimada, após o trânsito em julgado, deverá qualquer uma das reclamadas Lastrogev ou LL Delgado proceder à entrega ao reclamante das respectivas guias CD/SD, sob pena de indenização substitutiva do seguro desemprego. Custas a cargo das reclamadas, calculadas sobre o valor da condenação, ora arbitrado em R$ 10.000,00, no importe de R$ 200,00. INTIMEM-SE. NADA MAIS. JOSE ANTONIO DOSUALDO Juiz do Trabalho TitularIntimado(s) / Citado(s) - LASTROSEG SEGURANCA PRIVADA LTDA - LL DELGADO GESTAO - PACAEMBU CONSTRUTORA S.A."
1648440.0,13/08/2026,19/08/2026,,Laryssa Mazo Pintor de Lima Rodrigues,5293,Nathalia Garcia,2821,Verificar Despacho,Compromisso (Prazo),Concluído,0011928-37.2021.5.15.0076,303354,Lucas Francisco Souza,Trabalhista,Escritório Tozzini,,"Lary 14/08: Encaminhado o processo ao juizo de origem competente para avaliar o endosso de renovação da apólice juntada aos autos. Nada fazer. 

D J E N - TST
Disponibilização: quarta-feira, 12 de agosto de 2026.
Arquivo: 1
Publicação: 7774

TST Diário de Justiça Eletrônico Nacional

Intimação Processo: 0011928-37.2021.5.15.0076   Órgão: 8ª Turma  Data de disponibilização:   Tipo de comunicação: Intimação  Meio: Diário de Justiça Eletrônico Nacional   Parte(s):   BRUMAR DE MARILIA PORTARIA E LIMPEZA LTDA - ME  LUCAS FRANCISCO SOUZA  PACAEMBU CONSTRUTORA S.A.  BRUMAR DE MARILIA PORTARIA E LIMPEZA LTDA - ME  LUCAS FRANCISCO SOUZA   Advogado(s)   ROMERO DA SILVA LEAO  OAB SP-189342  ADINALDO APARECIDO DE OLIVEIRA  OAB SP-137939  ALEXANDRE DE ALMEIDA CARDOSO  OAB SP-149394  NATHALIA CAROLINE CORREIA GARCIA  OAB SP-338049  ANDERSON LUIZ SCOFONI  OAB SP-162434   PODER JUDICIÁRIO JUSTIÇA DO TRABALHO TRIBUNAL SUPERIOR DO TRABALHO 8ª TURMA Relator: SERGIO PINTO MARTINS RRAg 0011928-37.2021.5.15.0076 AGRAVANTE: PACAEMBU CONSTRUTORA S.A. AGRAVADO: LUCAS FRANCISCO SOUZA E OUTROS (1) PROCESSO Nº TST-RRAg - 0011928-37.2021.5.15.0076 AGRAVANTE: PACAEMBU CONSTRUTORA S.A. ADVOGADA: Dra. NATHALIA CAROLINE CORREIA GARCIA ADVOGADO: Dr. ALEXANDRE DE ALMEIDA CARDOSO AGRAVADO: LUCAS FRANCISCO SOUZA ADVOGADO: Dr. ANDERSON LUIZ SCOFONI ADVOGADO: Dr. ROMERO DA SILVA LEAO AGRAVADO: BRUMAR DE MARILIA PORTARIA E LIMPEZA LTDA - ME ADVOGADO: Dr. ADINALDO APARECIDO DE OLIVEIRA RECORRENTE: LUCAS FRANCISCO SOUZA ADVOGADO: Dr. ANDERSON LUIZ SCOFONI ADVOGADO: Dr. ROMERO DA SILVA LEAO RECORRIDO: PACAEMBU CONSTRUTORA S.A. ADVOGADO: Dr. ALEXANDRE DE ALMEIDA CARDOSO ADVOGADA: Dra. NATHALIA CAROLINE CORREIA GARCIA RECORRIDO: BRUMAR DE MARILIA PORTARIA E LIMPEZA LTDA - ME ADVOGADO: Dr. ADINALDO APARECIDO DE OLIVEIRA GMSPM/dls/bsa D E S P A C H O A reclamada PACAEMBU CONSTRUTORA S.A., por meio da petição de ID 3d64484, requer a juntada do registro perante a SUSEP do endosso da apólice de seguro-garantia judicial apresentado sob o ID 82cf72f. O documento de ID d4db461 complementa a documentação relativa à apólice de seguro-garantia vinculada ao recurso de revista e deverá ser examinado conjuntamente com os demais documentos encaminhados ao Juízo de origem, nos termos do despacho de ID e908880. Junte-se. Para cumprimento do despacho de ID e908880, encaminhem-se também à Vara do Trabalho de origem, via malote digital, cópias da petição de ID 3d64484 e do documento de ID d4db461. Caso o ofício anteriormente determinado já tenha sido expedido, proceda-se ao envio dos documentos em complementação. Anote-se e observe-se, nas futuras publicações destinadas à PACAEMBU CONSTRUTORA S.A., o pedido de intimação exclusiva em nome do advogado ALEXANDRE DE ALMEIDA CARDOSO, OAB/SP nº 149.394. Aguarde-se na Secretaria da 8ª Turma a prestação das informações pelo Juízo de origem, no prazo assinalado no despacho de ID e908880. Publique-se. Brasília, 7 de agosto de 2026. SERGIO PINTO MARTINS Ministro RelatorIntimado(s) / Citado(s) - PACAEMBU CONSTRUTORA S.A."
1648439.0,13/08/2026,19/08/2026,,Laryssa Mazo Pintor de Lima Rodrigues,5293,Nathalia Garcia,2821,Verificar Despacho,Compromisso (Prazo),Concluído,0010245-61.2026.5.03.0063,471669,Brenda Menezes Freitas,Trabalhista,Jurídico Trabalhista,,"Lary 13/08: Processo remetido aos arquivos, diante do pagamento integral do acordo. Nada fazer. 

D J E N - TRT3
Disponibilização: quarta-feira, 12 de agosto de 2026.
Arquivo: 1
Publicação: 15123

TRT3 Diário de Justiça Eletrônico Nacional

Intimação Processo: 0010245-61.2026.5.03.0063   Órgão: 1ª Vara do Trabalho de Ituiutaba  Data de disponibilização:   Tipo de comunicação: Intimação  Meio: Diário de Justiça Eletrônico Nacional   Parte(s):   BRENDA MENEZES FREITAS  PACAEMBU CONSTRUTORA S.A.  PACAEMBU ITUIUTABA 422 - EMPREENDIMENTO IMOBILIARIO LTDA   Advogado(s)   PRESLEY OLIVEIRA GOMES  OAB MG-54105  CLAUDIA DAS GRACAS BORGES  OAB MG-96884  NATHALIA CAROLINE CORREIA GARCIA  OAB SP-338049   PODER JUDICIÁRIO JUSTIÇA DO TRABALHO TRIBUNAL REGIONAL DO TRABALHO DA 3ª REGIÃO 1ª VARA DO TRABALHO DE ITUIUTABA ATOrd 0010245-61.2026.5.03.0063 AUTOR: BRENDA MENEZES FREITAS RÉU: PACAEMBU CONSTRUTORA S.A. E OUTROS (1) INTIMAÇÃO Fica V. Sa. intimado para tomar ciência da Sentença ID 2ce96ee proferida nos autos. CONCLUSÃO Nesta data, faço os presentes autos conclusos à apreciação do(a) MM(a) Juiz(a). Ituiutaba, 11 de agosto de 2026. FRANCISCA EULALIA CAMURCA CITO Vistos. Uma vez que foram cumpridas todas as obrigações decorrentes do acordo homologado, nada mais há a deliberar nestes autos. Não havendo nenhum depósito pendente de levantamento, a Secretaria expeça a certidão prevista no art. 6º, § 2º, da Resolução Conjunta TRT3 GP/GCR, nro 136, de 27.01.2020 (Central Garimpo). Sendo o valor da contribuição previdenciária igual ou inferior a R$40.000,00, desnecessária vista à União, ante o disposto na PORTARIA NORMATIVA PGF/AGU Nº 47, DE 7 DE JULHO DE 2023. Havendo seguro garantia ou fiança bancária garantindo o débito destes autos, fica liberada a seguradora/instituição financeira do pagamento da indenização objeto do respectivo contrato, cabendo ao(à) executado(a)/tomador(a) tomar providências eventualmente necessárias junto ao contratado para liberá-la da obrigação, valendo este despacho como ofício, se necessário for. Havendo documento(s)/mídias sob a guarda da Secretaria, fica ciente a parte interessada de que deverá retirá-lo(s), no prazo de 05 dias, sob pena de eliminação. Caso queiram, poderão as partes fazer o armazenamento dos dados dos presentes autos eletrônicos em assentamento próprio. Após, arquivem-se os autos. ITUIUTABA/MG, 11 de agosto de 2026. SANDRA CARLA SIMAMOTO DA CUNHA Juíza Titular de Vara do TrabalhoIntimado(s) / Citado(s) - PACAEMBU ITUIUTABA 422 - EMPREENDIMENTO IMOBILIARIO LTDA - PACAEMBU CONSTRUTORA S.A."
1648438.0,13/08/2026,19/08/2026,,Laryssa Mazo Pintor de Lima Rodrigues,5293,Nathalia Garcia,2821,Verificar Despacho,Compromisso (Prazo),Concluído,0000452-03.2026.5.09.0655,472194,Raimundo Nonato Sousa da Silva,Trabalhista,Jurídico Trabalhista,,"Lary 14/08: Trata-se de intimação por edital para audiencia UNA híbrida para o dia 05/04/2027, às 14h15min Já está na pauta e sistema. Nada fazer. 

D J E N - TRT9
Disponibilização: quarta-feira, 12 de agosto de 2026.
Arquivo: 1
Publicação: 2364

TRT9 Diário de Justiça Eletrônico Nacional

Edital Processo: 0000452-03.2026.5.09.0655   Órgão: VARA DO TRABALHO DE ASSIS CHATEAUBRIAND  Data de disponibilização:   Tipo de comunicação: Edital  Meio: Plataforma Nacional de Editais   Parte(s):   RAIMUNDO NONATO SOUSA DA SILVA  ANTONIO CARLOS DA COSTA OLIVEIRA  PACAEMBU ASSIS CHATEAUBRIAND - 357 E 358 - EMPREENDIMENTO IMOBILIARIO LTDA  PACAEMBU ASSIS CHATEAUBRIAND 447 - EMPREENDIMENTO IMOBILIARIO LTDA  PACAEMBU ASSIS CHATEAUBRIAND 474 - EMPREENDIMENTO IMOBILIARIO LTDA   Advogado(s)   ALEXANDRE OLIVEIRA DE CAMPOS  OAB PR-96739  NATHALIA CAROLINE CORREIA GARCIA  OAB SP-338049   PODER JUDICIÁRIO JUSTIÇA DO TRABALHO TRIBUNAL REGIONAL DO TRABALHO DA 9ª REGIÃO VARA DO TRABALHO DE ASSIS CHATEAUBRIAND ATOrd 0000452-03.2026.5.09.0655 AUTOR: RAIMUNDO NONATO SOUSA DA SILVA RÉU: PACAEMBU ASSIS CHATEAUBRIAND - 357 E 358 - EMPREENDIMENTO IMOBILIARIO LTDA E OUTROS (3) Destinatário(s): ANTONIO CARLOS DA COSTA OLIVEIRA EDITAL DE NOTIFICAÇÃO (lugar incerto e não sabido) - PRAZO 20 DIAS DATA E HORA DA AUDIÊNCIA: 05/04/2027 14:15 De ordem do Juiz da Vara do Trabalho de Assis Chateaubriand /PR, F A Ç O S A B E R a todos quanto o presente Edital virem ou dele conhecimento tiverem, que, nos autos da Reclamatória Trabalhista supra, está notificando a(s) parte(s) ré(s) acima identificada(s) como ""destinatário(s)"", ora em lugar incerto e não sabido, de que deverá comparecer na audiência UNA acima designada, pessoalmente, ou por meio de preposto (CLT, art. 843). O não-comparecimento do Réu na audiência ou a não-apresentação de contestação importará REVELIA e CONFISSÃO quanto à matéria de fato (CLT, art.844). O processo tramitará exclusivamente por meio eletrônico (Processo Judicial Eletrônico - PJe - Resolução CSJT 185/2017). Desse modo, o(a) réu(ré) deverá apresentar a contestação e todos os documentos em meio eletrônico oficial (http:/pje.trt9.jus.br/primeirograu), ATÉ O DIA E HORÁRIO DA AUDIÊNCIA, atentando para a legibilidade e a correta classificação dos documentos, sob as penas do art. 400 do CPC. Não se admitirá a apresentação de contestação ou documentos por meio físico ou de dispositivos móveis (p. ex., pendrives, CDs, DVDs ou cartões de memória). As demais provas deverão ser produzidas na referida audiência, sendo que as testemunhas (no máximo 3) deverão vir em Juízo independentemente de intimação (art. 845 da CLT). O adiamento da audiência por ausência de testemunha convidada será possível nos termos do parágrafo único do artigo 825 da CLT, sendo que as que não comparecerem poderão ser intimadas, ex officio ou a requerimento da parte. Se a parte quiser a intimação, deverá observar o contido no art. 450 do CPC, inclusive fornecendo o número do CPF (exigência esta constante no sistema PJe, sem o que não é possível a intimação da testemunha). Para acessar a Petição Inicial na íntegra, basta informar o número da chave de acesso (código impresso na parte final deste documento) no sítio https://pje.trt9.jus.br/pjekz/validacao Caso o (a) réu(ré) não disponha de equipamento com acesso à Internet, deverá verificar o conteúdo da petição inicial no computador instalado na Secretaria da Vara do Trabalho ou no Serviço de Distribuição mais próximo. Em optando pelo comparecimento por videoconferência a sala poderá ser acessada por meio do seguinte link: https://url.trt9.jus.br/qui73 ID da reunião: 423 920 8158 - Senha de acesso: 398936 Compete exclusivamente às partes e a seu(a) procurador(a) adentrar na sala virtual, através do link disponibilizado acima, utilizando-se de equipamento munido de câmera de vídeo e microfone (notebook, computador ou celular) com acesso a rede de internet de boa qualidade e que não haverá adiamento por impossibilidade de acesso. OBS.: O navegador de internet homologado para o PJe é o MOZILLA FIREFOX 3.x ou superior. E, para que chegue ao conhecimento dos interessados, é passado o presente Edital, que será publicado no Diário Eletrônico da Justiça do Trabalho, e afixado na sede deste Juízo. ASSIS CHATEAUBRIAND/PR, 11 de agosto de 2026. ANTONIO LOURENCO LULUIntimado(s) / Citado(s) - ANTONIO CARLOS DA COSTA OLIVEIRA"
1648388.0,31/08/2026,01/09/2026,,Lawrencce Van Hornn Liberatori da Silva,9293,Nathalia Garcia,2821,Contestação,Compromisso (Prazo),Não iniciado,4003863-56.2025.8.26.0506,473890,Marta de Fátima Sola Facin,Cível,Thaia - Escritório RST&A,,Pendente - aguardando minuta - Subsídios: Falta o retorno de Cobrança - COBRADO
1648333.0,01/09/2026,01/09/2026,,Lawrencce Van Hornn Liberatori da Silva,9293,Nathalia Garcia,2821,Acompanhar,Compromisso (Acompanhar),Não iniciado,4002115-04.2026.8.26.0037,472485,Ana Claudia Ramalho dos Santos Magalhães,Cível,Bruno - Escritório RST&A,,"Informamar setor de cobranças para excluir definitivamente as cobranças das custas ITBI, assim que homologar o acordo"
1648257.0,06/10/2026,09/10/2026,,Laryssa Mazo Pintor de Lima Rodrigues,5293,Nathalia Garcia,2821,Defesa e documentos,Compromisso (Prazo),Concluído,0000580-20.2026.5.05.0401,473880,José Roberto de Jesus Viana,Trabalhista,Jurídico Trabalhista,,"Diante da exceção de incompetência apresentada pelas reclamadas, a audiência do dia 13/10/2026, às 13:40 foi CANCELADA. Sem nova data."
1648256.0,12/10/2026,13/10/2026,,Laryssa Mazo Pintor de Lima Rodrigues,5293,Nathalia Garcia,2821,Audiência Inicial,Compromisso (Audiência),Concluído,0000580-20.2026.5.05.0401,473880,José Roberto de Jesus Viana,Trabalhista,Jurídico Trabalhista,,"Diante da exceção de incompetência apresentada pelas reclamadas, a audiência do dia 13/10/2026, às 13:40 foi CANCELADA. Sem nova data."
1648225.0,01/09/2026,01/09/2026,,Lawrencce Van Hornn Liberatori da Silva,9293,Nathalia Garcia,2821,Acompanhar,Compromisso (Acompanhar),Não iniciado,5003895-67.2026.4.04.7001,471943,Juliana de Cassia Baptistone,Cível,Thaia - Escritório RST&A,,"Acompanhar homologação do acordo - Após homologado, avisar Lawrencce para falar com Renata"
1648011.0,10/08/2026,14/08/2026,,Laryssa Mazo Pintor de Lima Rodrigues,5293,Nathalia Garcia,2821,Exceção de Incompetência,Compromisso (Prazo),Concluído,0000580-20.2026.5.05.0401,473880,José Roberto de Jesus Viana,Trabalhista,Jurídico Trabalhista,,Lary 12/08: Exceção de incompetência protocolado. Salvei na pasta e GED.
1647967.0,12/08/2026,18/08/2026,,Laryssa Mazo Pintor de Lima Rodrigues,5293,Nathalia Garcia,2821,Verificar Despacho,Compromisso (Prazo),Concluído,0012386-81.2023.5.15.0012,443077,Eduardo Gomes Ferreira,Trabalhista,Jurídico Trabalhista,,"Lary 12/08: Os autos permanecem sobrestados até a transferência integral dos valores para a Vara Cível, em razão da ação de alimentos ajuizada pelo filho do Reclamante. O valor recebido no acordo celebrado nesta ação trabalhista será destinado ao pagamento da pensão alimentícia. Não há nenhuma providência a ser adotada pela Pacaembu. O acordo já foi integralmente quitado pela MB, restando apenas aguardar a conclusão da transferência dos valores

D J E N - TRT15
Disponibilização: terça-feira, 11 de agosto de 2026.
Arquivo: 1
Publicação: 20798

TRT15 Diário de Justiça Eletrônico Nacional

Intimação Processo: 0012386-81.2023.5.15.0012   Órgão: LIQ1 - Piracicaba  Data de disponibilização:   Tipo de comunicação: Intimação  Meio: Diário de Justiça Eletrônico Nacional   Parte(s):   EDUARDO GOMES FERREIRA  PRISCILA FERNANDA DE OLIVEIRA  MB SERVICOS DE MARILIA LTDA  PACAEMBU CONSTRUTORA S.A.   Advogado(s)   LUCIANA DA SILVA  OAB SP-459559  FABIO ROGERIO LANNIG  OAB SP-175884  NATHALIA CAROLINE CORREIA GARCIA  OAB SP-338049  JAMIL APARECIDO MILANI  OAB SP-166549   PODER JUDICIÁRIO JUSTIÇA DO TRABALHO TRIBUNAL REGIONAL DO TRABALHO DA 15ª REGIÃO LIQ1 - PIRACICABA ATOrd 0012386-81.2023.5.15.0012 AUTOR: EDUARDO GOMES FERREIRA RÉU: MB SERVICOS DE MARILIA LTDA E OUTROS (1) INTIMAÇÃO Fica V. Sa. intimado para tomar ciência do Despacho ID e748e44 proferido nos autos. Órgão Julgador de Origem: 1ª VARA DO TRABALHO DE PIRACICABA DESPACHO Defiro o sobrestamento pelo prazo requerido pelo reclamante. Intime-se. PIRACICABA/SP, 06 de agosto de 2026 BRUNO FURTADO SILVEIRA Juiz do Trabalho SubstitutoIntimado(s) / Citado(s) - MB SERVICOS DE MARILIA LTDA - PACAEMBU CONSTRUTORA S.A."
1647965.0,12/08/2026,18/08/2026,,Laryssa Mazo Pintor de Lima Rodrigues,5293,Nathalia Garcia,2821,Verificar Despacho,Compromisso (Prazo),Concluído,0010847-38.2023.5.15.0026,412423,Rafael Carvalho de Farias,Trabalhista,Jurídico Trabalhista,,"Lary 17/08: ED protocolado. Salvei na pasta e GED. 


Lary 12/08: Acórdão reformou a resp. subsidiária da Pacaembu para solidária. Valor da condenação 11k. Empresa envolvida: Tucanos. Prazo para ED: 14/08   / Fatal: 19/08.

D J E N - TRT15
Disponibilização: terça-feira, 11 de agosto de 2026.
Arquivo: 1
Publicação: 14208

TRT15 Diário de Justiça Eletrônico Nacional

Intimação Processo: 0010847-38.2023.5.15.0026   Órgão: 7ª Câmara  Data de disponibilização:   Tipo de comunicação: Intimação  Meio: Diário de Justiça Eletrônico Nacional   Parte(s):   GIOVANA VANTINI SANTELLO  RAFAEL CARVALHO DE FARIAS  PACAEMBU CONSTRUTORA S.A.  TUCANO S TERRAPLENAGENS E CONSTRUCOES LTDA   Advogado(s)   VERA LUCIA DIAS CESCO LOPES  OAB SP-121853  TAUAN GALIANO FREITAS  OAB SP-378697  RAFAEL CORREIA CLARO  OAB SP-455552  LETICIA KAORI MIYAGUSKU  OAB SP-455482  LIDIA MENDES DA COSTA  OAB SP-318690  NATHALIA CAROLINE CORREIA GARCIA  OAB SP-338049   PODER JUDICIÁRIO JUSTIÇA DO TRABALHO TRIBUNAL REGIONAL DO TRABALHO DA 15ª REGIÃO 7ª CÂMARA Relator: EDER SIVERS ROT 0010847-38.2023.5.15.0026 RECORRENTE: RAFAEL CARVALHO DE FARIAS RECORRIDO: TUCANO S TERRAPLENAGENS E CONSTRUCOES LTDA E OUTROS (1) Ficam as partes intimadas do acórdão proferido no presente processo (Artigo 17 da Resolução CSJT nº 185/2017 c/c Lei nº 13.467/2017). Acesso ao sistema PJe- JT - 2º grau: http://pje.trt15.jus.br/consultaprocessual. CAMPINAS/SP, 07 de agosto de 2026. MARCIO ROUMILLAC SOARES PORTO Diretor de SecretariaIntimado(s) / Citado(s) - PACAEMBU CONSTRUTORA S.A."
1647924.0,10/08/2026,17/08/2026,,Laryssa Mazo Pintor de Lima Rodrigues,5293,Nathalia Garcia,2821,Verificar Despacho,Compromisso (Prazo),Concluído,0000081-63.2026.5.23.0036,470840,Alison Fernando de Souza Leite,Trabalhista,Jurídico Trabalhista,,"Lary 12/08: Prazo de 5 dias para o reclamante manifestar-se em face dos embargos de declaração da Pacaembu. Nada fazer. 

D J E N - TRT23
Disponibilização: segunda-feira, 10 de agosto de 2026.
Arquivo: 1
Publicação: 767

TRT23 Diário de Justiça Eletrônico Nacional

Intimação Processo: 0000081-63.2026.5.23.0036   Órgão: 1ª VARA DO TRABALHO DE SINOP  Data de disponibilização:   Tipo de comunicação: Intimação  Meio: Diário de Justiça Eletrônico Nacional   Parte(s):   ALISON FERNANDO DE SOUZA LEITE  PACAEMBU CONSTRUTORA S.A.   Advogado(s)   RODOLFO FERNANDO BORGES  OAB MT-13506-O  NATHALIA CAROLINE CORREIA GARCIA  OAB SP-338049   PODER JUDICIÁRIO JUSTIÇA DO TRABALHO PJE - PROCESSO JUDICIAL ELETRÔNICO - 23ª REGIÃO 1ª VARA DO TRABALHO DE SINOP ATOrd 0000081-63.2026.5.23.0036 RECLAMANTE: ALISON FERNANDO DE SOUZA LEITE RECLAMADO: PACAEMBU CONSTRUTORA S.A. INTIMAÇÃO Fica V. Sa. INTIMADO(A) para, no prazo de 5 (cinco) dias, querendo, apresentar contrarrazões aos Embargos de Declaração opostos pelo(a) Réu(Ré) - #. (ATO ORDINATÓRIO praticado conforme delegação do artigo 113, parágrafo único, da Consolidação Normativa do TRT da 23ª Região - Anexo IV, item n. 33) ALISON FERNANDO DE SOUZA LEITE SINOP/MT, 07 de agosto de 2026. ROCKY LAINE ALVES PINTO Diretor de SecretariaIntimado(s) / Citado(s) - ALISON FERNANDO DE SOUZA LEITE"
1647923.0,10/08/2026,17/08/2026,,Laryssa Mazo Pintor de Lima Rodrigues,5293,Nathalia Garcia,2821,Verificar Despacho,Compromisso (Prazo),Concluído,0001253-82.2025.5.23.0001,469449,Cicero Marcos Martins dos Santos,Trabalhista,Jurídico Trabalhista,,"Lary 12/08: Autos remetidos para liquidação com prazo para Vara realizar a liquidação Nada fazer nesse momento. 

D J E N - TRT23
Disponibilização: segunda-feira, 10 de agosto de 2026.
Arquivo: 1
Publicação: 2671

TRT23 Diário de Justiça Eletrônico Nacional

Intimação Processo: 0001253-82.2025.5.23.0001   Órgão: 1ª VARA DO TRABALHO DE CUIABÁ  Data de disponibilização:   Tipo de comunicação: Intimação  Meio: Diário de Justiça Eletrônico Nacional   Parte(s):   CICERO MARCOS MARTINS DOS SANTOS  COPA ENERGIA S.A.  MAIARA ALVES CARVALHO  PACAEMBU CONSTRUTORA S.A.   Advogado(s)   JANAY GARCIA  OAB TO-3959  ALBERTO JOSE DE AMORIM FRANCO JUNIOR  OAB TO-11.643  NATHALIA CAROLINE CORREIA GARCIA  OAB SP-338049  LEONARDO MAZZILLO  OAB SP-195279   PODER JUDICIÁRIO JUSTIÇA DO TRABALHO PJE - PROCESSO JUDICIAL ELETRÔNICO - 23ª REGIÃO 1ª VARA DO TRABALHO DE CUIABÁ ATSum 0001253-82.2025.5.23.0001 RECLAMANTE: CICERO MARCOS MARTINS DOS SANTOS RECLAMADO: MAIARA ALVES CARVALHO E OUTROS (2) INTIMAÇÃO Fica V. Sa. intimado para tomar ciência do Despacho ID f54f452 proferido nos autos. DESPACHO Os autos retornam para análise após o trânsito em julgado. 1. Considerando que a sentença foi improcedente em face da COPA ENERGIA S.A., proceda-se a sua exclusão do polo passivo. 2. Remetam-se os autos à Contadoria para liquidação. 3. Após a juntada da planilha de cálculos, retornem-se os autos conclusos para homologação e remessa à fase de execução. CUIABA/MT, 07 de agosto de 2026. PAULO CESAR NUNES DA SILVA Juiz(a) do Trabalho Substituto(a)Intimado(s) / Citado(s) - COPA ENERGIA S.A. - PACAEMBU CONSTRUTORA S.A."
1647922.0,12/08/2026,17/08/2026,,Laryssa Mazo Pintor de Lima Rodrigues,5293,Nathalia Garcia,2821,Verificar Despacho,Compromisso (Prazo),Concluído,0000303-15.2026.5.23.0009,471766,Marcos Danilo da Silva Camara,Trabalhista,Jurídico Trabalhista,,"Lary 14/08: ED protocolado. Salvei na pasta e GED. 

Lary 12/08: Sentença condenou as reclamadas, de forma subsidiaria, ao pagamento de verbas rescisórias (TRCT apócrifo e sem comprovante de pagamento). Valor: 11k. Prazo para Embargos de Declaração. Ajustar para dia: 14/08. Fatal: 18/08

D J E N - TRT23
Disponibilização: segunda-feira, 10 de agosto de 2026.
Arquivo: 1
Publicação: 3335

TRT23 Diário de Justiça Eletrônico Nacional

Intimação Processo: 0000303-15.2026.5.23.0009   Órgão: 9ª VARA DO TRABALHO DE CUIABÁ  Data de disponibilização:   Tipo de comunicação: Intimação  Meio: Diário de Justiça Eletrônico Nacional   Parte(s):   MARCOS DANILO DA SILVA CAMARA  PACAEMBU CONSTRUTORA S.A.  TIAGO RIBEIRO DE OLIVEIRA   Advogado(s)   LUCAS JOSE MONT ALVERNE FROTA  OAB MA-19579  LUCAS MORENO PROGIANTE  OAB SP-300411  NATHALIA CAROLINE CORREIA GARCIA  OAB SP-338049   PODER JUDICIÁRIO JUSTIÇA DO TRABALHO PJE - PROCESSO JUDICIAL ELETRÔNICO - 23ª REGIÃO 9ª VARA DO TRABALHO DE CUIABÁ ATSum 0000303-15.2026.5.23.0009 RECLAMANTE: MARCOS DANILO DA SILVA CAMARA RECLAMADO: TIAGO RIBEIRO DE OLIVEIRA E OUTROS (1) INTIMAÇÃO Fica V. Sa. intimado para tomar ciência da Sentença ID c789229 proferida nos autos, cujo dispositivo consta a seguir: III – CONCLUSÃO Pelo exposto, na ação trabalhista movida por MARCOS DANILO DA SILVA CAMARA, em face de TIAGO RIBEIRO DE OLIVEIRA e PACAEMBU CONSTRUTORA S.A., no mérito, JULGO PROCEDENTES EM PARTE os pedidos para condenar os reclamados, sendo a segunda subsidiariamente, nos termos da fundamentação, a cumprir no prazo legal as seguintes obrigações: pagar saldo de salário de 6 dias, aviso prévio de 30 dias, décimo terceiro salário proporcional (6/12), férias proporcionais acrescida do terço constitucional, multa do art. 477, § 8º, da CLT;regularizar os recolhimentos fundiários na conta vinculada do autor (competência de dezembro/2025 e a multa de 40%), em 05 dias, após o trânsito em julgado, comprovando nos autos, com incidência das parcelas deferidas nesta decisão, sob pena de, não o fazendo, transformar a obrigação de fazer em obrigação de dar o equivalente em dinheiro; Defiro ao autor os benefícios da justiça gratuita. Em atendimento ao disposto no art. 832, § 3º, da CLT, incluído pela Lei n.10.035/2000, ressalta-se que possuem natureza indenizatória, não cabendo recolhimento previdenciário, as parcelas que se enquadrem entre aquelas previstas no art. 214, § 9º, do Decreto 3.048/99. As demais parcelas possuem natureza salarial, incidindo contribuição previdenciária, devendo ser calculada mês a mês, observando-se os limites de isenção fiscal. Em caso de execução de sentença, a cota previdenciária do empregado e o valor do imposto de renda, eventualmente devidos, deverão ser deduzidos de seu crédito, cabendo ao empregador o recolhimento da cota patronal, observando como salário de contribuição as parcelas salariais discriminadas na presente decisão, e, ainda, o teor do art. 276, § 4º, do Dec. 3.048/00. Os juros de mora e a correção monetária observarão o seguinte: 1) Até 30.08.2024, conforme decidido pelo STF no julgamento das ADC 58 e 59 e ADIs 5.867 e 6.021, ante a inconstitucionalidade da TR e até que sobrevenha solução legislativa, devem ser adotados nas execuções trabalhistas os mesmos índices de correção monetária e de juros vigentes para as hipóteses de condenações cíveis em geral, quais sejam, na fase pré-judicial, o IPCA-e cumulado com juros legais definidos no art. 39, caput, da Lei n. 8.177/91 e, após o ajuizamento, a taxa SELIC (art. 406 do CC com redação anterior à Lei n. 14.905/24), a qual engloba juros e correção monetária; 2) De 31.08.2024 em diante, em razão do art. 389 e 406 do CC, com a redação dada pela Lei n. 14.905/24, que é a solução legislativa estipulada pelo STF, devem ser observados tais dispositivos, ou seja, há incidência do IPCA na fase pré-judicial acrescido de juros legais definidos no art. 39, caput, da Lei n. 8.177/91, e, após ajuizamento da ação, há incidência da taxa SELIC (art. 406 do CC) deduzida a correção monetária (IPCA) e vedado o índice inferior a zero. O imposto de renda deve ser calculado mês a mês, observando-se as competências, as tabelas e alíquotas próprias aos meses em que devido era o pagamento da parcela, nos termos do Ato Declaratório n. 01/2009 da Procuradoria-Geral da Fazenda Nacional, devendo a importância respectiva, caso incidente, ser apurada quando da liquidação e retida para repasse à Receita quando da disponibilização do crédito ao Autor, processando-se eventual execução pelo valor bruto, observando-se que apenas as parcelas de cunho salarial deverão ser tributadas. Incidem honorários de sucumbência recíprocos, nos termos do art. 791-A, caput, §§ 3º e 4º, da CLT, fixados no percentual de 5%, a cargo dos reclamados réu incidentes sobre o valor que resultar da liquidação da sentença (valor da condenação) em favor do advogado do autor e, a cargo do autor, incidentes sobre o valor dos pedidos julgados integralmente improcedentes em favor do patrono do primeiro reclamado. Os cálculos de liquidação de sentença acostados à presente decisão, elaborados pela Seção de Contadoria ou pelo perito nomeado para tanto, integram a presente decisão para todos os efeitos legais, refletindo o quantum debeatur, sem prejuízo de posteriores atualizações, incidência de juros e multas, e atendem as diretrizes emanadas no Provimento n. 02/2006 deste Tribunal, ficando as partes expressamente advertidas que em caso de interposição de recurso ordinário deverão impugná-los especificamente, sob pena de preclusão. Custas processuais às expensas dos reclamados, calculadas sobre o valor líquido da condenação no importe de 2% e somadas àquelas previstas no inciso IX do artigo 789-A da CLT. Na forma do artigo 184, § 3º da Consolidação Normativa do Tribunal Regional da 23ª Região, a presente decisão reporta-se aos valores da condenação constantes dos cálculos que integram seu dispositivo, para todos os efeitos legais, incluindo-se as custas referidas, dispensando-se a transcrição dos aludidos valores. Intimem-se as partes. Nada mais. WANDERLEY PIANO DA SILVA Juiz(a) do Trabalho TitularIntimado(s) / Citado(s) - TIAGO RIBEIRO DE OLIVEIRA - PACAEMBU CONSTRUTORA S.A."
1647918.0,14/09/2026,18/09/2026,,Laryssa Mazo Pintor de Lima Rodrigues,5293,Nathalia Garcia,2821,Defesa e documentos,Compromisso (Prazo),Concluído,0000315-22.2026.5.23.0076,471540,Edson de Souza Nogueira,Trabalhista,Jurídico Trabalhista,,Lary 19/08: Defesa e documentos protocolados. Salvei na pasta e GED.
1647917.0,18/09/2026,21/09/2026,,Laryssa Mazo Pintor de Lima Rodrigues,5293,Nathalia Garcia,2821,Audiência Inicial,Compromisso (Audiência),Não iniciado,0000315-22.2026.5.23.0076,471540,Edson de Souza Nogueira,Trabalhista,Jurídico Trabalhista,,Telepresencial (horário MT).
1647914.0,31/08/2026,01/09/2026,,Marina Luise Campana Perini,8560,Karen Demetrio Firmino,8956,Contestação,Compromisso (Prazo),Não iniciado,4001518-54.2026.8.26.0451,471247,Luciana Renata Pereira Silva,Cível,Thaia - Escritório RST&A,,Pendente - Aguardando minuta - Subsídios: OK
1647913.0,14/09/2026,18/09/2026,,Laryssa Mazo Pintor de Lima Rodrigues,5293,Nathalia Garcia,2821,Defesa e documentos,Compromisso (Prazo),Finalizado pelo Encarregado(a),0000306-60.2026.5.23.0076,471336,Helio Antonio Nogueira Lima,Trabalhista,Jurídico Trabalhista,,Lary 26/08: Defesa e documentos protocolados. Salvei na pasta e GED.
1647912.0,18/09/2026,21/09/2026,,Laryssa Mazo Pintor de Lima Rodrigues,5293,Nathalia Garcia,2821,Audiência Inicial,Compromisso (Audiência),Não iniciado,0000306-60.2026.5.23.0076,471336,Helio Antonio Nogueira Lima,Trabalhista,Jurídico Trabalhista,,Telepresencial (horário MT).
1647911.0,17/08/2026,20/08/2026,,Laryssa Mazo Pintor de Lima Rodrigues,5293,Nathalia Garcia,2821,Razões Finais,Compromisso (Prazo),Concluído,0016130-43.2026.5.16.0015,470891,Geovaldo de Jesus Diniz Camara,Trabalhista,Jurídico Trabalhista,,Lary 17/08: Razões finais protocoladas. Salvei na pasta e GED.
1647910.0,09/09/2026,10/09/2026,,Laryssa Mazo Pintor de Lima Rodrigues,5293,Nathalia Garcia,2821,Audiência Una,Compromisso (Audiência),Não iniciado,0010944-68.2026.5.15.0079,473321,Adriana Florinda Mutti,Trabalhista,Jurídico Trabalhista,,Telepresencial
1647891.0,02/11/2026,03/11/2026,,Laryssa Mazo Pintor de Lima Rodrigues,5293,Nathalia Garcia,2821,Audiência de Instrução,Compromisso (Audiência),Não iniciado,0000214-82.2026.5.23.0076,471225,Cleber Sa Araujo,Trabalhista,Jurídico Trabalhista,,"(horário de Mato Grosso)

Telepresencial, por meio da plataforma zoom."
1647870.0,01/09/2026,01/09/2026,,Lawrencce Van Hornn Liberatori da Silva,9293,Nathalia Garcia,2821,Acompanhar envio do boleto,Compromisso (Acompanhar),Não iniciado,1030813-37.2024.8.26.0071,460530,Jéssica Letícia Vitorino,Cível,Thaia - Escritório RST&A,,Acompanhar envio dos boletos.
1647753.0,01/09/2026,01/09/2026,,Amanda Carvalho Martins,9353,Nathalia Garcia,2821,Acompanhar Carta de Citação,Compromisso (Acompanhar),Não iniciado,0009379-95.2026.8.16.0045,473866,João Henrique Evangelista Lemes,Cível,Bruno - Escritório RST&A,,Acompanhar Carta de Citação
1647749.0,02/09/2026,02/09/2026,,Marina Luise Campana Perini,8560,Nathalia Garcia,2821,Acompanhar Carta de Citação,Compromisso (Acompanhar),Não iniciado,4011014-10.2026.8.26.0451,473863,Guilherme Tadeu Cardoso Chaves,Cível,Thaia - Escritório RST&A,,Acompanhar Carta de Citação
1647728.0,23/09/2026,25/09/2026,,Laryssa Mazo Pintor de Lima Rodrigues,5293,Nathalia Garcia,2821,Julgamento,Compromisso (Audiência),Não iniciado,0000023-62.2026.5.09.0129,471224,Hugo Mauricio Yamasaki,Trabalhista,Jurídico Trabalhista,,
1647727.0,10/08/2026,12/08/2026,,Laryssa Mazo Pintor de Lima Rodrigues,5293,Nathalia Garcia,2821,Razões Finais,Compromisso (Prazo),Concluído,0000023-62.2026.5.09.0129,471224,Hugo Mauricio Yamasaki,Trabalhista,Jurídico Trabalhista,,Lary 10/08: Razões finais protocolada. Salvei na pasta e GED.
1647725.0,10/08/2026,11/08/2026,,Laryssa Mazo Pintor de Lima Rodrigues,5293,Nathalia Garcia,2821,Pericia Indireta,Compromisso (Prazo),Concluído,0010450-42.2026.5.03.0176,472585,Robson Carlos Pereira Silva,Trabalhista,Jurídico Trabalhista,,Lary 11/08: Pericia indireta realizada. Reclamante não compareceu no link disponibilizado. Aguardar Laudo. Nada fazer
1647615.0,31/08/2026,01/09/2026,,Marina Luise Campana Perini,8560,Nathalia Garcia,2821,Pagamento Custas de CS,Compromisso (Prazo),Não iniciado,1044115-73.2024.8.26.0576,454625,Guilherme Capatti Cardoso,Cível,Jurídico Interno Cível,,Pendente - agendar pagamento
1647552.0,10/08/2026,11/08/2026,,Marina Luise Campana Perini,8560,Nathalia Garcia,2821,Envio de Notificação,Compromisso (Prazo),Concluído,0231-26,473852,Réu desconhecido,,Jurídico Notificação,,Contranotificação protocolada em 11.08.
1647551.0,10/08/2026,11/08/2026,,Marina Luise Campana Perini,8560,Nathalia Garcia,2821,Envio de Notificação,Compromisso (Prazo),Concluído,0230-26,473851,Réu desconhecido,,Jurídico Notificação,,Contranotificação protocolada em 06.08.2026
1647544.0,14/08/2026,17/08/2026,,Lawrencce Van Hornn Liberatori da Silva,9293,Nathalia Garcia,2821,Contrarrazões de Apelação,Compromisso (Prazo),Concluído,0018785-44.2023.8.16.0014,420935,Lucas Vinicius Fernandes,Cível,Bruno - Escritório RST&A,,Minuta protocolada em 17.08.2026.
1647373.0,31/08/2026,01/09/2026,,Lawrencce Van Hornn Liberatori da Silva,9293,Nathalia Garcia,2821,Audiência de Instrução,Compromisso (Prazo),Não iniciado,5005919-15.2024.4.04.7009,450599,Leticia Ferreira,Cível,Bruno - Escritório RST&A,,Audiência de Instrução em 01.09.2026 às 14h30
1647367.0,28/08/2026,31/08/2026,,Lawrencce Van Hornn Liberatori da Silva,9293,Nathalia Garcia,2821,Apelação,Compromisso (Prazo),Cancelado,0011784-75.2024.8.16.0045,454879,Vagner Jose da Silva,Cível,Bruno - Escritório RST&A,,Apresentamos Eds
1647366.0,14/08/2026,17/08/2026,,Lawrencce Van Hornn Liberatori da Silva,9293,Nathalia Garcia,2821,Embargos de declaração,Compromisso (Prazo),Concluído,0011784-75.2024.8.16.0045,454879,Vagner Jose da Silva,Cível,Bruno - Escritório RST&A,,Minuta protocolada em 17.08.2026.
1647364.0,27/08/2026,28/08/2026,,Amanda Carvalho Martins,9353,Nathalia Garcia,2821,Quesitos e assistente técnico,Compromisso (Prazo),Não iniciado,0000083-49.2026.8.16.0045,471126,Maria Aparecida dos Santos,Cível,Bruno - Escritório RST&A,,Pendente validação - minuta recebida em 21.08.2026
1647363.0,28/08/2026,31/08/2026,,Amanda Carvalho Martins,9353,Nathalia Garcia,2821,Pagamento honorários periciais,Compromisso (Prazo),Não iniciado,0016607-58.2025.8.16.0045,469923,Marciele Biscaia Mendes,Cível,Bruno - Escritório RST&A,,Protocolo direto
1647361.0,28/08/2026,31/08/2026,,Lawrencce Van Hornn Liberatori da Silva,9293,Nathalia Garcia,2821,Apelação,Compromisso (Prazo),Cancelado,0012336-40.2024.8.16.0045,461953,Iranilde Silva Brasil,Cível,Bruno - Escritório RST&A,,Apresentamos Eds
1647360.0,14/08/2026,17/08/2026,,Lawrencce Van Hornn Liberatori da Silva,9293,Nathalia Garcia,2821,Embargos de declaração,Compromisso (Prazo),Concluído,0012336-40.2024.8.16.0045,461953,Iranilde Silva Brasil,Cível,Bruno - Escritório RST&A,,Minuta protocolada em 17.08.2026
1647357.0,14/08/2026,17/08/2026,,Marina Luise Campana Perini,8560,Nathalia Garcia,2821,Embargos de declaração,Compromisso (Prazo),Concluído,0015872-93.2023.8.16.0045,443948,Igor Antônio Rodrigues,Cível,Bruno - Escritório RST&A,,Não se aplica. A sentença foi de improcedência
1647354.0,28/08/2026,31/08/2026,,Lawrencce Van Hornn Liberatori da Silva,9293,Nathalia Garcia,2821,Apelação,Compromisso (Prazo),Cancelado,0015065-39.2024.8.16.0045,461951,Gilson Marco Ferreira de Lima,Cível,Bruno - Escritório RST&A,,Apresentamos Eds
1647353.0,14/08/2026,17/08/2026,,Lawrencce Van Hornn Liberatori da Silva,9293,Nathalia Garcia,2821,Embargos de declaração,Compromisso (Prazo),Concluído,0015065-39.2024.8.16.0045,461951,Gilson Marco Ferreira de Lima,Cível,Bruno - Escritório RST&A,,Minuta protocolada em 17.08.2026.
1647351.0,28/08/2026,31/08/2026,,Lawrencce Van Hornn Liberatori da Silva,9293,Nathalia Garcia,2821,Apelação,Compromisso (Prazo),Cancelado,0012613-56.2024.8.16.0045,461959,Marcia Aparecida de Lima,Cível,Bruno - Escritório RST&A,,Apresentamos Eds
1647350.0,14/08/2026,17/08/2026,,Lawrencce Van Hornn Liberatori da Silva,9293,Nathalia Garcia,2821,Embargos de declaração,Compromisso (Prazo),Concluído,0012613-56.2024.8.16.0045,461959,Marcia Aparecida de Lima,Cível,Bruno - Escritório RST&A,,Minuta protocolada em 17.08.2026.
1647326.0,10/08/2026,14/08/2026,,Laryssa Mazo Pintor de Lima Rodrigues,5293,Nathalia Garcia,2821,Verificar Despacho,Compromisso (Prazo),Concluído,0010481-66.2023.5.15.0133,396811,Orivando Henrique Bertolucci Junior,Trabalhista,Jurídico Trabalhista,,"Lary 10/08: Homologado os cálculos da Pacaembu. Brumar intimada para pagamento. Reforçamos por meio de manifestação que a execução somente deverá ser direcionada a Pacaembu após tentativa de executar a empresa. Nada fazer nesse momento. 
/ 
D J E N - TRT15
Disponibilização: sexta-feira, 07 de agosto de 2026.
Arquivo: 1
Publicação: 2590

TRT15 Diário de Justiça Eletrônico Nacional

Intimação Processo: 0010481-66.2023.5.15.0133   Órgão: LIQ2 - São José do Rio Preto  Data de disponibilização:   Tipo de comunicação: Intimação  Meio: Diário de Justiça Eletrônico Nacional   Parte(s):   ORIVANDO HENRIQUE BERTOLUCCI JUNIOR  BRUMAR DE MARILIA PORTARIA E LIMPEZA LTDA - ME  PACAEMBU CONSTRUTORA S.A.   Advogado(s)   ADINALDO APARECIDO DE OLIVEIRA  OAB SP-137939  NIVALDO APARECIDO MEDEIRO  OAB SP-113996  THAIS OLIVEIRA PULICI  OAB SP-310768  NATHALIA CAROLINE CORREIA GARCIA  OAB SP-338049   PODER JUDICIÁRIO JUSTIÇA DO TRABALHO TRIBUNAL REGIONAL DO TRABALHO DA 15ª REGIÃO LIQ2 - SÃO JOSÉ DO RIO PRETO ATOrd 0010481-66.2023.5.15.0133 AUTOR: ORIVANDO HENRIQUE BERTOLUCCI JUNIOR RÉU: BRUMAR DE MARILIA PORTARIA E LIMPEZA LTDA - ME E OUTROS (1) INTIMAÇÃO Fica V. Sa. intimado para tomar ciência da Decisão ID 1e14898 proferida nos autos. Órgão Julgador de Origem: LIQ1 - SÃO JOSÉ DO RIO PRETO DECISÃO SENTENÇA DE LIQUIDAÇÃO Por estar em consonância com o título executivo e diante da concordância da parte reclamante, homologa-se o cálculo apresentado pela 2ª reclamada sob id e10c76b. Observações: - Os valores se encontram atualizados até 01/07/2026. - As custas foram pagas. HONORÁRIOS ADVOCATÍCIOS A CARGO DO RECLAMANTE. Tendo em vista a concessão de gratuidade de justiça à parte autora, declaro suspensa a exigibilidade quanto aos honorários sucumbenciais, podendo o credor, no prazo de 2 anos, demonstrar que deixou de existir a situação de insuficiência de recursos que justificou a concessão de gratuidade. Nova ação deverá ser ajuizada pelo sistema eletrônico - PJE, e deverá estar munida de cópia da r. sentença, da presente decisão, bem como de prova inequívoca da existência de lastro patrimonial exequível, pormenorizando bens úteis do devedor, aptos a garantir a dívida, sob pena de indeferimento. Quanto ao presente feito, a final, cumprida a prestação jurisdicional, dê-se baixa e arquive-se. - Tendo em vista que o imposto de renda retido na fonte está adstrito ao regime de caixa, a efetiva retenção na fonte somente terá lugar no momento em que o crédito trabalhista se torne disponível para o beneficiário com a aplicação da regra a que alude o art. 12-A da Lei 7.713/88. Para tanto, será utilizada tabela progressiva resultante da multiplicação dos valores constantes da tabela progressiva mensal em vigência pela quantidade de meses a que se referem os rendimentos correspondentes a anos-calendários anteriores ao do recebimento, ou seja, 58 meses no caso em tela. Para a determinação da base de cálculo do tributo e da respectiva retenção, em face da natureza jurídica das parcelas indicadas nos cálculos homologados, resta fixado o percentual único de 49,05%. Referido percentual é fixado sobre o valor principal líquido do crédito trabalhista (excluídos os juros). INTIMAÇÃO DA UNIÃO Nos termos da Portaria Normativa PGF/AGU nº 47 de 07/07/2023, haja vista que o valor total das parcelas que integram o salário de contribuição constantes no cálculo de liquidação de sentença é inferior a R$40.000,00, desnecessária a intimação da União. DADOS BANCÁRIOS A parte reclamante deverá informar dados bancários para eventual transferência de numerário, por meio de petição apartada. Os advogados das partes deverão cadastrar conta bancária no banco de dados para transferência de valores no endereço : https://siscondj-adv.trt15.jus.br/adv-dados-bancarios-cadastro/ , caso ainda não tenha sido efetuado. CUMPRIMENTO DO TÍTULO EXECUTIVO CITEM-SE as partes reclamadas, por meio de publicação no DJEN em nome de seus procuradores para pagar em 48 (quarenta e oito) horas pagar ou garantir a execução, sob pena de Penhora, Avaliação e Registro, observando a planilha de atualização anexada nos autos. Faculta-se à SEGUNDA PARTE RECLAMADA, cuja responsabilidade é subsidiária pelo adimplemento das obrigações constantes no título executivo judicial, exercer o benefício de ordem e indicar para a garantia do juízo bens próprios da devedora principal, livres e desembaraçados, que proporcionem a efetiva e integral satisfação do título executivo. No caso de pagamento, a reclamada deverá observar as instruções constantes no tópico abaixo (PAGAMENTO DIRETO). Por se tratar o prazo previsto no artigo 880 da CLT de prazo peremptório, fica desde já indeferido requerimento para dilação de prazo para pagamento. Não havendo o pagamento ou a garantia integral da execução, no prazo de 48 (quarenta e oito) horas, a Secretaria da Vara e os oficiais de Justiça deverão observar as seguintes determinações, sem a necessidade de quaisquer outros despachos ordinatórios. - Atualização dos valores da condenação. - Bloqueio de valores pelo sistema SISBAJUD, em contas bancárias da reclamada. No caso de bloqueio de numerário através do acesso ao sistema SISBAJUD, a parte executada cuja conta corrente restou constrita deverá ser intimada para os efeitos do artigo 884 da CLT. - Outras providências na execução. PAGAMENTO DIRETO A parte executada deverá proceder, no prazo de 48 horas, ao pagamento diretamente na conta bancária da parte credora, informada nos autos, ou disponível no endereço: https://siscondj-adv.trt15.jus.br/adv-dados-bancarios-cadastro/, observando-se o valor devido a cada um, ou seja: Exequente e/ou advogado – dados bancários id 10eba73. A reclamada deverá ainda, realizar o recolhimento de contribuições previdenciárias em guia própria (DARF – código de recolhimento 6092), custas processuais em guia GRU, bem como efetuar o depósito do FGTS diretamente na conta vinculada da parte autora, quando for o caso. O depósito nos autos, no prazo de 48 horas, só será admitido na falta de informações de dados bancários para pagamento direto. Tal procedimento aplica-se exclusivamente aos créditos do exequente, advogado e perito. Já o FGTS e a previdência social devem ser recolhidos conforme as instruções acima. Salienta-se que todos os comprovantes de pagamento devem ser anexados aos autos no prazo legal. Intimem-se. SAO JOSE DO RIO PRETO/SP, 05 de agosto de 2026. CONCEICAO APARECIDA ROCHA DE PETRIBU FARIA Juíza do Trabalho Substituta JSPIntimado(s) / Citado(s) - BRUMAR DE MARILIA PORTARIA E LIMPEZA LTDA - ME - PACAEMBU CONSTRUTORA S.A."
1647323.0,10/08/2026,14/08/2026,,Laryssa Mazo Pintor de Lima Rodrigues,5293,Nathalia Garcia,2821,Verificar Despacho,Compromisso (Prazo),Concluído,0000106-45.2024.5.09.0195,444800,Mateus Souza Lima,Trabalhista,Jurídico Trabalhista,,"Lary 10/08: Denegado agravo interno da Pacaembu. Condenação mantida em 15k. Nada fazer. Aguardar início da fase da execução, 

D J E N - TST
Disponibilização: sexta-feira, 07 de agosto de 2026.
Arquivo: 1
Publicação: 14442

TST Diário de Justiça Eletrônico Nacional

Intimação Processo: 0000106-45.2024.5.09.0195   Órgão: 3ª Turma  Data de disponibilização:   Tipo de comunicação: Intimação  Meio: Diário de Justiça Eletrônico Nacional   Parte(s):   PACAEMBU CONSTRUTORA S.A.  DANIEL DE ARAUJO ANDRADE JUNIOR EMPREITEIRA  MATEUS SOUZA LIMA   Advogado(s)   FELIPE JOSE SELVA  OAB SP-360209  NAILA FABRICIA DE SOUZA DE MORAES  OAB SP-441648  NATHALIA CAROLINE CORREIA GARCIA  OAB SP-338049   PODER JUDICIÁRIO JUSTIÇA DO TRABALHO TRIBUNAL SUPERIOR DO TRABALHO 3ª TURMA Relator: MAURICIO GODINHO DELGADO AIRR 0000106-45.2024.5.09.0195 AGRAVANTE: PACAEMBU CONSTRUTORA S.A. AGRAVADO: MATEUS SOUZA LIMA E OUTROS (1) INTIMAÇÃO Fica V. Sa. intimado para tomar ciência da Decisão ID 673ab2f proferido nos autos. Poder Judiciário Justiça do Trabalho Tribunal Superior do Trabalho AGRAVANTE: PACAEMBU CONSTRUTORA S.A. ADVOGADA: Dra. NATHALIA CAROLINE CORREIA GARCIA AGRAVADO: MATEUS SOUZA LIMA ADVOGADO: Dr. FELIPE JOSE SELVA AGRAVADO: DANIEL DE ARAUJO ANDRADE JUNIOR EMPREITEIRA ADVOGADA: Dra. NAILA FABRICIA DE SOUZA DE MORAES GMMGD/per/sbs D E C I S Ã O O primeiro juízo de admissibilidade do recurso de revista, ao exame dos temas “contradita de testemunha - demanda contra o mesmo empregador com mesmos pedidos - suspeição não caracterizada - acórdão regional em conformidade com a tese jurídica fixada pelo Tribunal Pleno do TST - Tema 72 da Tabela de Recursos Repetitivos”, “responsabilidade subsidiária – ente privado”, “salário pago por fora”, “verbas rescisórias, multa do artigo 477 da CLT, duração do trabalho, assistência judiciária gratuita e honorários advocatícios sucumbenciais - ausência de indicação dos pressupostos do art. 896, § 9º, da CLT”, denegou-lhe seguimento. Inconformada, a Parte Recorrente interpõe o presente agravo de instrumento. Dispensada a remessa dos autos ao MPT, nos termos do art. 95, § 2º, do RITST. TRAMITAÇÃO PREFERENCIAL - RITO SUMARÍSSIMO. Tratando-se de recurso de revista interposto contra acórdão regional publicado sob a vigência das alterações promovidas pela Lei n. 13.467, de 13 de julho de 2017, sua análise se submete ao crivo da transcendência, a teor dos arts. 896-A, § 1º, da CLT; 246 e 247 do RITST. O Tribunal Regional denegou seguimento ao recurso de revista, nos seguintes termos: PRESSUPOSTOS INTRÍNSECOS A presente demanda está tramitando sob o rito sumaríssimo. O Recurso de Revista, em tal hipótese, somente tem cabimento por contrariedade a Súmula da jurisprudência uniforme do Tribunal Superior do Trabalho ou a Súmula Vinculante do Supremo Tribunal Federal ou, ainda, por violação direta à Constituição da República, a teor do artigo 896, § 9º, da Consolidação das Leis do Trabalho e da Súmula n.º 442 do Tribunal Superior do Trabalho. Portanto, denega-se, de plano, o processamento do Recurso de Revista com base em eventuais alegações de violações à legislação infraconstitucional e em divergência jurisprudencial. 1.1 DIREITO PROCESSUAL CIVIL E DO TRABALHO (8826) / ATOS PROCESSUAIS (8893) / NULIDADE (8919) / NULIDADE - SUSPEIÇÃO Alegação(ões): - contrariedade à Súmula nº 357 do Tribunal Superior do Trabalho. A Ré alega que houve caracterização de troca de favores, considerando que o Autor foi a única testemunha da ação trabalhista ajuizada por Elvis Luan Almeida Cardin que, por sua vez, também foi a única testemunha na presente demanda. Sustenta que o fato de ambas as testemunhas estarem litigando contra a empresa e patrocinadas pelo mesmo advogado constitui indício de falta de imparcialidade. Defende que a troca recíproca de testemunhas entre reclamantes contrários gera presunção razoável de conluio. Pugna pelo afastamento da prova testemunhal autoral. Fundamentos do acórdão recorrido: ""a) suspeição de testemunha - troca de favores (...) Os argumentos da reclamada não se sustentam. Inicialmente, conforme pontuado em sentença, preclusa a oportunidade para alegar a suspeição e a troca de favores testemunhal. No mais, o fato de a testemunha litigar contra a ré, com a presença de indicação recíproca de testemunha, por si só, não é causa de suspeição, não gerando a presunção de isenção de ânimo para depor. O interesse no litígio deve ser robustamente provado por outros elementos que apontem a efetiva presença de interesse na causa. O artigo 829 da CLT disciplina as hipóteses de suspeição e impedimento de testemunha no juízo trabalhista: ""A testemunha que for parente até o terceiro grau civil, amigo íntimo ou inimigo de qualquer das partes, não prestará compromisso, e seu depoimento valerá como simples informação."" Desse modo, ainda que se configurasse uma de suas hipóteses, o dispositivo legal transcrito determina a oitiva do indivíduo ao menos como informante. Ainda, o entendimento sedimentado na Súmula 357 do TST é no sentido de que ""não torna suspeita a testemunha o simples fato de estar litigando ou ter litigado contra o mesmo empregador"". A prova testemunhal consiste na principal prova de que o empregado se utiliza para comprovar a lesão de seus direitos trabalhistas no decorrer do pacto laboral, portanto, exigir da autora que, nestes casos, traga a juízo apenas testemunhas que não possuam ação contra a reclamada, importaria ter suprimidas condições de comprovar suas alegações em juízo. Portanto, o fato de a referida testemunha também ter ajuizado reclamação trabalhista contra a recorrente e utilizar-se do depoimento da autora desta ação não induz, necessariamente, a existência de suspeição. Neste sentido, o seguinte julgado: ""AGRAVO DE INSTRUMENTO EM RECURSO DE REVISTA SOB A ÉGIDE DA LEI 13.467/2017. SUSPEIÇÃO DA TESTEMUNHA ACOLHIDA PELO TRIBUNAL REGIONAL POR LITIGAR NA JUSTIÇA DO TRABALHO CONTRA O MESMO EMPREGADOR. SÚMULA 357 DO TST. RECONHECIDA A TRANSCENDÊNCIA POLÍTICA. O Tribunal Regional acolheu a preliminar de suspeição da testemunha convidada pela autora, pelo simples fato de litigar na contra o mesmo empregador da reclamante, com testemunhos recíprocos. A decisão regional contraria a Súmula 357 do TST. Reconhecida transcendência política do recurso de revista. Provê- se o agravo de instrumento para determinar o processamento do recurso de revista. RECURSO DE REVISTA INTERPOSTO SOB A ÉGIDE DA LEI 13.467/2017. SUSPEIÇÃO DE TESTEMUNHA ACOLHIDA PELO TRIBUNAL REGIONAL POR LITIGAR NA JUSTIÇA DO TRABALHO CONTRA O MESMO EMPREGADOR. Nos termos da Súmula 357 do TST, ""Não torna suspeita a testemunha o simples fato de estar litigando ou de ter litigado contra o mesmo empregador"". Desse modo, o Regional ao acolher a contradita, pelo simples fato de a testemunha conduzida pela autora litigar contra a demandada, contrariou o verbete, ainda que tenha havido testemunhos recíprocos. Recurso de revista conhecido e provido."" (TST-RR-1000029-39.2015.5.02.0321 - 6ª T. - Rel. Min. Augusto César Leite de Carvalho. j. em 12/08/2020). Ademais, o Magistrado possui ampla liberdade na condução do processo, sendo-lhe permitido decidir de forma contrária à pretensão das partes, nos termos do artigo 765 da CLT. Trata-se de aplicação do princípio do livre convencimento, previsto no artigo 371 do CPC e aplicado, subsidiariamente, ao processo do trabalho. Assim, de forma objetiva e restrita aos contornos dos fatos já comprovados, tem-se que a postura adotada pelo Magistrado de primeiro grau foi regular. Nada a prover."" (Destacou-se). O entendimento adotado pela Turma encontra respaldo na Súmula nº 357 do Tribunal Superior do Trabalho. Por haver convergência entre a tese adotada no acórdão recorrido e a Súmula do Tribunal Superior do Trabalho, não se vislumbra contrariedade ao mencionado verbete sumular. Denego. 2.1 DIREITO INDIVIDUAL DO TRABALHO (12936) / RESPONSABILIDADE SOLIDÁRIA/SUBSIDIÁRIA (14034) / TERCEIRIZAÇÃO /TOMADOR DE SERVIÇOS Alegação(ões): - contrariedade ao item V da Súmula nº 331 do Tribunal Superior do Trabalho. - violação dos incisos II e XLV do artigo 5º da Constituição Federal. A Ré argumenta que a responsabilidade subsidiária do tomador de serviços é limitada às verbas trabalhistas, não estando relacionada às obrigações personalíssimas. Requer a exclusão de sua condenação em relação às seguintes parcelas: (i) multa prevista no artigo 477 da CLT; (ii) verbas rescisórias e (iii) contribuição previdenciária patronal. Fundamentos do acórdão recorrido: ""b) responsabilidade subsidiária (...) Mantém-se o julgado, por seus próprios fundamentos (art. 895, § 1º inciso IV da CLT - ""§ 1º Nas reclamações sujeitas ao procedimento sumaríssimo, o recurso ordinário: IV - terá acórdão consistente na certidão de julgamento, com a indicação suficiente do processo e parte dispositiva, e das razões de decidir do voto prevalecente. Se a sentença for confirmada pelos próprios fundamentos, a certidão de julgamento, registrando tal circunstância, servirá de acórdão""). A responsabilidade subsidiária da tomadora de serviços independe da ilicitude da intermediação, advindo do fato objetivo de ter sido ela quem se beneficiou do trabalho prestado pela parte autora. Afigura-se a existência de ""culpa in vigilando"", em razão de ter-se descurado de sua obrigação de fiscalizar o cumprimento do contrato em relação aos trabalhadores utilizados pela empresa por ela contratada. A diretriz sufragada no inciso IV da Súmula 331 do C. TST, portanto, apoia-se nas teorias do risco e da ""culpa in elegendo"" e ""in vigilando"". Ao optar pela terceirização de parte de seus serviços, o tomador deve estar ciente de que assume a responsabilidade subsidiária pelos créditos trabalhistas, caso haja inadimplência da empresa terceirizada. O fato de a tomadora auferir benefícios advindos da força produtiva que lhe propicia retorno econômico, torna-a devedora subsidiária dos débitos decorrentes do labor prestado, sob pena de restarem feridos os princípios de dignidade humana e valorização do trabalho (artigos 1º, IV, 170 e 193 da CF/88). Destaca-se que não se discute nos autos a legalidade do contrato firmado entre as reclamadas, mas as consequências jurídicas desse contrato, inequivocamente tratadas pela Súmula 331, IV, do TST. No mais, a legalidade da contratação não afasta a incidência da responsabilidade subsidiária da contratante. Eventual pacto de exclusão de responsabilidade da segunda ré prevista no contrato de prestação de serviços não interfere nas obrigações trabalhistas devidas à parte autora, pois vincula somente as partes contratantes. Observe-se ainda que a aludida Súmula não exige a configuração da inidoneidade financeira para que seja estabelecida a responsabilidade do tomador de serviços, mas apenas o descumprimento de obrigações trabalhistas por parte da empresa prestadora, o que no caso, foi manifesto em virtude do não pagamento do passivo trabalhista, consubstanciado nas parcelas reconhecidas em primeira instância em favor da reclamante. É neste contexto, portanto, que se deve assegurar ao empregado a efetiva satisfação de seus direitos, admitindo-se a responsabilidade subsidiária da reclamada tomadora dos serviços no caso de a empregadora deixar de adimplir as obrigações trabalhistas objeto da lide. Afinal, foi ela a beneficiária do trabalho executado pelo obreiro, ficando na hipótese configurada sua ""culpa in vigilando"", na condição de tomadora de serviços. Ainda, consoante entendimento cristalizado na jurisprudência, a responsabilidade subsidiária abarca também as multas legais e as parcelas rescisórias. Ou seja, as obrigações não cumpridas pelo empregador são transferidas ao tomador dos serviços, que responde subsidiariamente por todas as parcelas trabalhistas devidas pelo devedor principal, inclusive de natureza indenizatória, ou seja, multas dos arts. 467 e 477, §8º, da CLT, bem como pelos recolhimentos fiscais. Nos termos do disposto na Súmula 331, IV, do C. TST, a empresa tomadora de serviços é responsável pelas obrigações envolvendo o empregador. O texto constitucional, posicionado no ápice da pirâmide legislativa, prevê expressamente no caput do seu artigo 7º que ""são direitos dos trabalhadores urbanos e rurais, além de outros que visem a melhoria de sua condição social"", não se podendo conceber, então, que a tomadora de serviços se beneficie do trabalhado prestado e não assuma qualquer responsabilidade quanto ao pagamento dos haveres trabalhistas junto ao reclamante. Note-se que a contraprestação pelos serviços prestados pelo trabalhador é a fonte de sua subsistência, ou seja, a garantia de uma vida digna (art. 1º, III, da CF), tornando consequente que o beneficiário direto de seus serviços seja considerado responsável pelo seu pagamento no caso de inadimplemento pela empregadora. Convém ressaltar que a interpretação sistemática do ordenamento jurídico, a qual sustentava a interpretação jurisprudencial prevalecente adotada sobre a matéria, consubstanciada no citado verbete (Súmula 331 do C. TST), alcançou guarida legal no artigo 5º-A, § 5º, da Lei 13.429/2017, vigente em parte do contrato de trabalho em apreço, prevendo a responsabilidade subsidiária da tomadora de serviços pelas obrigações trabalhistas no período da prestação de serviços, independentemente da culpa ""in vigilando"" e/ou ""in eligendo"", ""verbis"": § 5º A empresa contratante é subsidiariamente responsável pelas obrigações trabalhistas referentes ao período em que ocorrer a prestação de serviços, e o recolhimento das contribuições previdenciárias observará o disposto no art. 31 da Lei no 8.212, de 24 de julho de 1991. Não há qualquer afronta artigo 5º, II, da CF, já que encontra plena consonância nos princípios protetivos do direito do trabalho. Ademais, exsurge a culpa in eligendo e in vigilando por parte da recorrente, em razão de ter escolhido empresa que não honrou as obrigações trabalhistas, além de ter- se descurado de sua obrigação de fiscalizar o cumprimento do contrato em relação aos trabalhadores utilizados pela empresa por ela contratada. Incumbia à tomadora contratar a prestação de serviços com empresa prestadora idônea e cumpridora das obrigações trabalhistas dos seus empregados, sob pena de responsabilizar-se pelos créditos não satisfeitos pela contratada, em relação à mão-de-obra utilizada. Destaco que o inciso VI da Súmula 331 do C. TST preconiza que ""a responsabilidade subsidiária do tomador de serviços abrange todas as verbas decorrentes da condenação referentes ao período da prestação laboral"", obrigação essa que, por evidente, alcança a totalidade das verbas reconhecidas pelo magistrado de primeiro grau. Conforme lição de Alice Monteiro de Barros, não existem restrições à responsabilidade subsidiária da tomadora: (...) Portanto, a responsabilidade subsidiária atribuída ao recorrente abrange todas as parcelas devidas, inclusive as de natureza indenizatória e de recolhimento previdenciário, não havendo que se falar em condenação de cunho personalíssimo, quanto ao particular. Nada a alterar."" (Destacou-se). Inicialmente, registre-se que a alegação de ofensa ao artigo 5º, inciso II, da Constituição Federal não viabiliza o processamento do Recurso de Revista, porquanto a alegação de afronta ao princípio da legalidade configura tão somente violação reflexa ao Texto Constitucional, mormente quando necessário, para sua verificação, rever a interpretação dada à legislação infraconstitucional pertinente à hipótese. Nesse sentido o Supremo Tribunal Federal já pacificou o entendimento por meio da Súmula 636/STF. Ademais, diante do pressuposto fático delineado no Acórdão, não suscetível de ser revisto nesta fase processual, infere-se que o entendimento da Turma está em consonância com os itens IV e VI da Súmula nº 331 do Tribunal Superior do Trabalho. Por haver convergência entre a tese adotada no Acórdão recorrido e a Súmula do Tribunal Superior do Trabalho, não se vislumbra potencial violação direta e literal ao artigo 5º, inciso XLV, da Constituição Federal e contrariedade ao item V do já mencionado verbete sumular. Denego. 3.1 DIREITO INDIVIDUAL DO TRABALHO (12936) / VERBAS REMUNERATÓRIAS, INDENIZATÓRIAS E BENEFÍCIOS (13831) / SALÁRIO/DIFERENÇA SALARIAL (13858) / SALÁRIO POR FORA - INTEGRAÇÃO Alegação(ões): - contrariedade à Súmula nº 12 do Tribunal Superior do Trabalho. A Ré assevera que a CTPS do Autor comprova que o seu real salário sempre foi de R$ 2.405,06 e que a veracidade deste documento só poderia ser desconstituída por prova robusta em sentido contrário, o que não ocorrera nos presentes autos. Sustenta que juntou os holerites dos pagamentos, assinados pelo trabalhador. Pugna para que seja afastada a condenação ao pagamento de salário ""por fora"". Fundamentos do acórdão recorrido: ""c) salário a latere (...) Argumenta a ré que ""a CTPS juntada às fls. 14 comprova que o real salário do trabalhador sempre foi de R$ 2.405,06, sendo que a veracidade desse documento só poderia ser desconstituída por prova cabal e robusta em sentido contrário, o que não ocorreu no presente caso. Invocam-se, para tanto, os artigos 40 e 464 da CLT, além da Súmula 12 do C. TST."" Mantém-se o julgado, por seus próprios fundamentos (art. 895, § 1º inciso IV da CLT - ""§ 1º Nas reclamações sujeitas ao procedimento sumaríssimo, o recurso ordinário: IV - terá acórdão consistente na certidão de julgamento, com a indicação suficiente do processo e parte dispositiva, e das razões de decidir do voto prevalecente. Se a sentença for confirmada pelos próprios fundamentos, a certidão de julgamento, registrando tal circunstância, servirá de acórdão""). O recebimento de salário ""a latere"", por se tratar de ato ilegal do empregador, deve ser, via de regra, cabal e robustamente comprovado pelo empregado, nos termos do artigo 818 da CLT c/c artigo 373, I, do CPC. Entretanto, não foram juntados aos autos os recibos salariais, na forma do art. 464 da CLT, prevalecendo o depoimento da testemunha indicada pelo autor quanto ao pagamento ""por fora"" por casa entregue. Nada a alterar, considerando os limites do pedido da inicial."" (Destacou-se). Observa-se que o entendimento manifestado pela Turma está assentado no substrato fático-probatório existente nos autos. Para se concluir de forma diversa seria necessário revolver fatos e provas, propósito insuscetível de ser alcançado nesta fase processual, à luz da Súmula 126 do Tribunal Superior do Trabalho. As assertivas recursais de contrariedade à Súmula nº 12 do Tribunal Superior do Trabalho não consideram a moldura fática delineada no Acórdão recorrido, situação que inviabiliza a revista sob tais fundamentos. Denego. 4.1 DIREITO INDIVIDUAL DO TRABALHO (12936) / RESCISÃO DO CONTRATO DE TRABALHO (13949) / VERBAS RESCISÓRIAS 4.2 DIREITO INDIVIDUAL DO TRABALHO (12936) / RESCISÃO DO CONTRATO DE TRABALHO (13949) / VERBAS RESCISÓRIAS (13970) / MULTA DO ARTIGO 477 DA CLT 4.3 DIREITO INDIVIDUAL DO TRABALHO (12936) / DURAÇÃO DO TRABALHO 4.4 DIREITO PROCESSUAL CIVIL E DO TRABALHO (8826) / PARTES E PROCURADORES (8842) / ASSISTÊNCIA JUDICIÁRIA GRATUITA 4.5 DIREITO PROCESSUAL CIVIL E DO TRABALHO (8826) / PARTES E PROCURADORES (8842) / SUCUMBÊNCIA (8874) / HONORÁRIOS ADVOCATÍCIOS Alegação(ões): A Ré defende que o Autor não impugnou os fatos trazidos nos autos, qual seja, a tese de que o trabalhador não retornou ao labor após o dia 15/01 /2024. Argumenta que a ausência de impugnação combinada com a ausência de provas refutam as alegações da exordial. Alega que deve ser reconhecido que o Autor abandonou o emprego. Salienta que o TRCT (Termo de Rescisão do Contrato de Trabalho) confirma que o contrato foi encerrado a pedido do obreiro, sem saldo positivo pendente de pagamento. Ainda, afirma que não é devida a multa prevista no artigo 477 da CLT nos casos em que há controvérsia instaurada. No mais, assevera que restou comprovado nos autos que a sua obra funcionava apenas a partir de 7 (sete) horas, não existindo labor aos sábados e que todos os funcionários usufruíam de 1 (uma) hora de intervalo para refeição. Diante disso, aduz que cabia ao Autor comprovar suas alegações, o que não ocorreu no presente caso. Ademais, defende que não houve cumprimento dos requisitos para concessão da Justiça Gratuita, não bastando a declaração de hipossuficiência e que o percentual de honorários sucumbenciais não está adequado ao número de atos processuais praticados. Requer o provimento do recurso e o afastamento das condenações. Conforme já mencionado no teor da presente decisão, de acordo com o artigo 896, § 9°, da CLT e da Súmula n.º 442 do Tribunal Superior do Trabalho, ""nas causas sujeitas ao procedimento sumaríssimo, somente será admitido recurso de revista por contrariedade a súmula de jurisprudência uniforme do Tribunal Superior do Trabalho ou a súmula vinculante do Supremo Tribunal Federal e por violação direta da Constituição Federal."". Na hipótese, a parte Recorrente não observou o disposto acima quanto aos tópicos elencados, o que torna inviável o processamento do Recurso de Revista. Denego. CONCLUSÃO Denego seguimento. (g.n.) Nas razões do agravo de instrumento, a Parte Agravante pugna pelo conhecimento e provimento do recurso de revista. Sem razão, contudo. Quanto ao tema “contradita de testemunha - demanda contra o mesmo empregador com mesmos pedidos - suspeição não caracterizada”, a jurisprudência desta Corte Superior firmou o entendimento no sentido de ser necessária a comprovação inequívoca da suspeição da testemunha, não se configurando tal circunstância o simples fato de a testemunha do Autor mover ação em desfavor da Reclamada, ainda que com pedidos idênticos ou com patrocínio do mesmo advogado, mas, sim, pelo interesse no litígio por parte da testemunha contraditada, o qual pode ser extraído do próprio depoimento, em cotejo com as demais provas dos autos. Assim, não se pode presumir a troca de favores. É o que se depreende da Súmula 357 do TST, segundo a qual: ""Não torna suspeita a testemunha o simples fato de estar litigando ou de ter litigado contra o mesmo empregador"". Nessa linha, destacam-se os seguintes julgados da SBDI-I desta Corte: EMBARGOS REGIDOS PELA LEI Nº 11.496/2007. SUSPEIÇÃO DE TESTEMUNHA QUE LITIGA CONTRA O MESMO DEMANDADO EM JUÍZO. SÚMULA Nº 357 DO TRIBUNAL SUPERIOR DO TRABALHO. MERA IDENTIDADE DE PEDIDOS. INEXISTENCIA. Nos termos da jurisprudência pacificada nesta Corte, o fato de a testemunha postular em Juízo contra o mesmo demandado, ainda que para reivindicar pedido idêntico, não acarreta a sua suspeição por si só nem torna seus depoimentos desprovidos de valor probante. Trata-se, ao contrário, do exercício regular de direito constitucionalmente assegurado, no interesse da Justiça . Embargos conhecidos e providos. (E-RR-45600-49.2008.5.04.0027, Subseção I Especializada em Dissídios Individuais , Relator Ministro Jose Roberto Freire Pimenta, DEJT 24/05/2019). RECURSO DE EMBARGOS. REGÊNCIA DA LEI Nº 11.496/2007. CONTRADITA DE TESTEMUNHA. AÇÃO CONTRA A MESMA RECLAMADA. IDÊNTICO OBJETO. 1. A eg. Sexta Turma proferiu acórdão em harmonia com a jurisprudência deste Tribunal Superior, ao não conhecer do recurso de revista, sob o fundamento de que, conforme a Súmula nº 357 do TST, o fato de a testemunha litigar contra o mesmo empregador, em ação com idênticos pedidos e objeto, não é suficiente para configurar suspeição, sendo necessário que o julgador, comprovadamente, firme convicção a respeito da parcialidade, animosidade ou falta de isenção da testemunha, o que não ocorreu. 2. Nesse contexto, o recurso de embargos se afigura incabível, nos termos do art. 894, II, da CLT, considerada a redação dada pela Lei nº 11.496/2007 ....."
1647322.0,10/08/2026,14/08/2026,,Laryssa Mazo Pintor de Lima Rodrigues,5293,Nathalia Garcia,2821,Verificar Despacho,Compromisso (Prazo),Concluído,0000540-79.2026.5.22.0105,472887,Carlos Eduardo Santos Sampaio,Trabalhista,Jurídico Trabalhista,,"Lary 10/08: intimado o reclamante para que, no prazo de 05 (cinco) dias, apresente o endereço correto, completo e atualizado da primeira reclamada. Nada fazer.

D J E N - TRT22
Disponibilização: sexta-feira, 07 de agosto de 2026.
Arquivo: 1
Publicação: 1294

TRT22 Diário de Justiça Eletrônico Nacional

Intimação Processo: 0000540-79.2026.5.22.0105   Órgão: NNJ4N  Data de disponibilização:   Tipo de comunicação: Intimação  Meio: Diário de Justiça Eletrônico Nacional   Parte(s):   CARLOS EDUARDO SANTOS SAMPAIO  MANDA CHUVA SERVICOS ELETRICOS E HIDRAULICOS LTDA  VIDA NOVA CUIABA II - EMPREENDIMENTO IMOBILIARIO LTDA   Advogado(s)   THIAGO CARVALHO DOS SANTOS  OAB PI-16641  ANDRE FERREIRA DE ARAUJO  OAB PI-10009  NATHALIA CAROLINE CORREIA GARCIA  OAB SP-338049   PODER JUDICIÁRIO JUSTIÇA DO TRABALHO TRIBUNAL REGIONAL DO TRABALHO DA 22ª REGIÃO NÚCLEO NJ 4.0 NORTE ATSum 0000540-79.2026.5.22.0105 AUTOR: CARLOS EDUARDO SANTOS SAMPAIO RÉU: MANDA CHUVA SERVICOS ELETRICOS E HIDRAULICOS LTDA E OUTROS (1) INTIMAÇÃO Fica V. Sa. intimado para tomar ciência do Despacho ID 21c6789 proferido nos autos. Vistos, Considerando que a carta precatória expedida para a notificação da primeira reclamada foi devolvida sem o cumprimento da diligência, em razão da não localização da destinatária no endereço informado (ID cf9f3b7), intime-se o reclamante para que, no prazo de 05 (cinco) dias, apresente o endereço correto, completo e atualizado da primeira reclamada, viabilizando a regular notificação. Advirto a parte reclamante de que o não atendimento da presente determinação, no prazo assinalado, importará o indeferimento da petição inicial, nos termos dos arts. 321 e 330, inciso IV, do Código de Processo Civil, aplicáveis subsidiariamente ao Processo do Trabalho, nos termos do art. 769 da CLT. Cumpra-se. TERESINA/PI, 06 de agosto de 2026. GUSTAVO LIMA MARTINS Juiz Titular de Vara do TrabalhoIntimado(s) / Citado(s) - VIDA NOVA CUIABA II - EMPREENDIMENTO IMOBILIARIO LTDA"
1647321.0,10/08/2026,14/08/2026,,Laryssa Mazo Pintor de Lima Rodrigues,5293,Nathalia Garcia,2821,Verificar Despacho,Compromisso (Prazo),Concluído,0000306-60.2026.5.23.0076,471336,Helio Antonio Nogueira Lima,Trabalhista,Jurídico Trabalhista,,"Lary 11/08: Audiência na pauta e sistema. Nada fazer.

Lary 10/08: Determinada a inclusão da empresa Paiva & Rodrigues no polo passivo da demanda, após pedido de chamamento da Pacaembu. Audiência inicial designada para o dia 21/09/2026, às 11:15, telepresencial (horário MT). Não finalizei para acompanhar agendamento - ajustar para dia 11/08 

D J E N - TRT23
Disponibilização: sexta-feira, 07 de agosto de 2026.
Arquivo: 1
Publicação: 2636

TRT23 Diário de Justiça Eletrônico Nacional

Intimação Processo: 0000306-60.2026.5.23.0076   Órgão: VARA DO TRABALHO DE PRIMAVERA DO LESTE  Data de disponibilização:   Tipo de comunicação: Intimação  Meio: Diário de Justiça Eletrônico Nacional   Parte(s):   HELIO ANTONIO NOGUEIRA LIMA  JOSE RIBAMAR GONCALVES DE PAIVA  PACAEMBU CONSTRUTORA S.A.   Advogado(s)   FRANCISCO JORGE RIBEIRO GUIMARAES  OAB AM-2978  LARYSSA MAZO PINTOR DE LIMA RODRIGUES  OAB SP-435073  NATHALIA CAROLINE CORREIA GARCIA  OAB SP-338049   PODER JUDICIÁRIO JUSTIÇA DO TRABALHO PJE - PROCESSO JUDICIAL ELETRÔNICO - 23ª REGIÃO VARA DO TRABALHO DE PRIMAVERA DO LESTE ATOrd 0000306-60.2026.5.23.0076 RECLAMANTE: HELIO ANTONIO NOGUEIRA LIMA RECLAMADO: JOSE RIBAMAR GONCALVES DE PAIVA E OUTROS (1) INTIMAÇÃO Fica V. Sa. intimado para tomar ciência do Despacho ID 143ec36 proferido nos autos. DESPACHO Vistos, etc. 1. Ante a manifestação da Reclamada PACAEMBU CONSTRUTORA S.A. (id. 0ed4ca0) e a petição de id. 211cc0b, recebo o aditamento à inicial formulado ao id. 91b3fdd. 2. Determino a inclusão da empresa PAIVA & RODRIGUES CONSTRUTORA LTDA, inscrita no CNPJ n º 42.333.009/0001-64 no polo passivo da demanda, proceda a secretaria a habilitação no cadastro dos autos no PJe. 3. Designo a audiência inicial para o dia 21.09.2026, às 11h15, no horário local, a qual poderá contar com o auxílio de mediador(a) judicial sob a supervisão de um magistrado. No dia e horário designados, as partes e advogados deverão participar do ato por videoconferência por meio da ferramenta ZOOM, com acesso através de seus celulares, tablets ou computadores através do link abaixo: Sala Primavera:https://trt23-jus-br.zoom.us/j/4242143645?pwd=VkViMjI2TC9nVzcrNTJ4WXQzamk3Zz09ID da reunião: 424 214 3645 Senha de acesso: VTpva2023! Mantêm-se as demais cominações anteriores (id. 879ac61). Intimem-se as partes já notificadas e notifique-se a ré PAIVA & RODRIGUES CONSTRUTORA LTDA - CNPJ n º 42.333.009/0001-64. PRIMAVERA DO LESTE/MT, 06 de agosto de 2026. JOAO LUCAS PARETA DEGRAF Juiz(a) do Trabalho Substituto(a)Intimado(s) / Citado(s) - PACAEMBU CONSTRUTORA S.A."
1647320.0,10/08/2026,14/08/2026,,Laryssa Mazo Pintor de Lima Rodrigues,5293,Nathalia Garcia,2821,Verificar Despacho,Compromisso (Prazo),Concluído,0000315-22.2026.5.23.0076,471540,Edson de Souza Nogueira,Trabalhista,Jurídico Trabalhista,,"Lary 11/08: Audiência apenas no sistema. Ajustar para dia 12/08 - cobrar inclusão na pauta. 

Lary 10/08: Determinada a inclusão da empresa Paiva & Rodrigues no polo passivo da demanda, após pedido de chamamento da Pacaembu. Audiência inicial designada para o dia 21.09.2026, às 10h30, telepresencial (horário MT). - Não finalizei para acompanhar agendamento - ajustar para 11/08.


D J E N - TRT23
Disponibilização: sexta-feira, 07 de agosto de 2026.
Arquivo: 1
Publicação: 2638

TRT23 Diário de Justiça Eletrônico Nacional

Intimação Processo: 0000315-22.2026.5.23.0076   Órgão: VARA DO TRABALHO DE PRIMAVERA DO LESTE  Data de disponibilização:   Tipo de comunicação: Intimação  Meio: Diário de Justiça Eletrônico Nacional   Parte(s):   EDSON DE SOUZA NOGUEIRA  JOSE RIBAMAR GONCALVES DE PAIVA  PACAEMBU CONSTRUTORA S.A.   Advogado(s)   FRANCISCO JORGE RIBEIRO GUIMARAES  OAB AM-2978  LARYSSA MAZO PINTOR DE LIMA RODRIGUES  OAB SP-435073  NATHALIA CAROLINE CORREIA GARCIA  OAB SP-338049   PODER JUDICIÁRIO JUSTIÇA DO TRABALHO PJE - PROCESSO JUDICIAL ELETRÔNICO - 23ª REGIÃO VARA DO TRABALHO DE PRIMAVERA DO LESTE ATOrd 0000315-22.2026.5.23.0076 RECLAMANTE: EDSON DE SOUZA NOGUEIRA RECLAMADO: JOSE RIBAMAR GONCALVES DE PAIVA E OUTROS (1) INTIMAÇÃO Fica V. Sa. intimado para tomar ciência do Despacho ID 67ff8a9 proferido nos autos. DESPACHO Vistos, etc. 1. Ante a manifestação da Reclamada PACAEMBU CONSTRUTORA S.A. (id. c888c5e) e a petição de id. 8af0f62, recebo o aditamento à inicial formulado ao id. f9d542c. 2. Determino a inclusão da empresa PAIVA & RODRIGUES CONSTRUTORA LTDA, inscrita no CNPJ n º 42.333.009/0001-64 no polo passivo da demanda, proceda a secretaria a habilitação no cadastro dos autos no PJe. 3. Designo a audiência inicial para o dia 21.09.2026, às 10h30, no horário local, a qual poderá contar com o auxílio de mediador(a) judicial sob a supervisão de um magistrado. No dia e horário designados, as partes e advogados deverão participar do ato por videoconferência por meio da ferramenta ZOOM, com acesso através de seus celulares, tablets ou computadores através do link abaixo: Sala Primavera:https://trt23-jus-br.zoom.us/j/4242143645?pwd=VkViMjI2TC9nVzcrNTJ4WXQzamk3Zz09ID da reunião: 424 214 3645 Senha de acesso: VTpva2023! Mantêm-se as demais cominações anteriores (id. cd09a93). Intimem-se as partes já notificadas e notifique-se a ré PAIVA & RODRIGUES CONSTRUTORA LTDA - CNPJ n º 42.333.009/0001-64. PRIMAVERA DO LESTE/MT, 06 de agosto de 2026. JOAO LUCAS PARETA DEGRAF Juiz(a) do Trabalho Substituto(a)Intimado(s) / Citado(s) - PACAEMBU CONSTRUTORA S.A."
1647319.0,10/08/2026,14/08/2026,,Laryssa Mazo Pintor de Lima Rodrigues,5293,Nathalia Garcia,2821,Verificar Despacho,Compromisso (Prazo),Concluído,0000689-73.2026.5.05.0291,473245,Silvio Queiroz da Silva Junior,Trabalhista,Jurídico Trabalhista,,"Lary 10/08: Rejeitada a exceção de incompetência. Nada fazer. Audiência mantida que já está na pauta. 

D J E N - TRT5
Disponibilização: sexta-feira, 07 de agosto de 2026.
Arquivo: 1
Publicação: 3225

TRT5 Diário de Justiça Eletrônico Nacional

Intimação Processo: 0000689-73.2026.5.05.0291   Órgão: Vara do Trabalho de Irecê  Data de disponibilização:   Tipo de comunicação: Intimação  Meio: Diário de Justiça Eletrônico Nacional   Parte(s):   SILVIO QUEIROZ SILVA JUNIOR  AUCA EDIFICACOES SUSTENTAVEIS LTDA  PACAEMBU CONSTRUTORA S.A.   Advogado(s)   TIFANE MIKELLY PEREIRA DE CARVALHO  OAB BA-84031  NATHALIA CAROLINE CORREIA GARCIA  OAB SP-338049  CAROLINE BUSATTO  OAB PR-57758   PODER JUDICIÁRIO JUSTIÇA DO TRABALHO TRIBUNAL REGIONAL DO TRABALHO DA 5ª REGIÃO VARA DO TRABALHO DE IRECÊ ATSum 0000689-73.2026.5.05.0291 RECLAMANTE: SILVIO QUEIROZ SILVA JUNIOR RECLAMADO: AUCA EDIFICACOES SUSTENTAVEIS LTDA E OUTROS (1) INTIMAÇÃO Fica V. Sa. intimado para tomar ciência da Decisão ID a6b4e31 proferida nos autos. DECISÃO Vistos etc. 1. RELATÓRIO Trata-se de exceção de incompetência territorial oposta pela primeira reclamada, AUCA EDIFICAÇÕES SUSTENTÁVEIS (Id d514e9b), nos autos da ação trabalhista movida SILVIO QUEIROZ SILVA JÚNIOR (Id 5c816c4). O excepto apresentou manifestação sobre o incidente (Id 2cfb8d7). As reclamadas informaram que não pretendiam produzir prova oral em audiência sobre a exceção (Ids f6186b1 e 72a7f53). Os autos vieram conclusos para julgamento. É o relatório. 2. FUNDAMENTAÇÃO A excipiente sustentou que o reclamante foi contratado em Curitiba/PR e prestou serviços exclusivamente em frentes de trabalho fora do Estado da Bahia, sem jamais ter laborado no município de Irecê/BA ou em sua região. Requereu, assim, o acolhimento do incidente e a remessa dos autos a uma das Varas do Trabalho de Curitiba/PR. A segunda reclamada (PACAEMBU CONSTRUTORA S.A.) manifestou-se (Id f6186b1), informando que não possui obras no município de Irecê/BA. O excepto pugnou pelo indeferimento da exceção, sob o argumento de que exerceu suas funções de forma itinerante, em diversos municípios e Estados, que atualmente reside na cidade de Jussara/BA — município sob a jurisdição desta Vara do Trabalho — e que a remessa do feito para outro Estado comprometeria o seu acesso à Justiça devido à sua condição de hipossuficiência econômica. Pois bem. A regra geral de competência territorial trabalhista é fixada pelo local da prestação de serviços, nos termos do artigo 651, caput, da CLT, ou pelo local da contratação, quando o empregador promove atividades fora do lugar do contrato de trabalho, conforme o § 3º do mesmo dispositivo. Contudo, a aplicação rígida das regras do artigo 651 da CLT não pode inviabilizar o exercício dos direitos fundamentais da tutela jurisdicional efetiva e do amplo acesso à Justiça, garantidos pelo artigo 5º, inciso XXXV, da Constituição Federal. No caso concreto, o reclamante, pessoa física e parte hipossuficiente, reside no Município de Jussara/BA, localidade que integra a jurisdição territorial desta Vara do Trabalho de Irecê/BA. Compelir o trabalhador desempregado a deslocar-se a uma distância superior a mil quilômetros para litigar no foro de Curitiba/PR significaria, na prática, criar óbice intransponível ao exercício do seu direito de ação e de defesa de seus haveres trabalhistas. Ademais, cumpre registrar que a presente demanda tramita sob a sistemática do Juízo 100% Digital, instituído pela Resolução CNJ nº 345/2020. Nessa modalidade, todos os atos processuais — tais como citações, intimações, peticionamento, audiências e sessões de julgamento — ocorrem exclusivamente por meio eletrônico e telepresencial. A tramitação em ambiente virtual elimina as barreiras geográficas e afasta qualquer prejuízo ao exercício do contraditório e da ampla defesa por parte das reclamadas. A excipiente dispõe de ampla estrutura jurídica e técnica para acompanhar os atos processuais telepresenciais, sem a necessidade de deslocamento físico. Sopesando a hipossuficiência econômica do reclamante, a fixação de seu domicílio na jurisdição desta Unidade Judiciária, a ausência de prejuízo às reclamadas e a plena eficácia dos atos virtuais, a manutenção do processo nesta Unidade atende aos princípios da economia e da celeridade processual. Dessa forma, rejeita-se a exceção territorial oposta. 3. DISPOSITIVO Ante o exposto, este Juízo REJEITA a exceção de incompetência territorial oposta, declarando a competência desta Vara do Trabalho de Irecê/BA para o processamento e julgamento do feito. Cessada a causa de suspensão do processo (artigo 800, § 2º, da CLT), retome-se a marcha processual. Intimem-se as partes desta decisão. Após o decurso do prazo legal, aguarde-se a realização da audiência designada nos autos. IRECE/BA, 06 de agosto de 2026. MARIANA DOURADO WANDERLEY KERTZMAN Juíza do Trabalho TitularIntimado(s) / Citado(s) - PACAEMBU CONSTRUTORA S.A. - AUCA EDIFICACOES SUSTENTAVEIS LTDA"
1647303.0,12/08/2026,13/08/2026,,Amanda Carvalho Martins,9353,Nathalia Garcia,2821,Especificação de Provas,Compromisso (Prazo),Concluído,0000091-26.2026.8.16.0045,472386,Victor Henrique Martins Diniz,Cível,Bruno - Escritório RST&A,,Minuta protocolada em 13.08.2026.
1647302.0,12/08/2026,13/08/2026,,Amanda Carvalho Martins,9353,Nathalia Garcia,2821,Especificação de Provas,Compromisso (Prazo),Concluído,0011716-91.2025.8.16.0045,472543,Marcos Renan Ferreira,Cível,Bruno - Escritório RST&A,,Minuta protocolada em 13.08.2026
1647301.0,12/08/2026,13/08/2026,,Lawrencce Van Hornn Liberatori da Silva,9293,Nathalia Garcia,2821,Manifestação provimento Agravo de rateio,Compromisso (Prazo),Concluído,0011753-55.2024.8.16.0045,461949,Elidinai Aparecida Rodrigues Camargo,Cível,Bruno - Escritório RST&A,,Minuta protocolada em 13.08.2026.
1647300.0,12/08/2026,13/08/2026,,Lawrencce Van Hornn Liberatori da Silva,9293,Nathalia Garcia,2821,Manifestação honorários periciais,Compromisso (Prazo),Concluído,1025710-10.2023.8.26.0451,442982,Junia Maria Soares,Cível,Bruno - Escritório RST&A,,Minuta protocolada em 07.08
1647298.0,12/08/2026,13/08/2026,,Amanda Carvalho Martins,9353,Nathalia Garcia,2821,Embargos de declaração (rateio),Compromisso (Prazo),Concluído,0013033-27.2025.8.16.0045,471243,Ivan Carlos Pegorer,Cível,Bruno - Escritório RST&A,,Minuta protocolada em 07.08.2026
1647297.0,11/08/2026,12/08/2026,,Marina Luise Campana Perini,8560,Nathalia Garcia,2821,Agravo de Instrumento,Compromisso (Prazo),Concluído,1001048-80.2025.8.26.0137,466769,Benedita Rodrigues Vilas Boas,Cível,Bruno - Escritório RST&A,,Minuta protocolada em 12.08.2026.
1647296.0,11/08/2026,12/08/2026,,Marina Luise Campana Perini,8560,Nathalia Garcia,2821,Impugnação honorários,Compromisso (Prazo),Concluído,1044526-19.2024.8.26.0576,455216,Pamela Cristina Menezes,Cível,Bruno - Escritório RST&A,,Minuta protocolada em 12.08.2026
1647295.0,11/08/2026,12/08/2026,,Marina Luise Campana Perini,8560,Nathalia Garcia,2821,Informar cumprimento de OBF,Compromisso (Prazo),Concluído,0001694-08.2023.8.26.0322,408357,Danielle Cristiane Bento,Cível,Bruno - Escritório RST&A,,Minuta protocolada em 12.08.2026.
1647294.0,10/08/2026,11/08/2026,,Marina Luise Campana Perini,8560,Nathalia Garcia,2821,Recolher honorários,Compromisso (Prazo),Concluído,4009955-21.2025.8.26.0451,469873,Tatiane Fernandes Faggionato,Cível,Bruno - Escritório RST&A,,Minuta protocolada em 10.08
1647291.0,10/08/2026,11/08/2026,,Lawrencce Van Hornn Liberatori da Silva,9293,Nathalia Garcia,2821,Manifestação ao pedido do Autor,Compromisso (Prazo),Concluído,1011854-42.2024.8.26.0451,463282,Marcos Sampaio Rodrigues,Cível,Bruno - Escritório RST&A,,Minuta protocolada em 11.08.2026.
1647289.0,07/08/2026,10/08/2026,,Amanda Carvalho Martins,9353,Nathalia Garcia,2821,Embargos de declaração (rateio),Compromisso (Prazo),Concluído,0014040-54.2025.8.16.0045,471915,Wesley Giovani Zimbermann,Cível,Bruno - Escritório RST&A,,Minuta protocolada em 07.08.2026.
1647288.0,07/08/2026,10/08/2026,,Marina Luise Campana Perini,8560,Nathalia Garcia,2821,Julgamento,Compromisso (Prazo),Concluído,1044746-56.2020.8.26.0576,244391,Jeane Pedretti,Cível,Bruno - Escritório RST&A,,Recurso provido em parte
1647285.0,03/09/2026,04/09/2026,,Marina Luise Campana Perini,8560,Nathalia Garcia,2821,Contrarrazões de Apelação,Compromisso (Prazo),Não iniciado,0000173-57.2026.8.16.0045,470297,Prefeitura Municipal de Arapongas,Tributário,Serur Advogados,,Pendente - aguardando minuta
1647283.0,21/08/2026,24/08/2026,,Marina Luise Campana Perini,8560,Nathalia Garcia,2821,Comprovar depósito dos honorários periciais,Compromisso (Prazo),Concluído,1007166-64.2025.8.26.0269,467241,Prefeitura do Município de Itapetininga,Tributário,Serur Advogados,,Comprovante protocolado em 17.08.2026.
1647282.0,27/08/2026,28/08/2026,,Marina Luise Campana Perini,8560,Nathalia Garcia,2821,Contrarrazões ao Resp,Compromisso (Prazo),Não iniciado,1001178-14.2024.8.26.0458,461597,Prefeitura Municipal de Piratininga,Tributário,Serur Advogados,,Minuta validada em 27.08 - aguardando protocolo
1647280.0,07/08/2026,10/08/2026,,Amanda Carvalho Martins,9353,Nathalia Garcia,2821,Especificação de Provas,Compromisso (Prazo),Concluído,0001047-42.2026.8.16.0045,472364,Emanuele Schelen do Nascimento,Cível,Bruno - Escritório RST&A,,Minuta protocolada em 10.08.2026.
1647235.0,11/09/2026,17/09/2026,,Laryssa Mazo Pintor de Lima Rodrigues,5293,Nathalia Garcia,2821,Defesa e documentos,Compromisso (Prazo),Finalizado pelo Encarregado(a),0000757-19.2026.5.23.0001,473763,Arian Roque da Silva Sousa,Trabalhista,Jurídico Trabalhista,,Lary 26/08: Defesa e documentos protocolados. Salvei na pasta e GED.
1647234.0,17/09/2026,18/09/2026,,Laryssa Mazo Pintor de Lima Rodrigues,5293,Nathalia Garcia,2821,Audiência Inicial,Compromisso (Audiência),Não iniciado,0000757-19.2026.5.23.0001,473763,Arian Roque da Silva Sousa,Trabalhista,Jurídico Trabalhista,,Telepresencial
1647216.0,22/09/2026,23/09/2026,,Amanda Carvalho Martins,9353,Nathalia Garcia,2821,Perícia,Compromisso (Prazo),Não iniciado,0014568-88.2025.8.16.0045,470110,Tania Cristina Martins dos Santos,Cível,Bruno - Escritório RST&A,,Perícia em 23.09.2026 às 15h30 - AT VINÍCIUS DE OLIVEIRA COSTA
1647203.0,10/08/2026,11/08/2026,,Amanda Carvalho Martins,9353,Nathalia Garcia,2821,Envio da Contranotificação,Compromisso (Prazo),Concluído,0228-26,473842,Prefeitura do Município de Itapetininga,,Jurídico Notificação,,Conotranotificação protocolada em 12.08.2026.
1647201.0,10/08/2026,11/08/2026,,Amanda Carvalho Martins,9353,Nathalia Garcia,2821,Envio da Contranotificação,Compromisso (Prazo),Concluído,0227-26,473841,Prefeitura do Município de Itapetininga,,Jurídico Notificação,,Contranotificaçõa protocolada em 12.08.2026.
1647199.0,25/09/2026,01/10/2026,,Laryssa Mazo Pintor de Lima Rodrigues,5293,Nathalia Garcia,2821,Defesa e documentos,Compromisso (Prazo),Não iniciado,0011287-95.2026.5.15.0004,473760,Narcelo Oliveira da Silva,Trabalhista,Jurídico Trabalhista,,
1647198.0,01/10/2026,02/10/2026,,Laryssa Mazo Pintor de Lima Rodrigues,5293,Nathalia Garcia,2821,Audiência Inicial,Compromisso (Audiência),Não iniciado,0011287-95.2026.5.15.0004,473760,Narcelo Oliveira da Silva,Trabalhista,Jurídico Trabalhista,,Presencial
1647197.0,11/08/2026,12/08/2026,,Amanda Carvalho Martins,9353,Nathalia Garcia,2821,Envio da Contranotificação,Compromisso (Prazo),Concluído,0229-26,473840,Silvana Silva de Souza,,Jurídico Notificação,,Contranotificação protocolada em 12.08.2026.
1647195.0,14/08/2026,17/08/2026,,Amanda Carvalho Martins,9353,Nathalia Garcia,2821,Envio da Contranotificação,Compromisso (Prazo),Concluído,0226-26,473839,Lucas Luciano de Campos,,Jurídico Notificação,,Contranotificação protocolada em 17.08.2026.
1647186.0,19/08/2026,20/08/2026,,Marina Luise Campana Perini,8560,Nathalia Garcia,2821,Julgamento,Compromisso (Prazo),Finalizado pelo Encarregado(a),1053521-21.2024.8.26.0576,461929,Fabio Henrique Ciavarelli Mota,Cível,Thaia - Escritório RST&A,,EDs Rejeitados
1647185.0,12/08/2026,13/08/2026,,Marina Luise Campana Perini,8560,Nathalia Garcia,2821,Julgamento,Compromisso (Prazo),Concluído,1001025-23.2025.8.26.0368,463832,Igor Gomes de Andrade,Cível,Thaia - Escritório RST&A,,retirado de pauta
1647183.0,18/08/2026,18/08/2026,,Marina Luise Campana Perini,8560,Nathalia Garcia,2821,Julgamento,Compromisso (Prazo),Concluído,1001840-08.2025.8.26.0663,464390,Regina Aparecida Vieira Leite,Cível,Thaia - Escritório RST&A,,Rejeitaram os Eds
1647181.0,13/08/2026,14/08/2026,,Lawrencce Van Hornn Liberatori da Silva,9293,Nathalia Garcia,2821,Contraminuta de Agravo de Instrumento,Compromisso (Prazo),Concluído,4004877-12.2026.8.26.0451,472394,Gabriel Togni Correa,Cível,Thaia - Escritório RST&A,,Foi interposto petição simples
1647179.0,13/08/2026,14/08/2026,,Marina Luise Campana Perini,8560,Nathalia Garcia,2821,Agravo Interno,Compromisso (Prazo),Concluído,1027962-28.2025.8.26.0576,466146,Alessandra Bianchi Donizete,Cível,Thaia - Escritório RST&A,,Dispensado
1647177.0,13/08/2026,14/08/2026,,Marina Luise Campana Perini,8560,Nathalia Garcia,2821,Impugnação ao laudo pericial,Compromisso (Prazo),Concluído,1001840-08.2025.8.26.0663,464390,Regina Aparecida Vieira Leite,Cível,Thaia - Escritório RST&A,,Minuta protocolada em 14.08.2026.
1647176.0,13/08/2026,14/08/2026,,Lawrencce Van Hornn Liberatori da Silva,9293,Nathalia Garcia,2821,Pagamento honorários periciais,Compromisso (Prazo),Concluído,1047885-74.2024.8.26.0576,456718,Adrielle Souza Paschoalino Amorim,Cível,Thaia - Escritório RST&A,,Protocolo realizado em 14.08
1647175.0,12/08/2026,13/08/2026,,Marina Luise Campana Perini,8560,Nathalia Garcia,2821,Embargos de declaração,Compromisso (Prazo),Concluído,4000146-49.2026.8.26.0458,472089,Mariana Oliveira de Almeida,Cível,Thaia - Escritório RST&A,,Minuta protocolada em 13.08.2026.
1647173.0,12/08/2026,13/08/2026,,Marina Luise Campana Perini,8560,Nathalia Garcia,2821,Contrarrazões de Apelação,Compromisso (Prazo),Concluído,1016538-62.2025.8.26.0196,466598,Watilas Aparecido dos Santos,Cível,Thaia - Escritório RST&A,,Minuta protocolada em 13.08.2026
1647172.0,12/08/2026,13/08/2026,,Lawrencce Van Hornn Liberatori da Silva,9293,Nathalia Garcia,2821,Contraminuta de Agravo de Instrumento,Compromisso (Prazo),Concluído,0000332-48.2026.8.16.0126,471092,Gabriel Zanella Schneider,Cível,Thaia - Escritório RST&A,,MInuta protocolada em 13.08.2026.
1647171.0,11/08/2026,12/08/2026,,Marina Luise Campana Perini,8560,Nathalia Garcia,2821,Contrarrazões ao Resp,Compromisso (Prazo),Concluído,1051898-19.2024.8.26.0576,459452,Vanessa Perpetua Barrionuevo,Cível,Thaia - Escritório RST&A,,Minuta protocolada em 12.08.2026
1647170.0,11/08/2026,12/08/2026,,Marina Luise Campana Perini,8560,Nathalia Garcia,2821,Especificação de Provas,Compromisso (Prazo),Concluído,5000745-15.2025.4.03.6331,472000,Luciana Pereira Mercado,Cível,Thaia - Escritório RST&A,,Minuta protocolada em 12.08.2026
1647168.0,07/08/2026,10/08/2026,,Lawrencce Van Hornn Liberatori da Silva,9293,Nathalia Garcia,2821,Manifestação - Concordância com a desistência,Compromisso (Prazo),Concluído,5000704-48.2024.4.03.6116,463843,Edna Benato,Cível,Thaia - Escritório RST&A,,Minuta protocolada em 10.08.2026.
1647167.0,07/08/2026,10/08/2026,,Lawrencce Van Hornn Liberatori da Silva,9293,Nathalia Garcia,2821,Apresentação MLE,Compromisso (Prazo),Concluído,1005916-53.2024.8.26.0132,453800,Roberta Cristina Azevedo Antunes,Cível,Thaia - Escritório RST&A,,Minuta protocolada em 10.08
1647166.0,07/08/2026,10/08/2026,,Lawrencce Van Hornn Liberatori da Silva,9293,Nathalia Garcia,2821,Pagamento custas finais,Compromisso (Prazo),Concluído,1005916-53.2024.8.26.0132,453800,Roberta Cristina Azevedo Antunes,Cível,Thaia - Escritório RST&A,,Protocolo realizado em 10.08
1647165.0,07/08/2026,10/08/2026,,Marina Luise Campana Perini,8560,Nathalia Garcia,2821,Comprovar recolhimento custas finais,Compromisso (Prazo),Concluído,0021898-20.2025.8.16.0019,466600,Emmanuel Christoforo,Cível,Thaia - Escritório RST&A,,Protocolo realizado em 10.08.2026
1647164.0,07/08/2026,10/08/2026,,Lawrencce Van Hornn Liberatori da Silva,9293,Nathalia Garcia,2821,Embargos de declaração,Compromisso (Prazo),Concluído,4001900-17.2026.8.26.0073,472932,Thamires Klein Pereira,Cível,Thaia - Escritório RST&A,,Minuta protocolada em 10.08.2026.
1647159.0,12/08/2026,13/08/2026,,Amanda Carvalho Martins,9353,Nathalia Garcia,2821,Embargos de declaração,Compromisso (Prazo),Concluído,1033840-31.2025.8.26.0576,467408,Daniel Moraes Gomes da Trindade,Cível,Thaia - Escritório RST&A,,Minuta protocolada em 13.08.2026.
1647157.0,16/09/2026,17/09/2026,,Marina Luise Campana Perini,8560,Nathalia Garcia,2821,Audiência de Conciliação,Compromisso (Prazo),Não iniciado,4004952-64.2026.8.26.0576,471301,Ana Paula Maldonado,Cível,Thaia - Escritório RST&A,,Audiência de conciliação em 17.09.2026 às 16h30 - Gislaine preposta
1647154.0,25/08/2026,26/08/2026,,Marina Luise Campana Perini,8560,Nathalia Garcia,2821,Perícia,Compromisso (Prazo),Finalizado pelo Encarregado(a),4001000-41.2025.8.26.0664,468337,Tania Luci Mendes,Cível,Thaia - Escritório RST&A,,Perícia realizada
1647150.0,27/08/2026,28/08/2026,,Amanda Carvalho Martins,9353,Nathalia Garcia,2821,Contestação,Compromisso (Prazo),Não iniciado,0010375-93.2026.8.16.0045,473836,Dayane Cristina Bacega,Cível,Bruno - Escritório RST&A,,Pendente validação - minuta recebida em 27.08.2026.
1647141.0,27/08/2026,28/08/2026,,Amanda Carvalho Martins,9353,Nathalia Garcia,2821,Contestação,Compromisso (Prazo),Não iniciado,0010381-03.2026.8.16.0045,473835,Elivaldo de Souza Teodoro,Cível,Bruno - Escritório RST&A,,Pendente Validação - minuta recebida em 21.08.2026 - Subsídios: OK
1647136.0,27/08/2026,28/08/2026,,Amanda Carvalho Martins,9353,Nathalia Garcia,2821,Contestação,Compromisso (Prazo),Não iniciado,0010374-11.2026.8.16.0045,473834,Cesar de Oliveira Homem,Cível,Bruno - Escritório RST&A,,Pendente validação - minuta recebida em 18.08.2026 - Subsídios: OK
1647131.0,14/08/2026,17/08/2026,,Amanda Carvalho Martins,9353,Nathalia Garcia,2821,AT + Quesitos,Compromisso (Prazo),Concluído,0000084-34.2026.8.16.0045,471625,Matheus William Artão Lopes,Cível,Bruno - Escritório RST&A,,Protocolo realizado em 17.08.2026
1647075.0,15/09/2026,16/09/2026,,Marina Luise Campana Perini,8560,Nathalia Garcia,2821,Perícia,Compromisso (Prazo),Não iniciado,4009888-56.2025.8.26.0451,471198,Maria Eduarda Rodrigues da Silva,Cível,Bruno - Escritório RST&A,,Perícia em 16.09.2026 às 11h00 - Ana Maria Figueiredo Martins
1646999.0,07/08/2026,13/08/2026,,Laryssa Mazo Pintor de Lima Rodrigues,5293,Nathalia Garcia,2821,Verificar Despacho,Compromisso (Prazo),Concluído,0011118-68.2023.5.15.0116,428322,Gregorio Velasco,Trabalhista,Jurídico Trabalhista,,"Lary 07/08:  distribuído para 8ª Turma . Nada fazer. 

D J E N - TST
Disponibilização: quinta-feira, 06 de agosto de 2026.
Arquivo: 1
Publicação: 496

TST Diário de Justiça Eletrônico Nacional

Lista de distribuição Processo: 0011118-68.2023.5.15.0116   Órgão: Gabinete do Ministro Sergio Pinto Martins  Data de disponibilização:   Tipo de comunicação: Lista de distribuição  Meio: Diário de Justiça Eletrônico Nacional   Parte(s):   PACAEMBU CONSTRUTORA S.A.  PACAEMBU TATUI CAGUASSU - EMPREENDIMENTO IMOBILIARIO LTDA  VIDA NOVA TATUI III - EMPREENDIMENTO IMOBILIARIO LTDA  GREGORIO VELASCO  PACAEMBU CONSTRUTORA S.A.  PACAEMBU TATUI CAGUASSU - EMPREENDIMENTO IMOBILIARIO LTDA  VIDA NOVA TATUI III - EMPREENDIMENTO IMOBILIARIO LTDA   Advogado(s)   RODRIGO HERNANDES MORENO  OAB SP-201124  MAICON MATTOS ARAUJO  OAB SP-261697  MARCIO MOLINA MATEUS  OAB SP-148169  MURIEL BORIN  OAB SP-321499  NATHALIA CAROLINE CORREIA GARCIA  OAB SP-338049  RODRIGO RODOLPHO TAVARES ALVES  OAB SP-148003   Processo 0011118-68.2023.5.15.0116 distribuído para 8ª Turma - Gabinete do Ministro Sergio Pinto Martins na data 04/08/2026 Para maiores informações, clique no link a seguir: https://pje.tst.jus.br/pjekz/visualizacao/26080500305685300000194979155?instancia=3"
1646946.0,11/08/2026,12/08/2026,,Marina Luise Campana Perini,8560,Nathalia Garcia,2821,Carta de Preposição,Compromisso (Prazo),Concluído,4023418-74.2025.8.26.0016,472191,M8 Soluções e Serviços de Apoio a Edifícios Ltda.,Cível,Thaia - Escritório RST&A,,Carta enviada
1646945.0,28/08/2026,31/08/2026,,Lawrencce Van Hornn Liberatori da Silva,9293,Nathalia Garcia,2821,Julgamento,Compromisso (Prazo),Não iniciado,0031817-19.2023.8.16.0014,411426,Nilza Garcia de Araujo,Cível,Bruno - Escritório RST&A,,Julgamento em 31.08.2026
1646942.0,27/08/2026,28/08/2026,,Amanda Carvalho Martins,9353,Nathalia Garcia,2821,Quesitos e assistente técnico,Compromisso (Prazo),Não iniciado,0014027-55.2025.8.16.0045,471699,Thalita Pacheco de Souza,Cível,Thaia - Escritório RST&A,,Pendente validação - minuta recebida em 26.08.2026
1646941.0,27/08/2026,28/08/2026,,Amanda Carvalho Martins,9353,Nathalia Garcia,2821,Agravo de Instrumento,Compromisso (Prazo),Cancelado,0014027-55.2025.8.16.0045,471699,Thalita Pacheco de Souza,Cível,Thaia - Escritório RST&A,,Prazo agendado errado
1646940.0,13/08/2026,14/08/2026,,Amanda Carvalho Martins,9353,Nathalia Garcia,2821,Embargos de declaração,Compromisso (Prazo),Concluído,0014027-55.2025.8.16.0045,471699,Thalita Pacheco de Souza,Cível,Thaia - Escritório RST&A,,Minuta protocolada em 14.08.2026.
1646938.0,27/08/2026,28/08/2026,,Amanda Carvalho Martins,9353,Nathalia Garcia,2821,Agravo de Instrumento,Compromisso (Prazo),Cancelado,0014043-09.2025.8.16.0045,471907,Rafaela Roberta dos Santos,Cível,Bruno - Escritório RST&A,,Apresentamos Eds
1646937.0,13/08/2026,14/08/2026,,Amanda Carvalho Martins,9353,Nathalia Garcia,2821,Embargos de declaração,Compromisso (Prazo),Concluído,0014043-09.2025.8.16.0045,471907,Rafaela Roberta dos Santos,Cível,Bruno - Escritório RST&A,,Minuta protocolada em 12.08.2026
1646935.0,27/08/2026,28/08/2026,,Amanda Carvalho Martins,9353,Nathalia Garcia,2821,Quesitos e assistente técnico,Compromisso (Prazo),Não iniciado,0014043-09.2025.8.16.0045,471907,Rafaela Roberta dos Santos,Cível,Bruno - Escritório RST&A,,Pendente validação - minuta recebida em 18.08.2026
1646933.0,17/08/2026,18/08/2026,,Marina Luise Campana Perini,8560,Nathalia Garcia,2821,Juntar comprovante de custas finais,Compromisso (Prazo),Concluído,1044488-07.2024.8.26.0576,456346,Semae Rio Preto,Cível,Jurídico Interno Cível,,Minuta protocolada em 18.08.2026.
1646901.0,06/08/2026,07/08/2026,,Marina Luise Campana Perini,8560,Nathalia Garcia,2821,Despacho,Compromisso (Prazo),Concluído,1001513-87.2025.8.26.0073,463655,Prefeitura Municipal de Avaré,Tributário,Jurídico Interno Cível,,Despacho realizado em 07.08
1646883.0,11/08/2026,13/08/2026,,Lawrencce Van Hornn Liberatori da Silva,9293,Nathalia Garcia,2821,Manifestação aos esclarecimentos,Compromisso (Prazo),Concluído,0012335-55.2024.8.16.0045,461948,Adilson Bernini Souza,Cível,Bruno - Escritório RST&A,,Minuta protocolada em 12.08.2026
1646834.0,21/08/2026,24/08/2026,,Lawrencce Van Hornn Liberatori da Silva,9293,Nathalia Garcia,2821,Manifestação aos esclarecimentos,Compromisso (Prazo),Finalizado pelo Encarregado(a),0011750-03.2024.8.16.0045,461947,Bianca Carolina de Souza Belli,Cível,Bruno - Escritório RST&A,,Minuta protocolada em 24.08.2026.
1646538.0,06/08/2026,12/08/2026,,Laryssa Mazo Pintor de Lima Rodrigues,5293,Nathalia Garcia,2821,Verificar Despacho,Compromisso (Prazo),Concluído,0010944-68.2026.5.15.0079,473321,Adriana Florinda Mutti,Trabalhista,Jurídico Trabalhista,,"Lary 11/08: Audiência na pauta e sistema. Nada fazer .

Lary 06/08: Audiência UNA (rito sumaríssimo) por videoconferência cancelada para o dia 08/09/2026 14:15 e redesignada para o dia 10/09/2026 14:15 , telepresencial. Ajustar para dia 07/08. Acompanhar. 

D J E N - TRT15
Disponibilização: quarta-feira, 05 de agosto de 2026.
Arquivo: 1
Publicação: 14439

TRT15 Diário de Justiça Eletrônico Nacional

Intimação Processo: 0010944-68.2026.5.15.0079   Órgão: CON1 - Araraquara  Data de disponibilização:   Tipo de comunicação: Intimação  Meio: Diário de Justiça Eletrônico Nacional   Parte(s):   ADRIANA FLORINDA MUTTI  LL DELGADO GESTAO  PACAEMBU CONSTRUTORA S.A.   Advogado(s)   MARCEL MURCIA ORTEGA  OAB SP-353670  NATHALIA CAROLINE CORREIA GARCIA  OAB SP-338049   PODER JUDICIÁRIO JUSTIÇA DO TRABALHO TRIBUNAL REGIONAL DO TRABALHO DA 15ª REGIÃO CON1 - ARARAQUARA ATSum 0010944-68.2026.5.15.0079 AUTOR: ADRIANA FLORINDA MUTTI RÉU: LL DELGADO GESTAO E OUTROS (1) INTIMAÇÃO Fica V. Sa. intimado para tomar ciência do Despacho ID 3c68222 proferido nos autos. Órgão Julgador de Origem: 2ª VARA DO TRABALHO DE ARARAQUARA DESPACHO Considerando a necessidade de readequação, fica redesignada a audiência para o dia 10/09/2026 14:15, a ser realizada por VIDEOCONFERÊNCIA/TELEPRESENCIAL, mantidas todas as cominações anteriores. Link de acesso (Sistema Zoom): https://trt15-jus-br.zoom.us/j/86527943015?pwd=d1B4cVdTSlZVOWozZU9ITmN1L1RTZz09 ID da reunião: 865 2794 3015 Senha de acesso: 547609 Intimem-se. ARARAQUARA/SP, 04 de agosto de 2026 RAFAEL MARQUES DE SETTA Juiz do Trabalho TitularIntimado(s) / Citado(s) - PACAEMBU CONSTRUTORA S.A."
1646537.0,06/08/2026,12/08/2026,,Laryssa Mazo Pintor de Lima Rodrigues,5293,Nathalia Garcia,2821,Verificar Despacho,Compromisso (Prazo),Concluído,0012628-53.2025.5.15.0082,471509,Fernanda Carolina Silva,Trabalhista,Jurídico Trabalhista,,"Lary 06/08: Certidão atestando que o CRRO do reclamante é intempestivo. Nada fazer.

D J E N - TRT15
Disponibilização: quarta-feira, 05 de agosto de 2026.
Arquivo: 1
Publicação: 18199

TRT15 Diário de Justiça Eletrônico Nacional

Intimação Processo: 0012628-53.2025.5.15.0082   Órgão: Gabinete da Desembargadora Antonia Regina Tancini Pestana - 3ª Câmara  Data de disponibilização:   Tipo de comunicação: Intimação  Meio: Diário de Justiça Eletrônico Nacional   Parte(s):   FERNANDA CAROLINA SILVA  W. DIEGO DE SOUZA  FERNANDA CAROLINA SILVA  PACAEMBU CONSTRUTORA S.A.  W. DIEGO DE SOUZA   Advogado(s)   RODRIGO FERNANDES DE BARROS  OAB SP-247329  NATHALIA CAROLINE CORREIA GARCIA  OAB SP-338049  IGOR MATEUS MEDEIROS  OAB SP-377651   PODER JUDICIÁRIO JUSTIÇA DO TRABALHO TRIBUNAL REGIONAL DO TRABALHO DA 15ª REGIÃO 3ª CÂMARA Relatora: ANTONIA REGINA TANCINI PESTANA RORSum 0012628-53.2025.5.15.0082 RECORRENTE: FERNANDA CAROLINA SILVA E OUTROS (1) RECORRIDO: FERNANDA CAROLINA SILVA E OUTROS (2) 0012628-53.2025.5.15.0082 ROT - RECURSO ORDINÁRIO 3ª VARA DO TRABALHO DE SÃO JOSÉ DO RIO PRETO RECORRENTE: FERNANDA CAROLINA SILVA RECORRENTE: W. DIEGO DE SOUZA RECORRIDO: FERNANDA CAROLINA SILVA RECORRIDO: W. DIEGO DE SOUZA RECORRIDO: PACAEMBU CONSTRUTORA S.A. JUIZ SENTENCIANTE: RODARTE RIBEIRO gab04 O presente processo se encontra aguardando inclusão em pauta de julgamento para apreciação dos recursos ordinários interpostos pelas partes. A reclamante FERNANDA CAROLINA SILVA apresentou suas contrarrazões sob o ID 0b9fab6 ao recurso ordinário interposto pelo reclamado W. DIEGO DE SOUZA, intempestivamente, razão pela qual não foi conhecido. Mantenha-se o processo aguardando inclusão em pauta para sessão de julgamento. CAMPINAS/SP, 04 de agosto de 2026. ANTONIA REGINA TANCINI PESTANA Desembargadora Relatora CAMPINAS/SP, 04 de agosto de 2026. SALVADOR EUGENIO JUNIOR AssessorIntimado(s) / Citado(s) - FERNANDA CAROLINA SILVA"
1646536.0,06/08/2026,12/08/2026,,Laryssa Mazo Pintor de Lima Rodrigues,5293,Nathalia Garcia,2821,Verificar Despacho,Compromisso (Prazo),Concluído,0000832-03.2024.5.09.0653,450711,Ryan Lima de Sousa,Trabalhista,Jurídico Trabalhista,,"Lary 06/08:  Prazo para o reclamante impugnar os cálculos da Pacaembu. Nada fazer. 

D J E N - TRT9
Disponibilização: quarta-feira, 05 de agosto de 2026.
Arquivo: 1
Publicação: 5813

TRT9 Diário de Justiça Eletrônico Nacional

Intimação Processo: 0000832-03.2024.5.09.0653   Órgão: VARA DO TRABALHO DE ARAPONGAS  Data de disponibilização:   Tipo de comunicação: Intimação  Meio: Diário de Justiça Eletrônico Nacional   Parte(s):   RYAN LIMA DE SOUSA  PACAEMBU CONSTRUTORA S.A.   Advogado(s)   JOAO GABRIEL FERNANDES DE QUEIROZ MAIA  OAB RN-18682  NATHALIA CAROLINE CORREIA GARCIA  OAB SP-338049   PODER JUDICIÁRIO JUSTIÇA DO TRABALHO TRIBUNAL REGIONAL DO TRABALHO DA 9ª REGIÃO VARA DO TRABALHO DE ARAPONGAS ATSum 0000832-03.2024.5.09.0653 AUTOR: RYAN LIMA DE SOUSA RÉU: PACAEMBU CONSTRUTORA S.A. INTIMAÇÃO Fica V. Sa. intimado para tomar ciência do Despacho ID 8112cab proferido nos autos. Faço conclusão em razão do cálculo apresentado pela parte autora e impugnado pela parte ré. 03/08/2026 - Leila Aparecida Martinato - Técnica Judiciária DESPACHO Ante os cálculos divergentes apresentados, intime-se a parte autora da impugnação da ré (id addcadc), no prazo de 5 dias. Concomitante ficam as partes intimadas para querendo apresentarem proposta de acordo, no mesmo prazo. Não havendo acordo entre as partes, fica desde já nomeado o perito contador GUILHERME BARBOZA MORETI, já compromissado, para elaboração dos cálculos de liquidação, que deverá apresentar o laudo no prazo de 30 dias, contados da nomeação. Intime-se o perito. ARAPONGAS/PR, 04 de agosto de 2026. CINTIA APARECIDA SILVA DE PAULA LATINI Juíza do Trabalho SubstitutaIntimado(s) / Citado(s) - PACAEMBU CONSTRUTORA S.A."
1646535.0,07/08/2026,12/08/2026,,Laryssa Mazo Pintor de Lima Rodrigues,5293,Nathalia Garcia,2821,Verificar Despacho,Compromisso (Prazo),Concluído,0000728-88.2025.5.23.0005,465731,Sheldon Bolandim Loiola,Trabalhista,Jurídico Trabalhista,,"Lary 07/08: Rejeitado os EDs da 1ª Reclamada contra o acórdão. Conforme alinhamos no dia 26/06, não iremos apresentar RR diante do valor liquidado de10k. 


D J E N - TRT23
Disponibilização: quarta-feira, 05 de agosto de 2026.
Arquivo: 1
Publicação: 1027

TRT23 Diário de Justiça Eletrônico Nacional

Intimação Processo: 0000728-88.2025.5.23.0005   Órgão: 2ª Turma  Data de disponibilização:   Tipo de comunicação: Intimação  Meio: Diário de Justiça Eletrônico Nacional   Parte(s):   SHELDON BOLANDIM LOIOLA  PACAEMBU CONSTRUTORA S.A.  V. J. CACEANO   Advogado(s)   JOAO VITOR DE ALMEIDA FERREIRA MATARELLI PEREIRA  OAB MT-30694/O  JOSE ALDENISIO DO NASCIMENTO MELO JUNIOR  OAB MT-31456-O  JOSE GUSTAVO DOS SANTOS CALSAVARA  OAB SP-382129  NATHALIA CAROLINE CORREIA GARCIA  OAB SP-338049   PODER JUDICIÁRIO JUSTIÇA DO TRABALHO TRIBUNAL REGIONAL DO TRABALHO DA 23ª REGIÃO 2ª TURMA Relator: JOAO CARLOS RIBEIRO DE SOUZA RORSum 0000728-88.2025.5.23.0005 RECORRENTE: SHELDON BOLANDIM LOIOLA RECORRIDO: V. J. CACEANO E OUTROS (1) Ficam as partes intimadas do acórdão proferido nos autos do processo Recurso Ordinário - Rito Sumaríssimo 0000728-88.2025.5.23.0005 , cujo teor poderá ser acessado pelo site: https://pje.trt23.jus.br/segundograu/login.seam DIREITO DO TRABALHO E PROCESSUAL CIVIL. EMBARGOS DE DECLARAÇÃO. PAGAMENTO EXTRAFOLHA. RESCISÃO INDIRETA. AUSÊNCIA DE VÍCIOS. REJEIÇÃO. I. CASO EM EXAME 1. Embargos de Declaração opostos pela 1ª reclamada em face de acórdão que reconheceu o pagamento de remuneração extrafolha e deferiu reflexos em verbas rescisórias, mas indeferiu o pedido de rescisão indireta do contrato de trabalho. A embargante aponta contradição entre a condenação nas verbas rescisórias e a negativa da rescisão indireta, além de omissão quanto à análise de prova documental (holerites) e à suposta alteração da narrativa fática pelo reclamante quanto à forma de pagamento dos valores não registrados. II. QUESTÃO EM DISCUSSÃO 2. Há duas questões em discussão: (i) definir se existe contradição interna no julgado ao condenar ao pagamento de verbas decorrentes de irregularidade salarial e, simultaneamente, negar a rescisão indireta; (ii) estabelecer se houve omissão no acórdão ao não enfrentar detalhadamente todos os argumentos e documentos defensivos para afastar a confissão ficta e a narrativa autoral. III. RAZÕES DE DECIDIR 3. O reconhecimento do pagamento extrafolha impõe a condenação nos reflexos legais sobre as verbas rescisórias como medida corretiva da irregularidade salarial, o que não se confunde com o requisito de gravidade exigido para a configuração da rescisão indireta. 4. A rescisão indireta demanda prova de que a falta patronal tornou insuportável a continuidade da relação de emprego, sendo possível ao órgão julgador realizar o distinguishing quando a irregularidade constatada não possui gravidade suficiente para a ruptura contratual, conforme entendimento predominante. 5. Inexiste contradição lógica quando a decisão, fundamentada no voto vencedor, estabelece distinções jurídicas entre a obrigação de pagar verbas rescisórias e a inexistência de justa causa patronal para a rescisão indireta. 6. O julgador não está obrigado a rebater um a um todos os argumentos ou documentos apresentados pelas partes, bastando que exponha as razões de seu convencimento, sendo certo que a valoração da prova é ato inerente ao mérito do julgamento. 7. A confissão ficta, embora relativa, prevalece quando o conjunto probatório, incluindo a documentação colacionada, é insuficiente para elidir a presunção de veracidade da alegação autoral. 8. Os embargos de declaração não constituem via processual adequada para a rediscussão do mérito, a reapreciação de provas ou o inconformismo com a interpretação jurídica adotada pelo Colegiado. IV. DISPOSITIVO E TESE 9. Embargos de declaração rejeitados. Tese de julgamento: 1. O reconhecimento de pagamento extrafolha não enseja, obrigatoriamente, a configuração da rescisão indireta, sendo necessária a demonstração da gravidade da falta patronal que inviabilize a continuidade do contrato. 2. A contradição que autoriza o manejo dos embargos de declaração é aquela interna à decisão, não se configurando quando o acórdão, de forma coerente, distingue a condenação em reflexos salariais da improcedência do pleito de rescisão indireta. 3. Não configura omissão a ausência de manifestação expressa sobre cada documento ou argumento defensivo quando a decisão fundamenta o convencimento do magistrado com base no conjunto probatório dos autos. Dispositivos relevantes citados: CPC, arts. 489, § 1º, IV, e 1.022. Jurisprudência relevante citada: TST, Tema 70 de Repercussão Geral (referenciado). CUIABA/MT, 04 de agosto de 2026. CAMILA ALVES CHAGAS Diretor de SecretariaIntimado(s) / Citado(s) - PACAEMBU CONSTRUTORA S.A."
1646505.0,02/09/2026,02/09/2026,,Amanda Carvalho Martins,9353,Nathalia Garcia,2821,Acompanhar Carta de Citação,Compromisso (Acompanhar),Não iniciado,0009515-92.2026.8.16.0045,473816,Vilma Moreira da Silva,Cível,Bruno - Escritório RST&A,,Acompanhar Carta de Citação
1646501.0,02/09/2026,02/09/2026,,Amanda Carvalho Martins,9353,Nathalia Garcia,2821,Acompanhar Carta de Citação,Compromisso (Acompanhar),Não iniciado,0009262-07.2026.8.16.0045,473815,Cesar Afonso Fernandes,Cível,Bruno - Escritório RST&A,,Acompanhar Carta de Citação
1646492.0,11/08/2026,12/08/2026,,Laryssa Mazo Pintor de Lima Rodrigues,5293,Nathalia Garcia,2821,Audiência Inicial,Compromisso (Audiência),Concluído,0011126-81.2026.5.15.0070,473762,Cleuton Carvalho Ferreira,Trabalhista,Jurídico Trabalhista,,"Lary 14/08: Audiencia na pauta e sistema. Nada fazer. 

Lary 13/08: Designada audiência de instrução para o dia 16/09/2026, às 09h50min, telepresencial. Não finalizei para acompanhar agendamento. Ata enviada. Ajustar para dia 14/08. 

Lary 12/08: Ata ainda não disponibilizada. Ajustar para dia 13/08. 

Lary 11/08: Audiência será amanhã. Preposta ciente. 

Telepresencial"
1646491.0,05/08/2026,11/08/2026,,Laryssa Mazo Pintor de Lima Rodrigues,5293,Nathalia Garcia,2821,Defesa e documentos,Compromisso (Prazo),Concluído,0011126-81.2026.5.15.0070,473762,Cleuton Carvalho Ferreira,Trabalhista,Jurídico Trabalhista,,Lary 05/08: Defesa e documentos protocolados. Salvei na pasta e GED.
1646482.0,12/08/2026,13/08/2026,,Amanda Carvalho Martins,9353,Nathalia Garcia,2821,Quesitos e assistente técnico,Compromisso (Prazo),Concluído,0016640-48.2025.8.16.0045,471143,Evanete Rossi,Cível,Bruno - Escritório RST&A,,Minuta protocolada em 13.08.2026.
1646480.0,24/08/2026,25/08/2026,,Lawrencce Van Hornn Liberatori da Silva,9293,Nathalia Garcia,2821,Pagamento Custas/Despesas,Compromisso (Prazo),Finalizado pelo Encarregado(a),1022918-49.2022.8.26.0506,347744,Brenda Cristina da Silva Theodoro,Cível,Bruno - Escritório RST&A,,Protocolo realizado em 14.08.2026
1646470.0,19/08/2026,20/08/2026,,Amanda Carvalho Martins,9353,Nathalia Garcia,2821,Especificação de Provas,Compromisso (Prazo),Concluído,5026486-57.2025.4.04.7001,472496,Ricardo Luiz Fabri Filho,Cível,Thaia - Escritório RST&A,,Minuta protocolada em 20.08.2026.
1646469.0,05/08/2026,06/08/2026,,Amanda Carvalho Martins,9353,Nathalia Garcia,2821,Embargos de declaração,Compromisso (Prazo),Concluído,5026486-57.2025.4.04.7001,472496,Ricardo Luiz Fabri Filho,Cível,Thaia - Escritório RST&A,,Dispensado pelo encarregado em 05.08
1646451.0,26/08/2026,27/08/2026,,Amanda Carvalho Martins,9353,Nathalia Garcia,2821,Quesitos e assistente técnico,Compromisso (Prazo),Não iniciado,0013033-27.2025.8.16.0045,471243,Ivan Carlos Pegorer,Cível,Bruno - Escritório RST&A,,Minuta validada em 26.08.2026 - Pendente protocolo
1646437.0,04/08/2026,05/08/2026,,Marina Luise Campana Perini,8560,Nathalia Garcia,2821,Embargos de declaração,Compromisso (Prazo),Concluído,1017721-68.2025.8.26.0196,467173,Sandra Maria de Souza,Cível,Thaia - Escritório RST&A,,Protocolo realizado em 05.08
1646430.0,12/08/2026,13/08/2026,,Lawrencce Van Hornn Liberatori da Silva,9293,Nathalia Garcia,2821,Manifestação sobre laudo pericial,Compromisso (Prazo),Concluído,0065620-56.2024.8.16.0014,459095,Rayanna de Souza Araujo,Cível,Bruno - Escritório RST&A,,Minuta protocolada em 13.08.2026
1646373.0,11/09/2026,14/09/2026,,Laryssa Mazo Pintor de Lima Rodrigues,5293,Nathalia Garcia,2821,Audiência Inicial,Compromisso (Audiência),Não iniciado,0000764-02.2026.5.23.0004,473808,Helder Pereira,Trabalhista,Jurídico Trabalhista,,Telepresencial
1646372.0,07/09/2026,11/09/2026,,Laryssa Mazo Pintor de Lima Rodrigues,5293,Nathalia Garcia,2821,Defesa e documentos,Compromisso (Prazo),Não iniciado,0000764-02.2026.5.23.0004,473808,Helder Pereira,Trabalhista,Jurídico Trabalhista,,
1646301.0,12/08/2026,13/08/2026,,Amanda Carvalho Martins,9353,Nathalia Garcia,2821,Quesitos e assistente técnico,Compromisso (Prazo),Concluído,0000086-04.2026.8.16.0045,471136,Nalanda Suellem Oliveira da Silva,Cível,Bruno - Escritório RST&A,,Minuta protocolada em 12.08.2026
1646183.0,12/08/2026,13/08/2026,,Amanda Carvalho Martins,9353,Nathalia Garcia,2821,Quesitos e assistente técnico,Compromisso (Prazo),Concluído,0013048-93.2025.8.16.0045,471011,Cleuton Carvalho Reis,Cível,Bruno - Escritório RST&A,,Minuta protocolada em 13.08.2026.
1646181.0,10/08/2026,11/08/2026,,Marina Luise Campana Perini,8560,Nathalia Garcia,2821,Quesitos e assistente técnico,Compromisso (Prazo),Concluído,4009955-21.2025.8.26.0451,469873,Tatiane Fernandes Faggionato,Cível,Bruno - Escritório RST&A,,Minuta protocolada em 10.08
1646165.0,03/09/2026,03/09/2026,,Amanda Carvalho Martins,9353,Nathalia Garcia,2821,Acompanhar Carta de Citação,Compromisso (Acompanhar),Não iniciado,0009374-73.2026.8.16.0045,473802,Sabrina Fernanda de Oliveira,Cível,Bruno - Escritório RST&A,,Acompanhar Carta de Citação
1646152.0,03/09/2026,03/09/2026,,Amanda Carvalho Martins,9353,Nathalia Garcia,2821,Acompanhar Carta de Citação,Compromisso (Acompanhar),Não iniciado,0009378-13.2026.8.16.0045,473800,Yasmin Aparecida de Almeida,Cível,Bruno - Escritório RST&A,,Acompanhar Carta de Citação
1646150.0,27/08/2026,28/08/2026,,Marina Luise Campana Perini,8560,Nathalia Garcia,2821,Contrarrazões de Apelação,Compromisso (Prazo),Não iniciado,1006528-33.2025.8.26.0624,470267,Prefeitura Municipal de Tatui,Tributário,Jurídico Interno Cível,,Protocolo realizado em 28.08.2026
1646114.0,13/08/2026,14/08/2026,,Amanda Carvalho Martins,9353,Nathalia Garcia,2821,Envio da Contranotificação,Compromisso (Prazo),Concluído,0225-26,473798,Ricardo Inacio de Campos,,Jurídico Notificação,,Contranotificação protocolada em 14.08.2026.
1646056.0,03/09/2026,04/09/2026,,Amanda Carvalho Martins,9353,Nathalia Garcia,2821,Julgamento,Compromisso (Prazo),Não iniciado,0013070-54.2025.8.16.0045,470629,Damiao Cosme de Jesus Silva,Cível,Bruno - Escritório RST&A,,Julgamento: 31.08.2026 a 04.09.2026
1646054.0,03/09/2026,04/09/2026,,Lawrencce Van Hornn Liberatori da Silva,9293,Nathalia Garcia,2821,Julgamento,Compromisso (Prazo),Não iniciado,0014155-75.2025.8.16.0045,470761,Gisele Ane Silva Martins,Cível,Bruno - Escritório RST&A,,Julgamento: 31.08.2026 a 04.09.2026
1646050.0,05/08/2026,11/08/2026,,Laryssa Mazo Pintor de Lima Rodrigues,5293,Nathalia Garcia,2821,Verificar Despacho,Compromisso (Prazo),Concluído,0012868-76.2024.5.15.0082,462028,Railson de Moura de Souza,Trabalhista,Jurídico Trabalhista,,"Lary 10/08: AIRR protocolado. Salvei na pasta e GED. 

Lary 05/08: RR da Pacaembu denegado. Vamos seguir com AIRR, pois a condenação foi solidária. Preparo garantido. Ajustar para dia 11/08. Acompanhar envio do prazo pelo João. Fatal: 17/08


D J E N - TRT15
Disponibilização: terça-feira, 04 de agosto de 2026.
Arquivo: 1
Publicação: 13471

TRT15 Diário de Justiça Eletrônico Nacional

Intimação Processo: 0012868-76.2024.5.15.0082   Órgão: Gabinete da Vice-Presidência Judicial - Análise de Recurso  Data de disponibilização:   Tipo de comunicação: Intimação  Meio: Diário de Justiça Eletrônico Nacional   Parte(s):   PACAEMBU SAO JOSE DO RIO PRETO 336 - EMPREENDIMENTO IMOBILIARIO LTDA  GALVAO CONSTRUTORA LTDA  RAILSON DE MOURA DE SOUZA   Advogado(s)   VINICIUS LUIS CASTELAN  OAB SP-225917  CAMILA POLTRONIERI  OAB SP-331260  RICARDO ANDRE ZAMBO  OAB SP-138476  NATHALIA CAROLINE CORREIA GARCIA  OAB SP-338049   PODER JUDICIÁRIO JUSTIÇA DO TRABALHO TRIBUNAL REGIONAL DO TRABALHO DA 15ª REGIÃO ÓRGÃO ESPECIAL - ANÁLISE DE RECURSO Relator: FABIO BUENO DE AGUIAR ROT 0012868-76.2024.5.15.0082 RECORRENTE: PACAEMBU SAO JOSE DO RIO PRETO 336 - EMPREENDIMENTO IMOBILIARIO LTDA RECORRIDO: RAILSON DE MOURA DE SOUZA E OUTROS (1) INTIMAÇÃO Fica V. Sa. intimado para tomar ciência da Decisão ID 8953f52 proferida nos autos. ROT 0012868-76.2024.5.15.0082 - 1ª Câmara Valor da condenação: R$ 500,00 Recorrente: Advogado(s): 1. PACAEMBU SAO JOSE DO RIO PRETO 336 - EMPREENDIMENTO IMOBILIARIO LTDA NATHALIA CAROLINE CORREIA GARCIA (SP338049) Recorrido: Advogado(s): GALVAO CONSTRUTORA LTDA RICARDO ANDRE ZAMBO (SP138476) Recorrido: Advogado(s): RAILSON DE MOURA DE SOUZA CAMILA POLTRONIERI (SP331260) VINICIUS LUIS CASTELAN (SP225917) RECURSO DE: PACAEMBU SAO JOSE DO RIO PRETO 336 - EMPREENDIMENTO IMOBILIARIO LTDA PRESSUPOSTOS EXTRÍNSECOS Recurso tempestivo (ciência da decisão em 24/11/2025 - Id 7c00e28; recurso apresentado em 04/12/2025 - Id 94081c5). Regular a representação processual. Preparo satisfeito. PRESSUPOSTOS INTRÍNSECOS 1.1 DIREITO INDIVIDUAL DO TRABALHO (12936) / RESPONSABILIDADE SOLIDÁRIA/SUBSIDIÁRIA (14034) / TERCEIRIZAÇÃO/TOMADOR DE SERVIÇOS (14040) / EMPREITADA/DONO DA OBRA RESPONSABILIZAÇÃO DO DONO DA OBRA: CONSTRUTOR OU INCORPORADOR PEDIDO SUCESSIVO - APLICAÇÃO DA RESPONSABILIDADE SUBSIDIÁRIA PRECEDENTE OBRIGATÓRIO - TEMA IRR N. 6 DO EG. TST Constou do v. acórdão: “Alega que a revelia da primeira ré e a pena de confissão a ela imputada não prejudica a recorrente, uma vez que apresentou defesa e juntou documentos que retratam a realidade fática existente entre as empresas. Aduz que houve terceirização de serviços especializados e não subempreitada. Refere que o art. 455 da CLT não respalda a imputação de responsabilidade solidária. Subsistindo a condenação, pugna pela limitação à responsabilidade subsidiária. Pois bem. Incontroverso nos autos que a recorrente contratou a primeira ré GALVÃO CONSTRUTORA - para a prestação de serviços em obra de sua responsabilidade (id 53b47ba): ""As Partes, através deste instrumento, estabelecem as condições acordadas para a Prestação de Serviços pela Contratada, qual seja a Montagem e Concretagem de Radier e Formas, que se dará no empreendimento em implantação pela CONTRATANTE denominado ""Residencial Bela Morada - TABARANA"", Com endereço na Rua Projetada 06, Nº 500, Bairro Jardim São Pedro, município de São José do Rio Preto/SP, conforme detalhado na proposta técnica e comercial nº S/N, datada de 19 de Abril de 2024, em anexo, a qual faz parte integrante do presente instrumento"". A recorrente tem por objeto social, desenvolver e implantar empreendimento imobiliário, loteamento, incorporação, construção e comercialização de imóveis (id 01e151f). Trata-se, pois, de contrato de empreitada na construção civil, e não simples terceirização de serviços, como pretende fazer crer a recorrente. Sobre a questão, dispõe o art. 455 da CLT: Art. 455 - Nos contratos de subempreitada responderá o subempreiteiro pelas obrigações derivadas do contrato de trabalho que celebrar, cabendo, todavia, aos empregados, o direito de reclamação contra o empreiteiro principal pelo inadimplemento daquelas obrigações por parte do primeiro. Parágrafo único - Ao empreiteiro principal fica ressalvada, nos termos da lei civil, ação regressiva contra o subempreiteiro e a retenção de importâncias a este devidas, para a garantia das obrigações previstas neste artigo. Acrescente-se a diretriz jurisprudencial fixada pela OJ 191 da SDI-I do C. TST e tema 6 IRR-190-53.2015.5.03.0090 do C. TST: OJ 191 da SDI-I do C. TST: ""CONTRATO DE EMPREITADA. DONO DA OBRA DE CONSTRUÇÃO CIVIL. RESPONSABILIDADE. Diante da inexistência de previsão legal específica, o contrato de empreitada de construção civil entre o dono da obra e o empreiteiro não enseja responsabilidade solidária ou subsidiária nas obrigações trabalhistas contraídas pelo empreiteiro, salvo sendo o dono da obra uma empresa construtora ou incorporadora. Observação: (nova redação) - Res. 175/2011, DEJT divulgado em 27, 30 e 31.05.2011."" IRR-190-53.2015.5.03.0090 Tema: 6 ""II) A excepcional responsabilidade por obrigações trabalhistas prevista na parte final da Orientação Jurisprudencial n.º 191, por aplicação analógica do art. 455 da CLT, alcança os casos em que o dono da obra de construção civil é construtor ou incorporador"" Nesse contexto, estabelece-se a responsabilidade solidária entre o empreiteiro principal e o subempreiteiro quanto às obrigações trabalhistas decorrentes da relação de emprego. A previsão legal contida no art. 455 supracitado confere ao trabalhador o direito de demandar judicialmente tanto o subempreiteiro - seu empregador direto - quanto o empreiteiro principal, visando à satisfação de créditos trabalhistas inadimplidos. Importa destacar que, embora o empreiteiro principal possa exercer o direito de regresso contra o subempreiteiro, com vistas ao ressarcimento dos valores eventualmente pagos ao empregado, tal faculdade não afasta sua responsabilidade solidária perante o trabalhador. Assim, a norma busca assegurar maior efetividade na tutela dos direitos laborais, ampliando o rol de sujeitos passíveis de responsabilização no âmbito da empreitada de construção civil. Nesse sentido, trago à colação o seguinte aresto do C. TST: ""AGRAVO DE INSTRUMENTO. RECURSO DE REVISTA INTERPOSTO PELO RECLAMADO CONSÓRCIO CONSTRUTOR SÃO LOURENÇO (CCSL). ACÓRDÃO REGIONAL PUBLICADO NA VIGÊNCIA DA LEI 13.467/2017. 1. SUBEMPREITADA. RESPONSABILIDADE SOLIDÁRIA. AUSÊNCIA DE TRANSCENDÊNCIA. NÃO PROVIMENTO. I . O Tribunal Regional do Trabalho condenou o reclamado, Consórcio Construtor São Lourenço (CCSL), a responder solidariamente pelos créditos trabalhistas com base no art. 455 da CLT e na OJ nº 191 da SbDI-1. Para tanto, consignou que ""o contrato celebrado entre o CCSL e a SABESP deixa evidente que não havia um simples contrato civil de prestação de serviços, mas sim de empreitada para execução de obras de construção civil"". Registrou, também, que restou comprovado que o reclamante prestou serviços em favor do CCSL durante todo o contrato de trabalho, por intermédio da primeira reclamada (TLSV), subempreiteira. II . Sobre a matéria, a jurisprudência desta Corte Superior firmou o posicionamento de que, uma vez constatada a existência de contrato de subempreitada, o empreiteiro principal responde solidariamente pelas obrigações do subempreiteiro. III . Desse modo, constata-se que o acórdão foi proferido em consonância com a jurisprudência pacificada desta Corte. Não se verificando, in casu, distinção, tampouco superação da jurisprudência, a matéria debatida no recurso de revista que se visa alçar à admissão não oferece transcendência. IV . Agravo de instrumento de que se conhece e a que se nega provimento. (RRAg-1000073-53.2018.5.02.0709, 7ª Turma, Relator Ministro Evandro Pereira Valadao Lopes, DEJT 29/08/2025)."" Nego provimento ao recurso.” No julgamento do Incidente de Recursos de Revista Repetitivos (TEMA IRR N. 6), Processo n. IRR-190-53.2015.5.03.0090, o Eg. TST fixou a seguinte tese vinculante: “1ª) A exclusão de responsabilidade solidária ou subsidiária por obrigação trabalhista, a que se refere a Orientação Jurisprudencial nº 191 da SbDI-1 do TST, não se restringe a pessoa física ou micro e pequenas empresas. Compreende igualmente empresas de médio e grande porte e entes públicos (decidido por unanimidade); 2ª) A excepcional responsabilidade por obrigações trabalhistas, prevista na parte final da Orientação Jurisprudencial nº 191 da SbDI-1 do TST, por aplicação analógica do artigo 455 da CLT, alcança os casos em que o dono da obra de construção civil é construtor ou incorporador e, portanto, desenvolve a mesma atividade econômica do empreiteiro (decidido por unanimidade); 3ª) Não é compatível com a diretriz sufragada na Orientação Jurisprudencial nº 191 da SbDI-1 do TST jurisprudência de Tribunal Regional do Trabalho que amplia a responsabilidade trabalhista do dono da obra, excepcionando apenas ""a pessoa física ou micro e pequenas empresas, na forma da lei, que não exerçam atividade econômica vinculada ao objeto contratado. 4ª) exceto ente público da Administração direta e indireta, se houver inadimplemento das obrigações trabalhistas contraídas por empreiteiro que contratar, sem idoneidade econômico-financeira, o dono da obra responderá subsidiariamente por tais obrigações, em face de aplicação analógica do art. 455 da CLT e de culpa in eligendo. 5ª) o entendimento contido na tese jurídica nº 4 aplica-se exclusivamente aos contratos de empreitada celebrados após 11 de maio de 2017, data do presente julgamento.” Cumpre registrar que a ""ratio"" vinculante deve ser imediatamente aplicada aos casos em curso, a partir da publicação da respectiva certidão de julgamento, independentemente do trânsito em julgado. É o que o Pretório Excelso decidiu, e.g., no AI 795968 SP, Rel. Min. Roberto Barroso, Julgado em 25/04/2023, no ARE 1.031.810-DF, na Rcl 6999-MG, na Rcl 3.632-AM, na Rcl 872-SP, na Rcl 3.473-DF, na Rcl 2.576-SC (sobre os efeitos da decisão plenária na ADI 4.424-DF), na ADI 711-AM. Portanto, estando a decisão recorrida em conformidade com a tese jurídica prevalecente firmada no citado incidente, inviável o recurso, nos termos dos arts. 896, § 7º, e 896-C da CLT, 985, I, do CPC/2015 e 14, I, da IN 38/2015, e da Súmula 333 do Eg. TST. 2.1 DIREITO INDIVIDUAL DO TRABALHO (12936) / VERBAS REMUNERATÓRIAS, INDENIZATÓRIAS E BENEFÍCIOS (13831) / AUXÍLIO/TÍQUETE ALIMENTAÇÃO O v. acórdão consignou: ""Na inicial, o reclamante deduziu a seguinte pretensão: ""As Reclamadas não cumpriram a Cláusula 3.ª da Convenção Coletiva da Categoria (em anexo), não pagando ao Reclamante os seguintes valores a título de tíquete-refeição: R$ 30,00 por dia de trabalho, para o almoço; Razão pela qual requer sejam as Reclamadas condenadas a pagarem ao Reclamante, por tal rubrica, com fundamento na Cláusula 3.ª da Convenção Coletiva da Categoria em anexo, o valor total de R$ 642,00."" Em defesa, a recorrente aduziu: ""Ao contrário do que tenta fazer parecer a petição inicial, a verba em comento não é devida, uma vez que Convenção Coletiva do Trabalho que representa a categoria da reclamada autoriza o fornecimento de refeição no local de trabalho em substituição ao tíquete. ... Como se vê, os benefícios não são cumulativos, de modo que cabe à empregadora a escolha pelo benefício que melhor atende às suas necessidades e de seus funcionários. Nesse contexto, esclareça-se que a 2ª Reclamada - Galvão Construtora sempre forneceu a alimentação ao Reclamante no local de trabalho, em refeitório próprio para tanto, nos exatos termos da cláusula 3ª, ""C1"", da Convenção Coletiva de Trabalho da categoria, não havendo falar-se em pagamento de tíquete-refeição, conforme requerido, sob pena de bis in idem. Os anexos documentos - controle de refeições, nota fiscal e boleto - comprovam o fornecimento da alimentação no local de trabalho. Assim, considerando que a 2ª Reclamada - Galvão Construtora fornecia refeições (café da manhã, almoço, café da tarde e jantar) aos seus empregados, conforme se comprova pelos documentos anexos, não há que se falar em pagamento do tíquete-refeição pretendido."" A cláusula 3ª da Convenção Coletiva de Trabalho prevê a possibilidade de fornecimento de refeição ou, alternativamente, a concessão de tíquete-refeição ou vale-alimentação (id 24993dd). Embora a recorrente tenha juntado um controle de refeições e nota fiscal (id dff827d e ff0d076), não há em tais documentos qualquer elemento que indique o fornecimento de refeições ao autor, nem mesmo que a compra destinou-se à obra em que trabalhou. Diante da negativa do reclamante quanto ao recebimento de refeição, aliada à impugnação dos documentos apresentados (id 5f50f55) e à confissão da empregadora, impõe-se a manutenção da sentença que reconheceu o descumprimento da obrigação prevista na norma coletiva, condenando as reclamadas ao pagamento do tíquete-refeição. Nego provimento."" No que se refere ao tema em destaque, o v. acórdão se fundamentou no conjunto fático-probatório e não violou, de forma direta e literal, os dispositivos apontados. Assim, inadmissível o recurso, pelo teor da Súmula 126 do C. TST e pela ausência dos requisitos exigidos pela alínea ""c"" do art. 896 da CLT. 3.1 DIREITO PROCESSUAL CIVIL E DO TRABALHO (8826) / PARTES E PROCURADORES (8842) / ASSISTÊNCIA JUDICIÁRIA GRATUITA BENEFÍCIOS DA JUSTIÇA GRATUITA À PESSOA NATURAL PRECEDENTE OBRIGATÓRIO - TEMA IRR N. 21 DO EG. TST O v. acórdão asseverou: ""Nos termos do artigo 1º da Lei nº 7.115/1983, a declaração da parte, sob as penas da lei, de que não dispõe de recursos necessários para efetuar o pagamento das despesas processuais, deve ser acolhida como prova segura da miserabilidade, especialmente quando nenhuma prova contraria o referido documento. Dita norma é compatível com o processo do trabalho, assim como o artigo 99, § 2º, do CPC, que dispõe que o magistrado somente poderá indeferir o pedido de justiça gratuita se houver elementos que evidenciem a falta dos pressupostos legais para tanto. Importante destacar que a legislação referida não foi alterada com o advento da Lei nº 13.467/2017. Portanto, considerando outrossim que a prova da insuficiência de recursos se dá por todos os meios admitidos em direito, em uma interpretação sistemática, a declaração firmada pela parte ou seu procurador, com poderes específicos, atende o requisito do art. 790, § 4°, da CLT, para a concessão do benefício da justiça gratuita, salvo se existir prova em sentido contrário. Por essas razões e consoante o teor do documento Id 6859e4b, mantém-se a r. sentença que concedeu os benefícios da gratuidade da justiça à parte autora, isentando-a do pagamento das custas processuais. Nego provimento."" No julgamento do Incidente de Recursos de Revista Repetitivos (TEMA IRR N. 21), Processo n. 277- 83.2020.5.09.0084, o Eg. TST fixou a seguinte tese vinculante: “I - independentemente de pedido da parte, o magistrado trabalhista tem o poder-dever de conceder o benefício da justiça gratuita aos litigantes que perceberem salário igual ou inferior a 40% (quarenta por cento) do limite máximo dos benefícios do Regime Geral de Previdência Social, conforme evidenciado nos autos; II - o pedido de gratuidade de justiça, formulado por aquele que perceber salário superior a 40% (quarenta por cento) do limite máximo dos benefícios do Regime Geral de Previdência Social, pode ser instruído por documento particular firmado pelo interessado, nos termos da Lei nº 7.115/83, sob as penas do art. 299 do Código Penal; III - havendo impugnação à pretensão pela parte contrária, acompanhada de prova, o juiz abrirá vista ao requerente do pedido de gratuidade de justiça, decidindo, após, o incidente (art. 99, § 2º, do CPC)”. Cumpre registrar que a ""ratio"" vinculante deve ser imediatamente aplicada aos casos em curso, a partir da publicação da respectiva certidão de julgamento, independentemente do trânsito em julgado. É o que o Pretório Excelso decidiu, e.g., no AI 795968 SP, Rel. Min. ROBERTO BARROSO, Julgado em 25/04/2023, no ARE 1.031.810-DF, na Rcl 6999-MG, na Rcl 3.632-AM, na Rcl 872-SP, na Rcl 3.473-DF, na Rcl 2.576-SC (sobre os efeitos da decisão plenária na ADI 4.424-DF), na ADI 711-AM. Portanto, estando a decisão recorrida em conformidade com a tese jurídica prevalecente firmada no citado incidente, inviável o recurso, nos termos dos arts. 896, § 7º, e 896-C da CLT, 985, I, do CPC/2015 e 14, I, da IN 38/2015, e da Súmula 333 do Eg. TST. CONCLUSÃO DENEGO seguimento ao recurso de revista. Publique-se e intimem-se. CAMPINAS/SP, 28 de julho de 2026 WILTON BORBA CANICOBA Desembargador Federal do Trabalho Gabinete da Vice-Presidência Judicial - Análise de Recurso (rmgb)Intimado(s) / Citado(s) - PACAEMBU SAO JOSE DO RIO PRETO 336 - EMPREENDIMENTO IMOBILIARIO LTDA"
1645981.0,04/08/2026,10/08/2026,,Laryssa Mazo Pintor de Lima Rodrigues,5293,Nathalia Garcia,2821,Verificar Despacho,Compromisso (Prazo),Concluído,0010946-64.2025.5.15.0017,464635,Paulo Sergio Batista,Trabalhista,Jurídico Trabalhista,,"Lary 13/08: Alinhamos internamente e não iremos recorrer. Empresa tem caução. Não recorremos de RO. 


Lary 06/08: E-mail enviado. Ajustar para dia 10/08 - Falar com a Nath sobre a viabilidade do RR. Fatal: 14/08

D J E N - TRT15
Disponibilização: segunda-feira, 03 de agosto de 2026.
Arquivo: 1
Publicação: 17148

TRT15 Diário de Justiça Eletrônico Nacional

Intimação Processo: 0010946-64.2025.5.15.0017   Órgão: 3ª Câmara  Data de disponibilização:   Tipo de comunicação: Intimação  Meio: Diário de Justiça Eletrônico Nacional   Parte(s):   COMPANHIA PAULISTA DE FORCA E LUZ  LUCAS PAGLIUSI DAMIANO CAVICCHIOLI  PAULO SERGIO BATISTA  COMPANHIA PAULISTA DE FORCA E LUZ  PACAEMBU CONSTRUTORA S.A.  PAULO SERGIO BATISTA  RENASCER CONSTRUCOES ELETRICAS LTDA   Advogado(s)   DANIEL BATTIPAGLIA SGAI  OAB SP-214918  ERIK FERNANDES ALVES  OAB SP-474313  TUPA MONTEMOR PEREIRA  OAB SP-264643  NATHALIA CAROLINE CORREIA GARCIA  OAB SP-338049  LUCAS VITOR SIQUEIRA SIGOLO  OAB SP-483189   PODER JUDICIÁRIO JUSTIÇA DO TRABALHO TRIBUNAL REGIONAL DO TRABALHO DA 15ª REGIÃO 3ª CÂMARA Relatora: JULIANA BENATTI ROT 0010946-64.2025.5.15.0017 RECORRENTE: PAULO SERGIO BATISTA E OUTROS (1) RECORRIDO: PAULO SERGIO BATISTA E OUTROS (3) Ficam as partes intimadas do acórdão proferido no presente processo (Artigo 17 da Resolução CSJT nº 185/2017 c/c Lei nº 13.467/2017). Acesso ao sistema PJe- JT - 2º grau: http://pje.trt15.jus.br/consultaprocessual. CAMPINAS/SP, 31 de julho de 2026. ANTONIO AFONSO DE MELLO ABREU Diretor de SecretariaIntimado(s) / Citado(s) - PACAEMBU CONSTRUTORA S.A."
1645980.0,04/08/2026,10/08/2026,,Laryssa Mazo Pintor de Lima Rodrigues,5293,Nathalia Garcia,2821,Verificar Despacho,Compromisso (Prazo),Concluído,0000543-34.2026.5.22.0105,473097,Jose Francisco de Brito,Trabalhista,Jurídico Trabalhista,,"Lary 04/08: Extinto processo sem resolução do mérito por ausência de citação da 1ª Reclamada - Manda Chuva (sumarissimo). Nada fazer. 


D J E N - TRT22
Disponibilização: segunda-feira, 03 de agosto de 2026.
Arquivo: 1
Publicação: 376

TRT22 Diário de Justiça Eletrônico Nacional

Intimação Processo: 0000543-34.2026.5.22.0105   Órgão: Vara do Trabalho de Piripiri  Data de disponibilização:   Tipo de comunicação: Intimação  Meio: Diário de Justiça Eletrônico Nacional   Parte(s):   JOSE FRANCISCO DE BRITO  MANDA CHUVA SERVICOS ELETRICOS E HIDRAULICOS LTDA  VIDA NOVA CUIABA II - EMPREENDIMENTO IMOBILIARIO LTDA   Advogado(s)   THIAGO CARVALHO DOS SANTOS  OAB PI-16641  ANDRE FERREIRA DE ARAUJO  OAB PI-10009  NATHALIA CAROLINE CORREIA GARCIA  OAB SP-338049   PODER JUDICIÁRIO JUSTIÇA DO TRABALHO TRIBUNAL REGIONAL DO TRABALHO DA 22ª REGIÃO VARA DO TRABALHO DE PIRIPIRI ATSum 0000543-34.2026.5.22.0105 AUTOR: JOSE FRANCISCO DE BRITO RÉU: MANDA CHUVA SERVICOS ELETRICOS E HIDRAULICOS LTDA E OUTROS (1) INTIMAÇÃO Fica V. Sa. intimado para tomar ciência da Sentença ID 44c55a1 proferida nos autos, cujo dispositivo consta a seguir: MARIANA PINHEIRO DE SIQUEIRA Juíza do Trabalho SubstitutaIntimado(s) / Citado(s) - VIDA NOVA CUIABA II - EMPREENDIMENTO IMOBILIARIO LTDA"
1645979.0,04/08/2026,10/08/2026,,Laryssa Mazo Pintor de Lima Rodrigues,5293,Nathalia Garcia,2821,Verificar Despacho,Compromisso (Prazo),Concluído,0000081-63.2026.5.23.0036,470840,Alison Fernando de Souza Leite,Trabalhista,Jurídico Trabalhista,,"Lary 06/08: ED protocolado. Salvei na pasta e GED. 

Lary 04/08: Pacaembu condenada ao pagamento de diferenças do FGTS sobre as verbas de ""auxilio / bonificação"" pagas ao autor (supervisor de vendas). Prazo para ED, pois o FGTS foi computado com base nessas verbas. Ajustara para dia 06/08. Fatal: 11/08


D J E N - TRT23
Disponibilização: segunda-feira, 03 de agosto de 2026.
Arquivo: 1
Publicação: 2520

TRT23 Diário de Justiça Eletrônico Nacional

Intimação Processo: 0000081-63.2026.5.23.0036   Órgão: 1ª VARA DO TRABALHO DE SINOP  Data de disponibilização:   Tipo de comunicação: Intimação  Meio: Diário de Justiça Eletrônico Nacional   Parte(s):   ALISON FERNANDO DE SOUZA LEITE  PACAEMBU CONSTRUTORA S.A.   Advogado(s)   RODOLFO FERNANDO BORGES  OAB MT-13506-O  NATHALIA CAROLINE CORREIA GARCIA  OAB SP-338049   PODER JUDICIÁRIO JUSTIÇA DO TRABALHO PJE - PROCESSO JUDICIAL ELETRÔNICO - 23ª REGIÃO 1ª VARA DO TRABALHO DE SINOP ATOrd 0000081-63.2026.5.23.0036 RECLAMANTE: ALISON FERNANDO DE SOUZA LEITE RECLAMADO: PACAEMBU CONSTRUTORA S.A. INTIMAÇÃO Fica V. Sa. intimado para tomar ciência da Sentença ID 7e7d25a proferida nos autos, cujo dispositivo consta a seguir: III - DISPOSITIVO Posto isto, nestes autos que tramitam na 1ª Vara do Trabalho de Sinop-MT, decide-se rechaçar a impugnação ao pedido de gratuidade de justiça formulado pela parte autora, e, NO MÉRITO, julgar PARCIALMENTE PROCEDENTES os pedidos opostos por ALISON FERNANDO DE SOUZA LEITE em face de PACAEMBU CONSTRUTORA S.A., condenando a ré ao pagamento de diferenças de verbas rescisórias e contratais, assim como ao recolhimento de diferenças de FGTS, tudo como disposto na fundamentação acima que integra o presente dispositivo para os efeitos legais. Sentença líquida. Honorários sucumbenciais na forma da fundamentação. Liquidação por cálculos, limitada ao valor individualizado dado à causa a cada um dos pedidos deferidos, com suporte nos artigos 141 e 492 do CPC, assim como nas recentes decisões do STF em sede de Reclamação Constitucional (RECLAMAÇÃO 79.034/SP, aos 12/05/2025, e AG.REG. NA RECLAMAÇÃO 77.179/PR, aos 09/06/2025). Correção monetária na forma da Ação Direta de Constitucionalidade n. 58, com as alterações advindas da Lei nº 14.905/2024, que alterou os artigos 389 e 406 do CC (conforme decisão da SBDI-1 do TST, nos autos do E-ED-RR - 713-03.2010.5.04.0029, em acórdão publicado em 25.10.2024, de relatoria do Min. Alexandre Agra Belmonte), observando-se os seguintes parâmetros: 1) até 29.08.2024, o cálculo do crédito trabalhista deverá utilizar, na fase pré-judicial, o IPCA-E cumulado com os juros legais previstos no art. 39, ""caput"", da Lei n. 8.177/91 e, a partir do ajuizamento da ação, apenas a taxa SELIC, a qual já engloba correção monetária e juros; 2) a partir de 30.08.2024, o cálculo da atualização monetária deverá observar a utilização do IPCA (art. 389, parágrafo único, do Código Civil) e, os juros de mora deverão corresponder ao resultado da subtração SELIC - IPCA, aplicando-se taxa ""zero"" quando o resultado desta equação for negativo, nos termos do § 3º do art. 406, do Código Civil, em sua nova redação. Incidem contribuições previdenciárias sobre saldo de salário, gratificação natalina, adicional noturno, porque de natureza remuneratória, devendo ser retidas do crédito do autor caso não atingido o teto do salário- de-contribuição ao tempo do contrato, assim como o IRRF. Quanto a este, deverá ser observado o disposto na Lei 12.350/2010. Condena-se o réu ao pagamento das contribuições previdenciárias incidentes sobre as parcelas que constituem salário-de-contribuição objeto de condenação, nas quais não se incluem as contribuições para terceiros, que não guardam natureza previdenciária e não estão inseridas na competência executória deste juízo. Custas pela ré, sobre o valor da condenação, acrescidas das custas de liquidação, conforme planilha de cálculos, a serem recolhidas no prazo legal. Intimem-se. Nada mais. WILLIAM GUILHERME CORREIA RIBEIRO Juiz(a) do Trabalho TitularIntimado(s) / Citado(s) - PACAEMBU CONSTRUTORA S.A."
1645949.0,18/08/2026,19/08/2026,,Amanda Carvalho Martins,9353,Nathalia Garcia,2821,Contestação,Compromisso (Prazo),Concluído,4025545-17.2026.8.26.0576,473793,Felipe Luiz Brito,Cível,Thaia - Escritório RST&A,,Minuta protocolad aem 19.08.2026.
1645836.0,07/09/2026,07/09/2026,,Marina Luise Campana Perini,8560,Nathalia Garcia,2821,Acompanhar Carta de Citação,Compromisso (Acompanhar),Não iniciado,4023523-83.2026.8.26.0576,473787,Maria do Carmo de Souza,Cível,Thaia - Escritório RST&A,,Acompanhar Carta de Citação
1645827.0,14/08/2026,17/08/2026,,Lawrencce Van Hornn Liberatori da Silva,9293,Nathalia Garcia,2821,Comprovar cumprimento de acordo,Compromisso (Prazo),Concluído,4001900-17.2026.8.26.0073,472932,Thamires Klein Pereira,Cível,Thaia - Escritório RST&A,,Minuta protocolada em 17.07.2026.
1645796.0,24/08/2026,25/08/2026,,Marina Luise Campana Perini,8560,Nathalia Garcia,2821,Manifestação,Compromisso (Prazo),Finalizado pelo Encarregado(a),5016959-40.2023.4.04.7005,463301,Robson Gomes da Silva,Cível,Bruno - Escritório RST&A,,Transitou em julgado
1645768.0,06/08/2026,07/08/2026,,Lawrencce Van Hornn Liberatori da Silva,9293,Nathalia Garcia,2821,Envio da Contranotificação,Compromisso (Prazo),Concluído,0224-26,473782,Tribunal de Justiça do Estado de São Paulo,,Jurídico Notificação,,Protocolo realizado em 07.08
1645739.0,06/08/2026,07/08/2026,,Amanda Carvalho Martins,9353,Nathalia Garcia,2821,Defesa administrativa,Compromisso (Prazo),Concluído,0212-26,473478,Tatiani Paulino Francisco,,Jurídico Notificação,,Protocolo realizado em 10.08
1645728.0,07/08/2026,10/08/2026,,Lawrencce Van Hornn Liberatori da Silva,9293,Nathalia Garcia,2821,Envio da Contranotificação,Compromisso (Prazo),Concluído,0223-26,473780,Osmar Gonçalves,,Jurídico Notificação,,Contranotificação protocolada em 10.08.2026
1645703.0,03/08/2026,04/08/2026,,Amanda Carvalho Martins,9353,Nathalia Garcia,2821,Envio da Contranotificação,Compromisso (Prazo),Concluído,0222-26,473776,Adaildo Andrade de Lima,,Jurídico Notificação,,Protocolo realizado em 04.08
1645657.0,04/08/2026,04/08/2026,,Laryssa Mazo Pintor de Lima Rodrigues,5293,Nathalia Garcia,2821,Verificar Despacho - NF 001482.2026.15.001/4,Compromisso (Prazo),Concluído,,,,,,,Lary 04/08: Manifestação complementar protocolada. Salvei na pasta e GED.
1645570.0,14/08/2026,17/08/2026,,Amanda Carvalho Martins,9353,Nathalia Garcia,2821,Juntada de documentos,Compromisso (Prazo),Concluído,0003441-56.2025.8.16.0045,463862,Aline Alecio de Almeida,Cível,Bruno - Escritório RST&A,,Minuta protocolada em 17.08.2026.
1645373.0,21/08/2026,24/08/2026,,Amanda Carvalho Martins,9353,Nathalia Garcia,2821,Pagamento Honorários Periciais,Compromisso (Prazo),Cancelado,0005620-60.2025.8.16.0045,464537,Kawane Bruzaferro Carvalho,Cível,Bruno - Escritório RST&A,,O perito ainda não apresentou estimativa.
1645371.0,21/08/2026,24/08/2026,,Amanda Carvalho Martins,9353,Nathalia Garcia,2821,Quesitos e assistente técnico,Compromisso (Prazo),Finalizado pelo Encarregado(a),0014040-54.2025.8.16.0045,471915,Wesley Giovani Zimbermann,Cível,Bruno - Escritório RST&A,,Minuta protocolada em 24.08.2026.
1645370.0,21/08/2026,24/08/2026,,Marina Luise Campana Perini,8560,Nathalia Garcia,2821,Quesitos e assistente técnico,Compromisso (Prazo),Finalizado pelo Encarregado(a),0033616-97.2023.8.16.0014,418818,Daniele Cristina Luiz da Silva,Cível,Bruno - Escritório RST&A,,Minuta protocolada em 24.08.2026
1645367.0,21/08/2026,24/08/2026,,Amanda Carvalho Martins,9353,Nathalia Garcia,2821,Agravo de Instrumento (rateio),Compromisso (Prazo),Cancelado,0000085-19.2026.8.16.0045,471724,Michele Carvalho da Silva,Cível,Bruno - Escritório RST&A,,Pagamento feito
1645366.0,07/08/2026,10/08/2026,,Amanda Carvalho Martins,9353,Nathalia Garcia,2821,Embargos de declaração (rateio),Compromisso (Prazo),Cancelado,0000085-19.2026.8.16.0045,471724,Michele Carvalho da Silva,Cível,Bruno - Escritório RST&A,,Pagamento feito
1645365.0,21/08/2026,24/08/2026,,Amanda Carvalho Martins,9353,Nathalia Garcia,2821,Quesitos e assistente técnico,Compromisso (Prazo),Finalizado pelo Encarregado(a),0000085-19.2026.8.16.0045,471724,Michele Carvalho da Silva,Cível,Bruno - Escritório RST&A,,Minuta protocolada em 24.08.2026
1645357.0,14/08/2026,17/08/2026,,Amanda Carvalho Martins,9353,Nathalia Garcia,2821,Especificação de Provas,Compromisso (Prazo),Concluído,0013996-35.2025.8.16.0045,472546,Jose Lucas Aparecido Ferreira de Araujo,Cível,Bruno - Escritório RST&A,,Minuta protocolada em 17.08.2026.
1645356.0,14/08/2026,17/08/2026,,Amanda Carvalho Martins,9353,Nathalia Garcia,2821,Especificação de Provas,Compromisso (Prazo),Cancelado,0013996-35.2025.8.16.0045,472546,Jose Lucas Aparecido Ferreira de Araujo,Cível,Bruno - Escritório RST&A,,Pendente - aguardando minuta
1645352.0,06/08/2026,07/08/2026,,Lawrencce Van Hornn Liberatori da Silva,9293,Nathalia Garcia,2821,Quesitos e assistente técnico,Compromisso (Prazo),Concluído,1019644-14.2023.8.26.0451,439384,Milena Amaral Silva,Cível,Bruno - Escritório RST&A,,Protocolo realizado em 07.08
1645351.0,05/08/2026,06/08/2026,,Lawrencce Van Hornn Liberatori da Silva,9293,Nathalia Garcia,2821,Reiterar Agravo em Resp,Compromisso (Prazo),Concluído,1006136-64.2024.8.26.0451,446190,Erick Lucas da Silva Moraes,Cível,Bruno - Escritório RST&A,,Protocolo realizado em 06.08
1645350.0,05/08/2026,06/08/2026,,Lawrencce Van Hornn Liberatori da Silva,9293,Nathalia Garcia,2821,Contrarrazões de Apelação,Compromisso (Prazo),Concluído,0001666-40.2024.8.16.0045,448962,Joselaine Galvão de Araújo,Cível,Bruno - Escritório RST&A,,Protocolo realizado em 06.08
1645349.0,04/08/2026,05/08/2026,,Lawrencce Van Hornn Liberatori da Silva,9293,Nathalia Garcia,2821,Manifestação aos esclarecimentos,Compromisso (Prazo),Concluído,0010993-09.2024.8.16.0045,461936,Danilo dos Santos Soares,Cível,Bruno - Escritório RST&A,,Protocolo realizado em 05.08
1645347.0,03/08/2026,04/08/2026,,Lawrencce Van Hornn Liberatori da Silva,9293,Nathalia Garcia,2821,Perícia,Compromisso (Prazo),Cancelado,1021113-95.2023.8.26.0451,439383,Anderson Bezerra Santos Souza,Cível,Bruno - Escritório RST&A,,Cancelada
1645346.0,06/08/2026,07/08/2026,,Lawrencce Van Hornn Liberatori da Silva,9293,Nathalia Garcia,2821,Julgamento,Compromisso (Prazo),Concluído,0047111-77.2024.8.16.0014,450911,Antônio de Morais Silva,Cível,Bruno - Escritório RST&A,,EDs rejeitados
1645345.0,06/08/2026,07/08/2026,,Marina Luise Campana Perini,8560,Nathalia Garcia,2821,Julgamento,Compromisso (Prazo),Concluído,1044537-48.2024.8.26.0576,455176,Pamela Cristina Menezes,Cível,Bruno - Escritório RST&A,,Julgado em 07.08 - EDs rejeitados
1645344.0,05/08/2026,06/08/2026,,Lawrencce Van Hornn Liberatori da Silva,9293,Nathalia Garcia,2821,Julgamento,Compromisso (Prazo),Concluído,1013916-94.2025.8.26.0071,465679,José Filho Araújo da Silva,Cível,Bruno - Escritório RST&A,,Recurso provido
1645343.0,05/08/2026,06/08/2026,,Lawrencce Van Hornn Liberatori da Silva,9293,Nathalia Garcia,2821,Julgamento,Compromisso (Prazo),Não iniciado,1009995-52.2024.8.26.0269,460567,Viviane Matias Silva,Cível,Bruno - Escritório RST&A,,Julgamento em 06.08.2026
1645342.0,07/08/2026,10/08/2026,,Marina Luise Campana Perini,8560,Nathalia Garcia,2821,Julgamento,Compromisso (Prazo),Concluído,5000064-97.2024.4.03.6131,460929,Bruno Giovanni de Lima Abramo,Cível,Bruno - Escritório RST&A,,Eds não acolhidos
1645341.0,03/08/2026,04/08/2026,,Lawrencce Van Hornn Liberatori da Silva,9293,Nathalia Garcia,2821,Julgamento,Compromisso (Prazo),Concluído,1019831-85.2024.8.26.0451,453203,Wilson Roberto Ferrazzi,Cível,Bruno - Escritório RST&A,,Julgado em 05.08 - Provimento ao recurso do adverso
1645335.0,03/08/2026,07/08/2026,,Laryssa Mazo Pintor de Lima Rodrigues,5293,Nathalia Garcia,2821,Verificar Despacho,Compromisso (Prazo),Concluído,0010869-90.2025.5.15.0070,465411,Daniel Silva Barreto,Trabalhista,Jurídico Trabalhista,,"Lary 13/08: Alinhamos internamente e não iremos recorrer. Empresa segue prestando serviços e tem caução. 

Lary 06/08: E-mail enviado. Ajustar para dia 10/08 - Falar com a Nath sobre a viabilidade do RO. Fatal: 14/08

Lary 03/08: Acolhido o ED da Pacaembu para afastar a multa pela inadimplência do acordo da responsabilidade subsidiária da Empresa. Prazo para RO. Ajustar para dia 06/08 / Fatal: 13/08

D J E N - TRT15
Disponibilização: sexta-feira, 31 de julho de 2026.
Arquivo: 1
Publicação: 20051

TRT15 Diário de Justiça Eletrônico Nacional

Intimação Processo: 0010869-90.2025.5.15.0070   Órgão: CON2 - São José do Rio Preto  Data de disponibilização:   Tipo de comunicação: Intimação  Meio: Diário de Justiça Eletrônico Nacional   Parte(s):   DANIEL SILVA BARRETO  PACAEMBU CONSTRUTORA S.A.  RENASCER CONSTRUCOES ELETRICAS LTDA   Advogado(s)   DANIELA MENEGOLI MIATELLO  OAB SP-300259  NATHALIA CAROLINE CORREIA GARCIA  OAB SP-338049  LUCAS VITOR SIQUEIRA SIGOLO  OAB SP-483189   PODER JUDICIÁRIO JUSTIÇA DO TRABALHO TRIBUNAL REGIONAL DO TRABALHO DA 15ª REGIÃO CON2 - SÃO JOSÉ DO RIO PRETO ATSum 0010869-90.2025.5.15.0070 AUTOR: DANIEL SILVA BARRETO RÉU: RENASCER CONSTRUCOES ELETRICAS LTDA (EM RECUPERAÇÃO JUDICIAL) E OUTROS (1) INTIMAÇÃO Fica V. Sa. intimado para tomar ciência da Sentença ID 1bf85d6 proferida nos autos, cujo dispositivo consta a seguir: Trata-se de embargos de declaração opostos pela segunda reclamada, PACAEMBU CONSTRUTORA S.A., em face da sentença que julgou procedentes em parte os pedidos, declarando a responsabilidade subsidiária da embargante em 72,27% do valor total da execução. Passo à apreciação dos pontos suscitados. FUNDAMENTAÇÃO 1. Da alegada omissão quanto à não participação da embargante no acordo Sustenta a embargante que a sentença teria sido omissa ao não enfrentar a circunstância de que não aderiu ao acordo celebrado entre o reclamante e a 1ª reclamada, devendo sua responsabilização ser apurada com base exclusivamente nos pedidos, defesas e provas produzidas nos autos, e não a partir dos valores livremente transacionados entre terceiros. Não assiste razão à embargante quanto a este ponto. A sentença enfrentou de forma expressa e fundamentada a questão da responsabilidade da tomadora de serviços, consignando que a controvérsia relativa aos pedidos formulados na petição inicial foi dirimida pela homologação do acordo celebrado entre o reclamante e a 1ª reclamada, restando à decisão judicial apenas definir a responsabilidade da segunda reclamada quanto aos títulos executórios daí decorrentes. Nesse contexto, a sentença fundamentou a responsabilidade subsidiária da tomadora com base na tese vinculante fixada pelo Supremo Tribunal Federal (ADPF 324 e RE 958.252 – Tema 725), estabelecendo, ainda, o critério de proporcionalidade entre o período de vigência dos contratos de prestação de serviços firmados entre as reclamadas e o período total do contrato de trabalho do reclamante, para fins de apuração do percentual de responsabilidade subsidiária. Verifica-se, portanto, que a matéria foi devida e integralmente enfrentada pelo juízo, ainda que a conclusão não tenha sido favorável à tese defendida pela embargante. Cumpre esclarecer que os embargos de declaração não se prestam à rediscussão de matéria já decidida, tampouco ao reexame do mérito da decisão sob o pretexto de omissão, quando, na realidade, o que se pretende é a reforma do julgado. Eventual inconformismo quanto ao critério adotado para a fixação da responsabilidade subsidiária da tomadora, por não ter esta participado do acordo, configura questão de mérito, a ser deduzida pela via recursal própria, dotada de efeito devolutivo amplo, e não por meio de embargos de declaração, cuja finalidade é sanar omissão, contradição ou obscuridade, hipóteses não configuradas quanto a este item. Ressalte-se, por oportuno, que não há nos autos registro de que a matéria relativa à ausência de participação da tomadora no acordo tenha sido suscitada anteriormente à oposição dos presentes embargos, circunstância que reforça a inexistência de omissão a ser sanada, na medida em que não se pode reputar omissa a decisão quanto a fundamento não anteriormente deduzido nos autos. Rejeito, portanto, os embargos quanto a este ponto. 2. Da omissão quanto à atribuição à embargante de responsabilidade pela cláusula penal decorrente do inadimplemento do acordo Diversa é a solução quanto ao segundo ponto suscitado. Ao fixar a responsabilidade subsidiária da tomadora em 72,27% ""do valor total da execução"", a sentença incluiu nessa base de cálculo, sem qualquer distinção ou fundamentação específica, a integralidade do débito apurado no capítulo ""Acordo Homologado"" — o qual contempla não apenas a indenização por danos morais (R$ 22.601,86) e os honorários advocatícios (R$ 2.583,06), mas também a multa de 50% decorrente do inadimplemento do acordo (R$ 12.592,96). Ocorre que a sentença não enfrentou a circunstância, relevante para a solução da controvérsia, de que a mencionada multa possui natureza de cláusula penal, decorrente exclusivamente da mora da 1ª reclamada no cumprimento das obrigações por ela livremente assumidas no acordo homologado, do qual a embargante não foi parte nem anuiu aos seus termos. Trata-se, pois, de obrigação acessória e personalíssima, decorrente de ato de inadimplemento praticado exclusivamente pela empregadora direta, para o qual a tomadora dos serviços não concorreu de qualquer forma. A responsabilidade subsidiária da tomadora, ainda que decorrente de contrato de terceirização lícito, na forma da tese vinculante do Supremo Tribunal Federal, deve restringir-se às obrigações trabalhistas inadimplidas pela prestadora de serviços relativas ao período da prestação laboral, não sendo extensível a penalidades de natureza contratual, oriundas de ato de inadimplemento posterior e exclusivo da empregadora, sobre o qual a tomadora não exerceu qualquer ingerência e para o qual não deu causa. Constata-se, assim, a omissão apontada, a qual comporta saneamento, com efeito modificativo, para o fim de excluir a multa de 50% (cláusula penal) decorrente do inadimplemento do acordo da base de cálculo sobre a qual incide o percentual de responsabilidade subsidiária da embargante. Dessa forma, a responsabilidade subsidiária da segunda reclamada, fixada em 72,27%, deverá incidir exclusivamente sobre o valor de R$ 25.184,92, correspondente à soma da indenização por danos morais (R$ 22.601,86) e dos honorários advocatícios (R$ 2.583,06), excluída a multa de R$ 12.592,96 decorrente do inadimplemento do acordo, da qual a embargante não deu causa e à qual não está vinculada. Acolho os embargos quanto a este ponto, com efeito modificativo. DISPOSITIVO Ante o exposto, CONHEÇO dos embargos de declaração opostos por PACAEMBU CONSTRUTORA S.A., por tempestivos, e, no mérito, REJEITO-OS quanto à alegação de omissão relativa à não participação da embargante no acordo celebrado entre o reclamante e a 1ª reclamada, por inexistir omissão a sanar quanto a este ponto; e ACOLHO-OS, com efeito modificativo, quanto à omissão relativa à atribuição de responsabilidade à embargante pela cláusula penal decorrente do inadimplemento do acordo, para determinar que a responsabilidade subsidiária da segunda reclamada, no percentual de 72,27%, incida exclusivamente sobre o valor de R$ 25.184,92 (correspondente à soma da indenização por danos morais e dos honorários advocatícios), excluída a multa de 50% (R$ 12.592,96) decorrente do inadimplemento do acordo celebrado entre o reclamante e a 1ª reclamada. Mantida a sentença embargada em seus demais termos. Intimem-se as partes. Cumpra-se. FERNANDO RODRIGUES CARVALHO Juiz do Trabalho SubstitutoIntimado(s) / Citado(s) - RENASCER CONSTRUCOES ELETRICAS LTDA - PACAEMBU CONSTRUTORA S.A."
1645334.0,03/08/2026,07/08/2026,,Laryssa Mazo Pintor de Lima Rodrigues,5293,Nathalia Garcia,2821,Verificar Despacho,Compromisso (Prazo),Concluído,0010197-86.2025.5.15.0101,462869,Jair Soares da Silva,Trabalhista,Jurídico Trabalhista,,"Lary 03/08: Recebido o RO da Pacaembu. Prazo para o reclamante apresentar CRRO. Nada fazer. Apenas Pacaembu recorreu. 

D J E N - TRT15
Disponibilização: sexta-feira, 31 de julho de 2026.
Arquivo: 1
Publicação: 19624

TRT15 Diário de Justiça Eletrônico Nacional

Intimação Processo: 0010197-86.2025.5.15.0101   Órgão: CON2 - Bauru  Data de disponibilização:   Tipo de comunicação: Intimação  Meio: Diário de Justiça Eletrônico Nacional   Parte(s):   JAIR SOARES DA SILVA  CARLOS EDUARDO MARGI  PACAEMBU CONSTRUTORA S.A.   Advogado(s)   DAIANA APARECIDA DE NOVAES SANTOS  OAB SP-303160  SILVAN ALVES DE LIMA  OAB SP-251116  NATHALIA CAROLINE CORREIA GARCIA  OAB SP-338049   PODER JUDICIÁRIO JUSTIÇA DO TRABALHO TRIBUNAL REGIONAL DO TRABALHO DA 15ª REGIÃO CON2 - BAURU ATOrd 0010197-86.2025.5.15.0101 AUTOR: JAIR SOARES DA SILVA RÉU: CARLOS EDUARDO MARGI E OUTROS (1) INTIMAÇÃO Fica V. Sa. intimado para tomar ciência da Decisão ID b15007a proferida nos autos. Órgão Julgador de Origem: 2ª VARA DO TRABALHO DE MARÍLIA DECISÃO Pressupostos extrínsecos: O recurso interposto pela segunda reclamada é tempestivo. Regular a representação, recolhidas as custas e efetivado o depósito recursal. Pressupostos intrínsecos: Todas as matérias debatidas preenchem o requisito de admissibilidade. Apresente(m) o(s) recorrido(s) contrarrazões no prazo legal e, após, remetam-se os autos ao segundo grau. Intimem-se ainda os patronos das partes para que efetuem, se for o caso, seu cadastramento junto ao sistema PJe na 2ª instância. BAURU/SP, 30 de julho de 2026. ALEXANDRE GARCIA MULLER Juiz do Trabalho Titular BCVLIntimado(s) / Citado(s) - PACAEMBU CONSTRUTORA S.A."
1645332.0,03/08/2026,07/08/2026,,Laryssa Mazo Pintor de Lima Rodrigues,5293,Nathalia Garcia,2821,Verificar Despacho,Compromisso (Prazo),Concluído,0010485-06.2023.5.15.0133,396813,Orlando Carlos Hummel Julian,Trabalhista,Jurídico Trabalhista,,"Lary 03/08: Denegado seguimento ao RR do reclamante. Nada fazer. Responsabilidade da Pacaembu foi afastada pelo acórdão. Nada fazer. 

D J E N - TRT15
Disponibilização: sexta-feira, 31 de julho de 2026.
Arquivo: 1
Publicação: 9145

TRT15 Diário de Justiça Eletrônico Nacional

Intimação Processo: 0010485-06.2023.5.15.0133   Órgão: Gabinete da Vice-Presidência Judicial - Análise de Recurso  Data de disponibilização:   Tipo de comunicação: Intimação  Meio: Diário de Justiça Eletrônico Nacional   Parte(s):   BANCO DO BRASIL SA  LUIZ CARLOS GALAO  ORLANDO CARLOS HUMMEL JULIAN  PACAEMBU CONSTRUTORA S.A.  BRUMAR DE MARILIA PORTARIA E LIMPEZA LTDA - ME  ORLANDO CARLOS HUMMEL JULIAN  PACAEMBU CONSTRUTORA S.A.   Advogado(s)   ADINALDO APARECIDO DE OLIVEIRA  OAB SP-137939  ALEXANDRE ANTONIO CESAR  OAB SP-109043  THAIS OLIVEIRA PULICI  OAB SP-310768  NATHALIA CAROLINE CORREIA GARCIA  OAB SP-338049   PODER JUDICIÁRIO JUSTIÇA DO TRABALHO TRIBUNAL REGIONAL DO TRABALHO DA 15ª REGIÃO ÓRGÃO ESPECIAL - ANÁLISE DE RECURSO Relator: RONALDO OLIVEIRA SIANDELA ROT 0010485-06.2023.5.15.0133 RECORRENTE: ORLANDO CARLOS HUMMEL JULIAN E OUTROS (1) RECORRIDO: ORLANDO CARLOS HUMMEL JULIAN E OUTROS (2) PODER JUDICIÁRIO JUSTIÇA DO TRABALHO TRIBUNAL REGIONAL DO TRABALHO DA 15ª REGIÃO GABINETE DA VICE-PRESIDÊNCIA JUDICIAL - ANÁLISE DE RECURSO ROT 0010485-06.2023.5.15.0133 RECORRENTE: ORLANDO CARLOS HUMMEL JULIAN E OUTROS (1) RECORRIDO: ORLANDO CARLOS HUMMEL JULIAN E OUTROS (2) ROT 0010485-06.2023.5.15.0133 - 4ª Câmara Recorrente: Advogado(s): 1. ORLANDO CARLOS HUMMEL JULIAN ALEXANDRE ANTONIO CESAR (SP109043) THAIS OLIVEIRA PULICI (SP310768) Recorrido: BANCO DO BRASIL SA Recorrido: Advogado(s): BRUMAR DE MARILIA PORTARIA E LIMPEZA LTDA - ME ADINALDO APARECIDO DE OLIVEIRA (SP137939) Recorrido: LUIZ CARLOS GALAO Recorrido: Advogado(s): PACAEMBU CONSTRUTORA S.A. NATHALIA CAROLINE CORREIA GARCIA (SP338049) RECURSO DE: ORLANDO CARLOS HUMMEL JULIAN PRESSUPOSTOS EXTRÍNSECOS Recurso tempestivo (ciência da decisão em 13/03/2026 - Id 9c3a74b; recurso apresentado em 25/03/2026 - Id 3cf111f). Regular a representação processual. Desnecessário o preparo. PRESSUPOSTOS INTRÍNSECOS 1.1 DIREITO INDIVIDUAL DO TRABALHO (12936) / RESPONSABILIDADE SOLIDÁRIA/SUBSIDIÁRIA Quanto ao tema em destaque, o v. acórdão decidiu com amparo nos elementos fático-probatórios contidos nos autos, conforme trecho a seguir transcrito: ""(...) Com isso em mente, considerando que a segunda reclamada impugnou os pretensos esforços do reclamante a seu favor, considerando que as escalas indicam que o ator atuou apenas de modo extremamente esporádico pela recorrente (de meados de 2020 não notei quaisquer esforços inclusive), e considerando também que o reclamante nutre vínculo empregatício em tempo integral desde de março de 2020 com terceiro, concluo que o reclamante não envidou esforços pela recorrente (talvez cobrindo até 2020, apenas de modo extremamente pontual, algum colega alocado para a recorrente), motivo pelo qual dou provimento ao recurso da defesa para isentá-la da condenação que lhe fora imposta. Como decorrência das razões acima, há perda superveniente de interesse da recorrente sobre as demais matérias incursas em seu apelo, à exceção do tópico atinente à justiça gratuita e os honorários sucumbenciais, que serão apreciados mais à frente."" Conclusão diversa da adotada remeteria ao reexame de fatos e provas, procedimento vedado nesta fase processual, à luz da Súmula 126 do Eg. TST. Assim, na presente hipótese, a menção de violação a dispositivos do ordenamento jurídico e de divergência jurisprudencial não viabiliza o processamento do recurso. 2.1 DIREITO INDIVIDUAL DO TRABALHO (12936) / VERBAS REMUNERATÓRIAS, INDENIZATÓRIAS E BENEFÍCIOS (13831) / ADICIONAL (13833) / ADICIONAL DE PERICULOSIDADE Quanto ao tema em destaque, o v. acórdão decidiu com amparo nos elementos fático-probatórios contidos nos autos, conforme trecho a seguir transcrito: ""Eis as razões da Origem no aspecto: (...) Não restando comprovado que o autor tenha exercido as atividades típicas de vigilante descritas no art. 15, da Lei 7.102/83 e alterações, fica indeferido o pleito de periculosidade e reflexos, com fundamento na Lei 12.740/2012 (art. 193, II, da CLT). (...) O reclamante argui que (fl. 939) ""a testemunha do Reclamante, Sr. Antonio Rodrigues Rocca, que exerceu a mesma função junto às Reclamadas, foi categórica: ""o reclamante exercia a função de vigilante motorizado"" e ""todos lá tinham a mesma função"". Ainda a testemunha patronal, Sra. Nayara Roberta Costa Bena Sutecas, confirmou a realização de rondas de moto: ""Havia ronda de moto, feita 5 meses no final da obra, quando entra a parte de fiação"". Acrescentou que (fl. 939) ""apesar de ter reconhecido a confissão ficta da Primeira Reclamada (Brumar), a sentença desconsiderou a qualificação formal e material do cargo. A prova oral é robusta ao demonstrar que, independentemente da nomenclatura ou da posse de arma de fogo, o Reclamante exercia atividade de segurança patrimonial ativa, com rondas motorizadas, uso de cassetete e HT, evidenciando a natureza da função"". À análise. A matéria não é nova no âmbito deste e. Sodalício, motivo pelo qual peço veniapara transcrever as razões proferidas pelo Exmo. Desembargador ORLANDO AMANCIO TAVEIRA nos autos do processo n. 0010474-33.2023.5.15.0082, proveniente do mesmo Município e reclamadas inclusive, julgado à unanimidade aos 21/10/2025: (...) Muito embora o empregador, ainda que não se enquadre o objeto social como prestação de segurança, vigilância ou transporte, possa utilizar seus próprios empregados para a execução da atividade de vigilante, sem ter de recorrer às empresas terceirizadas, sujeita-se ao cumprimento do disposto pela Lei n. 7.102/83 e demais legislações pertinentes, inclusive quanto à fiscalização da Polícia Federal, em conformidade com o artigo 10, § 4º.O cotejo dos dispositivos legais em comento leva à conclusão de que somente o trabalhador com formação de vigilante e correspondente registro na Polícia Federal faz jus ao recebimento do adicional de periculosidade, desde que suas atividades envolvam a segurança pessoal ou patrimonial, nos termos da Lei. No caso dos autos, a atividade do reclamante na reclamada foi exercida de forma não ostensiva e sem a utilização de arma de fogo, o que implica considerar que seria acionada a força policial em caso de necessidade, o que, por si, já abranda os riscos advindos da função (...) Sobre a necessidade, ainda, do enquadramento legal na qualidade de vigilante para fins do adicional de periculosidade, cito decisão de minha relatoria, proferida nos autos do processo n. 0011132-10.2024.5.15.0151, julgado à unanimidade em 28/10/2025. Nego provimento, portanto."" Conclusão diversa da adotada remeteria ao reexame de fatos e provas, procedimento vedado nesta fase processual, à luz da Súmula 126 do Eg. TST. Assim, na presente hipótese, a menção de violação a dispositivos do ordenamento jurídico e de divergência jurisprudencial não viabiliza o processamento do recurso. CONCLUSÃO DENEGO seguimento ao recurso de revista. Publique-se e intimem-se. CAMPINAS/SP, 27 de julho de 2026 WILTON BORBA CANICOBA Desembargador Federal do Trabalho Gabinete da Vice-Presidência Judicial - Análise de Recurso (rcsa) CAMPINAS/SP, 30 de julho de 2026. GERALDO RODRIGUES DE LIMA JUNIOR AssessorIntimado(s) / Citado(s) - PACAEMBU CONSTRUTORA S.A."
1645330.0,03/08/2026,07/08/2026,,Laryssa Mazo Pintor de Lima Rodrigues,5293,Nathalia Garcia,2821,Verificar Despacho,Compromisso (Prazo),Concluído,0000023-62.2026.5.09.0129,471224,Hugo Mauricio Yamasaki,Trabalhista,Jurídico Trabalhista,,"Lary 03/08: Deferida a participação da testemunha da Pacaembu de forma telepresencial, porém indeferida a participação da adv. Já contratamos correspondente. Nada fazer. 

D J E N - TRT9
Disponibilização: sexta-feira, 31 de julho de 2026.
Arquivo: 1
Publicação: 12362

TRT9 Diário de Justiça Eletrônico Nacional

Intimação Processo: 0000023-62.2026.5.09.0129   Órgão: 08ª VARA DO TRABALHO DE LONDRINA  Data de disponibilização:   Tipo de comunicação: Intimação  Meio: Diário de Justiça Eletrônico Nacional   Parte(s):   HUGO MAURICIO YAMASAKI  PACAEMBU CONSTRUTORA S.A.   Advogado(s)   TIAGO VITORINO CARDOSO GOBBI  OAB PR-130849  NATHALIA CAROLINE CORREIA GARCIA  OAB SP-338049   PODER JUDICIÁRIO JUSTIÇA DO TRABALHO TRIBUNAL REGIONAL DO TRABALHO DA 9ª REGIÃO 08ª VARA DO TRABALHO DE LONDRINA ATOrd 0000023-62.2026.5.09.0129 AUTOR: HUGO MAURICIO YAMASAKI RÉU: PACAEMBU CONSTRUTORA S.A. INTIMAÇÃO Fica V. Sa. intimado para tomar ciência do Despacho ID a0afb02 proferido nos autos. CONCLUSÃO Nesta data, faço os presentes autos conclusos ao MM. Juiz do Trabalho desta Vara, em razão da petição id 8264136. Londrina, 30 de julho de 2026 Aline Michele Candido Abreu Técnico Judiciário DESPACHO Com relação ao requerimento das procuradoras da ré de para participação da audiência por meio telepresencial, indefiro. Considerando a complexidade da matéria discutida nos presentes autos, bem como as provas a serem produzidas em audiência, verifico que haverá maior eficiência e confiabilidade se forem colhidas em audiência presencial, sendo assim entendo que a realização da audiência presencial é mais adequada e justa ao caso concreto. Ainda, tendo em conta o Ofício Circular CGJT 13/2024, replicado no Ofício Circular 05/2024 de lavra do Exmo. Desembargador Corregedor do E. TRT 9ª Região, no sentido de afirmar ""a supremacia das audiências presenciais, como regra"". Ademais, tendo em vista decisão da Exma. Desembargadora do E. TRT 9ª Região, NAIR MARIA LUNARDELLI RAMOS, nos autos de Mandado de Segurança 0001269-29.2025.5.09.0000, no sentido de que: ""O fato a procuradora da Impetrante possui endereço em outro Estado, por si só, não autoriza a realização de audiência telepresencial, pois se trata de direito garantido à parte e não ao seu advogado. A eleição de advogado com endereço profissional distante da localidade da Vara em que tramita o processo decorreu de livre escolha da parte, que poderia ter se valido de procurado com escritório em Londrina ou região a fim de evitar problemas decorrentes da necessidade de deslocamento."". Da mesma forma a Exma. Desembargadora do E. TRT da Região, NAIR MARIA LUNARDELLI RAMOS, decidiu nos autos de Mandado de Segurança 0003536-71.2025.5.09.0000, que ""A contratação de advogado com endereço profissional distante da localidade da Vara em que tramita o processo decorreu de livre escolha da parte, que poderia ter se valido de procurador com escritório em Londrina ou região a fim de evitar problemas decorrentes da necessidade de deslocamento."". No que se refere à testemunha da ré, com residência fora da jurisdição de Londrina, já se encontra disponibilizado nos autos link para a audiência (id ecf64ae). Retire-se o sigilo do documento de id fc13423, pois não se observa hipótese legal autorizadora de manutenção do sigilo e/ou segredo de justiça inserido. Ciência às partes de que o acesso à Plataforma Zoom pelas testemunhas, para a realização da audiência virtual, será de responsabilidade das partes que arrolaram a testemunha, sendo que não haverá adiamento por impossibilidade de acesso. Ademais, ciência às partes que será vetado o acesso das demais partes (autor/reclamante, preposto, procuradores/advogados das partes e testemunhas com jurisdição na cidade de Londrina), na audiência de forma virtual, restando caracterizado como ausência. Autor/reclamante, preposto, procuradores/advogados das partes e testemunha(s), observadas as cominações da Ata de Audiência, deverão comparecer de forma presencial na audiência. Intimem-se. LONDRINA/PR, 30 de julho de 2026. DANIEL JOSE DE ALMEIDA PEREIRA Juiz Titular de Vara do TrabalhoIntimado(s) / Citado(s) - PACAEMBU CONSTRUTORA S.A."
1645329.0,03/08/2026,07/08/2026,,Laryssa Mazo Pintor de Lima Rodrigues,5293,Nathalia Garcia,2821,Verificar Despacho,Compromisso (Prazo),Concluído,0000882-42.2023.5.09.0660,440103,Ana Claudia Sansana de Moura,Trabalhista,Jurídico Trabalhista,,"Lary 03/08: Caso envolvendo COMER BEM. Pacaembu já foi excluida do polo passivo da ação. Nada fazer. Trata-se de intimação deferindo o sistema INFOJUD. 


D J E N - TRT9
Disponibilização: sexta-feira, 31 de julho de 2026.
Arquivo: 1
Publicação: 7789

TRT9 Diário de Justiça Eletrônico Nacional

Intimação Processo: 0000882-42.2023.5.09.0660   Órgão: 02ª VARA DO TRABALHO DE PONTA GROSSA  Data de disponibilização:   Tipo de comunicação: Intimação  Meio: Diário de Justiça Eletrônico Nacional   Parte(s):   ANA CLAUDIA SANSANA DE MOURA  GILMAR MARCONDES RIBAS  CARLOS EDUARDO MARGI   Advogado(s)   VINICIUS ALESSANDRO JUST SOARES  OAB PR-48603   PODER JUDICIÁRIO JUSTIÇA DO TRABALHO TRIBUNAL REGIONAL DO TRABALHO DA 9ª REGIÃO 02ª VARA DO TRABALHO DE PONTA GROSSA ATOrd 0000882-42.2023.5.09.0660 AUTOR: ANA CLAUDIA SANSANA DE MOURA RÉU: CARLOS EDUARDO MARGI INTIMAÇÃO Destinatário: ANA CLAUDIA SANSANA DE MOURA Fica Vossa Senhoria intimada para vistas do resultado da pesquisa feita pelo convênio INFOJUD, devendo manifestar-se quanto ao prosseguimento do feito no prazo de 30 (trinta) dias. Ficam os Advogados e Advogadas alertados quanto: 1) É proibida a reprodução ou divulgação do conteúdo de tais documentos a terceiros, devendo manter sigilo sobre todas as informações a que tiver acesso, especialmente para os efeitos da Lei Complementar nº 105/2001; 2) A utilização das informações obtidas em tais documentos exclusivamente para fins relacionados ao processo judicial em que se encontram juntados; 3) Deve ser atribuído sigilo no sistema PJe às petições que fizerem menção às informações sigilosas, competindo ao Juízo decidir sobre a liberação do acesso à petição às demais partes e interessados; 4) A responsabilidade pelos danos decorrentes de eventual violação ao dever de confidencialidade. PONTA GROSSA/PR, 30 de julho de 2026. MARIA FERNANDA AMARAL BALARINIIntimado(s) / Citado(s) - ANA CLAUDIA SANSANA DE MOURA"
1645328.0,03/08/2026,07/08/2026,,Laryssa Mazo Pintor de Lima Rodrigues,5293,Nathalia Garcia,2821,Verificar Despacho,Compromisso (Prazo),Concluído,0001335-10.2025.5.23.0003,469713,Elvis Luan Almeida Cardim,Trabalhista,Jurídico Trabalhista,,"Lary 05/08: Embargos de Declaração protocolados. Salvei na pasta e GED. 

Lary 03/08: Pacaembu condenada subsidiariamente ao pagamento de verbas rescisórias, art. 467 e 477 ambos da CLT, diante da inexistência de TRCT. Valor da condenação: 5k. Prazo para Embargos. Ajustar para dia; 05/08  / Fatal: 10/08


D J E N - TRT23
Disponibilização: sexta-feira, 31 de julho de 2026.
Arquivo: 1
Publicação: 919

TRT23 Diário de Justiça Eletrônico Nacional

Intimação Processo: 0001335-10.2025.5.23.0003   Órgão: 3ª VARA DO TRABALHO DE CUIABÁ  Data de disponibilização:   Tipo de comunicação: Intimação  Meio: Diário de Justiça Eletrônico Nacional   Parte(s):   ELVIS LUAN ALMEIDA CARDIM  MAIARA ALVES CARVALHO  PACAEMBU CONSTRUTORA S.A.   Advogado(s)   PAULA FERNANDA WINTER BUSS  OAB MS-25522  NATHALIA CAROLINE CORREIA GARCIA  OAB SP-338049   PODER JUDICIÁRIO JUSTIÇA DO TRABALHO PJE - PROCESSO JUDICIAL ELETRÔNICO - 23ª REGIÃO 3ª VARA DO TRABALHO DE CUIABÁ ATSum 0001335-10.2025.5.23.0003 RECLAMANTE: ELVIS LUAN ALMEIDA CARDIM RECLAMADO: MAIARA ALVES CARVALHO E OUTROS (1) INTIMAÇÃO Fica V. Sa. intimado para tomar ciência da Sentença ID 5d41377 proferida nos autos, cujo dispositivo consta a seguir: III – DISPOSITIVO Posto isso, nestes autos de ação trabalhista proposta por ELVIS LUAN ALMEIDA CARDIM em face de MAIARA ALVES CARVALHO e PACAEMBU CONSTRUTORA S.A., DECIDO, no mérito, julgar PROCEDENTES EM PARTES os pedidos, nos termos da fundamentação e com os comandos e diretrizes dela constantes, que integram o presente dispositivo para todos os efeitos legais, condenando a ré de forma direta e a 2ª ré de forma subsidiária, devendo ser pago ao autor, o que for apurado em liquidação a título de: a) saldo de salário; b) Férias proporcionais + 1/3; c) 13º salário proporcional + 1/3. f) Depósitos de FGTS; e) Multa do artigo 477 da CLT. f) Multa do artigo 467 da CLT; Condeno a 1ª ré a proceder a respectiva baixa na CTPS digital obreira, com a necessária comunicação ao E-Social, tudo no prazo de 5 (cinco) dias, após o trânsito em julgado, sob pena da Secretaria fazê-lo com a imposição de multa em favor do reclamante e ofício aos órgãos competentes. Indefiro os demais pedidos. Defiro o benefício da justiça gratuita a parte autora. Honorários advocatícios nos termos da fundamentação. Todos os valores serão apurados mediante liquidação por cálculos, com o acréscimo de correção monetária, na forma da lei, contada da época em que os créditos ora reconhecidos deveriam ter sido pagos à parte autora. Este Juízo reconhece como natureza indenizatória, não cabendo recolhimento previdenciário, as parcelas constantes nesta sentença que se enquadrem entre aquelas previstas no artigo 214, § 9º, do Decreto 3.048/99 e o FGTS mais 40%. Sobre os valores objeto de condenação incidem juros e correção monetária, na forma da lei, observando-se os critérios fixados na fundamentação. Recolhimentos fiscais e previdenciários, nos termos da fundamentação. Deverá ser observada a tabela do Setor de Cálculos do TRT da 23ª Região. Sentença publicada excepcionalmente de forma ilíquida. Após o trânsito em julgado proceda-se a regular liquidação por cálculos. Custas pela ré, no percentual legal de 2%, calculadas sobre o valor de R$ 5.000,00, arbitrados provisoriamente à condenação, nos termos do artigo 789, caput, da CLT. Ficam as partes expressamente advertidas de que a oposição de embargos declaratórios desvirtuados da sua finalidade, nos termos do artigo 897-A da CLT, com intuito meramente procrastinatório ou com escopo de rediscutir o mérito, acarretará a aplicação da multa, prevista no artigo 1026, §2º, do Código de Processo Civil. Intimem-se as partes. Observe-se a revelia da 1ª ré (art. 346 do NCPC). Nada mais. PABLO SALDIVAR DA SILVA Juiz(a) do Trabalho Substituto(a)Intimado(s) / Citado(s) - PACAEMBU CONSTRUTORA S.A."
1645295.0,03/08/2026,07/08/2026,,Laryssa Mazo Pintor de Lima Rodrigues,5293,Nathalia Garcia,2821,Verificar Despacho,Compromisso (Prazo),Concluído,1000005-53.2018.5.02.0079,182739,Valdir Oliveira,Trabalhista,Jurídico Trabalhista,,"Lary 03/08: Julgado procedentes os embargos de terceiros interpostos  por  ANTONIO  FERNANDES  DOMENICO  para  determinar  a  liberação  dapenhora/indisponibilidade havida sobre o imóvel de matrícula nº 112.373 do 7º CRI deSão Paulo/SP. O imóvel foi vendido pelo Sr. Osvaldo ao Sr. Antonio. Comuniquei a Dona Ana que está ciente da decisão. Nada fazer. 




Data de Disponibilização: 31/07/2026
Data de Publicação:03/08/2026
Jornal: Diário da Justiça do Estado de SÃO PAULO
Página: 00001 
Caderno: TRT2DJEN 
Local: DJEN - Diário de Justiça Eletrônico Nacional - TRT2  SAO PAULO
Vara: 79ª Vara do Trabalho de Sao Paulo  
Publicação:  Intimação


Notificação
PROCESSO: 1000005-53.2018.5.02.0079 - AcaO TRABALHISTA - RITO ORDINaRIO - || PODER JUDICIARIO JUSTICA DO TRABALHO TRIBUNAL REGIONAL DO TRABALHO DA 2ª REGIAO 79ª VARA DO TRABALHO DE SAO PAULO ATOrd 1000005-53.2018.5.02.0079 RECLAMANTE: VALDIR OLIVEIRA RECLAMADO: BEACH MIX COMERCIO DE CALCADOS E BOLSAS LTDA - ME E OUTROS (3) INTIMACAO Fica V. Sa. intimado para tomar ciencia do Despacho ID 78ca053 proferido nos autos. CONCLUSAO Nesta data, faco o feito concluso ao (a) MM (a) Juiz (a) da 79ª Vara do Trabalho de Sao Paulo/SP. SAO PAULO, data abaixo. VITOR TADEU FERREIRA DESPACHO Vistos. Tendo em vista que ha embargos de terceiro conclusos para julgamento (1000955-81.2026.5.02.0079), revejo a decisao de Id 0b1d498. Aguarde-se o julgamento dos embargos de terceiro. Apos, voltem conclusos para analise. SAO PAULO/SP, 30 de julho de 2026. ANNA KARENINA MENDES GOES Juiza do Trabalho Substituta Intimado (s) / Citado (s) - OSVALDO ELIDIO PIRES DIAS ||| POLO ATIVO: ADARVIR BARRERA DIAS POLO ATIVO: AFONSO PIRES DIAS FILHO POLO ATIVO: ALEX SANDRO DOMENICO POLO ATIVO: ANTONIO PIRES DIAS POLO ATIVO: DEOLINDA DELLA PASCHOA POLO ATIVO: DOMINGOS CARILLO POLO ATIVO: FATIMA MARIA VIEIRA PIRES DIAS POLO ATIVO: JOSE OLIMPIO DIAS MACEDO POLO ATIVO: LOURDES MARTINS DIAS POLO ATIVO: OSMAR PIRES DIAS POLO ATIVO: PALMYRA PIRES CARILLO POLO ATIVO: VALDIR OLIVEIRA POLO ATIVO: WILIAM DELLA PASCHOA POLO PASSIVO: BEACH MIX COMERCIO DE CALCADOS E BOLSAS LTDA - ME POLO PASSIVO: BEACH SHOES COMERCIO, IMPORTACAO, EXPORTACAO E FRANQUIA DE CALCADOS E BOLSAS EIRELI - EPP POLO PASSIVO: OSVALDO ELIDIO PIRES DIAS ADVOGADO: ALBERTO YEREVAN CHAMLIAN FILHO - OAB: 208323/SP ADVOGADO: ALEXANDRE CARLOS GIANCOLI FILHO - OAB: 206321/SP ADVOGADO: DIEGO AUGUSTO SILVA E OLIVEIRA - OAB: 210778/SP ADVOGADO: GABRIEL VIEIRA ALMEIDA MACHADO - OAB: 012113/AL ADVOGADO: LUCIANO SOUZA DE OLIVEIRA - OAB: 149211/SP ADVOGADO: VALERIA BRUSCINO - OAB: 177739/SP ADVOGADO: VIVIAN PATRICIA VILELA DOS SANTOS - OAB: 307195/SP Acesso ao documento: https://pje.trt2.jus.br/pjekz/validacao/26073011072551500000476685848?instancia=1Identificador do documento: 683871361"
1645294.0,03/08/2026,07/08/2026,,Laryssa Mazo Pintor de Lima Rodrigues,5293,Nathalia Garcia,2821,Verificar Despacho,Compromisso (Prazo),Concluído,1000005-53.2018.5.02.0079,182739,Valdir Oliveira,Trabalhista,Jurídico Trabalhista,,"Lary 03/08: Julgado procedentesos embargos de terceiros interpostos  por  ANTONIO  FERNANDES  DOMENICO  para  determinar  a  liberação  dapenhora/indisponibilidade havida sobre o imóvel de matrícula nº 112.373 do 7º CRI deSão Paulo/SP. O imóvel foi vendido pelo Sr. Osvaldo ao Sr. Antonio. Comuniquei a Dona Ana que está ciente da decisão. Nada fazer. 

Data de Disponibilização: 31/07/2026
Data de Publicação:03/08/2026
Jornal: Diário da Justiça do Estado de SÃO PAULO
Página: 00001 
Caderno: TRT2DJEN 
Local: DJEN - Diário de Justiça Eletrônico Nacional - TRT2  SAO PAULO
Vara: 79ª Vara do Trabalho de Sao Paulo  
Publicação:  Intimação


Notificação
PROCESSO: 1000005-53.2018.5.02.0079 - AcaO TRABALHISTA - RITO ORDINaRIO - || PODER JUDICIARIO JUSTICA DO TRABALHO TRIBUNAL REGIONAL DO TRABALHO DA 2ª REGIAO 79ª VARA DO TRABALHO DE SAO PAULO ATOrd 1000005-53.2018.5.02.0079 RECLAMANTE: VALDIR OLIVEIRA RECLAMADO: BEACH MIX COMERCIO DE CALCADOS E BOLSAS LTDA - ME E OUTROS (3) INTIMACAO Fica V. Sa. intimado para tomar ciencia do Despacho ID 78ca053 proferido nos autos. CONCLUSAO Nesta data, faco o feito concluso ao (a) MM (a) Juiz (a) da 79ª Vara do Trabalho de Sao Paulo/SP. SAO PAULO, data abaixo. VITOR TADEU FERREIRA DESPACHO Vistos. Tendo em vista que ha embargos de terceiro conclusos para julgamento (1000955-81.2026.5.02.0079), revejo a decisao de Id 0b1d498. Aguarde-se o julgamento dos embargos de terceiro. Apos, voltem conclusos para analise. SAO PAULO/SP, 30 de julho de 2026. ANNA KARENINA MENDES GOES Juiza do Trabalho Substituta Intimado (s) / Citado (s) - VALDIR OLIVEIRA ||| POLO ATIVO: ADARVIR BARRERA DIAS POLO ATIVO: AFONSO PIRES DIAS FILHO POLO ATIVO: ALEX SANDRO DOMENICO POLO ATIVO: ANTONIO PIRES DIAS POLO ATIVO: DEOLINDA DELLA PASCHOA POLO ATIVO: DOMINGOS CARILLO POLO ATIVO: FATIMA MARIA VIEIRA PIRES DIAS POLO ATIVO: JOSE OLIMPIO DIAS MACEDO POLO ATIVO: LOURDES MARTINS DIAS POLO ATIVO: OSMAR PIRES DIAS POLO ATIVO: PALMYRA PIRES CARILLO POLO ATIVO: VALDIR OLIVEIRA POLO ATIVO: WILIAM DELLA PASCHOA POLO PASSIVO: BEACH MIX COMERCIO DE CALCADOS E BOLSAS LTDA - ME POLO PASSIVO: BEACH SHOES COMERCIO, IMPORTACAO, EXPORTACAO E FRANQUIA DE CALCADOS E BOLSAS EIRELI - EPP POLO PASSIVO: OSVALDO ELIDIO PIRES DIAS ADVOGADO: ALBERTO YEREVAN CHAMLIAN FILHO - OAB: 208323/SP ADVOGADO: ALEXANDRE CARLOS GIANCOLI FILHO - OAB: 206321/SP ADVOGADO: DIEGO AUGUSTO SILVA E OLIVEIRA - OAB: 210778/SP ADVOGADO: GABRIEL VIEIRA ALMEIDA MACHADO - OAB: 012113/AL ADVOGADO: LUCIANO SOUZA DE OLIVEIRA - OAB: 149211/SP ADVOGADO: VALERIA BRUSCINO - OAB: 177739/SP ADVOGADO: VIVIAN PATRICIA VILELA DOS SANTOS - OAB: 307195/SP Acesso ao documento: https://pje.trt2.jus.br/pjekz/validacao/26073011072551500000476685848?instancia=1Identificador do documento: 683871344"
1645293.0,16/08/2026,17/08/2026,,Marina Luise Campana Perini,8560,Nathalia Garcia,2821,Contrarrazões de Apelação,Compromisso (Prazo),Concluído,1003021-68.2026.8.26.0482,472499,Diretor Chefe da Secretaria de Finanças de Presidente Prudente,Cível,Serur Advogados,,Minuta protocolada em 17.08.2026.
1645292.0,03/08/2026,04/08/2026,,Marina Luise Campana Perini,8560,Nathalia Garcia,2821,Manifestação - Imóvel Comercializado,Compromisso (Prazo),Concluído,1040318-26.2023.8.26.0576,424130,Lidiane Roberta da Silva Maciel,Cível,Bruno - Escritório RST&A,,Protocolo realizado em 04.08
1645264.0,18/08/2026,19/08/2026,,Marina Luise Campana Perini,8560,Nathalia Garcia,2821,Pagamento Honorários Periciais,Compromisso (Prazo),Concluído,4007580-26.2026.8.26.0576,471577,Mateus Aparecido Marcal Pereira,Cível,Thaia - Escritório RST&A,,MInuta protocolada em 19.08.2026.
1645260.0,16/08/2026,17/08/2026,,Marina Luise Campana Perini,8560,Nathalia Garcia,2821,Perícia,Compromisso (Prazo),Concluído,4009864-28.2025.8.26.0451,469386,Jeremias de Jesus Nascimento,Cível,Bruno - Escritório RST&A,,Perícia realizada
1645223.0,07/08/2026,10/08/2026,,Lawrencce Van Hornn Liberatori da Silva,9293,Nathalia Garcia,2821,Julgamento,Compromisso (Prazo),Concluído,1024842-27.2024.8.26.0506,450185,Aline Aparecida dos Santos,Cível,Thaia - Escritório RST&A,,Eds rejeitados
1645222.0,04/08/2026,05/08/2026,,Lawrencce Van Hornn Liberatori da Silva,9293,Nathalia Garcia,2821,Julgamento,Compromisso (Prazo),Concluído,4002485-06.2026.8.26.0482,471255,Fabiano Alves da Silva,Cível,Thaia - Escritório RST&A,,Julgado Agravo de Instrumento em 05.08.2026 - Negado provimento
1645221.0,03/08/2026,04/08/2026,,Marina Luise Campana Perini,8560,Nathalia Garcia,2821,Julgamento,Compromisso (Prazo),Concluído,1007604-05.2025.8.26.0071,463833,Marlos Mendes Pimenta,Cível,Thaia - Escritório RST&A,,Julgado em 05.08 - Negado provimento à apelação do adverso
1645220.0,03/08/2026,04/08/2026,,Amanda Carvalho Martins,9353,Nathalia Garcia,2821,Julgamento,Compromisso (Prazo),Concluído,4011635-54.2025.8.26.0576,469874,Aryell Matos de Amorim,Cível,Thaia - Escritório RST&A,,Julgado em 05.08 - Negado provimento ao recurso de apelação do adverso
1645219.0,06/08/2026,07/08/2026,,Amanda Carvalho Martins,9353,Nathalia Garcia,2821,Pedido de Esclarecimentos,Compromisso (Prazo),Concluído,1037662-28.2025.8.26.0576,472178,Selma Efigênia Ramalho,Cível,Thaia - Escritório RST&A,,Protocolo realizado em 07.08
1645217.0,06/08/2026,07/08/2026,,Marina Luise Campana Perini,8560,Nathalia Garcia,2821,Embargos de declaração,Compromisso (Prazo),Concluído,4008185-42.2026.8.26.0100,470601,Paiva & Rodrigues Construtora Ltda,Cível,Thaia - Escritório RST&A,,Protocolo realizado em 07.08
1645215.0,06/08/2026,07/08/2026,,Lawrencce Van Hornn Liberatori da Silva,9293,Nathalia Garcia,2821,Embargos de declaração,Compromisso (Prazo),Concluído,1047885-74.2024.8.26.0576,456718,Adrielle Souza Paschoalino Amorim,Cível,Thaia - Escritório RST&A,,Protocolo realizado em 07.08
1645213.0,06/08/2026,07/08/2026,,Amanda Carvalho Martins,9353,Nathalia Garcia,2821,Especificação de Provas,Compromisso (Prazo),Concluído,0000053-14.2026.8.16.0045,472132,Heloisa do Nascimento de Sales,Cível,Thaia - Escritório RST&A,,Protocolo realizado em 07.08
1645212.0,06/08/2026,07/08/2026,,Amanda Carvalho Martins,9353,Nathalia Garcia,2821,Especificação de Provas,Compromisso (Prazo),Concluído,0002611-56.2026.8.16.0045,472390,Ana Livia Tiburcio de Moraes,Cível,Thaia - Escritório RST&A,,Protocolo realizado em 07.08
1645211.0,06/08/2026,07/08/2026,,Marina Luise Campana Perini,8560,Nathalia Garcia,2821,Contrarrazões de Apelação,Compromisso (Prazo),Concluído,1000761-61.2025.8.26.0576,461995,Lana Caroline Camargo,Cível,Thaia - Escritório RST&A,,Protocolo realizado em 07.08
1645208.0,06/08/2026,07/08/2026,,Marina Luise Campana Perini,8560,Nathalia Garcia,2821,Contrarrazões de Apelação,Compromisso (Prazo),Concluído,1051894-79.2024.8.26.0576,459450,Rose Vitoria dos Santos Liebana,Cível,Thaia - Escritório RST&A,,Protocolo realizado em 07.08
1645207.0,06/08/2026,07/08/2026,,Marina Luise Campana Perini,8560,Nathalia Garcia,2821,Agravo de Instrumento,Compromisso (Prazo),Concluído,4010197-77.2025.8.26.0451,469548,Wenderson Alessandro Abel dos Santos,Cível,Thaia - Escritório RST&A,,Protocolo realizado em 07.08
1645206.0,06/08/2026,07/08/2026,,Marina Luise Campana Perini,8560,Nathalia Garcia,2821,Regularização da Representação,Compromisso (Prazo),Concluído,1014124-05.2025.8.26.0451,472403,Otavio Jose Pereira,Cível,Thaia - Escritório RST&A,,Protocolo realizado em 07.08
1645204.0,06/08/2026,07/08/2026,,Marina Luise Campana Perini,8560,Nathalia Garcia,2821,Manifestação Documentos,Compromisso (Prazo),Concluído,1002913-02.2025.8.26.0344,463169,Francieli Feltri Limão,Cível,Thaia - Escritório RST&A,,Protocolo realizado em 07.08
1645203.0,05/08/2026,06/08/2026,,Amanda Carvalho Martins,9353,Nathalia Garcia,2821,Quesitos e assistente técnico,Compromisso (Prazo),Concluído,4012133-53.2025.8.26.0576,470217,Elcio Norberto de Souza,Cível,Thaia - Escritório RST&A,,Protocolo realizado em 06.08
1645202.0,05/08/2026,06/08/2026,,Lawrencce Van Hornn Liberatori da Silva,9293,Nathalia Garcia,2821,Quesitos e assistente técnico,Compromisso (Prazo),Concluído,4002621-48.2026.8.26.0079,472420,Fernanda Cristina da Silva Galhardo,Cível,Thaia - Escritório RST&A,,Protocolo realizado em 05.08
1645201.0,05/08/2026,06/08/2026,,Lawrencce Van Hornn Liberatori da Silva,9293,Nathalia Garcia,2821,Agravo de Instrumento,Compromisso (Prazo),Concluído,4002621-48.2026.8.26.0079,472420,Fernanda Cristina da Silva Galhardo,Cível,Thaia - Escritório RST&A,,Protocolo realizado em 06.08
1645199.0,04/08/2026,05/08/2026,,Marina Luise Campana Perini,8560,Nathalia Garcia,2821,Pedido de Esclarecimentos,Compromisso (Prazo),Concluído,4007580-26.2026.8.26.0576,471577,Mateus Aparecido Marcal Pereira,Cível,Thaia - Escritório RST&A,,Dispensado
1645197.0,04/08/2026,05/08/2026,,Lawrencce Van Hornn Liberatori da Silva,9293,Nathalia Garcia,2821,Pedido de Esclarecimentos,Compromisso (Prazo),Concluído,4000505-90.2026.8.26.0072,471300,Nadia Lucia Ribeiro,Cível,Thaia - Escritório RST&A,,Dispensado pelo encarregado em 05.08
1645196.0,04/08/2026,05/08/2026,,Lawrencce Van Hornn Liberatori da Silva,9293,Nathalia Garcia,2821,Pagamento Honorários Periciais,Compromisso (Prazo),Concluído,4002621-48.2026.8.26.0079,472420,Fernanda Cristina da Silva Galhardo,Cível,Thaia - Escritório RST&A,,Protocolo realizado em 05.08
1645194.0,11/08/2026,12/08/2026,,Amanda Carvalho Martins,9353,Nathalia Garcia,2821,Manifestação informações audiência,Compromisso (Prazo),Concluído,4001669-33.2026.8.26.0576,471001,Driele Regina da Silva,Cível,Thaia - Escritório RST&A,,Carta de preposição enviada
1645193.0,03/08/2026,04/08/2026,,Marina Luise Campana Perini,8560,Nathalia Garcia,2821,Especificação de Provas,Compromisso (Prazo),Concluído,4006952-24.2026.8.26.0451,472751,Ana Carolina Alves Silva,Cível,Thaia - Escritório RST&A,,Protocolo realizado em 04.08
1645187.0,05/08/2026,06/08/2026,,Lawrencce Van Hornn Liberatori da Silva,9293,Nathalia Garcia,2821,Impugnação aos honorários,Compromisso (Prazo),Concluído,0026653-87.2025.8.16.0019,472296,Leandro Carneiro de Souza,Cível,Bruno - Escritório RST&A,,Protocolo realizado em 04.08
1645186.0,14/09/2026,15/09/2026,,Laryssa Mazo Pintor de Lima Rodrigues,5293,Nathalia Garcia,2821,Audiência Una,Compromisso (Audiência),Não iniciado,0000091-93.2026.5.08.0111,471637,Benigno Reis de Oliveira,Trabalhista,Jurídico Trabalhista,,"Telepresencial

João 31/07/2026: Determinada a citação da 1ª Reclamada Paiva por edital"
1645182.0,22/09/2026,23/09/2026,,Amanda Carvalho Martins,9353,Nathalia Garcia,2821,Perícia,Compromisso (Prazo),Não iniciado,0014460-59.2025.8.16.0045,469871,Leonardo dos Santos Dantas,Cível,Bruno - Escritório RST&A,,Perícia designada para o dia 23.09.2026 às 14h00
1645181.0,01/09/2026,02/09/2026,,Marina Luise Campana Perini,8560,Nathalia Garcia,2821,Perícia,Compromisso (Prazo),Não iniciado,1051884-35.2024.8.26.0576,459441,Lauane Ferreira Garcia,Cível,Thaia - Escritório RST&A,,Perícia designada para o dia 02.09.2026 às 13h00 AT ANA MARIA
1645164.0,16/09/2026,17/09/2026,,Amanda Carvalho Martins,9353,Nathalia Garcia,2821,Audiência de Conciliação,Compromisso (Prazo),Não iniciado,4001669-33.2026.8.26.0576,471001,Driele Regina da Silva,Cível,Thaia - Escritório RST&A,,Audiência de Conciliação designada para o dia 17.09.2026 às 14h30
1645072.0,12/08/2026,13/08/2026,,Amanda Carvalho Martins,9353,Nathalia Garcia,2821,Especificação de Provas,Compromisso (Prazo),Concluído,0004316-26.2025.8.16.0045,470486,Benoval da Silva Pereira,Cível,Bruno - Escritório RST&A,,Minuta protocolada em 13.08.2026.
1645071.0,12/08/2026,13/08/2026,,Amanda Carvalho Martins,9353,Nathalia Garcia,2821,Questões de fato e direito,Compromisso (Prazo),Concluído,0004316-26.2025.8.16.0045,470486,Benoval da Silva Pereira,Cível,Bruno - Escritório RST&A,,Minuta protocolada em 13.08.2026.
1645066.0,20/08/2026,21/08/2026,,Amanda Carvalho Martins,9353,Nathalia Garcia,2821,Agravo de Instrumento (rateio),Compromisso (Prazo),Concluído,0014198-12.2025.8.16.0045,471177,Ademilson Sales da Costa,Cível,Bruno - Escritório RST&A,,Não se aplica. Foram opostos EDs
1645065.0,20/08/2026,21/08/2026,,Amanda Carvalho Martins,9353,Nathalia Garcia,2821,Quesitos e assistente técnico,Compromisso (Prazo),Concluído,0014198-12.2025.8.16.0045,471177,Ademilson Sales da Costa,Cível,Bruno - Escritório RST&A,,Minuta protocolada em 21.08.2026.
1645064.0,06/08/2026,07/08/2026,,Amanda Carvalho Martins,9353,Nathalia Garcia,2821,Embargos de declaração (rateio),Compromisso (Prazo),Concluído,0014198-12.2025.8.16.0045,471177,Ademilson Sales da Costa,Cível,Bruno - Escritório RST&A,,Protocolo realizado em 07.08
1645062.0,20/08/2026,21/08/2026,,Lawrencce Van Hornn Liberatori da Silva,9293,Nathalia Garcia,2821,Alegações finais,Compromisso (Prazo),Concluído,0012612-71.2024.8.16.0045,461602,Medellyn Sabrina Machado,Cível,Bruno - Escritório RST&A,,Minuta protocolada em 21.08.2026.
1645012.0,04/08/2026,05/08/2026,,Marina Luise Campana Perini,8560,Nathalia Garcia,2821,Embargos de declaração,Compromisso (Prazo),Concluído,0004626-09.2024.8.26.0071,409778,Matheus Henrique Goncalves,Cível,Bruno - Escritório RST&A,,Protocolo realizado em 05.08
1644993.0,04/08/2026,05/08/2026,,Marina Luise Campana Perini,8560,Nathalia Garcia,2821,Manifestação,Compromisso (Prazo),Concluído,1005066-38.2025.8.26.0625,463799,Prefeitura Municipal de Taubaté,Tributário,Serur Advogados,,Protocolo realizado em 05.08
1644977.0,25/08/2026,25/08/2026,,Marina Luise Campana Perini,8560,Nathalia Garcia,2821,Acompanhar,Compromisso (Acompanhar),Cancelado,4005519-95.2026.8.26.0576,471582,Rafael Fabrega Rodrigues,Cível,Bruno - Escritório RST&A,,Acompanhar arquivamento.
1644943.0,07/08/2026,10/08/2026,,Amanda Carvalho Martins,9353,Nathalia Garcia,2821,Envio da Contranotificação,Compromisso (Prazo),Concluído,0221-26,473742,Florisvaldo da Silva Pereira,,Jurídico Notificação,,Contranotificação protocolada em 11.08.2026.
1644941.0,05/08/2026,06/08/2026,,Amanda Carvalho Martins,9353,Nathalia Garcia,2821,Envio da Contranotificação,Compromisso (Prazo),Concluído,0220-26,473741,Ryan Yarllen Eufrasio,,Jurídico Notificação,,Protocolo realizado em 06.08
1644771.0,13/08/2026,14/08/2026,,Laryssa Mazo Pintor de Lima Rodrigues,5293,Laryssa Mazo Pintor de Lima Rodrigues,5293,Julgamento,Compromisso (Prazo),Concluído,1001268-44.2025.5.02.0025,464677,Juliana Cattinne Fernandes,,Escritório Tozzini,,"Lary 14/08: Minuta de acordo protocolado. Salvei na pasta e GED. 

Lary 13/08: Julgamento será amanhã, 14/08 - Ajustar. 

Julgamento agendado para dia 14/08 - sem horário."
1644770.0,04/08/2026,12/08/2026,,Laryssa Mazo Pintor de Lima Rodrigues,5293,Laryssa Mazo Pintor de Lima Rodrigues,5293,Razões Finais,Compromisso (Prazo),Concluído,1001268-44.2025.5.02.0025,464677,Juliana Cattinne Fernandes,,Escritório Tozzini,,"Lary 12/08: RF protocolada. Salvei na pasta e GED. 

Lary 11/08: RF revisada e enviada para Nath. Ajustar para dia 12/08. Fatal. 

Lary 04/08: Tozzini informou que enviará as RF dia 10/08. Ajustar. Fatal: 12/08.

Prazo de Razões Finais até 12/08 - Caso está com o Tozzini acompanhar."
1644768.0,03/08/2026,04/08/2026,,Laryssa Mazo Pintor de Lima Rodrigues,5293,Laryssa Mazo Pintor de Lima Rodrigues,5293,Prazo,Compromisso (Prazo),Concluído,1001268-44.2025.5.02.0025,464677,Juliana Cattinne Fernandes,,Escritório Tozzini,,"Lary 03/08: Manifestação protocolada. Salvei na pasta e GED. 

Lary 03/08: Manifestação liberada para protocolo. Acompanhar. 

Prazo para juntada do convite da testemunha Robson - 5 dias."
1644738.0,26/10/2026,27/10/2026,,Marina Luise Campana Perini,8560,Nathalia Garcia,2821,Contestação,Compromisso (Prazo),Não iniciado,1003064-97.2026.8.13.0342,473515,Caroline Costa Lopes,Cível,Thaia - Escritório RST&A,,Pendente - aguardando minuta
1644735.0,06/08/2026,07/08/2026,,Marina Luise Campana Perini,8560,Nathalia Garcia,2821,Prazo,Compromisso (Prazo),Concluído,2025/001369,465717,CRECI - Conselho Regional de Corretores de Imóveis - 2ª Região,Cível Administrativo,Jurídico Interno Cível,,Audiência em 07.08.2026
1644725.0,05/08/2026,06/08/2026,,Laryssa Mazo Pintor de Lima Rodrigues,5293,Nathalia Garcia,2821,Audiência Inicial,Compromisso (Audiência),Concluído,0011142-22.2026.5.15.0042,473322,Fabio Fernando Martins Alves,Trabalhista,Jurídico Trabalhista,,"Lary 06/08: Ata de Audiencia enviada. Acordo realizado entre o reclamante e a 1ª Reclamada Auca com suspensão do processo em relação à Pacaembu. Nada fazer.

Lary 05/08: Audiência será amanhã. Preposto ciente. Ajustar dia 06/08. 

Telepresencial"
1644717.0,04/08/2026,05/08/2026,,Laryssa Mazo Pintor de Lima Rodrigues,5293,Nathalia Garcia,2821,Audiência Una,Compromisso (Audiência),Concluído,0012037-20.2025.5.15.0041,468875,Silvestre Roberto Ramos Cotrim,,Jurídico Trabalhista,,"Lary 05/08: Acordo realizado pela 1ª Reclamada. Processo suspenso em relação a Pacaembu. Ata enviada. Nada fazer. 

Lary 04/08: Audiência será amanhã, 05/08 - ajustar. Preposta já ciente. 

Telepresencial"
1644713.0,03/08/2026,04/08/2026,,Marina Luise Campana Perini,8560,Nathalia Garcia,2821,Oposição ao julgamento virtual,Compromisso (Prazo),Concluído,1001513-87.2025.8.26.0073,463655,Prefeitura Municipal de Avaré,Tributário,Jurídico Interno Cível,,Dispensado pelo encarregado em 04.08.2026 - Optou pelo despacho
1644701.0,30/09/2026,01/10/2026,,Laryssa Mazo Pintor de Lima Rodrigues,5293,Nathalia Garcia,2821,Audiência de Instrução,Compromisso (Audiência),Não iniciado,0000537-15.2026.5.23.0003,472757,Flavio Santos da Purificação,Trabalhista,Jurídico Trabalhista,,Presencial
1644652.0,05/08/2026,06/08/2026,,Amanda Carvalho Martins,9353,Nathalia Garcia,2821,Envio da Contranotificação,Compromisso (Prazo),Concluído,0215-26,473697,Marcones Santos Barros,,Jurídico Notificação,,Protocolo realizado em 06.08
1644642.0,01/09/2026,04/09/2026,,Laryssa Mazo Pintor de Lima Rodrigues,5293,Nathalia Garcia,2821,Defesa e documentos,Compromisso (Prazo),Concluído,0001042-78.2026.5.23.0076,473695,Sebastião Dias Ferreira,Trabalhista,Jurídico Trabalhista,,Lary 18/08: Defesa e documentos protocolados. Salvei na pasta e GED
1644640.0,07/09/2026,08/09/2026,,Laryssa Mazo Pintor de Lima Rodrigues,5293,Nathalia Garcia,2821,Audiência Inicial,Compromisso (Audiência),Não iniciado,0001042-78.2026.5.23.0076,473695,Sebastião Dias Ferreira,Trabalhista,Jurídico Trabalhista,,Telepresencial
1644575.0,20/08/2026,21/08/2026,,Amanda Carvalho Martins,9353,Nathalia Garcia,2821,Audiência de Conciliação e Instrução,Compromisso (Prazo),Concluído,0197-26,473183,Sonia Lucia Lemes Pereira,,Jurídico Notificação,,Audiência realizada
1644399.0,07/08/2026,10/08/2026,,Marina Luise Campana Perini,8560,Nathalia Garcia,2821,Julgamento,Compromisso (Prazo),Concluído,1001513-87.2025.8.26.0073,463655,Prefeitura Municipal de Avaré,Tributário,Jurídico Interno Cível,,Eds rejeitados
1644326.0,28/08/2026,31/08/2026,,Amanda Carvalho Martins,9353,Nathalia Garcia,2821,Julgamento,Compromisso (Prazo),Não iniciado,0013387-52.2025.8.16.0045,469453,Karla Patricia Romero Bermudez,Cível,Bruno - Escritório RST&A,,Julgamento: 31.08.2026
1644302.0,17/08/2026,18/08/2026,,Amanda Carvalho Martins,9353,Nathalia Garcia,2821,Contestação,Compromisso (Prazo),Concluído,0009606-85.2026.8.16.0045,473659,José Osmario Leite,Cível,Bruno - Escritório RST&A,,Minuta protocolada em 18.08.2026.
1644287.0,17/08/2026,18/08/2026,,Amanda Carvalho Martins,9353,Nathalia Garcia,2821,Contestação,Compromisso (Prazo),Concluído,0009666-58.2026.8.16.0045,473658,Taymara Cristina de Sousa Pereira,Cível,Bruno - Escritório RST&A,,Minuta protocolada em 18.08.2026
1644257.0,04/08/2026,05/08/2026,,Lawrencce Van Hornn Liberatori da Silva,9293,Nathalia Garcia,2821,Documentação Complementar,Compromisso (Prazo),Concluído,5000192-58.2021.4.03.6314,413669,Silvia de Sant Anna,Cível,Bruno - Escritório RST&A,,Protocolo realizado em 05.08
1644256.0,14/08/2026,17/08/2026,,Lawrencce Van Hornn Liberatori da Silva,9293,Nathalia Garcia,2821,Réplica à impugnação do Município,Compromisso (Prazo),Concluído,1504061-84.2021.8.26.0132,304076,Prefeitura do Município de Catanduva,Cível,Serur Advogados,,Minuta protocolada em 17.08.2026.
1644251.0,17/08/2026,18/08/2026,,Amanda Carvalho Martins,9353,Nathalia Garcia,2821,Contestação,Compromisso (Prazo),Concluído,0009505-48.2026.8.16.0045,473655,Marta Amorim da Silva,Cível,Bruno - Escritório RST&A,,Minuta protocolada em 18.08.2026
1644023.0,03/08/2026,04/08/2026,,Marina Luise Campana Perini,8560,Nathalia Garcia,2821,Embargos de declaração,Compromisso (Prazo),Cancelado,1006528-33.2025.8.26.0624,470267,Prefeitura Municipal de Tatui,Tributário,Jurídico Interno Cível,,Dispensado pelo encarregado em 04.08 - Sentença totalmente favorável
1643997.0,25/08/2026,25/08/2026,,Laryssa Mazo Pintor de Lima Rodrigues,5293,Nathalia Garcia,2821,Verificar Despacho,Compromisso (Prazo),Em andamento,,,,,,,"Ajustado para dia 25/08/2026

Lary 18/08: Inscrição suplementar realizada. Acompanhar para programar o pagamento da anuidade. Ajustar para dia 21/08

14/08: Pedi para a Joyce dar entrada no requerimento para adiantarmos o pagamrnto. Ajustar para dia 17/08. Retorno

Lary 03/08: Joyce está emitindo as certidões solicitadas para OAB Suplementar. Ajustar para dia 04/08 cobrar retorno. Fatal: 18/08


Lary 28/07: Ajustar para dia 29/07 - verificar. 

DEOAB
Disponibilização: segunda-feira, 27 de julho de 2026.
Arquivo: 55
Publicação: 20

CONSELHO SECCIONAL - PIAUÍ - TESOURARIA

NOTIFICAÇÃO NOTIFICAÇÃO ? GABINETE DO DIRETOR TESOUREIRO  O Diretor-Tesoureiro, Rafael Neiva Nunes do Rego, amparado pela Resolução nº 19 de 28 de agosto de 2025, notifica a parte interessada abaixo para regularizar sua inscrição suplementar no prazo de 15 dias. Disponibilizamos o endereço eletrônico https://rui.adv.br/ para conferir mais informações, contatos (86)2107-5803, (86) 2107-5838, (86) 2107-5827 e e-mail: tesouraria@oabpiaui.org.br para dirimir eventuais dúvidas.   Indicamos o link do Sistema de Gestão Documental (SGD) para cadastramento no peticionamento eletrônico, a fim de juntar os esclarecimentos devidos.   https://peticionamento.oab.org.br/cadastrar   Para acessar o peticionamento   https://peticionamento.oab.org.br/  Processo: 18.0000.2026.007563-0, Representante: OAB/PI DE OFÍCIO. Representado(s): N. C. C. G.? OAB/SP 338049).   Teresina, 24 de julho de 2026.   Rafael Neiva Nunes do Rego   Diretor-Tesoureiro da OAB/PI"
1643969.0,30/09/2026,06/10/2026,,Laryssa Mazo Pintor de Lima Rodrigues,5293,Nathalia Garcia,2821,Defesa e documentos,Compromisso (Prazo),Não iniciado,0011189-54.2026.5.15.0055,473640,Rodrigo Teixeira de Oliveira,Trabalhista,Jurídico Trabalhista,,
1643968.0,06/10/2026,07/10/2026,,Laryssa Mazo Pintor de Lima Rodrigues,5293,Nathalia Garcia,2821,Audiência Inicial,Compromisso (Audiência),Não iniciado,0011189-54.2026.5.15.0055,473640,Rodrigo Teixeira de Oliveira,Trabalhista,Jurídico Trabalhista,,Telepresencial.
1643913.0,13/08/2026,13/08/2026,,Amanda Carvalho Martins,9353,Nathalia Garcia,2821,Pagamento Honorários Periciais,Compromisso (Prazo),Concluído,0016640-48.2025.8.16.0045,471143,Evanete Rossi,Cível,Bruno - Escritório RST&A,,Protocolo realizado em 13.08.2026.
1643900.0,13/08/2026,13/08/2026,,Amanda Carvalho Martins,9353,Nathalia Garcia,2821,Pagamento Honorários Periciais,Compromisso (Prazo),Concluído,0000086-04.2026.8.16.0045,471136,Nalanda Suellem Oliveira da Silva,Cível,Bruno - Escritório RST&A,,Minuta protocolada em 12.08.2026
1643819.0,11/08/2026,11/08/2026,,Lawrencce Van Hornn Liberatori da Silva,9293,Nathalia Garcia,2821,Perícia,Compromisso (Prazo),Concluído,0010990-54.2024.8.16.0045,461935,Andreia Maringonda,Cível,Bruno - Escritório RST&A,,Perícia realizada.
1643609.0,01/09/2026,01/09/2026,,Amanda Carvalho Martins,9353,Nathalia Garcia,2821,Acompanhar Carta de Citação,Compromisso (Acompanhar),Não iniciado,0009100-12.2026.8.16.0045,473628,Reinaldo de Souza Teixeira,Cível,Bruno - Escritório RST&A,,Acompanhar Carta de Citação
1643606.0,02/09/2026,02/09/2026,,Amanda Carvalho Martins,9353,Nathalia Garcia,2821,Acompanhar Carta de Citação,Compromisso (Acompanhar),Não iniciado,0009196-27.2026.8.16.0045,473626,Claudinei Aparecido Trensoli,Cível,Bruno - Escritório RST&A,,Acompanhar Carta de Citação
1643604.0,10/09/2026,17/09/2026,,Laryssa Mazo Pintor de Lima Rodrigues,5293,Nathalia Garcia,2821,Defesa e documentos,Compromisso (Prazo),Finalizado pelo Encarregado(a),0000621-08.2026.5.23.0038,473624,Lucas Cristiano Alves dos Santos,Trabalhista,Jurídico Trabalhista,,Lary 27/08: Defesa e documentos protocolados. Salvei na pasta e GED.
1643603.0,03/11/2026,04/11/2026,,Laryssa Mazo Pintor de Lima Rodrigues,5293,Nathalia Garcia,2821,Audiência Una,Compromisso (Audiência),Concluído,0000621-08.2026.5.23.0038,473624,Lucas Cristiano Alves dos Santos,Trabalhista,Jurídico Trabalhista,,João 14/08: Audiência cancelada
1643525.0,27/08/2026,28/07/2026,,Marina Luise Campana Perini,8560,Nathalia Garcia,2821,Especificação de Provas,Compromisso (Prazo),Concluído,1010068-26.2025.8.26.0451,465673,Guilherme de Moraes Alexandre,Cível,Bruno - Escritório RST&A,,Protocolo realizado em 28.07
1643475.0,18/09/2026,19/09/2026,,Amanda Carvalho Martins,9353,Nathalia Garcia,2821,Perícia,Compromisso (Prazo),Não iniciado,0004101-50.2025.8.16.0045,463679,Claudemir Maria Trevisan,Cível,Bruno - Escritório RST&A,,
1643435.0,17/11/2026,23/11/2026,,Laryssa Mazo Pintor de Lima Rodrigues,5293,Nathalia Garcia,2821,Impugnação ao Laudo Pericial,Compromisso (Prazo),Não iniciado,0012806-94.2025.5.15.0116,470264,Celso Soares de Lima,Trabalhista,Jurídico Trabalhista,,
1643434.0,28/10/2026,03/11/2026,,Laryssa Mazo Pintor de Lima Rodrigues,5293,Nathalia Garcia,2821,Acompanhar juntada Laudo Pericial,Compromisso (Prazo),Não iniciado,0012806-94.2025.5.15.0116,470264,Celso Soares de Lima,Trabalhista,Jurídico Trabalhista,,
1643433.0,04/08/2026,06/08/2026,,Laryssa Mazo Pintor de Lima Rodrigues,5293,Nathalia Garcia,2821,Quesitos e assistente técnico,Compromisso (Prazo),Concluído,0012806-94.2025.5.15.0116,470264,Celso Soares de Lima,Trabalhista,Jurídico Trabalhista,,Lary 04/08: Quesitos protocolados. Salvei na pasta e GED.
1643432.0,21/08/2026,26/08/2026,,Laryssa Mazo Pintor de Lima Rodrigues,5293,Nathalia Garcia,2821,Perícia Indireta,Compromisso (Prazo),Finalizado pelo Encarregado(a),0012806-94.2025.5.15.0116,470264,Celso Soares de Lima,Trabalhista,Jurídico Trabalhista,,"Lary 26/08: Pericia realizada. Nada fazer. 

Pericia indireta nos autos."
1643265.0,16/08/2026,17/08/2026,,Marina Luise Campana Perini,8560,Nathalia Garcia,2821,Perícia,Compromisso (Prazo),Concluído,4010197-77.2025.8.26.0451,469548,Wenderson Alessandro Abel dos Santos,Cível,Thaia - Escritório RST&A,,Perícia realizada
1643263.0,01/09/2026,01/09/2026,,Amanda Carvalho Martins,9353,Nathalia Garcia,2821,Acompanhar Carta de Citação,Compromisso (Acompanhar),Não iniciado,0009090-65.2026.8.16.0045,473591,Adriele de Oliveira Vidal Santos,Cível,Bruno - Escritório RST&A,,Acompanhar Carta de Citação
1643261.0,02/09/2026,02/09/2026,,Amanda Carvalho Martins,9353,Nathalia Garcia,2821,Acompanhar Carta de Citação,Compromisso (Acompanhar),Não iniciado,0009095-87.2026.8.16.0045,473590,Francisco Aparecida da Silva,Cível,Bruno - Escritório RST&A,,Acompanhar Carta de Citação
1643170.0,03/08/2026,04/08/2026,,Lawrencce Van Hornn Liberatori da Silva,9293,Nathalia Garcia,2821,Contrarrazões de Apelação,Compromisso (Prazo),Concluído,1013177-82.2024.8.26.0451,449510,Damila Peixoto da Silva,Cível,Bruno - Escritório RST&A,,Protocolo realizado em 04.08
1642911.0,02/08/2026,03/08/2026,,Lawrencce Van Hornn Liberatori da Silva,9293,Nathalia Garcia,2821,Contrarrazões de Apelação,Compromisso (Prazo),Concluído,0001662-03.2024.8.16.0045,448632,Ronaldo do Prado Paula,Cível,Bruno - Escritório RST&A,,Protocolo realizado em 03.08
1642904.0,02/08/2026,03/08/2026,,Lawrencce Van Hornn Liberatori da Silva,9293,Nathalia Garcia,2821,Apelação,Compromisso (Prazo),Concluído,0001662-03.2024.8.16.0045,448632,Ronaldo do Prado Paula,Cível,Bruno - Escritório RST&A,,Protocolo realizado em 03.08
1642868.0,10/08/2026,11/08/2026,,Lawrencce Van Hornn Liberatori da Silva,9293,Nathalia Garcia,2821,Apresentação de documentos,Compromisso (Prazo),Concluído,4004877-12.2026.8.26.0451,472394,Gabriel Togni Correa,Cível,Thaia - Escritório RST&A,,Minuta protocolada em 12.08.2026.
1642806.0,13/08/2026,14/08/2026,,Marina Luise Campana Perini,8560,Nathalia Garcia,2821,Contestação,Compromisso (Prazo),Concluído,4011032-35.2026.8.26.0482,473547,Condomínio Residencial Bela Vista,Cível,Thaia - Escritório RST&A,,Minuta protocolada em 14.08.2026.
1642779.0,12/08/2026,13/08/2026,,Amanda Carvalho Martins,9353,Nathalia Garcia,2821,Quesitos e assistente técnico,Compromisso (Prazo),Concluído,0000088-71.2026.8.16.0045,471137,Renan Carlos Martins Ferreira,Cível,Bruno - Escritório RST&A,,Minuta protocolada em 13.08.2026.
1642644.0,07/08/2026,10/08/2026,,Lawrencce Van Hornn Liberatori da Silva,9293,Nathalia Garcia,2821,Manifestação sobre laudo pericial,Compromisso (Prazo),Concluído,0012608-34.2024.8.16.0045,461957,Leandro de Jesus Ferreira da Rocha,Cível,Bruno - Escritório RST&A,,Minuta protocolada em 10.08.2026.
1642636.0,09/08/2026,10/08/2026,,Lawrencce Van Hornn Liberatori da Silva,9293,Nathalia Garcia,2821,Manifestação sobre laudo pericial,Compromisso (Prazo),Concluído,0011127-36.2024.8.16.0045,453963,Rose Tenório do Carmo Bernardo,Cível,Bruno - Escritório RST&A,,Minuta protocolada em 10.08.2026.
1642609.0,11/08/2026,11/08/2026,,Amanda Carvalho Martins,9353,Nathalia Garcia,2821,Perícia,Compromisso (Prazo),Concluído,0009489-65.2024.8.16.0045,458021,Vanessa Cristina de Souza,Cível,Bruno - Escritório RST&A,,Perícia realizada
1642404.0,01/09/2026,01/09/2026,,Amanda Carvalho Martins,9353,Nathalia Garcia,2821,Acompanhar Carta de Citação,Compromisso (Acompanhar),Não iniciado,0009114-93.2026.8.16.0045,473530,Adriana Alencar Miranda,Cível,Bruno - Escritório RST&A,,Acompanhar Carta de Citação
1642401.0,10/08/2026,11/08/2026,,Lawrencce Van Hornn Liberatori da Silva,9293,Nathalia Garcia,2821,Impugnação ao laudo pericial,Compromisso (Prazo),Concluído,1009912-14.2025.8.26.0071,464692,Gerson Gustavo Rocha da Silva,Cível,Thaia - Escritório RST&A,,Minuta protocolada em 12.08.2026.
1642397.0,01/09/2026,01/09/2026,,Amanda Carvalho Martins,9353,Nathalia Garcia,2821,Acompanhar Carta de Citação,Compromisso (Acompanhar),Não iniciado,0009091-50.2026.8.16.0045,473528,Alexandre Vicente da Silva,Cível,Bruno - Escritório RST&A,,Acompanhar Carta de Citação
1642053.0,27/08/2026,28/08/2026,,Laryssa Mazo Pintor de Lima Rodrigues,5293,Nathalia Garcia,2821,Audiência de Instrução,Compromisso (Audiência),Finalizado pelo Encarregado(a),0010450-42.2026.5.03.0176,472585,Robson Carlos Pereira Silva,Trabalhista,Jurídico Trabalhista,,"Audiência exclusiva para análise quanto ao prosseguimento do feito, dispensado o comparecimento das partes e procuradores, as quais serão intimadas por ocasião da designação da audiência de instrução"
1642051.0,22/09/2026,22/09/2026,,Marina Luise Campana Perini,8560,Nathalia Garcia,2821,Audiência de Conciliação,Compromisso (Prazo),Não iniciado,4001831-64.2026.8.26.0079,472059,Georgia Charlene Silva,Cível,Thaia - Escritório RST&A,,Audiência de Conciliação dia 22.09.2026 às 11h30
1642046.0,06/08/2026,07/08/2026,,Lawrencce Van Hornn Liberatori da Silva,9293,Nathalia Garcia,2821,Pagamento de Cumprimento de Sentença,Compromisso (Prazo),Concluído,0083917-14.2024.8.16.0014,462943,Israel Antônio Pina,Cível,Bruno - Escritório RST&A,,Protocolo realizado em 06.08
1642045.0,15/09/2026,16/09/2026,,Camila Milene Lima da Cruz,7834,Nathalia Garcia,2821,Audiência de Instrução,Compromisso (Audiência),Não iniciado,0012689-12.2025.5.15.0017,469016,Valdineia Pereira da Silva,Trabalhista,Jurídico Trabalhista,,Telepresencial
1642043.0,31/08/2026,01/09/2026,,Laryssa Mazo Pintor de Lima Rodrigues,5293,Nathalia Garcia,2821,Audiência Una,Compromisso (Audiência),Não iniciado,0000540-79.2026.5.22.0105,472887,Carlos Eduardo Santos Sampaio,Trabalhista,Jurídico Trabalhista,,Telepresencial
1642042.0,25/08/2026,31/08/2026,,Laryssa Mazo Pintor de Lima Rodrigues,5293,Nathalia Garcia,2821,Defesa e documentos,Compromisso (Prazo),Não iniciado,0000540-79.2026.5.22.0105,472887,Carlos Eduardo Santos Sampaio,Trabalhista,Jurídico Trabalhista,,
1642039.0,09/09/2026,10/09/2026,,Camila Milene Lima da Cruz,7834,Nathalia Garcia,2821,Audiência Inicial,Compromisso (Audiência),Não iniciado,0000544-19.2026.5.22.0105,473100,Marcos Vinicius Dutra dos Santos,Trabalhista,Jurídico Trabalhista,,
1642031.0,27/10/2026,27/10/2026,,Marina Luise Campana Perini,8560,Nathalia Garcia,2821,Audiência de Conciliação,Compromisso (Prazo),Não iniciado,1003064-97.2026.8.13.0342,473515,Caroline Costa Lopes,Cível,Thaia - Escritório RST&A,,Audiência de Conciliação em 27.10.2026 às 08h00
1642013.0,02/09/2026,02/09/2026,,Amanda Carvalho Martins,9353,Nathalia Garcia,2821,Acompanhar Carta de Citação,Compromisso (Acompanhar),Não iniciado,0009115-78.2026.8.16.0045,473514,Adriana Domingos dos Santos,Cível,Bruno - Escritório RST&A,,Acompanhar Carta de Citação
1641998.0,26/08/2026,27/08/2026,,Marina Luise Campana Perini,8560,Nathalia Garcia,2821,Audiência de Conciliação,Compromisso (Prazo),Não iniciado,4023348-89.2026.8.26.0576,473513,Marcia Cristina dos Santos Conceicao,Cível,Jurídico Interno Cível,,"Audiência de conciliação no dia 27/08 às 11:00. 
Presencialmente."
1641947.0,03/08/2026,06/08/2026,,Camila Milene Lima da Cruz,7834,Nathalia Garcia,2821,Quesitos e Assistentes técnicos,Compromisso (Prazo),Concluído,0000419-34.2026.5.23.0037,472905,Domingos Batista dos Santos,Trabalhista,Jurídico Trabalhista,,Camila 20/07: Manifestação de Quesitos e Assistente técnico protocolada. Salvo na pasta + GED.
1641938.0,03/09/2026,03/09/2026,,Marina Luise Campana Perini,8560,Nathalia Garcia,2821,Acompanhar Juntada do AR,Compromisso (Acompanhar),Não iniciado,4023086-42.2026.8.26.0576,473509,Maria Aparecida Caetano,Cível,Thaia - Escritório RST&A,,Acompanhar Juntada do AR
1641909.0,10/08/2026,11/08/2026,,Amanda Carvalho Martins,9353,Nathalia Garcia,2821,Contestação,Compromisso (Prazo),Concluído,0007458-04.2026.8.16.0045,473508,Renata dos Reis Joaquim,Cível,Bruno - Escritório RST&A,,Minuta protocolada em 11.08.2026
1641671.0,07/08/2026,10/08/2026,,Lawrencce Van Hornn Liberatori da Silva,9293,Nathalia Garcia,2821,Apelação,Compromisso (Prazo),Cancelado,0001664-70.2024.8.16.0045,448633,Luan dos Santos Martinez Pereira,Cível,Bruno - Escritório RST&A,,Aguardando julgamento dos EDs
1641652.0,01/09/2026,01/09/2026,,Amanda Carvalho Martins,9353,Nathalia Garcia,2821,Acompanhar Carta de Citação,Compromisso (Acompanhar),Não iniciado,0009093-20.2026.8.16.0045,473497,Beatriz Aparecida Marques Borges,Cível,Bruno - Escritório RST&A,,Acompanhar Carta de Citação
1641590.0,03/08/2026,04/08/2026,,Lawrencce Van Hornn Liberatori da Silva,9293,Nathalia Garcia,2821,Julgamento,Compromisso (Prazo),Concluído,1042695-83.2023.8.26.0506,442754,Simone dos Reis,Cível,Bruno - Escritório RST&A,,Julgado em 04.08 - Recurso de apelação da autora - Negado provimento
1641499.0,06/08/2026,06/08/2026,,Marina Luise Campana Perini,8560,Nathalia Garcia,2821,Perícia,Compromisso (Prazo),Concluído,1001013-16.2026.8.13.0342,472441,Maria Alice Medeiros,Cível,Thaia - Escritório RST&A,,Perícia designada para 06.08.2026 às 16h00
1641496.0,23/08/2026,24/08/2026,,Marina Luise Campana Perini,8560,Nathalia Garcia,2821,Contestação,Compromisso (Prazo),Finalizado pelo Encarregado(a),4010128-11.2026.8.26.0451,473484,Diego Antony da Silva Ricucci,Cível,Thaia - Escritório RST&A,,Minuta protocola da em 24.08.2026.
1641453.0,04/08/2026,05/08/2026,,Marina Luise Campana Perini,8560,Nathalia Garcia,2821,Contestação,Compromisso (Prazo),Cancelado,1022773-94.2024.8.26.0482,460565,Condomínio Residencial Bela Vista,Cível,Thaia - Escritório RST&A,,Prazo do processo 1022773-94.2024.8.26.0482
1641451.0,03/08/2026,04/08/2026,,Lawrencce Van Hornn Liberatori da Silva,9293,Nathalia Garcia,2821,Manifestação sobre laudo pericial,Compromisso (Prazo),Concluído,5008408-25.2024.4.04.7009,455548,Diego de Barros Campello,Cível,Bruno - Escritório RST&A,,Protocolo realizado em 04.08
1641440.0,03/08/2026,04/08/2026,,Marina Luise Campana Perini,8560,Nathalia Garcia,2821,Envio da Contranotificação,Compromisso (Prazo),Concluído,0209-26,473475,Instituto Brasileiro do Meio Ambiente - IBMA,,Jurídico Notificação,,Protocolo realizado em 04.08
1641314.0,09/09/2026,09/09/2026,,Marina Luise Campana Perini,8560,Nathalia Garcia,2821,Perícia,Compromisso (Prazo),Não iniciado,1051872-21.2024.8.26.0576,459343,Alexandre Camargo,Cível,Thaia - Escritório RST&A,,"Rua Lucas do Valle, 1000 - Egydio Zani, SãoJosé do Rio Preto – SP"
1641298.0,04/08/2026,05/08/2026,,Amanda Carvalho Martins,9353,Nathalia Garcia,2821,Contestação,Compromisso (Prazo),Concluído,0009221-40.2026.8.16.0045,473470,Geovani de Almeida de Albuquerque,Cível,Bruno - Escritório RST&A,,Protocolo realizado em 05.08
1641295.0,04/08/2026,05/08/2026,,Amanda Carvalho Martins,9353,Nathalia Garcia,2821,Contestação,Compromisso (Prazo),Concluído,0009094-05.2026.8.16.0045,473469,Benito Simon,Cível,Bruno - Escritório RST&A,,Protocolo realizado em 05.08
1641294.0,04/08/2026,05/08/2026,,Amanda Carvalho Martins,9353,Nathalia Garcia,2821,Contestação,Compromisso (Prazo),Concluído,0009098-42.2026.8.16.0045,473468,José Orlando Braga,Cível,Bruno - Escritório RST&A,,Protocolo realizado em 05.08
1641076.0,03/09/2026,03/09/2026,,Lawrencce Van Hornn Liberatori da Silva,9293,Nathalia Garcia,2821,,Compromisso,Não iniciado,,,,,,,Acompanhamento mensal - 0005922-02.2019.8.16.0045
1641015.0,10/08/2026,11/08/2026,,Lawrencce Van Hornn Liberatori da Silva,9293,Nathalia Garcia,2821,Devolutiva - Acordo,Compromisso (Prazo),Concluído,1030813-37.2024.8.26.0071,460530,Jéssica Letícia Vitorino,Cível,Thaia - Escritório RST&A,,Minuta protocolada em 10.08.2026.
1640977.0,11/08/2026,12/08/2026,,Laryssa Mazo Pintor de Lima Rodrigues,5293,Nathalia Garcia,2821,Audiência de Conciliação,Compromisso (Audiência),Concluído,0011588-11.2023.5.15.0113,435152,Valdenor Pereira da Mota de Lima,Trabalhista,Jurídico Trabalhista,,"Lary 14/08: Audiência realizada. Acordo infrutifero. Diante da existencia de diferença nos cálculos, foi remetido para pericia. Nada fazer. Ata enviada. 

Lary 11/08: Audiência será amanhã. Preposta ciente.


Telepresencial"
1640976.0,31/08/2026,01/09/2026,,Laryssa Mazo Pintor de Lima Rodrigues,5293,Nathalia Garcia,2821,Audiência Inicial,Compromisso (Audiência),Não iniciado,0010502-13.2026.5.15.0044,471096,Antonio Sergio Sousa Vieira,Trabalhista,Jurídico Trabalhista,,Telepresencial.
1640973.0,19/08/2026,20/08/2026,,Laryssa Mazo Pintor de Lima Rodrigues,5293,Nathalia Garcia,2821,Audiência de Conciliação,Compromisso (Audiência),Concluído,0000660-85.2026.5.23.0076,472755,Wilson Paz Bezerra,Trabalhista,Jurídico Trabalhista,,"AUDIENCIA CANCELADA. 

Telepresencial."
1640965.0,15/09/2026,21/09/2026,,Laryssa Mazo Pintor de Lima Rodrigues,5293,Nathalia Garcia,2821,Defesa e documentos,Compromisso (Prazo),Não iniciado,0011288-85.2026.5.15.0067,473457,Ygor Natan Almeida de Lima,Trabalhista,Jurídico Trabalhista,,
1640964.0,21/09/2026,22/09/2026,,Laryssa Mazo Pintor de Lima Rodrigues,5293,Nathalia Garcia,2821,Audiência Inicial,Compromisso (Audiência),Não iniciado,0011288-85.2026.5.15.0067,473457,Ygor Natan Almeida de Lima,Trabalhista,Jurídico Trabalhista,,Telepresencial
1640956.0,04/08/2026,05/08/2026,,Amanda Carvalho Martins,9353,Nathalia Garcia,2821,Contestação,Compromisso (Prazo),Concluído,0009092-35.2026.8.16.0045,473456,Ana Carolina Souza Borges,Cível,Bruno - Escritório RST&A,,Protocolo realizado em 05.08
1640954.0,04/08/2026,05/08/2026,,Amanda Carvalho Martins,9353,Nathalia Garcia,2821,Contestação,Compromisso (Prazo),Concluído,0009089-80.2026.8.16.0045,473455,Joceval Cerqueira,Cível,Bruno - Escritório RST&A,,Protocolo realizado em 05.08
1640950.0,05/08/2026,06/08/2026,,Amanda Carvalho Martins,9353,Nathalia Garcia,2821,Contestação,Compromisso (Prazo),Concluído,0009381-65.2026.8.16.0045,473454,Ivan Jesus Sevilla Moreno,Cível,Bruno - Escritório RST&A,,Protocolo realizado em 06.08
1640835.0,04/08/2026,04/08/2026,,Lawrencce Van Hornn Liberatori da Silva,9293,Nathalia Garcia,2821,Acompanhar,Compromisso (Acompanhar),Cancelado,1030813-37.2024.8.26.0071,460530,Jéssica Letícia Vitorino,Cível,Thaia - Escritório RST&A,,
1640812.0,05/08/2026,06/08/2026,,Lawrencce Van Hornn Liberatori da Silva,9293,Nathalia Garcia,2821,Contestação,Compromisso (Prazo),Concluído,0007059-72.2026.8.16.0045,473446,Gabriel Lopes Capitanio,Cível,Bruno - Escritório RST&A,,Protocolo realizado em 06.08
1640797.0,04/08/2026,05/08/2026,,Lawrencce Van Hornn Liberatori da Silva,9293,Nathalia Garcia,2821,Manifestação sobre laudo pericial,Compromisso (Prazo),Concluído,0012610-04.2024.8.16.0045,461958,Leidevane Rosa Ferreira,Cível,Bruno - Escritório RST&A,,Protocolo realizado em 05.08
1640788.0,05/08/2026,06/08/2026,,Amanda Carvalho Martins,9353,Nathalia Garcia,2821,Contestação,Compromisso (Prazo),Concluído,0009380-80.2026.8.16.0045,473445,João Victor Lapa Feitosa,Cível,Bruno - Escritório RST&A,,Protocolo realizado em 06.08
1640783.0,05/08/2026,06/08/2026,,Amanda Carvalho Martins,9353,Nathalia Garcia,2821,Contestação,Compromisso (Prazo),Concluído,0009375-58.2026.8.16.0045,473443,Waldineia Pacheco dos Santos,Cível,Bruno - Escritório RST&A,,Protocolo realizado em 06.08
1640740.0,04/08/2026,05/08/2026,,Amanda Carvalho Martins,9353,Nathalia Garcia,2821,Contestação,Compromisso (Prazo),Concluído,0009215-33.2026.8.16.0045,473439,José Aparecido dos Santos,Cível,Bruno - Escritório RST&A,,Protocolo realizado em 05.08
1640733.0,04/08/2026,05/08/2026,,Amanda Carvalho Martins,9353,Nathalia Garcia,2821,Contestação,Compromisso (Prazo),Concluído,0009112-26.2026.8.16.0045,473429,Vanderlei Lobo da Silva,Cível,Bruno - Escritório RST&A,,Protocolo realizado em 05.08
1640616.0,04/08/2026,05/08/2026,,Amanda Carvalho Martins,9353,Nathalia Garcia,2821,Contestação,Compromisso (Prazo),Concluído,0009088-95.2026.8.16.0045,473428,Camila Maria de Oliveira,Cível,Bruno - Escritório RST&A,,Protocolo realizado em 05.08
1640554.0,04/09/2026,04/09/2026,,Amanda Carvalho Martins,9353,Nathalia Garcia,2821,Acompanhar Juntada do AR,Compromisso (Acompanhar),Não iniciado,0009223-10.2026.8.16.0045,473424,Jennifer Mayara Carneiro Rosas,Cível,Bentivegna e Ribeiro Advogados,,Acompanhar Juntada do AR
1640545.0,04/09/2026,04/09/2026,,Amanda Carvalho Martins,9353,Nathalia Garcia,2821,Acompanhar Juntada do AR,Compromisso (Acompanhar),Não iniciado,0009226-62.2026.8.16.0045,473423,Mario Francisco de Souza,Cível,Bentivegna e Ribeiro Advogados,,Acompanhar Juntada do AR
1640527.0,04/08/2026,05/08/2026,,Amanda Carvalho Martins,9353,Nathalia Garcia,2821,Contestação,Compromisso (Prazo),Concluído,0009225-77.2026.8.16.0045,473422,Rosicleia Freitas Mauricio,Cível,Bruno - Escritório RST&A,,Protocolo realizado em 05.08
1640508.0,04/08/2026,05/08/2026,,Amanda Carvalho Martins,9353,Nathalia Garcia,2821,Contestação,Compromisso (Prazo),Concluído,0009217-03.2026.8.16.0045,473419,Johnatan Viriato Merquires,Cível,Bruno - Escritório RST&A,,Protocolo realizado em 05.08
1640498.0,04/09/2026,04/09/2026,,Amanda Carvalho Martins,9353,Nathalia Garcia,2821,Acompanhar Carta de Citação,Compromisso (Acompanhar),Não iniciado,0009220-55.2026.8.16.0045,473418,Juan Carlos Gomes de Moraes,Cível,Bentivegna e Ribeiro Advogados,,Acompanhar Carta de Citação
1640103.0,04/08/2026,05/08/2026,,Amanda Carvalho Martins,9353,Nathalia Garcia,2821,Contestação,Compromisso (Prazo),Concluído,0009097-57.2026.8.16.0045,473402,Gabrielle Silvestre Fagundes da Silva,Cível,Bruno - Escritório RST&A,,Protocolo realizado em 05.08
1639867.0,04/09/2026,04/09/2026,,Amanda Carvalho Martins,9353,Nathalia Garcia,2821,Acompanhamento,Compromisso (Acompanhar),Não iniciado,0060160-88.2024.8.16.0014,456041,Maria de Fatima Ribeiro Assis,Cível,Bruno - Escritório RST&A,,Pendente - cobrar memoriais da assessoria.
1639693.0,04/08/2026,04/08/2026,,Amanda Carvalho Martins,9353,Nathalia Garcia,2821,Acompanhar Carta de Citação,Compromisso (Acompanhar),Cancelado,0001396-21.2026.8.16.0053,473379,Bianca Guimarães Ribeiro,Cível,Bruno - Escritório RST&A,,Processo baixado.
1639691.0,02/09/2026,02/09/2026,,Amanda Carvalho Martins,9353,Nathalia Garcia,2821,Acompanhar Carta de Citação,Compromisso (Acompanhar),Não iniciado,0009099-27.2026.8.16.0045,473380,Lucas Oliveira Duarte Silva,Cível,Indeterminado,,Acompanhar citação.
1639353.0,06/06/2031,08/07/2031,,Camila Milene Lima da Cruz,7834,Nathalia Garcia,2821,Renovação da Apólice,Compromisso (Prazo),Não iniciado,0011924-97.2021.5.15.0076,303355,Ronaldo Rogério Junior,Trabalhista,Escritório Tozzini,,"N° Apólice: 0306920269907751858303000

Vigência do seguro a partir do dia 08/07/2026 até o dia 08/07/2031.

Apólice para substituição do preparo/depósito judicial para oposição de Embargos à Execução no Tribunal Regional do Trabalho – 15ª Região."
1639350.0,09/09/2026,10/09/2026,,Camila Milene Lima da Cruz,7834,Nathalia Garcia,2821,Audiência Inicial,Compromisso (Audiência),Não iniciado,0000543-34.2026.5.22.0105,473097,Jose Francisco de Brito,Trabalhista,Jurídico Trabalhista,,Telepresencial
1639348.0,08/09/2026,09/09/2026,,Laryssa Mazo Pintor de Lima Rodrigues,5293,Nathalia Garcia,2821,Audiência Inicial,Compromisso (Audiência),Concluído,0010914-61.2026.5.15.0005,472931,Laerte Rocha Souza,Trabalhista,Jurídico Trabalhista,,"AUDIENCIA CANCELADA. 
João 19/08: Audiência redesignada para o dia 26/05/2027 às 14:00"
1639037.0,20/08/2026,21/08/2026,,Amanda Carvalho Martins,9353,Nathalia Garcia,2821,Contestação,Compromisso (Prazo),Concluído,1039415-79.2026.8.11.0001,473352,Isabella Costa Cavassani,Cível,Bruno - Escritório RST&A,,Minuta protocolada em 21.08.2026.
1639036.0,17/08/2026,17/08/2026,,Amanda Carvalho Martins,9353,Nathalia Garcia,2821,Audiência de Conciliação,Compromisso (Prazo),Concluído,1039415-79.2026.8.11.0001,473352,Isabella Costa Cavassani,Cível,Bruno - Escritório RST&A,,Audiência realizada
1639018.0,07/08/2026,07/08/2026,,Marina Luise Campana Perini,8560,Nathalia Garcia,2821,Julgamento,Compromisso (Prazo),Concluído,0002928-69.2024.8.16.0192,465246,Brigida Dal Molin,Cível,Thaia - Escritório RST&A,,Conhecido o recurso e não provido
1639015.0,07/08/2026,07/08/2026,,Marina Luise Campana Perini,8560,Nathalia Garcia,2821,Julgamento,Compromisso (Prazo),Cancelado,0047111-77.2024.8.16.0014,450911,Antônio de Morais Silva,Cível,Bruno - Escritório RST&A,,Prazo duplicado
1638646.0,02/09/2026,03/09/2026,,Laryssa Mazo Pintor de Lima Rodrigues,5293,Nathalia Garcia,2821,Audiência Inicial,Compromisso (Audiência),Concluído,0011142-22.2026.5.15.0042,473322,Fabio Fernando Martins Alves,Trabalhista,Jurídico Trabalhista,,"João 29/07/2026: Audiência redesignada para o dia 05/08/2026.

Telepresencial."
1638645.0,03/09/2026,09/09/2026,,Laryssa Mazo Pintor de Lima Rodrigues,5293,Nathalia Garcia,2821,Defesa e documentos,Compromisso (Prazo),Concluído,0010944-68.2026.5.15.0079,473321,Adriana Florinda Mutti,Trabalhista,Jurídico Trabalhista,,Lary 25/08: Defesa e documentos protocolados.
1638644.0,07/09/2026,08/09/2026,,Laryssa Mazo Pintor de Lima Rodrigues,5293,Nathalia Garcia,2821,Audiência Una,Compromisso (Audiência),Concluído,0010944-68.2026.5.15.0079,473321,Adriana Florinda Mutti,Trabalhista,Jurídico Trabalhista,,"Audiência una (rito sumaríssimo) por videoconferência cancelada para o dia 08/09/2026 14:15 e redesignada para o dia 10/09/2026 14:15 , telepresencial."
1638614.0,01/09/2026,01/09/2026,,Lawrencce Van Hornn Liberatori da Silva,9293,Nathalia Garcia,2821,Acompanhar Carta de Citação,Compromisso (Acompanhar),Não iniciado,0007034-59.2026.8.16.0045,473319,João Marcos Aceti de Souza,Cível,Bruno - Escritório RST&A,,Acompanhar Carta de Citação
1638611.0,01/09/2026,01/09/2026,,Lawrencce Van Hornn Liberatori da Silva,9293,Nathalia Garcia,2821,Acompanhar Carta de Citação,Compromisso (Acompanhar),Não iniciado,0013072-24.2025.8.16.0045,473305,Wender Diego Benedicto,Cível,Escritório Reis & Souza Advogados,,Acompanhar carta de citação
1638427.0,10/12/2026,10/12/2026,,Marina Luise Campana Perini,8560,Nathalia Garcia,2821,Audiência de Conciliação,Compromisso (Prazo),Não iniciado,4023425-66.2025.8.26.0016,473310,M8 Soluções e Serviços de Apoio a Edifícios Ltda.,Cível,Thaia - Escritório RST&A,,"Audiência de Conciliação presencial dia 10.12.2026 às 14h00 - 3º andar do Fórum Vergueiro, sito à Rua Vergueiro, 857, Paraíso – São
Paulo / SP - CEP 01504-001"
1638299.0,27/08/2026,03/09/2026,,Laryssa Mazo Pintor de Lima Rodrigues,5293,Nathalia Garcia,2821,Cerimônia de homenagem - Empresa Amiga da Justiça.,Compromisso,Não iniciado,,,,,,,"Cerimônia de homenagem às empresas que integram o programa Empresa Amiga da Justiça.
Data: 03 de setembro de 2026, às 14h
Local: auditório do GADE 9 de Julho, situado na Rua Conde de Sarzedas, nº 100, Centro, São Paulo/SP
Inscrições: As informações sobre o procedimento de inscrição serão encaminhadas oportunamente."
1638298.0,07/10/2026,08/10/2026,,Lawrencce Van Hornn Liberatori da Silva,9293,Nathalia Garcia,2821,Contestação,Compromisso (Prazo),Não iniciado,1032023-65.2026.8.11.0041,473306,Marcos Micael Proença de Oliveira,Cível,Thaia - Escritório RST&A,,Pendente  - Aguardando minuta
1638297.0,16/09/2026,17/09/2026,,Lawrencce Van Hornn Liberatori da Silva,9293,Nathalia Garcia,2821,Audiência de Conciliação,Compromisso (Prazo),Não iniciado,1032023-65.2026.8.11.0041,473306,Marcos Micael Proença de Oliveira,Cível,Thaia - Escritório RST&A,,Audiência virtual no dia 17/09/2026 às 17:00 (Cuiabá/MT) - virtualmente
1638179.0,05/09/2026,05/09/2026,,Marina Luise Campana Perini,8560,Nathalia Garcia,2821,Acompanhar Trânsito em Julgado,Compromisso (Acompanhar),Não iniciado,4009904-49.2026.8.26.0071,473298,Sermov Vigilancia e Seguranca Patrimonial Ltda,Cível,Escritório Reis & Souza Advogados,,Acompanhar trânsito em julgado
1637654.0,17/08/2026,17/08/2026,,Marina Luise Campana Perini,8560,Nathalia Garcia,2821,Acompanhar,Compromisso,Concluído,,,,,,,"Acompanhar pedido de habilitação no processo 11207503420258260100.
Audiência de conciliação no dia 20/08/2026 às 10:00 horas."
1637617.0,04/09/2026,04/09/2026,,Marina Luise Campana Perini,8560,Nathalia Garcia,2821,Perícia,Compromisso (Prazo),Cancelado,4008755-89.2025.8.26.0576,470227,Paulo Henrique Oliveira Martins,Cível,Thaia - Escritório RST&A,,Perícia em 04.09.2026 às 09h00
1637587.0,03/09/2026,04/09/2026,,Marina Luise Campana Perini,8560,Nathalia Garcia,2821,Perícia,Compromisso (Prazo),Não iniciado,4008755-89.2025.8.26.0576,470227,Paulo Henrique Oliveira Martins,Cível,Thaia - Escritório RST&A,,Perícia em 04.09.2026 às 09h00 - AT ALEXANDRE AUGUSTO DA SILVEIRA
1637425.0,28/08/2026,31/08/2026,,Laryssa Mazo Pintor de Lima Rodrigues,5293,Nathalia Garcia,2821,julgamento da Setença,Compromisso (Audiência),Em andamento,0001959-71.2025.5.10.0019,469371,Lucas Ferreira dos Santos,Trabalhista,Jurídico Trabalhista,,Lary 28/08: Audiência de julgamento designada (31/08/2026 17:52 THAIS - ÍMPAR - 19ª Vara do Trabalho de Brasília - DF). Ajustar para dia 31.
1637388.0,28/08/2026,31/08/2026,,Lawrencce Van Hornn Liberatori da Silva,9293,Nathalia Garcia,2821,Apelação,Compromisso (Prazo),Finalizado pelo Encarregado(a),0012332-03.2024.8.16.0045,455686,Natalia Ludmila Gomes dos Anjos,Cível,Bruno - Escritório RST&A,,Minuta protocolada em 28.08.2026.
1637382.0,01/09/2026,01/09/2026,,Amanda Carvalho Martins,9353,Nathalia Garcia,2821,Acompanhar Trânsito em Julgado,Compromisso (Acompanhar),Não iniciado,0002621-03.2026.8.16.0045,472287,Heloisa Nobrega,Cível,Escritório Reis & Souza Advogados,,Acompanhar Trânsito em Julgado
1637378.0,02/09/2026,03/09/2026,,Lawrencce Van Hornn Liberatori da Silva,9293,Nathalia Garcia,2821,Envio da Contranotificação,Compromisso (Prazo),Não iniciado,0003-26,470201,Parque do Cerrado - Condomínio Guará,,Jurídico Notificação,,Pendente - elaborar.
1637355.0,30/05/2031,30/06/2031,,Camila Milene Lima da Cruz,7834,Nathalia Garcia,2821,Renovação da Apólice,Compromisso (Prazo),Não iniciado,0011338-94.2020.5.15.0076,235535,Joselino Ranuzii da Silva,Trabalhista,Escritório Tozzini,,"N° Apólice: 0306920269907751849893000

Vigência do seguro: 30/06/2026 até 30/06/2031.

Apólice para substituição do preparo/depósito judicial para oposição de Embargos à Execução no Tribunal Regional do Trabalho – 15ª Região."
1637342.0,07/08/2026,12/08/2026,,Laryssa Mazo Pintor de Lima Rodrigues,5293,Nathalia Garcia,2821,Defesa e documentos,Compromisso (Prazo),Concluído,0000689-73.2026.5.05.0291,473245,Silvio Queiroz da Silva Junior,Trabalhista,Jurídico Trabalhista,,"Lary 11/08: Defesa e documentos protocolados. Salvei na pasta e GED. 

EXCEÇÃO DE INCOMPETÊNCIA REJEITADA."
1637340.0,12/08/2026,13/08/2026,,Laryssa Mazo Pintor de Lima Rodrigues,5293,Nathalia Garcia,2821,Audiência de Instrução,Compromisso (Audiência),Concluído,0000689-73.2026.5.05.0291,473245,Silvio Queiroz da Silva Junior,Trabalhista,Jurídico Trabalhista,,"Lary 13/08: Após oitiva das partes e testemunhas, os autos foram conclusos para julgamento com razões finais remissivas. 

Lary 12/08: Audiência será dia 13/08. Preposta ciente. 

Telepresencial"
1636375.0,04/09/2026,04/09/2026,,Marina Luise Campana Perini,8560,Nathalia Garcia,2821,acompanhar se foi designada data da pericia,Compromisso (Acompanhar),Não iniciado,1014631-63.2025.8.26.0451,468074,Daniele de Matos Rodrigues,Cível,Bruno - Escritório RST&A,,Acompanhar se foi designada data da pericia - Avisar Marina
1635985.0,31/08/2026,31/08/2026,,Marina Luise Campana Perini,8560,Nathalia Garcia,2821,Acompanhar se foi designada data da pericia,Compromisso (Acompanhar),Não iniciado,1014135-34.2025.8.26.0451,471245,Rutilene Santos de Sa,Cível,Bruno - Escritório RST&A,,Acompanhar se foi designada data da pericia - Avisar Marina
1635965.0,14/09/2026,15/09/2026,,Camila Milene Lima da Cruz,7834,Nathalia Garcia,2821,Audiência Una,Compromisso (Audiência),Não iniciado,0000161-80.2026.5.08.0121,471331,Michel Muniz dos Santos,Trabalhista,Jurídico Trabalhista,,Telepresencial
1635665.0,26/08/2026,27/08/2026,,Lawrencce Van Hornn Liberatori da Silva,9293,Nathalia Garcia,2821,Apelação,Compromisso (Prazo),Não iniciado,0011121-29.2024.8.16.0045,458056,Fernando Henrique Fogaça de Oliveira,Cível,Bruno - Escritório RST&A,,Pendente validação - minuta recebida em 19.08.2026
1635313.0,22/05/2031,20/06/2031,,Camila Milene Lima da Cruz,7834,Nathalia Garcia,2821,Renovação da Apólice,Compromisso (Prazo),Não iniciado,0010197-86.2025.5.15.0101,462869,Jair Soares da Silva,Trabalhista,Jurídico Trabalhista,,"Nº Apólice: 0306920269907751839489000

Vigência do seguro: 22/06/2026 até 22/06/2031.

Apólice para substituição do preparo/depósito judicial, para interposição de Recurso Ordinário no TRT-15."
1634972.0,21/08/2026,24/08/2026,,Laryssa Mazo Pintor de Lima Rodrigues,5293,Nathalia Garcia,2821,Audiência de Instrução,Compromisso (Audiência),Finalizado pelo Encarregado(a),0010671-53.2025.5.15.0070,464700,Francisco Matias dos Santos,Trabalhista,Jurídico Trabalhista,,"Lary 28/08: Prazo agendado.

Lary 26/08: Não agendado.
 Ajustar para dia 27/08.

Lary 25/08: Após oitiva das partes e reclamantes, foi deferido prazo de 10 dias para razões finais. Ajustar para dia 26/08 - Acompanhar agendamento. 



Lary 21/08: Audiência será dia 24/08 - preposta ciente. Ajustar. 

Telepresencial"
1634557.0,05/08/2026,06/08/2026,,Laryssa Mazo Pintor de Lima Rodrigues,5293,Nathalia Garcia,2821,Audiência Inicial,Compromisso (Audiência),Concluído,0000214-82.2026.5.23.0076,471225,Cleber Sa Araujo,Trabalhista,Jurídico Trabalhista,,"Lary 12/08: Audiencia na pauta e sistema. Nada fazer. 

Lary 06/08: Audiência designada para o dia 03/11/2026, 9h15 (horário de Mato Grosso), a ser realizada de forma telepresencial, por meio da plataforma zoom. Não finalizei para acompanhar - ajustar para dia 07/08.

Lary 05/08: Audiência será amanhã. Preposto ciente. Ajustar dia 06/08. 

Telepresencial

(horário de Cuiabá/MT)"
1634509.0,27/08/2026,28/08/2026,,Laryssa Mazo Pintor de Lima Rodrigues,5293,Nathalia Garcia,2821,Audiência de Instrução,Compromisso (Audiência),Finalizado pelo Encarregado(a),0010453-45.2026.5.03.0063,472592,Humberto Mauro Lopes Martins,Trabalhista,Jurídico Trabalhista,,Presencial - pauta apenas para controle da Vara. DISPENSADO O COMPARECIMENTO
1634179.0,03/09/2026,09/09/2026,,Camila Milene Lima da Cruz,7834,Nathalia Garcia,2821,Defesa e documentos,Compromisso (Prazo),Não iniciado,0000544-19.2026.5.22.0105,473100,Marcos Vinicius Dutra dos Santos,Trabalhista,Jurídico Trabalhista,,
1634127.0,03/09/2026,09/09/2026,,Camila Milene Lima da Cruz,7834,Nathalia Garcia,2821,Defesa e documentos,Compromisso (Prazo),Não iniciado,0000543-34.2026.5.22.0105,473097,Jose Francisco de Brito,Trabalhista,Jurídico Trabalhista,,
1633983.0,06/08/2026,07/08/2026,,Marina Luise Campana Perini,8560,Nathalia Garcia,2821,Contrarrazões ao Agravo Interno,Compromisso (Prazo),Concluído,1044926-67.2023.8.26.0576,427760,Prefeitura de São José do Rio Preto,Tributário,Serur Advogados,,Protocolo realizado em 07.08
1633665.0,27/08/2026,28/08/2026,,Marina Luise Campana Perini,8560,Nathalia Garcia,2821,Agravo de Instrumento (rateio),Compromisso (Prazo),Não iniciado,0014200-79.2025.8.16.0045,471153,Bruna Aparecida dos Santos,Cível,Bruno - Escritório RST&A,,Protocolo direto
1633442.0,08/10/2026,08/10/2026,,Lawrencce Van Hornn Liberatori da Silva,9293,Nathalia Garcia,2821,Audiência de Conciliação,Compromisso (Prazo),Não iniciado,1005593-56.2025.8.26.0506,463555,Andressa Danielle de Araújo Melo,Cível,Bruno - Escritório RST&A,,Audiência de Conciliação em 08.10.2026
1633345.0,01/09/2026,01/09/2026,,Amanda Carvalho Martins,9353,Nathalia Garcia,2821,Acompanhar extinção,Compromisso (Acompanhar),Não iniciado,4018146-34.2026.8.26.0576,473075,Debora Ester Rodrigues Pereira,Cível,,,
1633298.0,01/09/2026,01/09/2026,,Amanda Carvalho Martins,9353,Nathalia Garcia,2821,Acompanhar Carta de Citação,Compromisso (Acompanhar),Não iniciado,0008647-17.2026.8.16.0045,473071,Regiane Cristina Aldivino,Cível,,,Acompanhar Carta de Citação
1633056.0,27/04/2027,28/04/2027,,Camila Milene Lima da Cruz,7834,Camila Milene Lima da Cruz,7834,Audiência de Instrução,Compromisso (Audiência),Não iniciado,0010328-64.2025.5.15.0100,463620,Luciano Farias Vitalino,Trabalhista,Jurídico Trabalhista,,Presencial
1632780.0,26/08/2026,26/08/2026,,Marina Luise Campana Perini,8560,Nathalia Garcia,2821,Audiência de Conciliação,Compromisso (Prazo),Finalizado pelo Encarregado(a),4012579-56.2025.8.26.0576,470210,Renato Ferreira de Souza,Cível,Thaia - Escritório RST&A,,Audiência realizada - sem conciliação
1632537.0,04/09/2026,04/09/2026,,Marina Luise Campana Perini,8560,Nathalia Garcia,2821,acompanhar trânsito em julgado,Compromisso (Acompanhar),Não iniciado,5002101-26.2026.4.03.6326,473000,Braz Constantino Alves,Cível,Escritório Reis & Souza Advogados,,acompanhar trânsito em julgado
1632530.0,19/08/2026,19/08/2026,,Marina Luise Campana Perini,8560,Nathalia Garcia,2821,Acompanhar Carta de Citação,Compromisso (Acompanhar),Concluído,,,,,,,Acompanhar Carta de Citação
1632127.0,03/09/2026,03/09/2026,,Amanda Carvalho Martins,9353,Nathalia Garcia,2821,Acompanhar Carta de Citação,Compromisso (Acompanhar),Não iniciado,0007810-59.2026.8.16.0045,472979,Tatiane Rubio,Cível,Bentivegna e Ribeiro Advogados,,Acompanhar Carta de Citação
1632118.0,02/09/2026,02/09/2026,,Amanda Carvalho Martins,9353,Nathalia Garcia,2821,Acompanhar Carta de Citação,Compromisso (Acompanhar),Não iniciado,0007808-89.2026.8.16.0045,472978,Natalia Carvalho da Silva,Cível,Bentivegna e Ribeiro Advogados,,Acompanhar Carta de Citação
1632097.0,26/08/2026,27/08/2026,,Amanda Carvalho Martins,9353,Nathalia Garcia,2821,Contestação,Compromisso (Prazo),Não iniciado,0007517-89.2026.8.16.0045,472977,Adriano Abrantes da Silva,Cível,Bruno - Escritório RST&A,,Pendente Validação - minuta recebida em 21.08.2026 - Subsídios: OK
1631893.0,21/09/2026,21/09/2026,,Marina Luise Campana Perini,8560,Nathalia Garcia,2821,Julgamento,Compromisso (Prazo),Não iniciado,0134957-43.2025.8.16.0000,471764,Des. Pres. do TJPR,Cível,Serur Advogados,,Julgamento de EDs em 17/08/2026
1631805.0,01/09/2026,01/09/2026,,Lawrencce Van Hornn Liberatori da Silva,9293,Nathalia Garcia,2821,Acompanhar,Compromisso (Acompanhar),Não iniciado,1041374-42.2025.8.26.0506,467319,Danila Renata de Freitas Gomes de Moura,Cível,Thaia - Escritório RST&A,,Acompanhar envio do boleto mensal.
1631649.0,07/09/2026,07/09/2026,,Marina Luise Campana Perini,8560,Nathalia Garcia,2821,Acompanhar Carta de Citação,Compromisso (Acompanhar),Não iniciado,4009855-08.2026.8.26.0071,472946,M8 Soluções e Serviços de Apoio a Edifícios Ltda.,Cível,Thaia - Escritório RST&A,,Acompanhar Carta de Citação
1631624.0,20/08/2026,26/08/2026,,Laryssa Mazo Pintor de Lima Rodrigues,5293,Nathalia Garcia,2821,Defesa e documentos,Compromisso (Prazo),Concluído,0000546-95.2026.5.22.0102,472944,Claudemir Ferreira dos Santos,Trabalhista,Jurídico Trabalhista,,Lary 13/08: Defesa e documentos protocolados. Salvei na pasta e GED.
1631623.0,26/08/2026,27/08/2026,,Laryssa Mazo Pintor de Lima Rodrigues,5293,Nathalia Garcia,2821,Audiência de Conciliação,Compromisso (Audiência),Em andamento,0000546-95.2026.5.22.0102,472944,Claudemir Ferreira dos Santos,Trabalhista,Jurídico Trabalhista,,"Lary 28/08: Ata enviada. Designada audiência de instrução do presente feito para o dia 24/11/2026, às 9h30. Não finalizei para acompanhar agendamento. Ajustar para dia 31/08.

Telepresencial"
1631589.0,13/08/2026,14/08/2026,,Marina Luise Campana Perini,8560,Nathalia Garcia,2821,Contestação,Compromisso (Prazo),Concluído,4009900-70.2025.8.26.0451,472939,Nilvania dos Santos Luz,Cível,Bruno - Escritório RST&A,,Minuta protocolada em 14.08.2026
1631577.0,30/03/2027,05/04/2027,,Laryssa Mazo Pintor de Lima Rodrigues,5293,Nathalia Garcia,2821,Defesa e documentos,Compromisso (Prazo),Não iniciado,0011390-34.2026.5.15.0059,472937,Júlio César de Oliveira da Conceição,Trabalhista,Jurídico Trabalhista,,
1631576.0,05/04/2027,06/04/2027,,Laryssa Mazo Pintor de Lima Rodrigues,5293,Nathalia Garcia,2821,Audiência Una,Compromisso (Audiência),Não iniciado,0011390-34.2026.5.15.0059,472937,Júlio César de Oliveira da Conceição,Trabalhista,Jurídico Trabalhista,,Telepresencial
1631530.0,18/05/2027,25/05/2027,,Laryssa Mazo Pintor de Lima Rodrigues,5293,Nathalia Garcia,2821,Defesa e documentos,Compromisso (Prazo),Não iniciado,0010914-61.2026.5.15.0005,472931,Laerte Rocha Souza,Trabalhista,Jurídico Trabalhista,,
1631529.0,05/02/2027,08/02/2027,,Camila Milene Lima da Cruz,7834,Nathalia Garcia,2821,Audiência Inicial,Compromisso (Audiência),Concluído,0010914-61.2026.5.15.0005,472931,Laerte Rocha Souza,Trabalhista,Jurídico Trabalhista,,"Camila 08/07: Audiência cancelada. Redsignada para 09/09/2026, às 13:10h. 

Telepresencial"
1631450.0,11/11/2026,17/11/2026,,Laryssa Mazo Pintor de Lima Rodrigues,5293,Nathalia Garcia,2821,Defesa e documentos,Compromisso (Prazo),Não iniciado,0010859-16.2026.5.15.0101,472927,Alex Travain da Costa Junior,Trabalhista,Jurídico Trabalhista,,
1631449.0,17/11/2026,18/11/2026,,Laryssa Mazo Pintor de Lima Rodrigues,5293,Nathalia Garcia,2821,Audiência Una,Compromisso (Audiência),Não iniciado,0010859-16.2026.5.15.0101,472927,Alex Travain da Costa Junior,Trabalhista,Jurídico Trabalhista,,Telepresencial.
1631447.0,13/08/2026,13/08/2026,,Lawrencce Van Hornn Liberatori da Silva,9293,Nathalia Garcia,2821,Perícia,Compromisso (Prazo),Concluído,0012344-17.2024.8.16.0045,457196,William Amaro Pereira de Oliveira,Cível,Bruno - Escritório RST&A,,Perícia realizada
1631268.0,06/08/2026,07/08/2026,,Lawrencce Van Hornn Liberatori da Silva,9293,Nathalia Garcia,2821,Apelação,Compromisso (Prazo),Concluído,0012602-27.2024.8.16.0045,461954,Jessica Ataloane de Lima Campelo,Cível,Bruno - Escritório RST&A,,Protocolo realizado em 07.08
1631241.0,18/08/2026,24/08/2026,,Laryssa Mazo Pintor de Lima Rodrigues,5293,Nathalia Garcia,2821,Defesa e documentos,Compromisso (Prazo),Concluído,0000499-24.2026.5.22.0102,472910,Claudemir Ferreira dos Santos,Trabalhista,Jurídico Trabalhista,,Lary 14/08: Defesa e documentos protocolados. Salvei na pasta e GED.
1631240.0,24/08/2026,25/08/2026,,Laryssa Mazo Pintor de Lima Rodrigues,5293,Nathalia Garcia,2821,Audiência de Conciliação,Compromisso (Audiência),Finalizado pelo Encarregado(a),0000499-24.2026.5.22.0102,472910,Claudemir Ferreira dos Santos,Trabalhista,Jurídico Trabalhista,,"Lary 26/08: Audiência na pauta e sistema. Nada fazer. 

Lary 25/08: Designada audiência de instrução para o dia 12/11/2026, às 08h30, telepresencial. Não finalizei para acompanhar. Ajustar para dia 26/08.

Telepresencial"
1631204.0,28/09/2026,02/10/2026,,Camila Milene Lima da Cruz,7834,Nathalia Garcia,2821,Defesa e documentos,Compromisso (Prazo),Não iniciado,0010985-14.2026.5.15.0086,472907,Gildasio Alves de Cerqueira,Trabalhista,Jurídico Trabalhista,,
1631201.0,02/10/2026,05/10/2026,,Camila Milene Lima da Cruz,7834,Nathalia Garcia,2821,Audiência Una,Compromisso (Audiência),Não iniciado,0010985-14.2026.5.15.0086,472907,Gildasio Alves de Cerqueira,Trabalhista,Jurídico Trabalhista,,Telepresencial.
1630673.0,01/09/2026,01/09/2026,,Amanda Carvalho Martins,9353,Nathalia Garcia,2821,Acompanhar Carta de Citação,Compromisso (Acompanhar),Não iniciado,0007516-07.2026.8.16.0045,472885,Gilmar dos Santos Souza,Cível,Bentivegna e Ribeiro Advogados,,Acompanhar Carta de Citação
1630666.0,02/09/2026,02/09/2026,,Amanda Carvalho Martins,9353,Nathalia Garcia,2821,Acompanhar Carta de Citação,Compromisso (Acompanhar),Não iniciado,0007816-66.2026.8.16.0045,472884,Valdinei da Silva Fernandes,Cível,Bentivegna e Ribeiro Advogados,,Acompanhar Carta de Citação
1630199.0,12/10/2026,13/10/2026,,Laryssa Mazo Pintor de Lima Rodrigues,5293,Nathalia Garcia,2821,Audiência de Instrução,Compromisso (Audiência),Não iniciado,0000446-93.2026.5.09.0655,472086,Raimundo Nonato Sousa da Silva,Trabalhista,Jurídico Trabalhista,,Telepresencial
1630194.0,07/08/2026,10/08/2026,,Laryssa Mazo Pintor de Lima Rodrigues,5293,Nathalia Garcia,2821,Audiência Inicial,Compromisso (Audiência),Concluído,0000452-03.2026.5.09.0655,472194,Raimundo Nonato Sousa da Silva,Trabalhista,Jurídico Trabalhista,,"Lary 14/08: Audiência na pauta e sistema. Nada fazer. 

Lary 12/08: Ata enviada. Designada audiência UNA híbrida para o dia 05/04/2027, às
14h15min, Não finalizei para acompanhar. Ajustar para dia 13/08. 

Lary 07/08: Audiência será dia 10/08. Ajustar. Preposta ciente. 

Telepresencial"
1630169.0,02/09/2026,02/09/2026,,Lawrencce Van Hornn Liberatori da Silva,9293,Nathalia Garcia,2821,Acompanhar,Compromisso (Acompanhar),Não iniciado,0178-26,472873,Juliete Cristina Hilario Ribeiro,,Jurídico Notificação,,Acompanhar recebimento do ofício
1628822.0,08/12/2026,08/12/2026,,Lawrencce Van Hornn Liberatori da Silva,9293,Nathalia Garcia,2821,Audiência de Instrução,Compromisso (Prazo),Não iniciado,0003181-58.2025.8.16.0148,466219,Beatriz Cristina Mateus Lima,Cível,Thaia - Escritório RST&A,,Audiência de Instrução e Julgamento em 08.12.2026
1628099.0,04/09/2026,04/09/2026,,Amanda Carvalho Martins,9353,Nathalia Garcia,2821,Acompanhar Carta de Citação,Compromisso (Acompanhar),Não iniciado,0007463-26.2026.8.16.0045,472794,Thayna Nogueira Candido da Silva,Cível,Bentivegna e Ribeiro Advogados,,Acompanhar Carta de Citação
1628076.0,04/08/2026,04/08/2026,,Lawrencce Van Hornn Liberatori da Silva,9293,Nathalia Garcia,2821,Perícia,Compromisso (Prazo),Concluído,0000239-57.2021.4.03.6334,265598,Marcos Paulo de Oliveira,Cível,Bruno - Escritório RST&A,,Perícia em 04.087.2026 às 14h30 - AT CELSO RENAN VALERIO DE LIMA
1628071.0,02/09/2026,02/09/2026,,Lawrencce Van Hornn Liberatori da Silva,9293,Nathalia Garcia,2821,Acompanhar Carta de Citação,Compromisso (Acompanhar),Não iniciado,0055812-90.2025.8.16.0014,472793,Arnaldo Freire,Cível,Bentivegna e Ribeiro Advogados,,Acompanhar Carta de Citação
1627493.0,05/08/2026,06/08/2026,,Laryssa Mazo Pintor de Lima Rodrigues,5293,Nathalia Garcia,2821,Audiência de Instrução,Compromisso (Audiência),Concluído,0016130-43.2026.5.16.0015,470891,Geovaldo de Jesus Diniz Camara,Trabalhista,Jurídico Trabalhista,,"Lary 12/08: RF no sistema. Nada fazer/ 

Lary 06/08: Após oitiva das partes foi deferido razões finais para 10 dias. Conciliação rejeitada. Não finalizei para acompanhar. 

Lary 05/08: Audiência será amanhã. Preposto ciente. Ajustar dia 06/08. 

PRESENCIAL

Autorizada apenas a participação dos advogados de forma remota."
1627159.0,17/08/2026,18/08/2026,,Amanda Carvalho Martins,9353,Nathalia Garcia,2821,Contestação,Compromisso (Prazo),Concluído,0007461-56.2026.8.16.0045,472752,Nayara de Souza Freitas,Cível,Bruno - Escritório RST&A,,Minuta protocolada em 18.08.2026
1626447.0,16/02/2029,16/03/2029,,Camila Milene Lima da Cruz,7834,Nathalia Garcia,2821,Renovação da Apólice,Compromisso (Prazo),Não iniciado,0010130-64.2020.5.15.0015,225938,Eneias Junior Mendonça,Trabalhista,Escritório Tozzini,,"Endosso de renovação da apólice para substituição do preparo/depósito judicial para interposição de Recurso Ordinário – TRT15.
Nº APÓLICE POTTENCIAL: 0306920219907750489855000
Tipo de Recurso Ordinário.
Vigência do seguro a partir do dia 18/03/2026 até o dia 17/03/2029."
1626444.0,16/02/2029,16/03/2029,,Camila Milene Lima da Cruz,7834,Nathalia Garcia,2821,Renovação da Apólice,Compromisso (Prazo),Não iniciado,0011174-21.2020.5.15.0015,234719,Gilmar Abilo Dias,Trabalhista,Jurídico Trabalhista,,"Endosso de renovação da apólice para substituição do preparo/depósito judicial para interposição de Recurso Ordinário – TRT15.
Nº APÓLICE POTTENCIAL: 0306920219907750489826000
Tipo de Recurso Ordinário.
Vigência do seguro a partir do dia 18/03/2026 até o dia 17/03/2029."
1626441.0,16/02/2029,16/03/2029,,Camila Milene Lima da Cruz,7834,Nathalia Garcia,2821,Renovação da Apólice,Compromisso (Prazo),Não iniciado,0011168-14.2020.5.15.0015,234716,Juliano Aparecido Barbosa,Trabalhista,Escritório Tozzini,,"Nº APÓLICE POTTENCIAL: 0306920219907750490424000
Tipo de Recurso Ordinário.
Vigência do dia 19/03/2026 até o dia 18/03/2029."
1626339.0,18/08/2026,19/08/2026,,Laryssa Mazo Pintor de Lima Rodrigues,5293,Nathalia Garcia,2821,Audiência Una,Compromisso (Audiência),Concluído,0012339-49.2025.5.15.0041,469893,Sidney Rogerio Alves Rodrigues,Trabalhista,Jurídico Trabalhista,,"Lary 25/08: Prazo agendado. Audiência na pauta e sistema. Nada fazer. 

Lary 20/08: Ata enviada. Em audiência, foi recebida a emenda à inicial com prazo de 10 dias para as reclamadas manifestarem. Redesignada audiência UNA para o dia 28/04/2027, às 16:30, telepresencial. Ajustar para dia 21/08. Verificar. 


Lary 19/08: Audiência realizada. Acordo infrutífero. Audiência redesignada. Ajustar para dia 20/08 - Ata não disponível. 

Lary 18/08: Audiência será amanhã. Preposta ciente. Ajustar para dia 19/08. 

Telepresencial."
1625843.0,04/09/2026,04/09/2026,,Marina Luise Campana Perini,8560,Nathalia Garcia,2821,Acompanhar Carta de Citação,Compromisso (Acompanhar),Não iniciado,4000819-06.2026.8.26.0664,472665,Fernando Louredo da Silva,Cível,Escritório Reis & Souza Advogados,,Acompanhar Carta de Citação
1624971.0,01/09/2026,02/09/2026,,Laryssa Mazo Pintor de Lima Rodrigues,5293,Nathalia Garcia,2821,Audiência de Instrução,Compromisso (Audiência),Não iniciado,0000394-97.2026.5.09.0655,471738,Raimundo Nonato de Melo Júnior,Trabalhista,Jurídico Trabalhista,,Telepresencial
1624776.0,23/09/2026,24/09/2026,,Marina Luise Campana Perini,8560,Nathalia Garcia,2821,"Comprovação de TCRA/CETESB, andamento GRAPROHAB e recomposição vegetal.",Compromisso (Prazo),Não iniciado,0031841-72.2008.8.26.0506,465811,Ministério Público do Estado de São Paulo,Cível,Escritório Reis & Souza Advogados,,Pendente validação - minuta recebida em 05.08
1622832.0,15/04/2031,15/05/2031,,Laryssa Mazo Pintor de Lima Rodrigues,5293,Nathalia Garcia,2821,Renovação da Apólice,Compromisso (Prazo),Não iniciado,0010446-29.2019.5.15.0107,222844,Ednaldo Rodrigues Vaz,Trabalhista,Jurídico Trabalhista,,"Nº APÓLICE: 0306920269907751801287000

Vigência do seguro dia 15/05/2026 até 15/05/2031.

Ref. a contratação de seguro para garantir a execução para oposição de Embargos à Execução."
1622651.0,11/04/2031,09/05/2031,,Camila Milene Lima da Cruz,7834,Nathalia Garcia,2821,Renovação da Apólice,Compromisso (Prazo),Não iniciado,0010596-19.2025.5.15.0133,463522,Rogerio Barbosa da SIlva,Trabalhista,Jurídico Trabalhista,,"Nº APÓLICE: 0306920269907751795207000

Vigência do seguro do dia 11/05/2026 até o dia 11/05/2031.

Apólice para substituição do preparo/depósito judicial para interposição de Recurso de Revista – TRT15."
1622388.0,05/08/2026,06/08/2026,,Lawrencce Van Hornn Liberatori da Silva,9293,Nathalia Garcia,2821,Contestação,Compromisso (Prazo),Concluído,4002220-49.2026.8.26.0079,472557,Selma Sueli Ribeiro,Cível,Thaia - Escritório RST&A,,Protocolo realizado em 06.08
1621957.0,01/09/2026,01/09/2026,,Lawrencce Van Hornn Liberatori da Silva,9293,Nathalia Garcia,2821,Acompanhar Carta de Citação,Compromisso (Acompanhar),Não iniciado,1001836-70.2026.4.01.3603,472540,Thainara da Costa,Cível,Indeterminado,,Acompanhar citação.
1620616.0,02/09/2026,02/09/2026,,Lawrencce Van Hornn Liberatori da Silva,9293,Nathalia Garcia,2821,Acompanhar Carta de Citação,Compromisso (Acompanhar),Não iniciado,5000198-28.2026.4.03.6108,472482,Alessandra Costa Souza,Cível,Escritório Reis & Souza Advogados,,Acompanhar Carta de Citação
1620560.0,10/09/2026,04/09/2026,,Laryssa Mazo Pintor de Lima Rodrigues,5293,Nathalia Garcia,2821,Defesa e documentos,Compromisso (Prazo),Não iniciado,0010714-43.2026.5.15.0041,472474,Rodrigo Ribeiro Duarte,Trabalhista,Jurídico Trabalhista,,
1620557.0,10/09/2026,11/09/2026,,Laryssa Mazo Pintor de Lima Rodrigues,5293,Nathalia Garcia,2821,Audiência Inicial,Compromisso (Audiência),Não iniciado,0010714-43.2026.5.15.0041,472474,Rodrigo Ribeiro Duarte,Trabalhista,Jurídico Trabalhista,,Telepresencial
1620450.0,04/09/2026,04/09/2026,,Marina Luise Campana Perini,8560,Nathalia Garcia,2821,Acompanhar Trânsito em julgado,Compromisso (Acompanhar),Não iniciado,5000085-80.2026.4.03.6106,472475,Matheus Leal de Sousa,Cível,Escritório Reis & Souza Advogados,,Acompanhar Trânsito em julgado
1619934.0,04/09/2026,04/09/2026,,Marina Luise Campana Perini,8560,Nathalia Garcia,2821,Acompanhar Carta de Citação,Compromisso (Acompanhar),Não iniciado,5000118-92.2026.4.03.6131,472454,Paulina Britzig,Cível,Escritório Reis & Souza Advogados,,
1619914.0,07/09/2026,07/09/2026,,Marina Luise Campana Perini,8560,Nathalia Garcia,2821,Acompanhar Carta de Citação,Compromisso (Acompanhar),Não iniciado,5000974-59.2026.4.03.6324,472451,Mariana da Silva Oliveira,Cível,Escritório Reis & Souza Advogados,,
1619769.0,06/08/2026,06/08/2026,,Lawrencce Van Hornn Liberatori da Silva,9293,Nathalia Garcia,2821,Acompanhar Carta de Citação,Compromisso (Acompanhar),Cancelado,4004335-67.2026.8.26.0071,472447,Fernando Henrique de Souza,Cível,Escritório Reis & Souza Advogados,,Processo extinto.
1619740.0,02/09/2026,02/09/2026,,Lawrencce Van Hornn Liberatori da Silva,9293,Nathalia Garcia,2821,Acompanhar Carta de Citação,Compromisso (Acompanhar),Não iniciado,5004990-23.2026.4.04.7005,472442,Priscila de Lima Ferreira,Cível,Escritório Reis & Souza Advogados,,Acompanhar carta de citação.
1619726.0,12/08/2026,13/08/2026,,Laryssa Mazo Pintor de Lima Rodrigues,5293,Nathalia Garcia,2821,Audiência Inicial,Compromisso (Audiência),Concluído,0010485-20.2026.5.15.0062,471135,Hermann Rotterdan Nogueira de Mattos,Trabalhista,Jurídico Trabalhista,,"AUDIENCIA CANCELADA. 

Telepresencial"
1619689.0,03/09/2026,03/09/2026,,Marina Luise Campana Perini,8560,Nathalia Garcia,2821,Acompanhar Carta de Citação,Compromisso (Acompanhar),Não iniciado,0013995-50.2025.8.16.0045,472436,Tamires Aparecida da Silva,Cível,Escritório Reis & Souza Advogados,,Acompanhar Carta de Citação
1619391.0,02/09/2026,02/09/2026,,Lawrencce Van Hornn Liberatori da Silva,9293,Nathalia Garcia,2821,Acompanhar Carta de Citação,Compromisso (Acompanhar),Não iniciado,4005811-67.2026.8.26.0451,472422,Maurizia Francisco de Amaral,Cível,Escritório Reis & Souza Advogados,,Acompanhar Carta de Citação
1619387.0,02/09/2026,02/09/2026,,Lawrencce Van Hornn Liberatori da Silva,9293,Nathalia Garcia,2821,Acompanhar Carta de Citação,Compromisso (Acompanhar),Não iniciado,0001176-38.2026.8.16.0048,472419,Ana Paula Klauck,Cível,Escritório Reis & Souza Advogados,,Acompanhar carta de citação.
1618767.0,02/09/2026,02/09/2026,,Lawrencce Van Hornn Liberatori da Silva,9293,Nathalia Garcia,2821,Acompanhar Carta de Citação,Compromisso (Acompanhar),Não iniciado,5001204-67.2026.4.03.6109,472399,Wesley Luan dos Santos Silva,Cível,Escritório Reis & Souza Advogados,,Acompanhar Carta de Citação
1618758.0,04/08/2026,04/08/2026,,Lawrencce Van Hornn Liberatori da Silva,9293,Nathalia Garcia,2821,Acompanhar Carta de Citação,Compromisso (Acompanhar),Cancelado,4000470-60.2026.8.26.0451,472398,Cristiano Conceicao Neto,Cível,Escritório Reis & Souza Advogados,,Processo cancelado.
1618669.0,11/09/2026,14/09/2026,,Marina Luise Campana Perini,8560,Nathalia Garcia,2821,Audiência de Conciliação,Compromisso (Prazo),Não iniciado,0017826-09.2025.8.16.0045,472388,Elibelto Aparecido Geraldo,Cível,Thaia - Escritório RST&A,,Virtual
1618203.0,03/09/2026,04/09/2026,,Amanda Carvalho Martins,9353,Nathalia Garcia,2821,Contestação,Compromisso (Prazo),Não iniciado,0006381-57.2026.8.16.0045,472367,Cirineu da Silva,Cível,Bruno - Escritório RST&A,,Pendente validação - minuta recebida em 19.08.2026
1618178.0,01/09/2026,01/09/2026,,Amanda Carvalho Martins,9353,Nathalia Garcia,2821,Acompanhar Carta de Citação,Compromisso (Acompanhar),Não iniciado,0004713-51.2026.8.16.0045,472366,Elisangela de Lima Catarina,Cível,Escritório Reis & Souza Advogados,,Acompanhar Carta de Citação
1618177.0,01/09/2026,01/09/2026,,Amanda Carvalho Martins,9353,Nathalia Garcia,2821,Acompanhar Carta de Citação,Compromisso (Acompanhar),Não iniciado,0004714-36.2026.8.16.0045,472363,Francielly Santos Gomes,Cível,Escritório Reis & Souza Advogados,,Acompanhar Carta de Citação
1618169.0,04/09/2026,04/09/2026,,Amanda Carvalho Martins,9353,Nathalia Garcia,2821,Acompanhar Carta de Citação,Compromisso (Acompanhar),Não iniciado,0001041-35.2026.8.16.0045,472360,Caio Gabriel de Oliveira,Cível,Escritório Reis & Souza Advogados,,Acompanhar Carta de Citação
1617221.0,01/09/2026,01/09/2026,,Amanda Carvalho Martins,9353,Nathalia Garcia,2821,Acompanhar Juntada do AR,Compromisso (Acompanhar),Não iniciado,0003766-94.2026.8.16.0045,472294,Marcia Benite,Cível,Escritório Reis & Souza Advogados,,Acompanhar Juntada do AR
1617143.0,01/09/2026,01/09/2026,,Amanda Carvalho Martins,9353,Nathalia Garcia,2821,Acompanhar Carta de Citação,Compromisso (Acompanhar),Não iniciado,0003733-07.2026.8.16.0045,472289,Jose Adilson Aparecido da Silva,Cível,Escritório Reis & Souza Advogados,,Acompanhar Carta de Citação
1617090.0,03/09/2026,03/09/2026,,Amanda Carvalho Martins,9353,Nathalia Garcia,2821,Acompanhar Carta de Citação,Compromisso (Acompanhar),Não iniciado,0002621-03.2026.8.16.0045,472287,Heloisa Nobrega,Cível,Escritório Reis & Souza Advogados,,Acompanhar Carta de Citação
1616952.0,04/09/2026,04/09/2026,,Amanda Carvalho Martins,9353,Nathalia Garcia,2821,Acompanhar Carta de Citação,Compromisso (Acompanhar),Não iniciado,0003769-49.2026.8.16.0045,472284,Simone Veras Dias da Silva,Cível,Escritório Reis & Souza Advogados,,Acompanhar Carta de Citação
1616919.0,04/09/2026,04/09/2026,,Amanda Carvalho Martins,9353,Nathalia Garcia,2821,Acompanhar Carta de Citação,Compromisso (Acompanhar),Não iniciado,0003723-60.2026.8.16.0045,472282,Ivan Carlos da Silva,Cível,Escritório Reis & Souza Advogados,,Acompanhar Carta de Citação
1616550.0,02/09/2026,02/09/2026,,Lawrencce Van Hornn Liberatori da Silva,9293,Nathalia Garcia,2821,Acompanhar Carta de Citação,Compromisso (Acompanhar),Não iniciado,0003718-38.2026.8.16.0045,472280,Isabel Cristina de Oliveira Floriano,Cível,Bentivegna e Ribeiro Advogados,,Acompanhar Carta de Citação
1616491.0,01/09/2026,01/09/2026,,Amanda Carvalho Martins,9353,Nathalia Garcia,2821,Acompanhar Carta de Citação,Compromisso (Acompanhar),Não iniciado,0001025-81.2026.8.16.0045,472279,Natali Aparecida Sarto da Silva,Cível,Bentivegna e Ribeiro Advogados,,Acompanhar Carta de Citação
1616483.0,04/09/2026,04/09/2026,,Amanda Carvalho Martins,9353,Nathalia Garcia,2821,Acompanhar Carta de Citação,Compromisso (Acompanhar),Não iniciado,0002612-41.2026.8.16.0045,472278,Diego Rossi,Cível,Bentivegna e Ribeiro Advogados,,Acompanhar Carta de Citação
1616222.0,11/08/2026,13/08/2026,,Laryssa Mazo Pintor de Lima Rodrigues,5293,Nathalia Garcia,2821,Defesa Complementar,Compromisso (Prazo),Concluído,0011272-18.2025.5.15.0019,471341,Ismar Silva Machado de Oliveira Junior,Trabalhista,Jurídico Trabalhista,,Lary 11/08: Defesa complementar protocolada. Salvei na pasta e GED.
1616221.0,12/08/2026,13/08/2026,,Laryssa Mazo Pintor de Lima Rodrigues,5293,Nathalia Garcia,2821,Audiência Una,Compromisso (Audiência),Concluído,0011272-18.2025.5.15.0019,471341,Ismar Silva Machado de Oliveira Junior,Trabalhista,Jurídico Trabalhista,,"Lary 13/08: Acordo realizado entre There Refeições e reclamante. Reclamante concordou com a exclusão da Pacaembu. Pacaembu excluida do distribuidor. Nada fazer. Ata enviada 

Lary 12/08: Audiência será dia 13/08. Preposta ciente. 

Telepresensial."
1616176.0,15/03/2029,16/03/2029,,Camila Milene Lima da Cruz,7834,Nathalia Garcia,2821,Renovação da Apólice - Recurso Ordinário,Compromisso (Prazo),Não iniciado,0011086-46.2021.5.15.0015,274310,José da Penha Ribeiro Lopes,Trabalhista,Escritório Tozzini,,"Nº Apólice: 0306920269907751772729000

Vigência do seguro: 16/04/2026 até 16/04/2029."
1615684.0,02/09/2026,02/09/2026,,Amanda Carvalho Martins,9353,Nathalia Garcia,2821,Acompanhar Carta de Citação,Compromisso (Acompanhar),Não iniciado,0002616-78.2026.8.16.0045,472204,Eliana Ribeiro Alves,Cível,Bentivegna e Ribeiro Advogados,,Acompanhar Carta de Citação
1615196.0,18/08/2026,18/08/2026,,Marina Luise Campana Perini,8560,Nathalia Garcia,2821,Audiência de Conciliação,Compromisso (Prazo),Concluído,4023418-74.2025.8.26.0016,472191,M8 Soluções e Serviços de Apoio a Edifícios Ltda.,Cível,Thaia - Escritório RST&A,,Audiência de conciliação realizada
1615191.0,17/08/2026,17/08/2026,,Marina Luise Campana Perini,8560,Nathalia Garcia,2821,Audiência de Conciliação,Compromisso (Prazo),Concluído,4023419-59.2025.8.26.0016,472188,M8 Soluções e Serviços de Apoio a Edifícios Ltda.,Cível,Thaia - Escritório RST&A,,Audiência realizada
1614252.0,01/09/2026,01/09/2026,,Amanda Carvalho Martins,9353,Nathalia Garcia,2821,Acompanhar Carta de Citação,Compromisso (Acompanhar),Não iniciado,0003767-79.2026.8.16.0045,472137,Miriam de Souza Ferreira,Cível,Bentivegna e Ribeiro Advogados,,Acompanhar Carta de Citação
1614196.0,14/08/2026,17/08/2026,,Lawrencce Van Hornn Liberatori da Silva,9293,Nathalia Garcia,2821,Contestação,Compromisso (Prazo),Concluído,5006596-98.2026.4.04.7001,472129,Ailton Mendes Cabral Filho,Cível,Thaia - Escritório RST&A,,Minuta protocolada em 17.08.2026.
1614104.0,04/09/2026,04/09/2026,,Amanda Carvalho Martins,9353,Nathalia Garcia,2821,Acompanhar Carta de Citação,Compromisso (Acompanhar),Não iniciado,0016270-31.2026.8.16.0014,472126,Giovane Bueno Martins,Cível,Bentivegna e Ribeiro Advogados,,Acompanhar Carta de Citação
1614022.0,02/09/2026,02/09/2026,,Lawrencce Van Hornn Liberatori da Silva,9293,Nathalia Garcia,2821,Acompanhar Carta de Citação,Compromisso (Acompanhar),Não iniciado,4004131-47.2026.8.26.0451,472119,Juan Matheus de Oliveira Rodrigues,Cível,Bentivegna e Ribeiro Advogados,,Acompanhar Carta de Citação
1613770.0,26/08/2026,26/08/2026,,Marina Luise Campana Perini,8560,Nathalia Garcia,2821,Acompanhar Trânsito em Julgado,Compromisso (Acompanhar),Cancelado,0014026-70.2025.8.16.0045,472111,Adryan Ferreira do Carmo,Cível,Bentivegna e Ribeiro Advogados,,Acompanhar Trânsito em Julgado
1613749.0,17/08/2026,18/08/2026,,Amanda Carvalho Martins,9353,Nathalia Garcia,2821,Contestação,Compromisso (Prazo),Concluído,0002619-33.2026.8.16.0045,472107,Gian Carlos de Oliveira,Cível,Bentivegna e Ribeiro Advogados,,Minuta protocolada em 18.08.2026.
1613694.0,17/08/2026,18/08/2026,,Lawrencce Van Hornn Liberatori da Silva,9293,Nathalia Garcia,2821,Contestação,Compromisso (Prazo),Concluído,0014152-23.2025.8.16.0045,472103,Valter de Lima Gonçalves,Cível,Bentivegna e Ribeiro Advogados,,Minuta protocolada em 18.08.2026.
1612149.0,14/08/2026,17/08/2026,,Lawrencce Van Hornn Liberatori da Silva,9293,Nathalia Garcia,2821,Contestação,Compromisso (Prazo),Concluído,5003895-67.2026.4.04.7001,471943,Juliana de Cassia Baptistone,Cível,Thaia - Escritório RST&A,,MInuta protocolada em 17.08.2026.
1611026.0,04/08/2026,05/08/2026,,Laryssa Mazo Pintor de Lima Rodrigues,5293,Nathalia Garcia,2821,Audiência de Instrução,Compromisso (Audiência),Concluído,0000023-62.2026.5.09.0129,471224,Hugo Mauricio Yamasaki,Trabalhista,Jurídico Trabalhista,,"Lary 06/08: Prazo agendado no sistema. 

Lary 05/08: Prazo de 5 dias para razões finais + julgamento agendado para dia 25/09/2026. Não finalizei para acompanhar. Ajustar para dia 06/08

Lary 05/08: Audiência realizada. Partes e testemunhas foram ouvidas. Ata não disponibilizada. Ajustar para dia 06/08. 

Lary 04/08: Audiência será amanhã, 05/08 - ajustar. Preposta e testemunhas cientes. 


Presencial"
1610988.0,08/09/2026,09/09/2026,,Camila Milene Lima da Cruz,7834,Nathalia Garcia,2821,Audiência Una,Compromisso (Audiência),Finalizado pelo Encarregado(a),0012037-20.2025.5.15.0041,468875,Silvestre Roberto Ramos Cotrim,,Jurídico Trabalhista,,"João 29/07/2026: Audiência antecipada para o dia 05/08/2026

Telepresencial"
1609356.0,09/09/2026,15/09/2026,,Laryssa Mazo Pintor de Lima Rodrigues,5293,Nathalia Garcia,2821,Defesa e documentos,Compromisso (Prazo),Finalizado pelo Encarregado(a),0010311-91.2026.5.15.0100,471843,Daniel da Silva Cerqueira,Trabalhista,Jurídico Trabalhista,,Lary 25/08: Defesa e documentos protocolados. Salvei na pasta e GED.
1609355.0,15/09/2026,16/09/2026,,Laryssa Mazo Pintor de Lima Rodrigues,5293,Nathalia Garcia,2821,Audiência Inicial,Compromisso (Audiência),Não iniciado,0010311-91.2026.5.15.0100,471843,Daniel da Silva Cerqueira,Trabalhista,Jurídico Trabalhista,,Telepresencial
1605972.0,02/09/2026,02/09/2026,,Lawrencce Van Hornn Liberatori da Silva,9293,Nathalia Garcia,2821,Acompanhar Carta de Citação,Compromisso (Acompanhar),Não iniciado,0014159-15.2025.8.16.0045,471709,Aline Berti de Oliveira,Cível Administrativo,Bentivegna e Ribeiro Advogados,,Acompanhar Carta de Citação
1605968.0,12/08/2026,18/08/2026,,Laryssa Mazo Pintor de Lima Rodrigues,5293,Nathalia Garcia,2821,Defesa e documentos,Compromisso (Prazo),Concluído,0012339-49.2025.5.15.0041,469893,Sidney Rogerio Alves Rodrigues,Trabalhista,Jurídico Trabalhista,,Lary 12/08: Defesa e documentos protocolados. Salvei na pasta e GED.
1605877.0,04/09/2026,04/09/2026,,Amanda Carvalho Martins,9353,Nathalia Garcia,2821,Acompanhar Carta de Citação,Compromisso (Acompanhar),Não iniciado,0001042-20.2026.8.16.0045,471708,Donizete Carlos dos Santos,Cível,Bentivegna e Ribeiro Advogados,,Acompanhar Carta de Citação
1604584.0,04/08/2026,04/08/2026,,Lawrencce Van Hornn Liberatori da Silva,9293,Nathalia Garcia,2821,Acompanhar Trânsito em Julgado,Compromisso (Acompanhar),Cancelado,0018784-59.2023.8.16.0014,404924,Raimundo Nogueira da Silva,Cível,Bentivegna e Ribeiro Advogados,,Acompanhar Trânsito em Julgado
1604054.0,14/08/2026,17/08/2026,,Laryssa Mazo Pintor de Lima Rodrigues,5293,Nathalia Garcia,2821,Defesa e documentos,Compromisso (Prazo),Concluído,0010164-81.2026.5.15.0030,470770,Rafaela Basseto,Trabalhista,Jurídico Trabalhista,,AUDIENCIA CANCELADA. SEM NOVA DATA.
1604053.0,17/08/2026,18/08/2026,,Laryssa Mazo Pintor de Lima Rodrigues,5293,Nathalia Garcia,2821,Audiência Inicial,Compromisso (Audiência),Concluído,0010164-81.2026.5.15.0030,470770,Rafaela Basseto,Trabalhista,Jurídico Trabalhista,,"AUDIENCIA CANCELADA. SEM NOVA DATA. 

Telepresencial."
1603780.0,31/08/2026,31/08/2026,,Lawrencce Van Hornn Liberatori da Silva,9293,Nathalia Garcia,2821,Acompanhar Juntada do AR,Compromisso,Não iniciado,5340416-87.2025.8.09.0149,471576,Maykon Oliveira de Paula,Cível,Bruno - Escritório RST&A,,Acompanhar Carta de Citação
1602978.0,12/08/2026,13/08/2026,,Laryssa Mazo Pintor de Lima Rodrigues,5293,Nathalia Garcia,2821,Audiência de Instrução,Compromisso (Audiência),Concluído,0010312-96.2025.5.15.0137,462585,Cerlandia Santos de Oliveira Paixão,Trabalhista,Jurídico Trabalhista,,"Lary 13/08: Acordo entre a 1ª Reclamada LL Delgado e reclamante. Processo ficou suspenso em relação à Pacaembu. processo  retornará  a  pauta  de  audiências  UNA, em caso de inadimplência. Nada fazer. Ata enviada. 

Lary 12/08: Audiência será dia 13/08. Preposta ciente."
1602253.0,02/10/2026,05/10/2026,,Camila Milene Lima da Cruz,7834,Nathalia Garcia,2821,Audiência de Instrução,Compromisso (Audiência),Não iniciado,0010099-87.2026.5.15.0062,470482,Andreia Soares de Araujo,Trabalhista,Jurídico Trabalhista,,Telepresencial
1600960.0,09/03/2031,09/03/2031,,Camila Milene Lima da Cruz,7834,Nathalia Garcia,2821,Renovação da Apólice,Compromisso (Prazo),Não iniciado,0011407-69.2024.5.15.0082,449452,Renato Pasqualinotto,Trabalhista,Jurídico Trabalhista,,
1600475.0,18/03/2031,18/03/2031,,Camila Milene Lima da Cruz,7834,Nathalia Garcia,2821,Renovação da Apólice,Compromisso (Prazo),Não iniciado,0011170-81.2020.5.15.0015,234613,Tiago da Silva Melo,Trabalhista,Escritório Tozzini,,
1600158.0,20/08/2026,21/08/2026,,Lawrencce Van Hornn Liberatori da Silva,9293,Nathalia Garcia,2821,Contestação,Compromisso (Prazo),Concluído,4002298-91.2026.8.26.0451,471253,Danielle Cardoso de Barros,Cível,Bruno - Escritório RST&A,,Minuta protocolada em 21.08.2026.
1599877.0,03/09/2026,04/09/2026,,Amanda Carvalho Martins,9353,Nathalia Garcia,2821,Contestação,Compromisso (Prazo),Não iniciado,4005127-58.2026.8.26.0576,471244,Luis Ferreira de Lima,Cível,Thaia - Escritório RST&A,,Pendente - aguardando minuta - Subsídios: Falta Jennyfer - COBRADO
1599045.0,03/09/2026,03/09/2026,,Marina Luise Campana Perini,8560,Nathalia Garcia,2821,Acompanhar Carta de Citação,Compromisso (Acompanhar),Não iniciado,1014608-20.2025.8.26.0451,471195,Jeferson Velozo Rodrigues,Cível,Bentivegna e Ribeiro Advogados,,Acompanhar Carta de Citação
1595460.0,01/03/2029,01/03/2029,,Laryssa Mazo Pintor de Lima Rodrigues,5293,Nathalia Garcia,2821,Renovação da Apólice,Compromisso (Prazo),Não iniciado,0011086-46.2021.5.15.0015,274310,José da Penha Ribeiro Lopes,Trabalhista,Escritório Tozzini,,
1595287.0,01/09/2026,01/09/2026,,Amanda Carvalho Martins,9353,Nathalia Garcia,2821,Acompanhar Carta de Citação,Compromisso (Acompanhar),Não iniciado,4000816-24.2026.8.26.0576,471004,Fabio Ryan Pereira Gonçalves,Cível,Escritório Reis & Souza Advogados,,
1595226.0,02/09/2026,03/09/2026,,Amanda Carvalho Martins,9353,Nathalia Garcia,2821,Contestação,Compromisso (Prazo),Não iniciado,4002732-93.2026.8.26.0576,471000,Jessica Vitoria Dias Fernandes,Cível,Thaia - Escritório RST&A,,Pendente - Aguardando minuta - Subsídios: Falta retorno da Ana - COBRADO
1594980.0,13/12/2026,18/02/2026,,Vanessa Paiola Sierra,9154,Nathalia Garcia,2821,Manifestação sobre honorários,Compromisso (Prazo),Concluído,0011753-55.2024.8.16.0045,461949,Elidinai Aparecida Rodrigues Camargo,Cível,Bruno - Escritório RST&A,,Protocolo realizado em 18.02.2026.
1593317.0,20/08/2026,21/08/2026,,Laryssa Mazo Pintor de Lima Rodrigues,5293,Nathalia Garcia,2821,Audiência Inicial,Compromisso (Audiência),Concluído,0010162-89.2026.5.15.0005,470835,Letícia Fernandes da Silva,Trabalhista,Jurídico Trabalhista,,"Camila 21/05: Audiência cancelada. Redesignada para o dia 22/07/2026, às14:00 horas.

Telepresencial"
1591183.0,30/01/2031,30/01/2031,,Laryssa Mazo Pintor de Lima Rodrigues,5293,Nathalia Garcia,2821,Renovação da Apólice,Compromisso (Prazo),Não iniciado,0010474-33.2023.5.15.0082,396808,Andre Luiz Marchi,Trabalhista,Jurídico Trabalhista,,
1590930.0,10/05/2029,10/05/2029,,Laryssa Mazo Pintor de Lima Rodrigues,5293,Nathalia Garcia,2821,Renovação da Apólice,Compromisso (Prazo),Não iniciado,0012012-27.2019.5.15.0070,225276,Gilberto Carlos Favarao,Trabalhista,Escritório Tozzini,,
1590003.0,28/01/2028,02/02/2026,,Camila Milene Lima da Cruz,7834,Nathalia Garcia,2821,Verificar Despacho,Compromisso (Prazo),Concluído,0011585-60.2025.5.15.0089,467592,Michel Fernando Prestes,Trabalhista,Jurídico Trabalhista,,"Camila 28/01: Audiência inicial designada para 04/03/2026, às 12:40h. Os prazos já estão agendados na pauta + sistema. Nada a fazer. 


CADERNO JUDICIARIO DO TRIBUNAL REGIONAL DO TRABALHO DA 15a REGIAO (DJEN)
Data de Disponibilizacao: 26/01/2026
Data de Publicacao .....: 27/01/2026
TRIBUNAL REGIONAL DO TRABALHO DA 15a REGIAO
582-PROCESSO: 0011585-60.2025.5.15.0089 ORGAO: CON1-BAURU DATA DE ENVIO: 23/01/2026 DATA DE DISPONIBILIZACAO: 26/01/2026 TIPO DE COMUNICACAO: INTIMACAO MEIO: INTIMACAO DESTINATARIOS: MICHEL FERNANDO PRESTES, LL DELGADO GESTAO, PACAEMBU CONSTRUTORA S.A., ADVOGADOS: ANTONIA DE MARIA XIMENES OLIVEIRA, TEXTO: PODER JUDICIARIO JUSTICA DO TRABALHO TRIBUNAL REGIONAL DO TRABALHO DA 15a REGIAO CON1-BAURU PROCESSO: ATORD 0011585-60.2025.5.15.0089 AUTOR: MICHEL FERNANDO PRESTES REU: LL DELGADO GESTAO E OUTROS (1) ORGAO JULGADOR DE ORIGEM: 2a VARA DO TRABALHO DE BAURU NOTIFICACAO FICA V. SA. NOTIFICADA PARA COMPARECER A AUDIENCIA INICIAL, A SER REALIZADA NO DIA 04/03/2026 12:40 H, DE FORMA TELEPRESENCIAL, COM A UTILIZACAO DA FERRAMENTA ZOOM, DISPONIVEL EM VERSOES PARA SMARTPHONE E PARA COMPUTADOR, OBSERVANDO-SE O PROCEDIMENTO E DETERMINACOES ABAIXO. LINK DE ACESSO A AUDIENCIA (SALA 2-AUXILIAR): HTTPS://TRT15-JUS-BR.ZOOM.US/J/7089575129?PWD=QTFZC0XWZHJIZE03CHDJA0W2EHJQQT09 CASO SEJA SOLICITADO PELO APLICATIVO, O ID DA REUNIAO E 708 957 5129 E A SENHA DE ACESSO E 547797. ORIENTACOES SOBRE O USO DA PLATAFORMA ZOOM PODEM SER OBTIDAS NO SITE: HTTPS://SITES.GOOGLE.COM/TRT15.JUS.BR/ZOOMADV/PAGINA-INICIAL RESSALTA-SE QUE NAO SERA ENCAMINHADO E-MAIL AS PARTES E ADVOGADOS PARA ACESSO AO LINK, QUE JA CONSTA DESTA NOTIFICACAO. PARA QUE OS TRABALHOS SEJAM FACILITADOS, DEVERAO SER JUNTADOS AOS AUTOS COPIA DOS DOCUMENTOS DE IDENTIFICACAO DOS PARTICIPANTES NO PRAZO DE 48 HORAS ANTES DA AUDIENCIA. RECOMENDA-SE QUE O APLICATIVO ZOOM SEJA BAIXADO COM ANTECEDENCIA NO CASO DE ACESSO POR MEIO DE TELEFONE CELULAR. LEMBRAR DE HABILITAR CAMERA E AUDIO A FIM DE QUE SUA PARTICIPACAO POSSA SER A MAIS PROXIMA POSSIVEL DA QUE OCORRE EM UMA AUDIENCIA PRESENCIAL. PARA EVITAR RUIDOS, O MICROFONE, DEPOIS DE HABILITADO, DEVERA SER MANTIDO DESLIGADO, SENDO LIGADO APENAS DURANTE OS MOMENTOS EM QUE O PARTICIPANTE EFETUAR ALGUMA INTERVENCAO. OS PARTICIPANTES DEVERAO ACESSAR O AMBIENTE VIRTUAL NO QUAL OCORRERA A AUDIENCIA PELO MENOS 5 MINUTOS ANTES DO HORARIO DESIGNADO E ALI PERMANECER AGUARDANDO O INICIO, LEMBRANDO QUE PODERA OCORRER ATRASO CASO A AUDIENCIA ANTERIOR NAO TENHA SIDO ENCERRADA. CABE AO ADVOGADO DAR CIENCIA A PARTE DA DATA E HORARIO DA AUDIENCIA, BEM COMO DO LINK E DAS INSTRUCOES DE ACESSO AO AMBIENTE VIRTUAL DA AUDIENCIA. HAVENDO IMPOSSIBILIDADE DE COMPARECIMENTO VIRTUAL A AUDIENCIA DESIGNADA, O FATO DEVERA SER INFORMADO E JUSTIFICADO NO PRAZO DE 48 HORAS APOS A CIENCIA. NO SILENCIO, ENTENDER-SE-A PELA POSSIBILIDADE DE PARTICIPACAO. SENDO A AUDIENCIA INICIAL, AS TESTEMUNHAS ESTAO DISPENSADAS DO COMPARECIMENTO. A AUSENCIA INJUSTIFICADA DO(A) RECLAMANTE IMPLICARA ARQUIVAMENTO DA RECLAMACAO COM CONDENACAO EM PAGAMENTO DE CUSTAS, E NA HIPOTESE DE DOIS ARQUIVAMENTOS, PODERA TER SUSPENSO O DIREITO DE RECLAMAR NESTA JUSTICA PELO PRAZO DE SEIS MESES. . INTIMADO(S)/CITADO(S)-MICHEL FERNANDO PRESTES-"
1589586.0,09/09/2026,09/09/2026,,Marina Luise Campana Perini,8560,Nathalia Garcia,2821,Acompanhar arquivamento,Compromisso (Acompanhar),Não iniciado,1051889-57.2024.8.26.0576,461920,Natalia Marinho de Lima,Cível,Thaia - Escritório RST&A,,
1588569.0,01/12/2026,02/12/2026,,Laryssa Mazo Pintor de Lima Rodrigues,5293,Nathalia Garcia,2821,Audiência de Instrução,Compromisso (Audiência),Não iniciado,0012306-93.2025.5.15.0062,467962,Flavya Selleny Alves Figueiredo,Trabalhista,Jurídico Trabalhista,,Telepresencial
1587889.0,02/07/2027,19/07/2027,,Laryssa Mazo Pintor de Lima Rodrigues,5293,Nathalia Garcia,2821,Renovação da Apólice,Compromisso,Não iniciado,0011338-94.2020.5.15.0076,235535,Joselino Ranuzii da Silva,Trabalhista,Escritório Tozzini,,Renovação Apólice – Recurso de Revista
1587706.0,11/08/2026,12/08/2026,,Laryssa Mazo Pintor de Lima Rodrigues,5293,Nathalia Garcia,2821,Defesa e documentos,Compromisso (Prazo),Concluído,0010002-22.2026.5.15.0116,470279,Geyse Cristina Soares de Oliveira,Trabalhista,Jurídico Trabalhista,,Lary 11/08: Defesa e documentos protocolados. Salvei na pasta e GED.
1587705.0,12/08/2026,13/08/2026,,Laryssa Mazo Pintor de Lima Rodrigues,5293,Nathalia Garcia,2821,Audiência Inicial,Compromisso (Audiência),Concluído,0010002-22.2026.5.15.0116,470279,Geyse Cristina Soares de Oliveira,Trabalhista,Jurídico Trabalhista,,"Lary 17/08: Audiência na pauta e sistema. Prazos agendados. 

Lary 14/08: Prazos não agendados. Cobrei retorno. Ajustar para dia 17/08.

Lary 13/08: Sem acordo. Foi agendada pericia para insalubridade com definição de prazos e entrega do laudo. Além disso, foi agendada audiência de instrução presencial para o dia 11/02/2027, às 09:30. Não finalizei para acompanhar, ajustar para dia 14/08.

Lary 12/08: Audiência será dia 13/08. Preposta ciente. 

Telepresencial."
1587480.0,20/12/2029,24/01/2029,,Laryssa Mazo Pintor de Lima Rodrigues,5293,Nathalia Garcia,2821,Renovação da Apólice,Compromisso (Prazo),Não iniciado,0011196-90.2020.5.15.0076,233999,Gabriel Pereira Ribeiro,Trabalhista,Escritório Tozzini,,Renovação Apólice – Recurso Ordinário
1587136.0,16/12/2031,16/01/2031,,Laryssa Mazo Pintor de Lima Rodrigues,5293,Nathalia Garcia,2821,Renovação da Apólice,Compromisso (Prazo),Não iniciado,0010455-28.2023.5.15.0017,396807,Ivair Roberto Nunes Alves,Trabalhista,Escritório Tozzini,,Renovação Apólice – AIRR
1585355.0,06/08/2026,07/08/2026,,Amanda Carvalho Martins,9353,Nathalia Garcia,2821,Contrarrazões de Apelação,Compromisso (Prazo),Concluído,4012336-15.2025.8.26.0576,470208,Irineu Teodosio,Cível,Thaia - Escritório RST&A,,Protocolo realizado em 07.08
1584785.0,20/12/2030,29/12/2030,,Laryssa Mazo Pintor de Lima Rodrigues,5293,Nathalia Garcia,2821,Renovação da Apólice,Compromisso (Prazo),Não iniciado,0010950-03.2023.5.15.0137,410474,Daniela Darly Pereira Lima,Trabalhista,Jurídico Trabalhista,,Solicitar renovação da apólice de nº 0306920259907751671830000 (RO)
1584674.0,04/08/2028,04/08/2028,,Camila Milene Lima da Cruz,7834,Nathalia Garcia,2821,Renovação da Apólice,Compromisso (Prazo),Não iniciado,0011915-38.2021.5.15.0076,303353,Carlos Eduardo Ferreira de Jesus,Trabalhista,Escritório Tozzini,,
1578760.0,02/09/2026,02/09/2026,,Marina Luise Campana Perini,8560,Nathalia Garcia,2821,Acompanhar homologação de acordo,Compromisso (Acompanhar),Não iniciado,1001208-49.2024.8.26.0458,467871,Helder Luiz Julião Rosa,Cível,Procuradoria do Estado de São Paulo,,Acompanhar homologação de acordo
1578119.0,01/09/2026,01/09/2026,,Marina Luise Campana Perini,8560,Nathalia Garcia,2821,Acompanhar transito em julgado,Compromisso,Não iniciado,8000196-94.2023.8.05.0264,461621,Zilda Souza,Cível,Bentivegna e Ribeiro Advogados,,Acompanhar transito em julgado
1578110.0,01/09/2026,02/09/2026,,Laryssa Mazo Pintor de Lima Rodrigues,5293,Nathalia Garcia,2821,Defesa e documentos,Compromisso (Prazo),Concluído,0011908-26.2025.5.15.0102,469365,Emerson de Oliveira Souza,Trabalhista,Jurídico Trabalhista,,Lary 17/08: Defesa e documentos protocolados. Salvei na pasta e GED.
1578109.0,02/09/2026,03/09/2026,,Laryssa Mazo Pintor de Lima Rodrigues,5293,Nathalia Garcia,2821,Audiência Inicial,Compromisso (Audiência),Não iniciado,0011908-26.2025.5.15.0102,469365,Emerson de Oliveira Souza,Trabalhista,Jurídico Trabalhista,,Telepresencial
1574132.0,12/11/2030,12/11/2030,,Laryssa Mazo Pintor de Lima Rodrigues,5293,Nathalia Garcia,2821,Renovação da Apólice,Compromisso (Prazo),Não iniciado,0010481-66.2023.5.15.0133,396811,Orivando Henrique Bertolucci Junior,Trabalhista,Jurídico Trabalhista,,
1572508.0,02/11/2026,03/11/2026,,Camila Milene Lima da Cruz,7834,Nathalia Garcia,2821,Audiência de Instrução,Compromisso (Audiência),Concluído,0010768-58.2025.5.15.0036,466423,Doroteia Alves Ferracini,Trabalhista,Jurídico Trabalhista,,"Camila 18/11: Audiência cancelada, tendo em vista a homologação do acordo celebrado entre a 1ª reclamada e a reclamante, com a exclusão da Pacaembu do polo passivo. 

Telepresencial"
1570591.0,07/09/2026,08/09/2026,,Laryssa Mazo Pintor de Lima Rodrigues,5293,Nathalia Garcia,2821,Audiência de Instrução,Compromisso (Audiência),Não iniciado,0010319-21.2025.5.15.0030,463523,Alcimar Souza Bonfim,Trabalhista,Jurídico Trabalhista,,TELEPRESENCIAL
1569873.0,28/10/2030,28/10/2030,,Laryssa Mazo Pintor de Lima Rodrigues,5293,Nathalia Garcia,2821,Renovação da Apólice,Compromisso (Prazo),Não iniciado,0011944-36.2022.5.15.0082,379250,Vaulte Aparecido Mendes Rodrigues,Trabalhista,Escritório Tozzini,,
1568971.0,22/09/2028,22/09/2028,,Lawrencce Van Hornn Liberatori da Silva,9293,Nathalia Garcia,2821,Cancelamento da Apólice,Compromisso (Prazo),Não iniciado,4004020-73.2025.8.26.0071,468560,V.J. Caceano - ME,Cível,Thaia - Escritório RST&A,,Verificar.
1568488.0,01/09/2026,01/09/2026,,Marina Luise Campana Perini,8560,Nathalia Garcia,2821,Acompanhar retorno Araraquara Agropecuária e Secretaria de Meio Ambiente,Compromisso,Não iniciado,0195.0000442/2025,463887,Promotoria de Justiça Cível de Araraquara,Procedimento Administrativo,Jurídico Interno Cível,,Acompanhar retorno Araraquara Agropecuária e Secretaria de Meio Ambiente (olhar a cada 10 dias)
1568250.0,03/09/2027,03/09/2027,,Marina Luise Campana Perini,8560,Nathalia Garcia,2821,Cancelamento de Apólice,Compromisso (Prazo),Não iniciado,1025752-98.2024.8.26.0071,454780,Prefeitura Municipal de Bauru,Cível,Serur Advogados,,Verificar se iremos cancelar.
1567901.0,17/11/2028,17/11/2028,,Laryssa Mazo Pintor de Lima Rodrigues,5293,Nathalia Garcia,2821,Renovação da Apólice,Compromisso (Prazo),Não iniciado,0011170-81.2020.5.15.0015,234613,Tiago da Silva Melo,Trabalhista,Escritório Tozzini,,
1567253.0,24/10/2028,25/10/2028,,Laryssa Mazo Pintor de Lima Rodrigues,5293,Nathalia Garcia,2821,Renovação da Apólice,Compromisso (Prazo),Não iniciado,0011198-49.2020.5.15.0015,234086,Elismar Bento dos Santos,Trabalhista,Escritório Tozzini,,
1567252.0,15/07/2030,15/07/2030,,Camila Milene Lima da Cruz,7834,Nathalia Garcia,2821,Renovação da Apólice,Compromisso (Prazo),Não iniciado,0010729-96.2022.5.15.0026,342191,Thiago Augusto Fidelis,Trabalhista,Escritório Tozzini,,
1567247.0,15/10/2030,15/10/2030,,Laryssa Mazo Pintor de Lima Rodrigues,5293,Nathalia Garcia,2821,Renovação da Apólice,Compromisso (Prazo),Não iniciado,0011920-25.2022.5.15.0044,378373,Aecio Ribeiro Cunha,Trabalhista,Escritório Tozzini,,
1567238.0,01/10/2030,01/10/2030,,Laryssa Mazo Pintor de Lima Rodrigues,5293,Nathalia Garcia,2821,Renovação da Apólice,Compromisso (Prazo),Não iniciado,0011936-03.2022.5.15.0133,379786,Julio Cezar Vendramini,Trabalhista,Escritório Tozzini,,
1566443.0,17/10/2030,17/10/2030,,Laryssa Mazo Pintor de Lima Rodrigues,5293,Nathalia Garcia,2821,Renovação da Apólice,Compromisso (Prazo),Não iniciado,1001040-20.2018.5.02.0056,167405,União Federal,Trabalhista,Jurídico Trabalhista,,
1566375.0,24/09/2026,24/09/2026,,Marina Luise Campana Perini,8560,Nathalia Garcia,2821,Emissão certidões - Empresas Pacavitta,Compromisso,Não iniciado,,,,,,,"Pacavitta Empreendimentos Imobiliários Ltda - CNPJ 54.581.614/0001-33
Lon Vitta Residencial 158 SPE Ltda - CNPJ 43.133.959/0001-08
Lon 218 Vitta Residencial SPE Ltda - CNPJ 49.690.207/0001-24
Lon 216 Vitta Residencial SPE Ltda - CNPJ 49.738.135-0001/48
Lon 239 Vitta Residencial SPE Ltda - CNPJ 55.527.082/0001-19"
1566007.0,01/09/2026,01/09/2026,,Amanda Carvalho Martins,9353,Nathalia Garcia,2821,Acompanhar Carta de Citação,Compromisso (Acompanhar),Não iniciado,4005032-62.2025.8.26.0576,468457,Valdenice Alves Pereira da Silva,Cível,Indeterminado,,Acompanhar citação
1565606.0,02/09/2026,02/09/2026,,Lawrencce Van Hornn Liberatori da Silva,9293,Nathalia Garcia,2821,Acompanhar Carta de Citação,Compromisso (Acompanhar),Não iniciado,4004578-82.2025.8.26.0576,468370,M&A Naves Gestão Administrativa Ltda,Cível,Escritório Reis & Souza Advogados,,Acompanhar Carta de Citação
1565591.0,01/09/2026,01/09/2026,,Lawrencce Van Hornn Liberatori da Silva,9293,Nathalia Garcia,2821,Acompanhar Carta de Citação,Compromisso (Acompanhar),Não iniciado,4004576-15.2025.8.26.0576,468367,M&A Naves Gestão Administrativa Ltda,Cível,Indeterminado,,
1565267.0,01/09/2026,01/09/2026,,Marina Luise Campana Perini,8560,Nathalia Garcia,2821,Acompanhar Carta de Citação,Compromisso (Acompanhar),Não iniciado,4003348-89.2025.8.26.0451,468335,Bruna Caroline da Silva,Cível,Indeterminado,,
1561680.0,24/08/2028,25/08/2028,,Marina Luise Campana Perini,8560,Nathalia Garcia,2821,Cancelamento de Apólice,Compromisso (Prazo),Não iniciado,1008450-10.2025.8.26.0269,467849,Prefeitura de Itapetininga,Tributário,Serur Advogados,,Cancelamento apólice.
1560844.0,29/09/2030,03/10/2025,,Laryssa Mazo Pintor de Lima Rodrigues,5293,Nathalia Garcia,2821,Verificar Despacho,Compromisso (Prazo),Concluído,1001523-22.2025.5.02.0083,467529,Iasmin Santos do Rosario,Trabalhista,Jurídico Trabalhista,,"Lary 29/09: Recebimento da petição de habilitação da Pacaembu. Nada fazer. 

. D J E N - TRT2
Disponibilização: sexta-feira, 26 de setembro de 2025.
Arquivo: 1
Publicação: 16297
TRT2 Diário Eletrônico de Justiça Nacional
Intimação Processo: 1001523-22.2025.5.02.0083   Órgão: 83ª Vara do Trabalho de São Paulo  Data de disponibilização:   Tipo de comunicação: Intimação  Meio: Diário de Justiça Eletrônico Nacional   Parte(s):   IASMIN SANTOS DO ROSARIO  PACAEMBU CONSTRUTORA S.A.   Advogado(s)   DIEGO PRETO DE OLIVEIRA  OAB SP-459484  NATHALIA CAROLINE CORREIA GARCIA  OAB SP-338049   PODER JUDICIÁRIO JUSTIÇA DO TRABALHO TRIBUNAL REGIONAL DO TRABALHO DA 2ª REGIÃO 83ª VARA DO TRABALHO DE SÃO PAULO ATSum 1001523-22.2025.5.02.0083 RECLAMANTE: IASMIN SANTOS DO ROSARIO RECLAMADO: PACAEMBU CONSTRUTORA S.A. INTIMAÇÃO Fica V. Sa. intimado para tomar ciência do Despacho ID a40a1d4 proferido nos autos. CONCLUSÃO Nesta data, faço o feito concluso ao(a) MM(a) Juiz(a) da 83ª Vara do Trabalho de São Paulo/SP. SÃO PAULO/SP, data abaixo CARLOS ALBERTO DUARTE LOBENWEIN DESPACHO Vistos. Apresentada a habilitação e considerando que incumbe à parte interessada o regular cadastro do advogado que receberá as intimações, nada a anotar. Observando, de qualquer forma, que os(as) advogados(as) indicados(as) na petição já se encontra(m) devidamente cadastrados(as) na autuação do processo. Aguarde-se a audiência designada para o dia 30/10/2025 12:20min. Intimem-se, via DJEN. SAO PAULO/SP, 25 de setembro de 2025. LUCIANA DE SOUZA MATOS DELBIN MORAES Juíza do Trabalho TitularIntimado(s) / Citado(s) - PACAEMBU CONSTRUTORA S.A"
1552589.0,31/08/2026,31/08/2026,,Marina Luise Campana Perini,8560,Nathalia Garcia,2821,Acompanhar,Compromisso (Acompanhar),Não iniciado,1520480-69.2025.8.26.0576,467120,Município São José do Rio Preto,Cível,Jurídico Interno Cível,,Acompanhar juntada do AR e envio da guia pela Prefeitura.
1549455.0,11/08/2030,11/08/2030,,Camila Milene Lima da Cruz,7834,Nathalia Garcia,2821,Renovação da Apólice,Compromisso (Prazo),Não iniciado,0011098-30.2024.5.15.0088,455250,Gregori Peter Aparecido Oliveira,Trabalhista,Jurídico Trabalhista,,
1549452.0,11/08/2030,11/08/2030,,Camila Milene Lima da Cruz,7834,Nathalia Garcia,2821,Renovação da Apólice,Compromisso (Prazo),Não iniciado,0017083-08.2024.5.16.0005,454380,Charles Soares Dias,Trabalhista,Jurídico Trabalhista,,
1548992.0,01/09/2028,01/09/2028,,Laryssa Mazo Pintor de Lima Rodrigues,5293,Nathalia Garcia,2821,Renovação da Apólice,Compromisso (Prazo),Não iniciado,0011928-37.2021.5.15.0076,303354,Lucas Francisco Souza,Trabalhista,Escritório Tozzini,,
1548980.0,05/09/2028,05/09/2028,,Laryssa Mazo Pintor de Lima Rodrigues,5293,Nathalia Garcia,2821,Renovação da Apólice,Compromisso (Prazo),Não iniciado,0011924-97.2021.5.15.0076,303355,Ronaldo Rogério Junior,Trabalhista,Escritório Tozzini,,
1548976.0,05/08/2030,05/08/2030,,Laryssa Mazo Pintor de Lima Rodrigues,5293,Nathalia Garcia,2821,Renovação da Apólice,Compromisso (Prazo),Não iniciado,0011011-19.2022.5.18.0005,369945,Kairo Queven Oliveira Gomes,Trabalhista,Jurídico Trabalhista,,
1548973.0,07/08/2030,07/08/2030,,Camila Milene Lima da Cruz,7834,Nathalia Garcia,2821,Renovação da Apólice,Compromisso (Prazo),Não iniciado,0011407-69.2024.5.15.0082,449452,Renato Pasqualinotto,Trabalhista,Jurídico Trabalhista,,
1548653.0,05/08/2030,05/08/2030,,Laryssa Mazo Pintor de Lima Rodrigues,5293,Nathalia Garcia,2821,Renovação da Apólice,Compromisso (Prazo),Não iniciado,0010596-19.2025.5.15.0133,463522,Rogerio Barbosa da SIlva,Trabalhista,Jurídico Trabalhista,,
1548251.0,05/08/2030,05/08/2030,,Laryssa Mazo Pintor de Lima Rodrigues,5293,Nathalia Garcia,2821,Renovação da Apólice,Compromisso (Prazo),Não iniciado,0011369-35.2022.5.15.0015,353180,Jose Cristiano da Silva,Trabalhista,Escritório Tozzini,,
1548250.0,05/08/2028,05/08/2028,,Laryssa Mazo Pintor de Lima Rodrigues,5293,Nathalia Garcia,2821,Renovação da Apólice,Compromisso (Prazo),Não iniciado,0011489-26.2021.5.15.0076,287746,João dos Reis Guiraldelli,Trabalhista,Escritório Tozzini,,
1546271.0,31/07/2030,31/07/2030,,Laryssa Mazo Pintor de Lima Rodrigues,5293,Nathalia Garcia,2821,Renovação da Apólice,Compromisso (Prazo),Não iniciado,0010822-58.2023.5.15.0015,396806,Lucas Ferreira Augusto,Trabalhista,Escritório Tozzini,,
1546116.0,02/09/2026,02/09/2026,,Marina Luise Campana Perini,8560,Nathalia Garcia,2821,Acompanhar se houve devolutiva,Compromisso,Não iniciado,0202-24,455687,Agricola Zancaner Hernandes Ltda,,Jurídico Notificação,,
1544202.0,03/08/2028,03/08/2028,,Laryssa Mazo Pintor de Lima Rodrigues,5293,Nathalia Garcia,2821,Renovação da Apólice,Compromisso (Prazo),Não iniciado,0011639-07.2021.5.15.0076,294738,Marcelo Adriano Porto,Trabalhista,Escritório Tozzini,,
1544192.0,16/08/2028,16/08/2028,,Laryssa Mazo Pintor de Lima Rodrigues,5293,Nathalia Garcia,2821,Renovação da Apólice,Compromisso (Prazo),Não iniciado,0011170-81.2020.5.15.0015,234613,Tiago da Silva Melo,Trabalhista,Escritório Tozzini,,
1544184.0,03/07/2030,03/07/2030,,Camila Milene Lima da Cruz,7834,Nathalia Garcia,2821,Renovação da Apólice,Compromisso (Prazo),Não iniciado,0016454-34.2024.5.16.0005,449285,Igor Barbosa,Trabalhista,Jurídico Trabalhista,,
1544168.0,25/11/2027,25/11/2027,,Camila Milene Lima da Cruz,7834,Nathalia Garcia,2821,Renovação da Apólice,Compromisso (Prazo),Não iniciado,0010130-64.2020.5.15.0015,225938,Eneias Junior Mendonça,Trabalhista,Escritório Tozzini,,
1543825.0,02/09/2026,02/09/2026,,Marina Luise Campana Perini,8560,Nathalia Garcia,2821,Acompanhar,Compromisso,Não iniciado,0031841-72.2008.8.26.0506,465811,Ministério Público do Estado de São Paulo,Cível,Escritório Reis & Souza Advogados,,Acompanhar
1543671.0,26/08/2026,27/08/2026,,Laryssa Mazo Pintor de Lima Rodrigues,5293,Nathalia Garcia,2821,Audiência de Instrução,Compromisso (Audiência),Finalizado pelo Encarregado(a),0012435-76.2024.5.15.0016,455166,Henrique Lopes Pereira,Trabalhista,Jurídico Trabalhista,,"Lary 28/08: Audiência realizada. Razões Finais Protocolada. Salvei na pasta e GED. 

Telepresencial"
1539178.0,07/06/2028,08/07/2028,,Laryssa Mazo Pintor de Lima Rodrigues,5293,Nathalia Garcia,2821,Renovação da Apólice,Compromisso (Prazo),Não iniciado,0011198-49.2020.5.15.0015,234086,Elismar Bento dos Santos,Trabalhista,Escritório Tozzini,,
1539176.0,03/07/2028,03/08/2028,,Laryssa Mazo Pintor de Lima Rodrigues,5293,Nathalia Garcia,2821,Renovação da Apólice,Compromisso (Prazo),Não iniciado,0012142-62.2020.5.15.0076,247217,Mateus de Paula Xavier,Trabalhista,Jurídico Trabalhista,,
1538330.0,22/09/2026,22/09/2026,,Laryssa Mazo Pintor de Lima Rodrigues,5293,Nathalia Garcia,2821,Acompanhamento,Compromisso,Em andamento,,,,,,,"Ajustado para dia 22/09

Lary 04/08: Ajustar para retorno férias Lary dia 22/09.

Ajustar para dia 17/07/2026

Lary 15/06: Agendamos reunião na quarta, 17/06. Ajustar. 

Lary 15/05: Agendamos a revisão do PPT cota aprendiz/pcd para próxima sexta, 29/05. 

Ajustado para dia 23/04
Lary 16/04: Ajustar para dia 23/04 

Lary 15/04: Ajustar para dia 16/04 - data da nossa reunião trabalhista. 

Ajustado para dia 09/04/26

Lary 08/04 Alinhamos que iremos revisar o PPT na nossa pauta trabalhista - ajustar para dia 09/04.

Lary 30/03: Alinhamos que iremos revisar o PPT na nossa pauta trabalhista - ajustar para dia 02/04. 

Ajustado para dia 30/03

Lary 24/03: PPT cota aprendiz. 

Ajustado para dia 24/03/26

Ajustado para dia 16/03/2026

Ajustado para dia 03/03 

Ajustado para dia 08/12
Lary 01/12:: Ajustar para o dia da nossa pauta trabalhista - 02/12

Ajustado para 01/12
Lary 24/11: Ajustar para o dia da nossa pauta trabalhista, quinta (27/11)

Ajustado para dia 24/11/2025
Lary 07/11: Camila fará novos ajustes no PPT. Reunião sobre o assunto ficou para dia 20/11 - retorno da Nath.

Ajustado para dia 06/11/2025
Lary 16/10: PPT enviado para analise. Assunto está na nossa pauta trabalhista. 

Ajustado para dia 16/10
Lary 09/10: Alinhamos na pauta trabalhista que elaboraremos um PPT sobre COTA e PCD para então apresentar para a Nath e agendar reunião com o Robinho. Prazo de entrega: 16/10 - ajustar. 


Lary 06/10: Não conseguimos a reunião. Ajustar para dia 09/10. Data da Pauta trabalhista. 
Ajustado para dia 06/10/2025
Lary 26/09: Caso está na pauta trabalhista para falarmos em reunião, já que recebemos notf. dos autos de infração lavrado em razão do descumprimento da cota. 

Ajustado para dia 22/09
Lary 16/09: Conversei com o Robinho e ele informou que o assunto será tratado pelo Miranda com os Diretores. Ajustar para dia 22/09 - verificar retorno. 

Ajustado para dia 16/09
Acompanhar - Cota de Aprendizagem - Robinho"
1535911.0,01/09/2026,01/09/2026,,Marina Luise Campana Perini,8560,Nathalia Garcia,2821,Acompanhamento,Compromisso,Não iniciado,1011787-43.2025.8.26.0451,465675,Delailton Barboza da Silva,Cível,Indeterminado,,Acompanhar citação
1535895.0,10/09/2026,11/09/2026,,Marina Luise Campana Perini,8560,Nathalia Garcia,2821,Contrarrazões,Compromisso (Prazo),Não iniciado,1009789-40.2025.8.26.0451,465670,Jonas Andrade da Silva,Cível,Bruno - Escritório RST&A,,Pendente - aguardando minuta
1535325.0,08/05/2028,08/05/2028,,Camila Milene Lima da Cruz,7834,Nathalia Garcia,2821,Renovação da Apólice,Compromisso (Prazo),Não iniciado,0011086-46.2021.5.15.0015,274310,José da Penha Ribeiro Lopes,Trabalhista,Escritório Tozzini,,
1535312.0,28/04/2030,28/04/2030,,Camila Milene Lima da Cruz,7834,Nathalia Garcia,2821,Renovação da Apólice,Compromisso (Prazo),Não iniciado,0012229-93.2023.5.15.0017,443078,Italo Henrique da Silva,Trabalhista,Jurídico Trabalhista,,
1535309.0,25/03/2030,25/03/2030,,Camila Milene Lima da Cruz,7834,Nathalia Garcia,2821,Renovação da Apólice,Compromisso (Prazo),Não iniciado,0012347-84.2023.5.15.0012,442097,Edimilsom Pereira da Silva,Trabalhista,Jurídico Trabalhista,,
1535206.0,11/03/2030,11/03/2030,,Camila Milene Lima da Cruz,7834,Nathalia Garcia,2821,Renovação da Apólice,Compromisso (Prazo),Não iniciado,0012016-24.2022.5.15.0017,379784,Odair Bueno da Silva,Trabalhista,Escritório Tozzini,,
1533234.0,10/06/2030,10/06/2030,,Camila Milene Lima da Cruz,7834,Nathalia Garcia,2821,Renovação da Apólice,Compromisso (Prazo),Não iniciado,0011087-95.2021.5.15.0026,292561,Viviane dos Santos Epifanio,Trabalhista,Jurídico Trabalhista,,
1531345.0,02/06/2030,02/06/2030,,Camila Milene Lima da Cruz,7834,Nathalia Garcia,2821,Renovação da Apólice,Compromisso (Prazo),Não iniciado,0010490-67.2024.5.15.0141,449443,Leandro da Cunha de Brito,Trabalhista,Jurídico Trabalhista,,
1531338.0,26/04/2030,26/04/2030,,Camila Milene Lima da Cruz,7834,Nathalia Garcia,2821,Renovação da Apólice,Compromisso (Prazo),Não iniciado,0011408-54.2024.5.15.0082,449987,Emerson Pereira Celestino,Trabalhista,Jurídico Trabalhista,,
1523781.0,31/08/2026,31/08/2026,,Marina Luise Campana Perini,8560,Nathalia Garcia,2821,Acompanhar arquivamento,Compromisso,Não iniciado,1513069-72.2025.8.26.0576,464339,Município São José do Rio Preto,Tributário,Jurídico Interno Cível,,
1520489.0,04/09/2026,04/09/2026,,Marina Luise Campana Perini,8560,Nathalia Garcia,2821,Acompanhar arquivamento,Compromisso,Não iniciado,1513071-42.2025.8.26.0576,464100,Município São José do Rio Preto,Tributário,Jurídico Interno Cível,,"Mario regularizou os débitos - Município requereu a extinção da execução - Acompanhar arquivamento. 

Lote - Mario Cassapulas"
1520195.0,04/09/2026,04/09/2026,,Marina Luise Campana Perini,8560,Nathalia Garcia,2821,Acompanhamento,Compromisso,Não iniciado,0026-25,462529,Erico José Alves Neto,,Jurídico Notificação,,Acompanhar processo 1005526-47.2024.8.26.0047
1517688.0,28/08/2026,31/08/2026,,Marina Luise Campana Perini,8560,Nathalia Garcia,2821,Empresa Amiga da Justiça,Compromisso (Prazo),Não iniciado,,,,,,,Envio relação de acordos ao TJSP - Ref. 1º semestre 2026
1516525.0,01/04/2030,01/05/2030,,Laryssa Mazo Pintor de Lima Rodrigues,5293,Nathalia Garcia,2821,Renovação da Apólice,Compromisso (Prazo),Não iniciado,0010474-33.2023.5.15.0082,396808,Andre Luiz Marchi,Trabalhista,Jurídico Trabalhista,,
1515042.0,04/09/2026,04/09/2026,,Marina Luise Campana Perini,8560,Nathalia Garcia,2821,Acompanhamento,Compromisso,Não iniciado,1004992-59.2025.8.26.0309,463648,Zilda de Almeida Silva,Cível,Indeterminado,,Acompanhar citação
1510951.0,14/02/2030,14/02/2030,,Camila Milene Lima da Cruz,7834,Nathalia Garcia,2821,Renovação da Apólice,Compromisso (Prazo),Não iniciado,0012932-30.2023.5.15.0015,445373,Carina Ferreira de Jesus da Paz,Trabalhista,Jurídico Trabalhista,,
1504756.0,31/08/2026,31/08/2026,,Laryssa Mazo Pintor de Lima Rodrigues,5293,Nathalia Garcia,2821,Acompanhamento decisão – TRF6 6002221-05.2024.4.06.0000/MG – Relatório Salarial,Compromisso (Prazo),Em andamento,,,,,,,"Ajustado para dia 31/08
Lary 04/08: Autos seguem conclusos para julgamento. Ajustar para dia 31/08

Ajustado para dia 24/07

Lary 10/07: Autos seguem conclusos para julgamento. Ajustar para dia 24/07

Lary 22/06: Autos seguem conclusos para julgamento. Ajustar para dia 06/07.

Lary 15/06: Autos seguem conclusos para julgamento. Ajustar para dia 22/06. 

Ajustado para dia 15/06

Lary 02/06: Autos seguem conclusos para julgamento. Ajustar para 15/06. 

Lary 18/05: 01/05/2026 00:31:53 - Conclusos para julgamento. Ajustar para dia 29/05.

Lary 04/05: 01/05/2026 00:31:53 - Conclusos para julgamento. Ajustar para dia 18/05. 

Ajustado para dia 30/04
Lary 14/04: Suspensão mantida. Ajustar para dia 30/04

Ajustado para dia 14/04

Lary 24/03: Suspensão mantida. Ajustar para dia 14/04. 

Ajustado para dia 24/03/2026
Lary 03/03: Suspensão Mantida. Ajustar para 24/03

Ajustado para dia 03/03 
Lary 22/01: Suspensão mantida. Ajustar para dia 03/02 

Lary 06/01: Suspensão mantida. Ajustar para dia 22/01 

Lary 19/12: Suspensão mantida. Ajustar para dia 06/01/2026

Lary 10/12: Nos autos da ação ajuizada pela ABRAINC a obrigatoriedade de publicidade do relatório foi SUSPENSA para as empresas associadas (envolve a Pacaembu). - Ajustar para dia 19/12 - consultar o processo. 

Ajustado para dia 08/12
Lary 01/12:: Ajustar para o dia da nossa pauta trabalhista - 02/12

Ajustado para 01/12
Lary 24/11: Ajustar para o dia da nossa pauta trabalhista, quinta (27/11)

Ajustado para dia 24/11/2025
Lary 07/11: E-mail enviado para o time trabalhista + Miranda + Robinho sobre o assunto. Ajustar para dia 20/11 - retorno da Nath.

Ajustado para dia 06/11/2025
Lary 16/10:  Assunto está na nossa pauta trabalhista. 

Ajustado para dia 16/10 - veja se está na pauta para falarmos
Lary 13/10: 4ª Turma do TRF da 6ª Região decidiu suspender os efeitos do Decreto nº 11.795/2023 e da Portaria do Ministério do Trabalho e Emprego (MTE) nº 3.714/2023, exclusivamente no que se refere à obrigatoriedade de publicidade dos relatórios de transparência salarial e critérios remuneratórios para empresas privadas do setor industrial com 100 ou mais empregados estabelecidas em Minas Gerais, até que seja proferida sentença definitiva. - Anotei o caso na nossa pauta para falarmos. Ajustar para dia 16/10


Lary 06/10: Suspensão mantida. Ajustar para dia 13/10

Ajustado para dia 06/10/2025
Lary 29/09: Suspensão mantida. Ajustar para dia 06/10

Ajustado para dia 29/09 
Lary 22/09: Suspensão mantida - ajustar para dia 29/09

Ajustado para dia 22/09
Lary 15/09: Suspensão mantida - ajustar para dia 22/09

Ajustado par dia 15/09
Lary 14/08: Suspensão mantida - Ajustar para 15/09

Ajustado para dia 14/08/2025
Lary 14/07:  Suspensão mantida - Ajustar para 14/08

Ajustado para dia 14/07/2025
Lary 17/06:  Suspensão mantida - Ajustar para 14/07


Lary 13/05: Suspensão mantida - Ajustar para 17/06

Ajustado para dia 13/05
Lary 29/04: Suspensão mantida. Ajustar para dia 13/05

Lary 07/04: Suspensão mantida. Ajustar para dia 14/04.

Lary 31/03: Suspensão mantida. Ajustar para dia 14/04. 

Ajustado para dia 31/03/25.
Lary 17/03: Decisão mantida. Suspensão permanece. Ajustar para dia 31/03.

Lary 14/03:  Decisão mantida. Ajustar para dia 17/03.
Ajustado para dia 14/03/2025
Lary 28/02: Decisão mantida. Ajustar para dia 17/03."
1497357.0,04/09/2026,04/09/2026,,Marina Luise Campana Perini,8560,Nathalia Garcia,2821,Acordos Amigo da Justiça,Compromisso,Não iniciado,,,,,,,Solicitar aos departamentos os acordos realizados no mês.
1494671.0,08/09/2026,08/09/2026,,Marina Luise Campana Perini,8560,Nathalia Garcia,2821,Acompanhar,Compromisso (Acompanhar),Não iniciado,1024972-35.2023.8.26.0576,405788,Jardim California Empreendimentos Imobiliarios Spe ltda,Cível,Jurídico Interno Cível,,Acompanhar quinzenalmente.
1494272.0,27/09/2026,27/09/2026,,Marina Luise Campana Perini,8560,Nathalia Garcia,2821,,Compromisso,Não iniciado,,,,,,,Cobra envio do Relatório de contingência
1493902.0,31/08/2026,31/08/2026,,Marina Luise Campana Perini,8560,Nathalia Garcia,2821,Acompanhamento ACP Pacavitta,Compromisso,Não iniciado,,,,,,,Acompanhamento semanal - ACP Pacavitta - 0071959-70.2020.8.16.0014
1492819.0,08/11/2029,08/11/2029,,Laryssa Mazo Pintor de Lima Rodrigues,5293,Nathalia Garcia,2821,Renovação da Apólice,Compromisso (Prazo),Não iniciado,0011920-25.2022.5.15.0044,378373,Aecio Ribeiro Cunha,Trabalhista,Escritório Tozzini,,
1492814.0,12/11/2029,12/11/2029,,Laryssa Mazo Pintor de Lima Rodrigues,5293,Nathalia Garcia,2821,Renovação da Apólice,Compromisso (Prazo),Não iniciado,0010455-28.2023.5.15.0017,396807,Ivair Roberto Nunes Alves,Trabalhista,Escritório Tozzini,,
1492073.0,06/11/2029,06/11/2029,,Laryssa Mazo Pintor de Lima Rodrigues,5293,Nathalia Garcia,2821,Renovação da Apólice,Compromisso (Prazo),Não iniciado,0011944-36.2022.5.15.0082,379250,Vaulte Aparecido Mendes Rodrigues,Trabalhista,Escritório Tozzini,,
1486546.0,24/10/2029,25/10/2029,,Camila Milene Lima da Cruz,7834,Nathalia Garcia,2821,Renovação da Apólice,Compromisso,Não iniciado,0016454-34.2024.5.16.0005,449285,Igor Barbosa,Trabalhista,Jurídico Trabalhista,,
1486352.0,09/09/2026,09/09/2026,,Marina Luise Campana Perini,8560,Nathalia Garcia,2821,Acompanhar extinção,Compromisso (Acompanhar),Não iniciado,1051900-86.2024.8.26.0576,459453,Roberta Anteliz Nardoni,Cível,Escritório Reis & Souza Advogados,,
1485189.0,25/08/2026,25/08/2026,,Laryssa Mazo Pintor de Lima Rodrigues,5293,Nathalia Garcia,2821,Certidão Processos Trabalhistas,Compromisso (Prazo),Em andamento,,,,,,,"Ajustado para dia 25/08/2026

Lary 11/08: Cobrei a Joyce, mas ela nao emitiu as certidões. Ajustar para dia 18/08

Lary 04/08: Cobrei a Joyce, mas ela nao emitiu as certidões. Ajustar para dia 11/08

Lary 31/07: Cobrei a Joyce, mas ela nao emitiu as certidões. Ajustar para dia 04/08. 

Ajustado para dia 10/08

Camila 21/07: Até o momento a Joyce não emitiu as novas certidões. Ajustar p/ 27/07 - retorno do afastamento.

Ajustado para dia 17/07

Camila 15/07: Até o momento a Joyce não emitiu as novas certidões. Ajustar p/ 17/07.

Camila 10/07: Até o momento a Joyce não emitiu as novas certidões. Ajustar p/ 13/07.

Ajustado para dia 09/07

Camila 02/07: Até o momento a Joyce não emitiu as novas certidões. Ajustar p/ 06/07.

Camila 29/06: Até o momento a Joyce não emitiu as novas certidões. Ajustar p/ 30/06.

Camila 15/06: A Joyce não emitiu as novas certidões. Ajustar p/ 24/06 - retorno das férias dela. 

Camila 10/06: Até o momento a Joyce não emitiu as novas certidões. Ajustar p/ 12/06.

Camila 28/05: A Joyce emitiu as novas certidões ontem e encontrou 5 novo processo, que será cadastrado. Ajustar p/ 04/06.

Camila 19/05: A Joyce emitiu as novas certidões ontem e encontrou 1 novo processo, que será cadastrado. Ajustar p/ 25/05. 

Camila 12/05: A Joyce emitiu as novas certidões hoje e não encontrou novos processos. Ajustar p/ 19/05.

Camila 06/05: Até o momento a Joyce não emitiu as novas certidões.

Camila 05/05: Até o momento a Joyce não emitiu as novas certidões. Cobrei hoje. Ajustar p/ 05/05. 

Camila 23/04: Alinhamos com a Joyce para ela emitir e conferir as certidões na segunda. Ajustar p/ 27/04.

Ajustado para dia 20/04/2026

Camila 14/04: Tendo em vista as outras demandas que são prioridades, as certidões ainda não foram emitidas. Ajustar p/ 17/04.

Ajustado para dia 02/04
Camila 26/02: A Joyce emitiu as novas certidões hoje e encontrou 1 novo processo, que será cadastrado. Ajustar p/ 02/04.

Camila 25/03: Enviei o link para emissão das certidões para a Joyce, mas verifiquei que ainda não foram emitidas. Ajustar p/ 26/03 para cobrar. 

Ajustado para dia 24/03
Lary 23/03: Ajustar para dia 24/03 - cobrar retorno da Joyce. 

Camila 20/03: Alinhei com a Joyce para ela colocar a emissão e conferência das certidões nas atividades dela. Ajustar p/ 23/03. 

Ajustado para dia 18/03/2026

Camila 11/03: A Karen emitiu as novas certidões hoje e não encontrou novos processos sem cadastro. Ajustar p/ 18/03. 

Ajustado para dia 03/03 
Camila 25/02: A Karen emitiu as novas certidões hoje e encontrou 3 novos processos, que serão cadastrados. Ajustar p/ 04/03. 

Camila 19/02: A Karen emitiu as novas certidões hoje e encontrou 4 novos processos, que serão cadastrados. Ajustar p/ 26/02.

Camila 11/02: A Karen emitiu as novas certidões hoje e encontrou 3 novos processos, que serão cadastrados. Ajustar p/ 20/02.

Camila 28/01: A Karen emitiu as novas certidões hoje e encontrou 3 novos processos, que serão cadastrados. Ajustar p/ 03/02. 

Camila 21/01: A Karen emitiu as novas certidões hoje e encontrou 4 novos processos, que serão cadastrados. Ajustar p/ 26/01. 

Camila 15/01: A Karen emitiu as novas certidões em 13/01 e encontrou 2 novos processos, que serão cadastrados. Ajustar p/ 19/01. 

Lary 09/01: Certidões emitidas e processos cadastrados. Ajustar para dia 15/01. 

Camila 30/12: A Karen emitiu as novas certidões ontem, 29/12, e todos os processo estão cadastrados. Ajustar p/ 15/01 - retorno das férias.

Camila 22/12: A Karen emitiu as novas certidões hoje e dois novos processos não estão cadastradas no Datajuri. Ela seguirá com o cadastro. Os 11 processos novos da semana passada já foram cadastrados. Ajustar p/ 29/12. 

Camila 15/12: A Karen emitiu as novas certidões hoje e onze novos processos não estão cadastradas no DataJuri. Ela seguirá com o cadastro de todos. Ajustar p/ 22/12 p/ conferir cadastros e nova emissão. 

Camila 08/12: A Karen emitiu as novas certidões hoje e todos os processo estão cadastrados. Ajustar p/ 15/12.

Ajustado para dia 08/12
Camila 02/12: A Karen emitiu as novas certidões hoje e todos os processo estão cadastrados. Ajustar p/ 08/12.

Ajustado para dia 01/12
Camila 25/11: A Karen emitiu as novas certidões hoje e todos os processo estão cadastrados. Ajustar p/ 01/12.

Ajustado para dia 24/11/2025
Camila 17/11: A Karen emitiu as novas certidões hoje e todos os processo estão cadastrados. Ajustar p/ 24/11.

Camila 10/11: A Karen emitiu as novas certidões hoje e todos os processo estão cadastrados. Ajustar p/ 17/11.

Ajustado para dia 10/11/25

Camila 03/11: A Karen emitiu as novas certidões hoje e todos os processo estão cadastrados. Ajustar p/ 10/11.

Camila 27/10:  A Karen emitiu as novas certidões hoje e encontrou 1 nova ação, que será cadastrada - 0012037-20.2025.5.15.0041– Silvestre Roberto Ramos Cotrim. Ajustar p/ 3/11. 

Camila 20/10: A Karen emitiu as novas certidões hoje e todos os processo estão cadastrados. Ajustar p/ 27/10.

Ajustado para dia 20/10/25
Camila 13/10: A Karen emitiu as novas certidões hoje e todos os processo estão cadastrados. Ajustar p/ 20/10.

Camila 06/10: A Karen emitiu as novas certidões hoje e encontrou 2 novas ações, que serão cadastradas (11045-74.2025.5.15.0036 – Jaqueline Gomes da Silva e 0001112-72.2025.5.09.0124 – Antônio Carlos do Nascimento de Jesus). Ajustar p/ 13/10. 

Ajustado para dia 06/10/2025
Camila 29/08: A Karen emitiu as novas certidões hoje e todos os processo estão cadastrados. Ajustar p/ 06/10.

Ajustado para dia 29/09 
Camila 24/08: A Karen emitiu as novas certidões no dia 22/09 e todos os processo estão cadastrados. Ajustar p/ 29/09.

Ajustado para dia 22/09
Camila 15/09: A  Karen emitiu as novas certidões hoje e encontrou seis novas ações que serão cadastradas. Ajustar p/ 22/09.

Ajustado para dia 16/09
Camila 09/09: A  Karen emitiu as novas certidões e encontrou uma nova ação que será cadastrada - 1001523-22.2025.5.02.008 - Iasmin Santos do Rosário. Ajustar p/ 16/09.

Camila 02/09: Ajustar p/ 08/09 - retorno da Karen. 

Camila 26/08: A Karen emitiu as novas certidões hoje e encontrou uma nova ação que será cadastrada - 1001991-20.2025.5.02.0201 - Renata Cristiane da Silva Oliveira. Ajustar p/ 02/09.

Ajustado para dia 26/08
Camila 19/08: Ontem 18/08, a Karen emitiu as novas certidões e encontrou uma nova ação que será cadastrada - 0000934-26.2025.5.09.0124 - Sirino Silvestre Santos Neto. Ajustar p/ 25/08.

Camila 11/08: A Karen emitiu as novas certidões hoje e todos os processo estão cadastrados. Ajustar p/ 18/08.

Lary 04/08: A Karen emitiu as novas certidões hoje e todos os processo estão cadastrados.  Ajustar para dia 11/08.

Lary 28/07:A Karen emitiu as novas certidões hoje e todos os processo estão cadastrados. Ajustar para dia 04/08

Camila 21/07: A Karen emitiu as novas certidões hoje e todos os processo estão cadastrados. Ajustar p/ 28/07.

Camila 16/07: A Karen emitiu as novas certidões no dia 14/07, e encontro apenas um novo cumprimento de sentença provisório, que já foi cadastrado junto ao processo pricipal.  Ajustar p/ 21/07.

Ajustado para dia 16/07/25
Camila 08/07: A Karen emitiu as novas certidões hoje e todos os processo estão cadastrados. Ajustar p/ 14/07.

Ajustado para dia 07/07/2025
Camila 30/06: A Karen emitiu as novas certidões hoje e todos os processo estão cadastrados. Ajustar p/ 07/07.

Ajustado para dia 30/06/25

Camila 23/06: A Karen emitiu as novas certidões hoje e todos os processo estão cadastrados. Ajustar p/ 30/06.

Ajustado para dia 23/06/25

Camila 17/06: A Karen emitiu as certidões e realizou a conferência. Foram encontrados 3 novos casos, que serão cadastrados. Ajustar p/ 23/06. 

Camila 16/06: A Karen fará a emissão e a conferência amanhã. Ajustar p/ 17/06 para acompanhar. 

Camila 09/06: A Karen emitiu as novas certidões e apenas um processo não estava cadastrado. Ela irá seguir com o cadastro. Ajustar p/ 16/06. 

Camila 03/06: A Karen emitiu as novas certidões e todos os processos estão cadastrados. Ajustar p/ 09/06. 

Ajustado para dia 03/06
Camila 30/05: Na segunda a Karen, com o auxilio do Josué irá emitir as certidões e realizar a conferencia. Ajustar p/ 02/06. 

Camila 23/05: A Karen realizou o cadastro de todas as novas ações. O Josué vai auxiliá-la para emitir a certidão toda semana e fazer a conferência. Ajustar p/ 30/05. 

Camila 19/05: A Karen e a Joyce estão cadastrando los novos processos. Ajustar p/ 23/05 para verificar. 

Camila 16/05: As 8 novas ação ainda não foram cadastradas no datajuri. Já cobrei o Josué. Ajustar p/ 19/05 para verificar. 

Ajustado para dia 16/05
Camila 13/05: O Josué emitiu as Certidões hoje e foram identificadas 8 novas ações, que serão cadastradas. Ajustar p/ 16/05 para verificar. 

Camila 09/05: O Josué ainda não deu retorno sobre a emissão das certidões. Ajustar p/ 12/05 para cobrá-lo. 

Ajustado para dia 09/05
Camila 06/05: Alinhei com o Josué para que as certidões sejam emitidas essa semana. Ajustar p/ 09/05. 

Camila 22/04: Vou alinhar com o Josué para ele emita as certidões e faça a conferência. Ajustar p/ 05/05. 

Camila 22/04: O Caique emitiu as certidões e fez a conferência hoje. Não encontrou processos novos fora do nosso radar. Ajustar p/ 28/04. 

Camila 17/04: O Caique emitiu as certidões e fez a conferência hoje. Não encontrou processos novos fora do nosso radar. Ajustar p/ 22/04. 

Camila 16/04: O Caique emitiu as certidões e fará a conferência amanhã. Ajustar p/ 17/04. 

Camila 15/04: Amanhã vou cobrar o Caique a emissão das certidões. Ajustar p/ 16/04. 

Camila 09/04: O Caique emitiu as certidões e fez a conferência hoje. Não encontrou processos novos fora do nosso radar. Ajustar p/ 15/04. 

Camila 07/04: Alinhei com o Caique p/ que as certidões sejam emitidas hoje até o final do dia e toda segunda-feira. Ajustar p/ 08/04 p/ conferir se foi feito. 

Camila 28/03: O Caique emitiu as certidões e fez a conferência hoje. Encontrou 2 processos e irá cadastrá-los. Ajustar p/ 04/04. 

Prazo ajustado para dia 28/03/25
Camila 26/03: Solicitei hoje ao Caique que emitisse as certidões e fizesse a conferência. Aguardando retorno da demanda. Ajustar p/ 27/03. 

Camila 21/03: Tento em vista o afastamento do Caique ainda, as certidões ainda não foram emitidas. Vou cobrar novamente. Ajustar p/ 24/03. 

Camila 19/03: O Josué e o Caique ainda não emitiram novas certidões. Vou cobrar novamente. Ajustar p/ 21/03. 

Ajustado para dia 19/03/25.
Camila 17/03: O Josué e o Caique ainda não emitiram novas certidões. Vou cobrar. Ajustar p/ 19/03. 
Camila 14/03: O Josué e o Caique ainda não emitiram novas certidões. Vou cobrar. Ajustar p/ 17/03. 

Ajustado para dia 14/03
Camila 10/03:  Emissão das certidões realizada hoje, 10/03. Segundo o Josué, todos os processos estão cadastrados no sistema. Ajustar p/ 14/03. 

Camila 10/03: O Josué ainda não emitiu as certidões essa semana. Vou cobrar novamente. Ajustar p/ 14/03. 

Prazo ajustado para dia 10/03/2025
Camila 28/02: Considerando que a emissão das certidões já foi realizada essa semana, na terça 25/02, ajustar p/ 07/03. 

Camila 25/02: Emissão das certidões hoje, 25/02. Segundo o Josué, todos os processos estão cadastrados no sistema. Ajustar p/ 28/02.

Camila 21/02: O Josué ainda não emitiu as certidões. Vou cobrar novamente na segunda. Ajustar p/ 24/02.

Camila 14/02: Em razão de outras demandas prioritárias, o Josué ainda não emitiu as certidões. Vou cobrar na segunda. Ajustar p/ 17/02.

Camila 10/02: Segundo o Josué, os 2 processos novos já foram cadastrados. Ajustar p/ 14/02.

Camila 07/02: Emissão das certidões em 07/02. Segundo o Josué, foram encontrados 2 novos processos que serão cadastrados no sistema na segunda-feira. Ajustar p/ 14/02.

Camila 31/01: Aguardando o retorno do Josué sobre a emissão das certidões dessa semana. 

Camila 24/01: Emissão das certidões em 24/01. Segundo o Josué, todos os processos estão cadastrados no sistema. Ajustar p/ 31/01.

Camila 22/01: Ainda não nova emissão das certidões. Vou cobrar o Josué. Ajustar p/ 24/01.

Camila 16/01: Última emissão das certidões foi em 10/01. O Josué já procedeu com o cadastro dos novos processos encontrados nas certidões. Ajustar p/ 20/01. 

Ajustado para dia 16/01/2025
Camila 26/12: Última emissão das certidões foi em 13/12. Solicitei p/ o Josué não deixar passar tantos dias, ainda que estejamos no recesso e para incluir o TRT5 na lista da certidões. Ajustar p/ 16/01. 

Camila 17/12: Na sexta-feira, 13/12, o Josué emitiu as certidões e conferiu os processos. Todos os processos estão cadastrados no sistema. Ajustar p/ 20/12.

Camila 09/12: Na segunda-feira, 0912, o Josué emitiu as certidões e conferiu os processos. Foi localizado um novo processo (0011948-31.2024.5.15.0041) e cadastrado. Ajustar p/ 13/12.

Camila 25/11: Na sexta-feira, 22/11, o Josué emitiu as certidões e conferiu os processos. Todos os processos estão cadastrados no sistema. Ajustar p/ 29/11."
1483683.0,11/10/2029,12/11/2029,,Camila Milene Lima da Cruz,7834,Nathalia Garcia,2821,Renovação da Apólice,Compromisso (Prazo),Não iniciado,0001249-54.2023.5.09.0664,442480,Roseli Conceição Guerber,Trabalhista,Jurídico Trabalhista,,
1477338.0,13/08/2026,14/08/2026,,Marina Luise Campana Perini,8560,Nathalia Garcia,2821,Custas finais,Compromisso (Prazo),Concluído,1044488-07.2024.8.26.0576,456346,Semae Rio Preto,Cível,Jurídico Interno Cível,,pagamento realizado
1471848.0,11/09/2029,11/10/2029,,Camila Milene Lima da Cruz,7834,Nathalia Garcia,2821,Renovação da Apólice,Compromisso,Não iniciado,0011086-46.2021.5.15.0015,274310,José da Penha Ribeiro Lopes,Trabalhista,Escritório Tozzini,,Apólice Agravo de Instrumento
1469304.0,03/09/2029,03/10/2029,,Camila Milene Lima da Cruz,7834,Nathalia Garcia,2821,Renovação da Apólice,Compromisso (Prazo),Não iniciado,0010822-58.2023.5.15.0015,396806,Lucas Ferreira Augusto,Trabalhista,Escritório Tozzini,,
1468556.0,03/09/2029,03/10/2029,,Camila Milene Lima da Cruz,7834,Nathalia Garcia,2821,Renovação da Apólice,Compromisso (Prazo),Não iniciado,0011936-03.2022.5.15.0133,379786,Julio Cezar Vendramini,Trabalhista,Escritório Tozzini,,
1468554.0,03/09/2029,03/10/2029,,Camila Milene Lima da Cruz,7834,Nathalia Garcia,2821,Renovação da Apólice,Compromisso (Prazo),Não iniciado,0012016-64.2021.5.15.0015,303352,Vimerson Jose do Nascimento,Trabalhista,Escritório Tozzini,,
1468175.0,01/08/2029,30/09/2029,,Camila Milene Lima da Cruz,7834,Nathalia Garcia,2821,Renovação da Apólice,Compromisso,Não iniciado,0011376-38.2022.5.15.0076,353378,Zaqueu Andrade Silva,Trabalhista,Escritório Tozzini,,Apólice - Recurso de revista
1467323.0,16/08/2029,14/09/2029,,Camila Milene Lima da Cruz,7834,Nathalia Garcia,2821,Renovação da Apólice,Compromisso,Não iniciado,0011338-94.2020.5.15.0076,235535,Joselino Ranuzii da Silva,Trabalhista,Escritório Tozzini,,A apólice vence em  16/09/2029 - verificar a necessidade de renovação da apólice.
1450051.0,28/08/2026,28/08/2026,,Marina Luise Campana Perini,8560,Nathalia Garcia,2821,Verificar andamento,Compromisso (Acompanhar),Não iniciado,1007955-83.2015.8.26.0602,102585,Ministério Público do Estado de São Paulo,Cível,Mendonça Sica Advogados Associados,,Verificar andamento.
1442147.0,19/07/2027,23/07/2024,,Camila Milene Lima da Cruz,7834,Nathalia Garcia,2821,Embargos de declaração,Compromisso (Prazo),Concluído,0011550-21.2023.5.15.0041,441360,Rita de Cassia Alves Fogaca,Trabalhista,Jurídico Trabalhista,,"Camila 19/07: Conforme alinhado com a Nath, por não representar prejuízo, iremos dispensar a oposição dos ED. Assim, vou encerrar esse prazo.

Camila 17/07: Minuta dos ED enviadas p/ validação. 
Obs.: Verificar se faremos o protocolo dos ED, pois em que pese a sentença ter julgou improcedente os pleitos em face da Pacaembu Itapetininga Araújo 359, o juiz utilizou o fundamento de que o contrato civil para o preparo e fornecimento de refeições não enseja a responsabilização subsidiária, todavia, não há contrato celebrado nesse caso, já que a obra não foi iniciada e não há nenhuma discussão em relação à S/A.

TRT - 15ª Região
Disponibilização:  segunda-feira, 15 de julho de 2024.
Arquivo:  392
Publicação:  21
VARA DO TRABALHO DE ITAPETININGA
Processo Nº ATSum-0011550-21.2023.5.15.0041 AUTOR RITA DE CASSIA ALVES FOGACA ADVOGADO LUIZA ALMEIDA(OAB: 470960/SP) ADVOGADO DANIEL MARCON PARRA(OAB: 233073/SP) RÉU C E MARGI REFEICOES LTDA RÉU CARLOS EDUARDO MARGI RÉU PACAEMBU ITAPETININGA ARAUJO 359 - EMPREENDIMENTO IMOBILIARIO LTDA ADVOGADO NATHALIA CAROLINE CORREIA GARCIA(OAB: 338049/SP) RÉU COMER BEM REFEICOES EMPRESARIAIS LTDA RÉU MARGI REFEICOES EMPRESARIAIS LTDA Intimado(s)/Citado(s): - PACAEMBU ITAPETININGA ARAUJO 359 - EMPREENDIMENTO IMOBILIARIO LTDA PODER JUDICIÁRIO JUSTIÇA DO INTIMAÇÃO Fica V. Sa. intimado para tomar ciência da Sentença ID 5335bea proferida nos autos, cujo dispositivo consta a seguir: III. CONCLUSÃO POSTO ISSO, decido, REJEITAR a prelimines e julgar PARCIALMENTE PROCEDENTES os pleitos contidos na inicial, para o fim de condenar solidariamente as reclamadas CARLOS EDUARDO MARGI, COMER BEM REFEIÇÕES EMPRESARIAIS LTDA, C E MARGI REFEIÇÕES LTDA e MARGI REFEIÇÕES EMPRESARIAIS LTDA pagarem a reclamante RITA DE CASSIA ALVES FOGACA a) Horas extras e reflexos; b) Horas intervalares; Improcede os pleitos em face de PACAEMBU ITAPETININGA ARAUJO 359 - EMPREENDIMENTO IMOBILIARIO LTDA. Deferida justiça gratuita à reclamante. Honorários advocatícios nos termos da fundamentação. Custas pela reclamada no valor de R$240,00 calculadas sobre o valor arbitrado a condenação de R$12.000,00 (CLT, art. 789, § 2º). Na apuração dos valores das parcelas deferidas, na fase de liquidação de sentença, por cálculos, deverão ser observados todos os critérios, limitações e restrições nos exatos termos da fundamentação, parte integrante deste dispositivo. Atentem as partes para as previsões contidas nos art. 80, 81 e 1.026, §§ 2º e 3º, do CPC, e que a decisão adotou tese explícita sobre todos os temas de conteúdo meritório e relevantes da lide, OJ 118/119 da SBDI1 do TST, e que não serão admitidos eventuais embargos declaratórios visando à reapreciação de fatos, provas e teses jurídicas ou alegação de prequestionamento em 1ª instância. A interposição protelatória de embargos de declaração será objeto de multa. Intimem-se as partes. Nada mais. ELAINE PEREIRA DA SILVA Juíza do Trabalho Substituta"
1441428.0,04/09/2026,04/09/2026,,Lawrencce Van Hornn Liberatori da Silva,9293,Nathalia Garcia,2821,Acompanhar Carta de Citação,Compromisso,Não iniciado,1013796-12.2024.8.26.0451,450177,Raquel Cristina dos Santos,Cível,Indeterminado,,Acompanhar citação da Pacaembu.
1433149.0,09/09/2026,10/09/2026,,Lawrencce Van Hornn Liberatori da Silva,9293,Nathalia Garcia,2821,Erro,Compromisso (Prazo),Cancelado,1012916-20.2024.8.26.0451,449124,Débora Cristina Coelho Leandro,Cível,Bruno - Escritório RST&A,,Erro
1423924.0,10/04/2029,10/05/2029,,Laryssa Mazo Pintor de Lima Rodrigues,5293,Nathalia Garcia,2821,Renovação da Apólice,Compromisso (Acompanhar),Não iniciado,0010822-58.2023.5.15.0015,396806,Lucas Ferreira Augusto,Trabalhista,Escritório Tozzini,,Verificar se há necessidade da renovação da apólice.
1422782.0,10/04/2029,10/05/2029,,Laryssa Mazo Pintor de Lima Rodrigues,5293,Nathalia Garcia,2821,Renovação da Apólice,Compromisso (Acompanhar),Não iniciado,0010729-96.2022.5.15.0026,342191,Thiago Augusto Fidelis,Trabalhista,Escritório Tozzini,,Verificar se iremos renovar a apólice.
1401471.0,01/02/2029,01/03/2029,,Laryssa Mazo Pintor de Lima Rodrigues,5293,Nathalia Garcia,2821,Renovação da Apólice,Compromisso (Acompanhar),Não iniciado,0011086-46.2021.5.15.0015,274310,José da Penha Ribeiro Lopes,Trabalhista,Escritório Tozzini,,"A apólice vencerá em 01/03/2029, favor verificar se há necessidade da renovação."
1397479.0,20/01/2027,20/02/2027,,Laryssa Mazo Pintor de Lima Rodrigues,5293,Nathalia Garcia,2821,Renovação da Apólice,Compromisso,Em andamento,0012302-75.2017.5.15.0017,123958,Marcia Marciano,Trabalhista,Jurídico Trabalhista,,"Lary 15/06: Seguradora não retornou. Cobrei hoje. Ajustar para 16/06. 

Lary 03/03: Seguradora está providenciando a baixa. Ajustar para dia 06/03

Lary 02/03: Reiterei o e-mail de baixa. Ajustar para dia 03/03 - acompanhar

Lary 19/01: Solicitei a baixa da apólice, diante do pagamento da execução pela Pacaembu. Ajustar para dia 20/01 - cobrar retorno.  

A apólice vencerá em 20/02/2027, verificar se precisamos requerer a renovação."
1385864.0,02/09/2026,02/09/2026,,Marina Luise Campana Perini,8560,Nathalia Garcia,2821,Acompanhamento,Compromisso,Não iniciado,0002838-86.2012.4.03.6106,67324,INSS,Cível,Jurídico Interno Cível,,Prazo para acompanhamento quinzenal - informar qualquer movimentação no processo.
1380733.0,14/09/2026,14/10/2026,,Laryssa Mazo Pintor de Lima Rodrigues,5293,Nathalia Garcia,2821,Renovação da Apólice,Compromisso (Acompanhar),Não iniciado,0011337-05.2018.5.15.0101,185524,Denise de Oliveira de Souza Viana,Trabalhista,Jurídico Trabalhista,,
1360158.0,28/08/2028,28/09/2028,,Laryssa Mazo Pintor de Lima Rodrigues,5293,Nathalia Garcia,2821,Renovação da Apólice,Compromisso (Acompanhar),Não iniciado,0011011-19.2022.5.18.0005,369945,Kairo Queven Oliveira Gomes,Trabalhista,Jurídico Trabalhista,,"A Apólice vencerá em 28/09/2028, favor verificar se iremos renovar ou cancelar."
1360153.0,27/08/2028,27/09/2028,,Laryssa Mazo Pintor de Lima Rodrigues,5293,Nathalia Garcia,2821,Renovação da Apólice,Compromisso (Acompanhar),Não iniciado,0010295-50.2020.5.15.0100,234069,Arnaldo Amaro de Sousa,Trabalhista,Escritório Tozzini,,"A Apólice vencerá em 27/09/2028, verificar se há necessidade de renovação ou não."
1357438.0,25/08/2028,25/09/2028,,Laryssa Mazo Pintor de Lima Rodrigues,5293,Nathalia Garcia,2821,Renovação da Apólice,Compromisso (Acompanhar),Não iniciado,0011920-25.2022.5.15.0044,378373,Aecio Ribeiro Cunha,Trabalhista,Escritório Tozzini,,"A apólice vencerá em 25/09/2028, favor verificar se há necessidade da renovação ou não."
1352705.0,13/08/2028,13/09/2028,,Laryssa Mazo Pintor de Lima Rodrigues,5293,Nathalia Garcia,2821,Renovação da Apólice,Compromisso (Acompanhar),Não iniciado,0010384-03.2021.5.15.0015,257418,Fabio de Almeida Chamorro,Trabalhista,Escritório Tozzini,,"A apólice irá vencer em 13/09/2028, favor verificar se há necessidade da renovação da apólice."
1352704.0,13/08/2028,13/09/2028,,Laryssa Mazo Pintor de Lima Rodrigues,5293,Nathalia Garcia,2821,Renovação da Apólice,Compromisso (Acompanhar),Não iniciado,0011168-14.2020.5.15.0015,234716,Juliano Aparecido Barbosa,Trabalhista,Escritório Tozzini,,"A apólice vencerá em 13/09/2028, verificar a necessidade da renovação da apólice."
1352702.0,13/08/2028,13/09/2028,,Laryssa Mazo Pintor de Lima Rodrigues,5293,Nathalia Garcia,2821,Renovação da Apólice,Compromisso (Acompanhar),Não iniciado,0011159-45.2020.5.15.0082,241976,Ismael Jose de Souza,Trabalhista,Jurídico Trabalhista,,"A apólice irá vencer em 13/09/2028, verificar se há necessidade de renovação da apólice."
1328222.0,01/06/2032,18/06/2032,,Jessica Priscila Rodrigues de Souza,7669,Victor Vasconcelos Miranda,2819,Renovação de Marca,Compromisso (Prazo),Não iniciado,,,,,,,Iniciar as tratativas no INPI de prorrogação do registro da marca Pacaembu Empreendimentos e Construções Ltda (Processo nº 902917552).
1328220.0,17/05/2032,28/05/2032,,Jessica Priscila Rodrigues de Souza,7669,Victor Vasconcelos Miranda,2819,Renovação de Marca,Compromisso (Prazo),Não iniciado,,,,,,,Iniciar as tratativas no INPI de prorrogação do registro da marca Fenhouse (Processos nº 925468100; 925468380 e 925468835).
1328219.0,02/09/2030,13/09/2030,,Jessica Priscila Rodrigues de Souza,7669,Victor Vasconcelos Miranda,2819,Renovação de Marca,Compromisso (Prazo),Não iniciado,,,,,,,Iniciar as tratativas no INPI de prorrogação do registro da marca Fenhouse (Processos nº 920844189; 920844197 e 920844219).
736451.0,25/02/2082,25/02/2019,,,,Vivian Patrícia Vilela dos Santos,2820,Manifestação,Compromisso,Concluído,1054983-93.2018.8.26.0100,160395,Michele Vasques do Nascimento - ME,Cível,Jurídico Interno Cível,,Verificar estratégia quanto a manifestação apresentada. * Email enviado para Victor.
654144.0,17/07/2048,19/07/2018,,Vivian Patrícia Vilela dos Santos,2820,Vivian Patrícia Vilela dos Santos,2820,Audiência,Compromisso (Audiência),Concluído,5002831-45.2017.4.03.6102,123636,Valter Barreto da Silva,Processo Cíveis,Bentivegna e Ribeiro Advogados,,"Considerando que a CEF solicitou a redesignação da audiência, mas não houve manifestação em tempo, comparecemos na audiência (Renata e Marcelo) que não ocorreu e ficou de ser redesignada. 

Juntamos Contestação e vamos acompanhar a designação de nova data para realização da audiência.  

Audiência de Conciliação a ser realizada no CECON - Central de Conciliação no Fórum Federal de Ribeirão."
