=== 24/07/2026 14:25 ===
Autenticando na API...
Buscando tarefas (prazos)...
  Pagina 1: 100 registros
  Pagina 2: 100 registros
  Pagina 3: 100 registros
  Pagina 4: 100 registros
  Pagina 5: 100 registros
  Pagina 6: 100 registros
  Pagina 7: 100 registros
  Pagina 8: 100 registros
  Pagina 9: 100 registros
  Pagina 10: 100 registros
  Pagina 11: 100 registros
  Pagina 12: 100 registros
  Pagina 13: 100 registros
  Pagina 14: 100 registros
  Pagina 15: 100 registros
  Pagina 16: 100 registros
  Pagina 17: 100 registros
  Pagina 18: 100 registros
  Pagina 19: 100 registros
  Pagina 20: 100 registros
  Pagina 21: 100 registros
  Pagina 22: 100 registros
  Pagina 23: 100 registros
  Pagina 24: 100 registros
  Pagina 25: 100 registros
  Pagina 26: 100 registros
  Pagina 27: 100 registros
  Pagina 28: 100 registros
  Pagina 29: 100 registros
  Pagina 30: 100 registros
  Pagina 31: 100 registros
  Pagina 32: 100 registros
  Pagina 33: 100 registros
  Pagina 34: 100 registros
  Pagina 35: 100 registros
  Pagina 36: 100 registros
  Pagina 37: 100 registros
  Pagina 38: 100 registros
  Pagina 39: 100 registros
  Pagina 40: 100 registros
  Pagina 41: 100 registros
  Pagina 42: 100 registros
  Pagina 43: 100 registros
  Pagina 44: 100 registros
  Pagina 45: 100 registros
  Pagina 46: 100 registros
  Pagina 47: 100 registros
  Pagina 48: 100 registros
  Pagina 49: 100 registros
  Pagina 50: 100 registros
  Pagina 51: 100 registros
  Pagina 52: 100 registros
  Pagina 53: 100 registros
  Pagina 54: 100 registros
  Pagina 55: 100 registros
  Pagina 56: 100 registros
  Pagina 57: 100 registros
  Pagina 58: 100 registros
  Pagina 59: 100 registros
  Pagina 60: 100 registros
  Pagina 61: 100 registros
  Pagina 62: 100 registros
  Pagina 63: 100 registros
  Pagina 64: 100 registros
  Pagina 65: 100 registros
  Pagina 66: 100 registros
  Pagina 67: 100 registros
  Pagina 68: 100 registros
  Pagina 69: 100 registros
  Pagina 70: 100 registros
  Pagina 71: 100 registros
  Pagina 72: 100 registros
  Pagina 73: 100 registros
  Pagina 74: 100 registros
  Pagina 75: 100 registros
  Pagina 76: 100 registros
  Pagina 77: 100 registros
  Pagina 78: 100 registros
  Pagina 79: 100 registros
  Pagina 80: 100 registros
  Pagina 81: 100 registros
  Pagina 82: 100 registros
  Pagina 83: 100 registros
  Pagina 84: 100 registros
  Pagina 85: 100 registros
  Pagina 86: 100 registros
  Pagina 87: 100 registros
  Pagina 88: 100 registros
  Pagina 89: 100 registros
  Pagina 90: 100 registros
  Pagina 91: 100 registros
  Pagina 92: 100 registros
  Pagina 93: 100 registros
  Pagina 94: 100 registros
  Pagina 95: 100 registros
  Pagina 96: 100 registros
  Pagina 97: 100 registros
  Pagina 98: 100 registros
  Pagina 99: 100 registros
  Pagina 100: 100 registros
  Pagina 101: 100 registros
  Pagina 102: 100 registros
  Pagina 103: 100 registros
  Pagina 104: 100 registros
  Pagina 105: 100 registros
  Pagina 106: 100 registros
  Pagina 107: 100 registros
  Pagina 108: 100 registros
  Pagina 109: 100 registros
  Pagina 110: 100 registros
  Pagina 111: 100 registros
  Pagina 112: 100 registros
  Pagina 113: 100 registros
  Pagina 114: 100 registros
  Pagina 115: 100 registros
  Pagina 116: 100 registros
  Pagina 117: 100 registros
  Pagina 118: 100 registros
  Pagina 119: 100 registros
  Pagina 120: 100 registros
  Pagina 121: 100 registros
  Pagina 122: 100 registros
  Pagina 123: 100 registros
  Pagina 124: 100 registros
  Pagina 125: 100 registros
  Pagina 126: 100 registros
  Pagina 127: 100 registros
  Pagina 128: 100 registros
  Pagina 129: 100 registros
  Pagina 130: 100 registros
  Pagina 131: 100 registros
  Pagina 132: 100 registros
  Pagina 133: 100 registros
  Pagina 134: 100 registros
  Pagina 135: 100 registros
  Pagina 136: 100 registros
  Pagina 137: 100 registros
  Pagina 138: 100 registros
  Pagina 139: 100 registros
  Pagina 140: 100 registros
  Pagina 141: 100 registros
  Pagina 142: 100 registros
  Pagina 143: 100 registros
  Pagina 144: 100 registros
  Pagina 145: 100 registros
  Pagina 146: 100 registros
  Pagina 147: 100 registros
  Pagina 148: 100 registros
  Pagina 149: 100 registros
  Pagina 150: 100 registros
  Pagina 151: 100 registros
  Pagina 152: 100 registros
  Pagina 153: 100 registros
  Pagina 154: 100 registros
  Pagina 155: 100 registros
  Pagina 156: 100 registros
  Pagina 157: 100 registros
  Pagina 158: 100 registros
  Pagina 159: 100 registros
  Pagina 160: 100 registros
  Pagina 161: 100 registros
  Pagina 162: 100 registros
  Pagina 163: 100 registros
  Pagina 164: 100 registros
  Pagina 165: 100 registros
  Pagina 166: 100 registros
  Pagina 167: 100 registros
  Pagina 168: 100 registros
  Pagina 169: 100 registros
  Pagina 170: 100 registros
  Pagina 171: 100 registros
  Pagina 172: 100 registros
  Pagina 173: 100 registros
  Pagina 174: 100 registros
  Pagina 175: 100 registros
  Pagina 176: 100 registros
  Pagina 177: 100 registros
  Pagina 178: 100 registros
  Pagina 179: 100 registros
  Pagina 180: 100 registros
  Pagina 181: 100 registros
  Pagina 182: 100 registros
  Pagina 183: 100 registros
  Pagina 184: 100 registros
  Pagina 185: 100 registros
  Pagina 186: 100 registros
  Pagina 187: 100 registros
  Pagina 188: 100 registros
  Pagina 189: 100 registros
  Pagina 190: 100 registros
  Pagina 191: 100 registros
  Pagina 192: 100 registros
  Pagina 193: 100 registros
  Pagina 194: 100 registros
  Pagina 195: 100 registros
  Pagina 196: 100 registros
  Pagina 197: 100 registros
  Pagina 198: 100 registros
  Pagina 199: 100 registros
  Pagina 200: 100 registros
  Pagina 201: 100 registros
  Pagina 202: 100 registros
  Pagina 203: 100 registros
  Pagina 204: 100 registros
  Pagina 205: 100 registros
  Pagina 206: 100 registros
  Pagina 207: 100 registros
  Pagina 208: 100 registros
  Pagina 209: 100 registros
  Pagina 210: 100 registros
  Pagina 211: 100 registros
  Pagina 212: 100 registros
  Pagina 213: 100 registros
  Pagina 214: 100 registros
  Pagina 215: 100 registros
  Pagina 216: 100 registros
  Pagina 217: 100 registros
  Pagina 218: 100 registros
  Pagina 219: 100 registros
  Pagina 220: 100 registros
  Pagina 221: 100 registros
  Pagina 222: 100 registros
  Pagina 223: 100 registros
  Pagina 224: 100 registros
  Pagina 225: 100 registros
  Pagina 226: 100 registros
  Pagina 227: 100 registros
  Pagina 228: 100 registros
  Pagina 229: 100 registros
  Pagina 230: 100 registros
  Pagina 231: 100 registros
  Pagina 232: 100 registros
  Pagina 233: 35 registros
Total bruto da API: 23235 tarefas
Apos filtro (mes atual em diante): 757 tarefas
Backup salvo em: atividades_datajuri.csv
Carregados 757 registro(s) da API.
Dashboard salvo em: dashboard_prazos.html
Abra esse arquivo no navegador para visualizar.
=== 24/07/2026 17:09 ===
Autenticando na API...
Buscando tarefas (prazos)...
  Pagina 1: 100 registros
  Pagina 2: 100 registros
  Pagina 3: 100 registros
  Pagina 4: 100 registros
  Pagina 5: 100 registros
  Pagina 6: 100 registros
  Pagina 7: 100 registros
  Pagina 8: 100 registros
  Pagina 9: 100 registros
  Pagina 10: 100 registros
  Pagina 11: 100 registros
  Pagina 12: 100 registros
  Pagina 13: 100 registros
  Pagina 14: 100 registros
  Aviso: erro na pagina 15: HTTPSConnectionPool(host='api.datajuri.com.br', port=443): Read timed out.
Total bruto da API: 1400 tarefas
Apos filtro (mes atual em diante): 567 tarefas
Backup salvo em: atividades_datajuri.csv
Carregados 567 registro(s) da API.
Dashboard salvo em: dashboard_prazos.html
Abra esse arquivo no navegador para visualizar.
=== 25/07/2026 10:02 ===
Autenticando na API...
Buscando tarefas (prazos)...
  Pagina 1: 100 registros
  Pagina 2: 100 registros
  Pagina 3: 100 registros
  Pagina 4: 100 registros
  Pagina 5: 100 registros
  Pagina 6: 100 registros
  Pagina 7: 100 registros
  Pagina 8: 100 registros
  Pagina 9: 100 registros
  Pagina 10: 100 registros
  Pagina 11: 100 registros
  Pagina 12: 100 registros
  Pagina 13: 100 registros
  Pagina 14: 100 registros
  Pagina 15: 100 registros
  Pagina 16: 100 registros
  Pagina 17: 100 registros
  Pagina 18: 100 registros
  Pagina 19: 100 registros
  Pagina 20: 100 registros
  Pagina 21: 100 registros
  Pagina 22: 100 registros
  Pagina 23: 100 registros
  Pagina 24: 100 registros
  Pagina 25: 100 registros
  Aviso: erro na pagina 26: ('Connection aborted.', ConnectionResetError(54, 'Connection reset by peer'))
Total bruto da API: 2500 tarefas
Apos filtro (mes atual em diante): 641 tarefas
Backup salvo em: atividades_datajuri.csv
Carregados 641 registro(s) da API.
Dashboard salvo em: dashboard_prazos.html
Abra esse arquivo no navegador para visualizar.
=== 25/07/2026 17:10 ===
Autenticando na API...
Buscando tarefas (prazos)...
  Pagina 1: 100 registros
  Pagina 2: 100 registros
  Pagina 3: 100 registros
  Pagina 4: 100 registros
  Pagina 5: 100 registros
  Pagina 6: 100 registros
  Pagina 7: 100 registros
  Pagina 8: 100 registros
  Pagina 9: 100 registros
  Pagina 10: 100 registros
  Pagina 11: 100 registros
  Pagina 12: 100 registros
  Pagina 13: 100 registros
  Pagina 14: 100 registros
  Aviso: erro na pagina 15: HTTPSConnectionPool(host='api.datajuri.com.br', port=443): Read timed out. (read timeout=120)
Total bruto da API: 1400 tarefas
Apos filtro (mes atual em diante): 570 tarefas
Backup salvo em: atividades_datajuri.csv
Carregados 570 registro(s) da API.
Dashboard salvo em: dashboard_prazos.html
Abra esse arquivo no navegador para visualizar.
=== 26/07/2026 10:02 ===
Autenticando na API...
Buscando tarefas (prazos)...
  Pagina 1: 100 registros
  Pagina 2: 100 registros
  Pagina 3: 100 registros
  Pagina 4: 100 registros
  Pagina 5: 100 registros
  Pagina 6: 100 registros
  Pagina 7: 100 registros
  Pagina 8: 100 registros
  Pagina 9: 100 registros
  Pagina 10: 100 registros
  Pagina 11: 100 registros
  Pagina 12: 100 registros
  Pagina 13: 100 registros
  Pagina 14: 100 registros
  Pagina 15: 100 registros
  Pagina 16: 100 registros
  Pagina 17: 100 registros
  Pagina 18: 100 registros
  Pagina 19: 100 registros
  Pagina 20: 100 registros
  Pagina 21: 100 registros
  Pagina 22: 100 registros
  Pagina 23: 100 registros
  Pagina 24: 100 registros
  Pagina 25: 100 registros
  Pagina 26: 100 registros
  Pagina 27: 100 registros
  Pagina 28: 100 registros
  Pagina 29: 100 registros
  Pagina 30: 100 registros
  Pagina 31: 100 registros
  Pagina 32: 100 registros
  Pagina 33: 100 registros
  Pagina 34: 100 registros
  Pagina 35: 100 registros
  Pagina 36: 100 registros
  Pagina 37: 100 registros
  Pagina 38: 100 registros
  Pagina 39: 100 registros
  Pagina 40: 100 registros
  Pagina 41: 100 registros
  Pagina 42: 100 registros
  Pagina 43: 100 registros
  Aviso: erro na pagina 44: HTTPSConnectionPool(host='api.datajuri.com.br', port=443): Read timed out. (read timeout=120)
Total bruto da API: 4300 tarefas
Apos filtro (mes atual em diante): 689 tarefas
Backup salvo em: atividades_datajuri.csv
Carregados 689 registro(s) da API.
Dashboard salvo em: dashboard_prazos.html
Abra esse arquivo no navegador para visualizar.
=== 26/07/2026 17:01 ===
Autenticando na API...
Buscando tarefas (prazos)...
  Pagina 1: 100 registros
  Pagina 2: 100 registros
  Pagina 3: 100 registros
  Pagina 4: 100 registros
  Pagina 5: 100 registros
  Pagina 6: 100 registros
  Pagina 7: 100 registros
  Pagina 8: 100 registros
  Pagina 9: 100 registros
  Pagina 10: 100 registros
  Pagina 11: 100 registros
  Pagina 12: 100 registros
  Pagina 13: 100 registros
  Pagina 14: 100 registros
  Pagina 15: 100 registros
  Pagina 16: 100 registros
  Aviso: erro na pagina 17: HTTPSConnectionPool(host='api.datajuri.com.br', port=443): Read timed out.
Total bruto da API: 1600 tarefas
Apos filtro (mes atual em diante): 593 tarefas
Backup salvo em: atividades_datajuri.csv
Carregados 593 registro(s) da API.
Dashboard salvo em: dashboard_prazos.html
Abra esse arquivo no navegador para visualizar.
=== 27/07/2026 10:00 ===
Autenticando na API...
Buscando tarefas (prazos)...
  Pagina 1: 100 registros
  Pagina 2: 100 registros
  Pagina 3: 100 registros
  Pagina 4: 100 registros
  Pagina 5: 100 registros
  Pagina 6: 100 registros
  Pagina 7: 100 registros
  Pagina 8: 100 registros
  Pagina 9: 100 registros
  Pagina 10: 100 registros
  Pagina 11: 100 registros
  Pagina 12: 100 registros
  Pagina 13: 100 registros
  Pagina 14: 100 registros
  Pagina 15: 100 registros
  Pagina 16: 100 registros
  Pagina 17: 100 registros
  Pagina 18: 100 registros
  Pagina 19: 100 registros
  Pagina 20: 100 registros
  Pagina 21: 100 registros
  Pagina 22: 100 registros
  Pagina 23: 100 registros
  Pagina 24: 100 registros
  Pagina 25: 100 registros
  Pagina 26: 100 registros
  Pagina 27: 100 registros
  Pagina 28: 100 registros
  Pagina 29: 100 registros
  Pagina 30: 100 registros
  Pagina 31: 100 registros
  Pagina 32: 100 registros
  Pagina 33: 100 registros
  Pagina 34: 100 registros
  Pagina 35: 100 registros
  Pagina 36: 100 registros
  Pagina 37: 100 registros
  Pagina 38: 100 registros
  Pagina 39: 100 registros
  Pagina 40: 100 registros
  Pagina 41: 100 registros
  Pagina 42: 100 registros
  Pagina 43: 100 registros
  Pagina 44: 100 registros
  Pagina 45: 100 registros
  Pagina 46: 100 registros
  Pagina 47: 100 registros
  Pagina 48: 100 registros
  Pagina 49: 100 registros
  Pagina 50: 100 registros
  Pagina 51: 100 registros
  Pagina 52: 100 registros
  Pagina 53: 100 registros
  Pagina 54: 100 registros
  Pagina 55: 100 registros
  Pagina 56: 100 registros
  Pagina 57: 100 registros
  Pagina 58: 100 registros
  Pagina 59: 100 registros
  Pagina 60: 100 registros
  Pagina 61: 100 registros
  Pagina 62: 100 registros
  Pagina 63: 100 registros
  Pagina 64: 100 registros
  Pagina 65: 100 registros
  Pagina 66: 100 registros
  Pagina 67: 100 registros
  Pagina 68: 100 registros
  Pagina 69: 100 registros
  Pagina 70: 100 registros
  Pagina 71: 100 registros
  Pagina 72: 100 registros
  Pagina 73: 100 registros
  Pagina 74: 100 registros
  Pagina 75: 100 registros
  Pagina 76: 100 registros
  Pagina 77: 100 registros
  Pagina 78: 100 registros
  Pagina 79: 100 registros
  Pagina 80: 100 registros
  Pagina 81: 100 registros
  Pagina 82: 100 registros
  Pagina 83: 100 registros
  Pagina 84: 100 registros
  Pagina 85: 100 registros
  Pagina 86: 100 registros
  Pagina 87: 100 registros
  Pagina 88: 100 registros
  Pagina 89: 100 registros
  Pagina 90: 100 registros
  Pagina 91: 100 registros
  Pagina 92: 100 registros
  Pagina 93: 100 registros
  Pagina 94: 100 registros
  Pagina 95: 100 registros
  Pagina 96: 100 registros
  Pagina 97: 100 registros
  Pagina 98: 100 registros
  Pagina 99: 100 registros
  Pagina 100: 100 registros
  Pagina 101: 100 registros
  Pagina 102: 100 registros
  Pagina 103: 100 registros
  Pagina 104: 100 registros
  Pagina 105: 100 registros
  Pagina 106: 100 registros
  Pagina 107: 100 registros
  Pagina 108: 100 registros
  Pagina 109: 100 registros
  Pagina 110: 100 registros
  Pagina 111: 100 registros
  Pagina 112: 100 registros
  Pagina 113: 100 registros
  Pagina 114: 100 registros
  Pagina 115: 100 registros
  Pagina 116: 100 registros
  Pagina 117: 100 registros
  Pagina 118: 100 registros
  Pagina 119: 100 registros
  Pagina 120: 100 registros
  Pagina 121: 100 registros
  Pagina 122: 100 registros
  Pagina 123: 100 registros
  Pagina 124: 100 registros
  Pagina 125: 100 registros
  Pagina 126: 100 registros
  Pagina 127: 100 registros
  Pagina 128: 100 registros
  Pagina 129: 100 registros
  Pagina 130: 100 registros
  Pagina 131: 100 registros
  Pagina 132: 100 registros
  Pagina 133: 100 registros
  Pagina 134: 100 registros
  Pagina 135: 100 registros
  Pagina 136: 100 registros
  Pagina 137: 100 registros
  Pagina 138: 100 registros
  Pagina 139: 100 registros
  Pagina 140: 100 registros
  Pagina 141: 100 registros
  Pagina 142: 100 registros
  Pagina 143: 100 registros
  Pagina 144: 100 registros
  Pagina 145: 100 registros
  Pagina 146: 100 registros
  Pagina 147: 100 registros
  Pagina 148: 100 registros
  Pagina 149: 100 registros
  Pagina 150: 100 registros
  Pagina 151: 100 registros
  Pagina 152: 100 registros
  Pagina 153: 100 registros
  Pagina 154: 100 registros
  Pagina 155: 100 registros
  Pagina 156: 100 registros
  Pagina 157: 100 registros
  Pagina 158: 100 registros
  Pagina 159: 100 registros
  Pagina 160: 100 registros
  Pagina 161: 100 registros
  Pagina 162: 100 registros
  Pagina 163: 100 registros
  Pagina 164: 100 registros
  Pagina 165: 100 registros
  Pagina 166: 100 registros
  Pagina 167: 100 registros
  Pagina 168: 100 registros
  Pagina 169: 100 registros
  Pagina 170: 100 registros
  Pagina 171: 100 registros
  Pagina 172: 100 registros
  Pagina 173: 100 registros
  Pagina 174: 100 registros
  Pagina 175: 100 registros
  Pagina 176: 100 registros
  Pagina 177: 100 registros
  Pagina 178: 100 registros
  Pagina 179: 100 registros
  Pagina 180: 100 registros
  Pagina 181: 100 registros
  Pagina 182: 100 registros
  Pagina 183: 100 registros
  Pagina 184: 100 registros
  Pagina 185: 100 registros
  Pagina 186: 100 registros
  Pagina 187: 100 registros
  Pagina 188: 100 registros
  Pagina 189: 100 registros
  Pagina 190: 100 registros
  Pagina 191: 100 registros
  Pagina 192: 100 registros
  Pagina 193: 100 registros
  Pagina 194: 100 registros
  Pagina 195: 100 registros
  Pagina 196: 100 registros
  Pagina 197: 100 registros
  Pagina 198: 100 registros
  Pagina 199: 100 registros
  Pagina 200: 100 registros
  Pagina 201: 100 registros
  Pagina 202: 100 registros
  Pagina 203: 100 registros
  Pagina 204: 100 registros
  Pagina 205: 100 registros
  Pagina 206: 100 registros
  Pagina 207: 100 registros
  Pagina 208: 100 registros
  Pagina 209: 100 registros
  Pagina 210: 100 registros
  Pagina 211: 100 registros
  Pagina 212: 100 registros
  Pagina 213: 100 registros
  Pagina 214: 100 registros
  Pagina 215: 100 registros
  Pagina 216: 100 registros
  Pagina 217: 100 registros
  Pagina 218: 100 registros
  Pagina 219: 100 registros
  Pagina 220: 100 registros
  Pagina 221: 100 registros
  Pagina 222: 100 registros
  Pagina 223: 100 registros
  Pagina 224: 100 registros
  Pagina 225: 100 registros
  Pagina 226: 100 registros
  Pagina 227: 100 registros
  Pagina 228: 100 registros
  Pagina 229: 100 registros
  Pagina 230: 100 registros
  Pagina 231: 100 registros
  Pagina 232: 100 registros
  Pagina 233: 51 registros
Total bruto da API: 23251 tarefas
Apos filtro (mes atual em diante): 775 tarefas
Backup salvo em: atividades_datajuri.csv
Carregados 775 registro(s) da API.
Dashboard salvo em: dashboard_prazos.html
Abra esse arquivo no navegador para visualizar.
=== 27/07/2026 17:00 ===
Autenticando na API...
Buscando tarefas (prazos)...
  Pagina 1: 100 registros
  Pagina 2: 100 registros
  Pagina 3: 100 registros
  Pagina 4: 100 registros
  Pagina 5: 100 registros
  Pagina 6: 100 registros
  Pagina 7: 100 registros
  Pagina 8: 100 registros
  Pagina 9: 100 registros
  Pagina 10: 100 registros
  Pagina 11: 100 registros
  Pagina 12: 100 registros
  Pagina 13: 100 registros
  Pagina 14: 100 registros
  Pagina 15: 100 registros
  Pagina 16: 100 registros
  Pagina 17: 100 registros
  Pagina 18: 100 registros
  Pagina 19: 100 registros
  Pagina 20: 100 registros
  Pagina 21: 100 registros
  Pagina 22: 100 registros
  Pagina 23: 100 registros
  Pagina 24: 100 registros
  Pagina 25: 100 registros
  Pagina 26: 100 registros
  Pagina 27: 100 registros
  Pagina 28: 100 registros
  Pagina 29: 100 registros
  Pagina 30: 100 registros
  Pagina 31: 100 registros
  Pagina 32: 100 registros
  Pagina 33: 100 registros
  Pagina 34: 100 registros
  Pagina 35: 100 registros
  Pagina 36: 100 registros
  Pagina 37: 100 registros
  Pagina 38: 100 registros
  Pagina 39: 100 registros
  Pagina 40: 100 registros
  Pagina 41: 100 registros
  Pagina 42: 100 registros
  Pagina 43: 100 registros
  Pagina 44: 100 registros
  Pagina 45: 100 registros
  Pagina 46: 100 registros
  Pagina 47: 100 registros
  Pagina 48: 100 registros
  Pagina 49: 100 registros
  Pagina 50: 100 registros
  Pagina 51: 100 registros
  Pagina 52: 100 registros
  Pagina 53: 100 registros
  Pagina 54: 100 registros
  Pagina 55: 100 registros
  Pagina 56: 100 registros
  Pagina 57: 100 registros
  Pagina 58: 100 registros
  Pagina 59: 100 registros
  Pagina 60: 100 registros
  Pagina 61: 100 registros
  Pagina 62: 100 registros
  Pagina 63: 100 registros
  Pagina 64: 100 registros
  Pagina 65: 100 registros
  Pagina 66: 100 registros
  Pagina 67: 100 registros
  Pagina 68: 100 registros
  Pagina 69: 100 registros
  Pagina 70: 100 registros
  Pagina 71: 100 registros
  Pagina 72: 100 registros
  Pagina 73: 100 registros
  Pagina 74: 100 registros
  Pagina 75: 100 registros
  Pagina 76: 100 registros
  Pagina 77: 100 registros
  Pagina 78: 100 registros
  Pagina 79: 100 registros
  Pagina 80: 100 registros
  Pagina 81: 100 registros
  Pagina 82: 100 registros
  Pagina 83: 100 registros
  Pagina 84: 100 registros
  Pagina 85: 100 registros
  Pagina 86: 100 registros
  Pagina 87: 100 registros
  Pagina 88: 100 registros
  Pagina 89: 100 registros
  Pagina 90: 100 registros
  Pagina 91: 100 registros
  Pagina 92: 100 registros
  Pagina 93: 100 registros
  Pagina 94: 100 registros
  Pagina 95: 100 registros
  Pagina 96: 100 registros
  Pagina 97: 100 registros
  Pagina 98: 100 registros
  Pagina 99: 100 registros
  Pagina 100: 100 registros
  Pagina 101: 100 registros
  Pagina 102: 100 registros
  Pagina 103: 100 registros
  Pagina 104: 100 registros
  Pagina 105: 100 registros
  Pagina 106: 100 registros
  Pagina 107: 100 registros
  Pagina 108: 100 registros
  Pagina 109: 100 registros
  Pagina 110: 100 registros
  Pagina 111: 100 registros
  Pagina 112: 100 registros
  Pagina 113: 100 registros
  Pagina 114: 100 registros
  Pagina 115: 100 registros
  Pagina 116: 100 registros
  Pagina 117: 100 registros
  Pagina 118: 100 registros
  Pagina 119: 100 registros
  Pagina 120: 100 registros
  Pagina 121: 100 registros
  Pagina 122: 100 registros
  Pagina 123: 100 registros
  Pagina 124: 100 registros
  Pagina 125: 100 registros
  Pagina 126: 100 registros
  Pagina 127: 100 registros
  Pagina 128: 100 registros
  Pagina 129: 100 registros
  Pagina 130: 100 registros
  Pagina 131: 100 registros
  Pagina 132: 100 registros
  Pagina 133: 100 registros
  Pagina 134: 100 registros
  Pagina 135: 100 registros
  Pagina 136: 100 registros
  Pagina 137: 100 registros
  Pagina 138: 100 registros
  Pagina 139: 100 registros
  Pagina 140: 100 registros
  Pagina 141: 100 registros
  Pagina 142: 100 registros
  Pagina 143: 100 registros
  Pagina 144: 100 registros
  Pagina 145: 100 registros
  Pagina 146: 100 registros
  Pagina 147: 100 registros
  Pagina 148: 100 registros
  Pagina 149: 100 registros
  Pagina 150: 100 registros
  Pagina 151: 100 registros
  Pagina 152: 100 registros
  Pagina 153: 100 registros
  Pagina 154: 100 registros
  Pagina 155: 100 registros
  Pagina 156: 100 registros
  Pagina 157: 100 registros
  Pagina 158: 100 registros
  Pagina 159: 100 registros
  Pagina 160: 100 registros
  Pagina 161: 100 registros
  Pagina 162: 100 registros
  Pagina 163: 100 registros
  Pagina 164: 100 registros
  Pagina 165: 100 registros
  Pagina 166: 100 registros
  Pagina 167: 100 registros
  Pagina 168: 100 registros
  Pagina 169: 100 registros
  Pagina 170: 100 registros
  Pagina 171: 100 registros
  Pagina 172: 100 registros
  Pagina 173: 100 registros
  Pagina 174: 100 registros
  Pagina 175: 100 registros
  Pagina 176: 100 registros
  Pagina 177: 100 registros
  Pagina 178: 100 registros
  Pagina 179: 100 registros
  Pagina 180: 100 registros
  Pagina 181: 100 registros
  Pagina 182: 100 registros
  Pagina 183: 100 registros
  Pagina 184: 100 registros
  Pagina 185: 100 registros
  Pagina 186: 100 registros
  Pagina 187: 100 registros
  Pagina 188: 100 registros
  Pagina 189: 100 registros
  Pagina 190: 100 registros
  Pagina 191: 100 registros
  Pagina 192: 100 registros
  Pagina 193: 100 registros
  Pagina 194: 100 registros
  Pagina 195: 100 registros
  Pagina 196: 100 registros
  Pagina 197: 100 registros
  Pagina 198: 100 registros
  Pagina 199: 100 registros
  Pagina 200: 100 registros
  Pagina 201: 100 registros
  Pagina 202: 100 registros
  Pagina 203: 100 registros
  Pagina 204: 100 registros
  Pagina 205: 100 registros
  Pagina 206: 100 registros
  Pagina 207: 100 registros
  Pagina 208: 100 registros
  Pagina 209: 100 registros
  Pagina 210: 100 registros
  Pagina 211: 100 registros
  Pagina 212: 100 registros
  Pagina 213: 100 registros
  Pagina 214: 100 registros
  Pagina 215: 100 registros
  Pagina 216: 100 registros
  Pagina 217: 100 registros
  Pagina 218: 100 registros
  Pagina 219: 100 registros
  Pagina 220: 100 registros
  Pagina 221: 100 registros
  Pagina 222: 100 registros
  Pagina 223: 100 registros
  Pagina 224: 100 registros
  Pagina 225: 100 registros
  Pagina 226: 100 registros
  Pagina 227: 100 registros
  Pagina 228: 100 registros
  Pagina 229: 100 registros
  Pagina 230: 100 registros
  Pagina 231: 100 registros
  Pagina 232: 100 registros
  Pagina 233: 57 registros
Total bruto da API: 23257 tarefas
Apos filtro (mes atual em diante): 781 tarefas
Backup salvo em: atividades_datajuri.csv
Carregados 781 registro(s) da API.
Dashboard salvo em: dashboard_prazos.html
Abra esse arquivo no navegador para visualizar.
=== 28/07/2026 10:00 ===
Autenticando na API...
Buscando tarefas (prazos)...
  Pagina 1: 100 registros
  Pagina 2: 100 registros
  Pagina 3: 100 registros
  Pagina 4: 100 registros
  Pagina 5: 100 registros
  Pagina 6: 100 registros
  Pagina 7: 100 registros
  Pagina 8: 100 registros
  Pagina 9: 100 registros
  Pagina 10: 100 registros
  Pagina 11: 100 registros
  Pagina 12: 100 registros
  Pagina 13: 100 registros
  Pagina 14: 100 registros
  Pagina 15: 100 registros
  Pagina 16: 100 registros
  Pagina 17: 100 registros
  Pagina 18: 100 registros
  Pagina 19: 100 registros
  Pagina 20: 100 registros
  Pagina 21: 100 registros
  Pagina 22: 100 registros
  Pagina 23: 100 registros
  Pagina 24: 100 registros
  Pagina 25: 100 registros
  Pagina 26: 100 registros
  Pagina 27: 100 registros
  Pagina 28: 100 registros
  Pagina 29: 100 registros
  Pagina 30: 100 registros
  Pagina 31: 100 registros
  Pagina 32: 100 registros
  Pagina 33: 100 registros
  Pagina 34: 100 registros
  Pagina 35: 100 registros
  Pagina 36: 100 registros
  Pagina 37: 100 registros
  Pagina 38: 100 registros
  Pagina 39: 100 registros
  Pagina 40: 100 registros
  Pagina 41: 100 registros
  Pagina 42: 100 registros
  Pagina 43: 100 registros
  Pagina 44: 100 registros
  Pagina 45: 100 registros
  Pagina 46: 100 registros
  Pagina 47: 100 registros
  Pagina 48: 100 registros
  Pagina 49: 100 registros
  Pagina 50: 100 registros
  Pagina 51: 100 registros
  Pagina 52: 100 registros
  Pagina 53: 100 registros
  Pagina 54: 100 registros
  Pagina 55: 100 registros
  Pagina 56: 100 registros
  Pagina 57: 100 registros
  Pagina 58: 100 registros
  Pagina 59: 100 registros
  Pagina 60: 100 registros
  Pagina 61: 100 registros
  Pagina 62: 100 registros
  Pagina 63: 100 registros
  Pagina 64: 100 registros
  Pagina 65: 100 registros
  Pagina 66: 100 registros
  Pagina 67: 100 registros
  Pagina 68: 100 registros
  Pagina 69: 100 registros
  Pagina 70: 100 registros
  Pagina 71: 100 registros
  Pagina 72: 100 registros
  Pagina 73: 100 registros
  Pagina 74: 100 registros
  Pagina 75: 100 registros
  Pagina 76: 100 registros
  Pagina 77: 100 registros
  Pagina 78: 100 registros
  Pagina 79: 100 registros
  Pagina 80: 100 registros
  Pagina 81: 100 registros
  Pagina 82: 100 registros
  Pagina 83: 100 registros
  Pagina 84: 100 registros
  Pagina 85: 100 registros
  Pagina 86: 100 registros
  Pagina 87: 100 registros
  Pagina 88: 100 registros
  Pagina 89: 100 registros
  Pagina 90: 100 registros
  Pagina 91: 100 registros
  Pagina 92: 100 registros
  Pagina 93: 100 registros
  Pagina 94: 100 registros
  Pagina 95: 100 registros
  Pagina 96: 100 registros
  Pagina 97: 100 registros
  Pagina 98: 100 registros
  Pagina 99: 100 registros
  Pagina 100: 100 registros
  Pagina 101: 100 registros
  Pagina 102: 100 registros
  Pagina 103: 100 registros
  Pagina 104: 100 registros
  Pagina 105: 100 registros
  Pagina 106: 100 registros
  Pagina 107: 100 registros
  Pagina 108: 100 registros
  Pagina 109: 100 registros
  Pagina 110: 100 registros
  Pagina 111: 100 registros
  Pagina 112: 100 registros
  Pagina 113: 100 registros
  Pagina 114: 100 registros
  Pagina 115: 100 registros
  Pagina 116: 100 registros
  Pagina 117: 100 registros
  Pagina 118: 100 registros
  Pagina 119: 100 registros
  Pagina 120: 100 registros
  Pagina 121: 100 registros
  Pagina 122: 100 registros
  Pagina 123: 100 registros
  Pagina 124: 100 registros
  Pagina 125: 100 registros
  Pagina 126: 100 registros
  Pagina 127: 100 registros
  Pagina 128: 100 registros
  Pagina 129: 100 registros
  Pagina 130: 100 registros
  Pagina 131: 100 registros
  Pagina 132: 100 registros
  Pagina 133: 100 registros
  Pagina 134: 100 registros
  Pagina 135: 100 registros
  Pagina 136: 100 registros
  Pagina 137: 100 registros
  Pagina 138: 100 registros
  Pagina 139: 100 registros
  Pagina 140: 100 registros
  Pagina 141: 100 registros
  Pagina 142: 100 registros
  Pagina 143: 100 registros
  Pagina 144: 100 registros
  Pagina 145: 100 registros
  Pagina 146: 100 registros
  Pagina 147: 100 registros
  Pagina 148: 100 registros
  Pagina 149: 100 registros
  Pagina 150: 100 registros
  Pagina 151: 100 registros
  Pagina 152: 100 registros
  Pagina 153: 100 registros
  Pagina 154: 100 registros
  Pagina 155: 100 registros
  Pagina 156: 100 registros
  Pagina 157: 100 registros
  Pagina 158: 100 registros
  Pagina 159: 100 registros
  Pagina 160: 100 registros
  Pagina 161: 100 registros
  Pagina 162: 100 registros
  Pagina 163: 100 registros
  Pagina 164: 100 registros
  Pagina 165: 100 registros
  Pagina 166: 100 registros
  Pagina 167: 100 registros
  Pagina 168: 100 registros
  Pagina 169: 100 registros
  Pagina 170: 100 registros
  Pagina 171: 100 registros
  Pagina 172: 100 registros
  Pagina 173: 100 registros
  Pagina 174: 100 registros
  Pagina 175: 100 registros
  Pagina 176: 100 registros
  Pagina 177: 100 registros
  Pagina 178: 100 registros
  Pagina 179: 100 registros
  Pagina 180: 100 registros
  Pagina 181: 100 registros
  Pagina 182: 100 registros
  Pagina 183: 100 registros
  Pagina 184: 100 registros
  Pagina 185: 100 registros
  Pagina 186: 100 registros
  Pagina 187: 100 registros
  Pagina 188: 100 registros
  Pagina 189: 100 registros
  Pagina 190: 100 registros
  Pagina 191: 100 registros
  Pagina 192: 100 registros
  Pagina 193: 100 registros
  Pagina 194: 100 registros
  Pagina 195: 100 registros
  Pagina 196: 100 registros
  Pagina 197: 100 registros
  Pagina 198: 100 registros
  Pagina 199: 100 registros
  Pagina 200: 100 registros
  Pagina 201: 100 registros
  Pagina 202: 100 registros
  Pagina 203: 100 registros
  Pagina 204: 100 registros
  Pagina 205: 100 registros
  Pagina 206: 100 registros
  Pagina 207: 100 registros
  Pagina 208: 100 registros
  Pagina 209: 100 registros
  Pagina 210: 100 registros
  Pagina 211: 100 registros
  Pagina 212: 100 registros
  Pagina 213: 100 registros
  Pagina 214: 100 registros
  Pagina 215: 100 registros
  Pagina 216: 100 registros
  Pagina 217: 100 registros
  Pagina 218: 100 registros
  Pagina 219: 100 registros
  Pagina 220: 100 registros
  Pagina 221: 100 registros
  Pagina 222: 100 registros
  Pagina 223: 100 registros
  Pagina 224: 100 registros
  Pagina 225: 100 registros
  Pagina 226: 100 registros
  Pagina 227: 100 registros
  Pagina 228: 100 registros
  Pagina 229: 100 registros
  Pagina 230: 100 registros
  Pagina 231: 100 registros
  Pagina 232: 100 registros
  Pagina 233: 58 registros
Total bruto da API: 23258 tarefas
Apos filtro (mes atual em diante): 782 tarefas
Backup salvo em: atividades_datajuri.csv
Carregados 782 registro(s) da API.
Dashboard salvo em: dashboard_prazos.html
Abra esse arquivo no navegador para visualizar.
=== 28/07/2026 17:00 ===
Autenticando na API...
Buscando tarefas (prazos)...
  Pagina 1: 100 registros
  Pagina 2: 100 registros
  Pagina 3: 100 registros
  Pagina 4: 100 registros
  Pagina 5: 100 registros
  Pagina 6: 100 registros
  Pagina 7: 100 registros
  Pagina 8: 100 registros
  Pagina 9: 100 registros
  Pagina 10: 100 registros
  Pagina 11: 100 registros
  Pagina 12: 100 registros
  Pagina 13: 100 registros
  Pagina 14: 100 registros
  Pagina 15: 100 registros
  Pagina 16: 100 registros
  Pagina 17: 100 registros
  Pagina 18: 100 registros
  Pagina 19: 100 registros
  Pagina 20: 100 registros
  Pagina 21: 100 registros
  Pagina 22: 100 registros
  Pagina 23: 100 registros
  Pagina 24: 100 registros
  Pagina 25: 100 registros
  Pagina 26: 100 registros
  Pagina 27: 100 registros
  Pagina 28: 100 registros
  Pagina 29: 100 registros
  Pagina 30: 100 registros
  Pagina 31: 100 registros
  Pagina 32: 100 registros
  Pagina 33: 100 registros
  Pagina 34: 100 registros
  Pagina 35: 100 registros
  Pagina 36: 100 registros
  Pagina 37: 100 registros
  Pagina 38: 100 registros
  Pagina 39: 100 registros
  Pagina 40: 100 registros
  Pagina 41: 100 registros
  Pagina 42: 100 registros
  Pagina 43: 100 registros
  Pagina 44: 100 registros
  Pagina 45: 100 registros
  Pagina 46: 100 registros
  Pagina 47: 100 registros
  Pagina 48: 100 registros
  Pagina 49: 100 registros
  Pagina 50: 100 registros
  Pagina 51: 100 registros
  Pagina 52: 100 registros
  Pagina 53: 100 registros
  Pagina 54: 100 registros
  Pagina 55: 100 registros
  Pagina 56: 100 registros
  Pagina 57: 100 registros
  Pagina 58: 100 registros
  Pagina 59: 100 registros
  Pagina 60: 100 registros
  Pagina 61: 100 registros
  Pagina 62: 100 registros
  Pagina 63: 100 registros
  Pagina 64: 100 registros
  Pagina 65: 100 registros
  Pagina 66: 100 registros
  Pagina 67: 100 registros
  Pagina 68: 100 registros
  Pagina 69: 100 registros
  Pagina 70: 100 registros
  Pagina 71: 100 registros
  Pagina 72: 100 registros
  Pagina 73: 100 registros
  Pagina 74: 100 registros
  Pagina 75: 100 registros
  Pagina 76: 100 registros
  Pagina 77: 100 registros
  Pagina 78: 100 registros
  Pagina 79: 100 registros
  Pagina 80: 100 registros
  Pagina 81: 100 registros
  Pagina 82: 100 registros
  Pagina 83: 100 registros
  Pagina 84: 100 registros
  Pagina 85: 100 registros
  Pagina 86: 100 registros
  Pagina 87: 100 registros
  Pagina 88: 100 registros
  Pagina 89: 100 registros
  Pagina 90: 100 registros
  Pagina 91: 100 registros
  Pagina 92: 100 registros
  Pagina 93: 100 registros
  Pagina 94: 100 registros
  Pagina 95: 100 registros
  Pagina 96: 100 registros
  Pagina 97: 100 registros
  Pagina 98: 100 registros
  Pagina 99: 100 registros
  Pagina 100: 100 registros
  Pagina 101: 100 registros
  Pagina 102: 100 registros
  Pagina 103: 100 registros
  Pagina 104: 100 registros
  Pagina 105: 100 registros
  Pagina 106: 100 registros
  Pagina 107: 100 registros
  Pagina 108: 100 registros
  Pagina 109: 100 registros
  Pagina 110: 100 registros
  Pagina 111: 100 registros
  Pagina 112: 100 registros
  Pagina 113: 100 registros
  Pagina 114: 100 registros
  Pagina 115: 100 registros
  Pagina 116: 100 registros
  Pagina 117: 100 registros
  Pagina 118: 100 registros
  Pagina 119: 100 registros
  Pagina 120: 100 registros
  Pagina 121: 100 registros
  Pagina 122: 100 registros
  Pagina 123: 100 registros
  Pagina 124: 100 registros
  Pagina 125: 100 registros
  Pagina 126: 100 registros
  Pagina 127: 100 registros
  Pagina 128: 100 registros
  Pagina 129: 100 registros
  Pagina 130: 100 registros
  Pagina 131: 100 registros
  Pagina 132: 100 registros
  Pagina 133: 100 registros
  Pagina 134: 100 registros
  Pagina 135: 100 registros
  Pagina 136: 100 registros
  Pagina 137: 100 registros
  Pagina 138: 100 registros
  Pagina 139: 100 registros
  Pagina 140: 100 registros
  Pagina 141: 100 registros
  Pagina 142: 100 registros
  Pagina 143: 100 registros
  Pagina 144: 100 registros
  Pagina 145: 100 registros
  Pagina 146: 100 registros
  Pagina 147: 100 registros
  Pagina 148: 100 registros
  Pagina 149: 100 registros
  Pagina 150: 100 registros
  Pagina 151: 100 registros
  Pagina 152: 100 registros
  Pagina 153: 100 registros
  Pagina 154: 100 registros
  Pagina 155: 100 registros
  Pagina 156: 100 registros
  Pagina 157: 100 registros
  Pagina 158: 100 registros
  Pagina 159: 100 registros
  Pagina 160: 100 registros
  Pagina 161: 100 registros
  Pagina 162: 100 registros
  Pagina 163: 100 registros
  Pagina 164: 100 registros
  Pagina 165: 100 registros
  Pagina 166: 100 registros
  Pagina 167: 100 registros
  Pagina 168: 100 registros
  Pagina 169: 100 registros
  Pagina 170: 100 registros
  Pagina 171: 100 registros
  Pagina 172: 100 registros
  Pagina 173: 100 registros
  Pagina 174: 100 registros
  Pagina 175: 100 registros
  Pagina 176: 100 registros
  Pagina 177: 100 registros
  Pagina 178: 100 registros
  Pagina 179: 100 registros
  Pagina 180: 100 registros
  Pagina 181: 100 registros
  Pagina 182: 100 registros
  Pagina 183: 100 registros
  Pagina 184: 100 registros
  Pagina 185: 100 registros
  Pagina 186: 100 registros
  Pagina 187: 100 registros
  Pagina 188: 100 registros
  Pagina 189: 100 registros
  Pagina 190: 100 registros
  Pagina 191: 100 registros
  Pagina 192: 100 registros
  Pagina 193: 100 registros
  Pagina 194: 100 registros
  Pagina 195: 100 registros
  Pagina 196: 100 registros
  Pagina 197: 100 registros
  Pagina 198: 100 registros
  Pagina 199: 100 registros
  Pagina 200: 100 registros
  Pagina 201: 100 registros
  Pagina 202: 100 registros
  Pagina 203: 100 registros
  Pagina 204: 100 registros
  Pagina 205: 100 registros
  Pagina 206: 100 registros
  Pagina 207: 100 registros
  Pagina 208: 100 registros
  Pagina 209: 100 registros
  Pagina 210: 100 registros
  Pagina 211: 100 registros
  Pagina 212: 100 registros
  Pagina 213: 100 registros
  Pagina 214: 100 registros
  Pagina 215: 100 registros
  Pagina 216: 100 registros
  Pagina 217: 100 registros
  Pagina 218: 100 registros
  Pagina 219: 100 registros
  Pagina 220: 100 registros
  Pagina 221: 100 registros
  Pagina 222: 100 registros
  Pagina 223: 100 registros
  Pagina 224: 100 registros
  Pagina 225: 100 registros
  Pagina 226: 100 registros
  Pagina 227: 100 registros
  Pagina 228: 100 registros
  Pagina 229: 100 registros
  Pagina 230: 100 registros
  Pagina 231: 100 registros
  Pagina 232: 100 registros
  Pagina 233: 67 registros
Total bruto da API: 23267 tarefas
Apos filtro (mes atual em diante): 791 tarefas
Backup salvo em: atividades_datajuri.csv
Carregados 791 registro(s) da API.
Dashboard salvo em: dashboard_prazos.html
Abra esse arquivo no navegador para visualizar.
=== 29/07/2026 10:00 ===
Autenticando na API...
Buscando tarefas (prazos)...
  Pagina 1: 100 registros
  Pagina 2: 100 registros
  Pagina 3: 100 registros
  Pagina 4: 100 registros
  Pagina 5: 100 registros
  Pagina 6: 100 registros
  Pagina 7: 100 registros
  Pagina 8: 100 registros
  Pagina 9: 100 registros
  Pagina 10: 100 registros
  Pagina 11: 100 registros
  Pagina 12: 100 registros
  Pagina 13: 100 registros
  Pagina 14: 100 registros
  Pagina 15: 100 registros
  Pagina 16: 100 registros
  Pagina 17: 100 registros
  Pagina 18: 100 registros
  Pagina 19: 100 registros
  Pagina 20: 100 registros
  Pagina 21: 100 registros
  Pagina 22: 100 registros
  Pagina 23: 100 registros
  Pagina 24: 100 registros
  Pagina 25: 100 registros
  Pagina 26: 100 registros
  Pagina 27: 100 registros
  Pagina 28: 100 registros
  Pagina 29: 100 registros
  Pagina 30: 100 registros
  Pagina 31: 100 registros
  Pagina 32: 100 registros
  Pagina 33: 100 registros
  Pagina 34: 100 registros
  Pagina 35: 100 registros
  Pagina 36: 100 registros
  Pagina 37: 100 registros
  Pagina 38: 100 registros
  Pagina 39: 100 registros
  Pagina 40: 100 registros
  Pagina 41: 100 registros
  Pagina 42: 100 registros
  Pagina 43: 100 registros
  Pagina 44: 100 registros
  Pagina 45: 100 registros
  Pagina 46: 100 registros
  Pagina 47: 100 registros
  Pagina 48: 100 registros
  Pagina 49: 100 registros
  Pagina 50: 100 registros
  Pagina 51: 100 registros
  Pagina 52: 100 registros
  Pagina 53: 100 registros
  Pagina 54: 100 registros
  Pagina 55: 100 registros
  Pagina 56: 100 registros
  Pagina 57: 100 registros
  Pagina 58: 100 registros
  Pagina 59: 100 registros
  Pagina 60: 100 registros
  Pagina 61: 100 registros
  Pagina 62: 100 registros
  Pagina 63: 100 registros
  Pagina 64: 100 registros
  Pagina 65: 100 registros
  Pagina 66: 100 registros
  Pagina 67: 100 registros
  Pagina 68: 100 registros
  Pagina 69: 100 registros
  Pagina 70: 100 registros
  Pagina 71: 100 registros
  Pagina 72: 100 registros
  Pagina 73: 100 registros
  Pagina 74: 100 registros
  Pagina 75: 100 registros
  Pagina 76: 100 registros
  Pagina 77: 100 registros
  Pagina 78: 100 registros
  Pagina 79: 100 registros
  Pagina 80: 100 registros
  Pagina 81: 100 registros
  Pagina 82: 100 registros
  Pagina 83: 100 registros
  Pagina 84: 100 registros
  Pagina 85: 100 registros
  Pagina 86: 100 registros
  Pagina 87: 100 registros
  Pagina 88: 100 registros
  Pagina 89: 100 registros
  Pagina 90: 100 registros
  Pagina 91: 100 registros
  Pagina 92: 100 registros
  Pagina 93: 100 registros
  Pagina 94: 100 registros
  Pagina 95: 100 registros
  Pagina 96: 100 registros
  Pagina 97: 100 registros
  Pagina 98: 100 registros
  Pagina 99: 100 registros
  Pagina 100: 100 registros
  Pagina 101: 100 registros
  Pagina 102: 100 registros
  Pagina 103: 100 registros
  Pagina 104: 100 registros
  Pagina 105: 100 registros
  Pagina 106: 100 registros
  Pagina 107: 100 registros
  Pagina 108: 100 registros
  Pagina 109: 100 registros
  Pagina 110: 100 registros
  Pagina 111: 100 registros
  Pagina 112: 100 registros
  Pagina 113: 100 registros
  Pagina 114: 100 registros
  Pagina 115: 100 registros
  Pagina 116: 100 registros
  Pagina 117: 100 registros
  Pagina 118: 100 registros
  Pagina 119: 100 registros
  Pagina 120: 100 registros
  Pagina 121: 100 registros
  Pagina 122: 100 registros
  Pagina 123: 100 registros
  Pagina 124: 100 registros
  Pagina 125: 100 registros
  Pagina 126: 100 registros
  Pagina 127: 100 registros
  Pagina 128: 100 registros
  Pagina 129: 100 registros
  Pagina 130: 100 registros
  Pagina 131: 100 registros
  Pagina 132: 100 registros
  Pagina 133: 100 registros
  Pagina 134: 100 registros
  Pagina 135: 100 registros
  Pagina 136: 100 registros
  Pagina 137: 100 registros
  Pagina 138: 100 registros
  Pagina 139: 100 registros
  Pagina 140: 100 registros
  Pagina 141: 100 registros
  Pagina 142: 100 registros
  Pagina 143: 100 registros
  Pagina 144: 100 registros
  Pagina 145: 100 registros
  Pagina 146: 100 registros
  Pagina 147: 100 registros
  Pagina 148: 100 registros
  Pagina 149: 100 registros
  Pagina 150: 100 registros
  Pagina 151: 100 registros
  Pagina 152: 100 registros
  Pagina 153: 100 registros
  Pagina 154: 100 registros
  Pagina 155: 100 registros
  Pagina 156: 100 registros
  Pagina 157: 100 registros
  Pagina 158: 100 registros
  Pagina 159: 100 registros
  Pagina 160: 100 registros
  Pagina 161: 100 registros
  Pagina 162: 100 registros
  Pagina 163: 100 registros
  Pagina 164: 100 registros
  Pagina 165: 100 registros
  Pagina 166: 100 registros
  Pagina 167: 100 registros
  Pagina 168: 100 registros
  Pagina 169: 100 registros
  Pagina 170: 100 registros
  Pagina 171: 100 registros
  Pagina 172: 100 registros
  Pagina 173: 100 registros
  Pagina 174: 100 registros
  Pagina 175: 100 registros
  Pagina 176: 100 registros
  Pagina 177: 100 registros
  Pagina 178: 100 registros
  Pagina 179: 100 registros
  Pagina 180: 100 registros
  Pagina 181: 100 registros
  Pagina 182: 100 registros
  Pagina 183: 100 registros
  Pagina 184: 100 registros
  Pagina 185: 100 registros
  Pagina 186: 100 registros
  Pagina 187: 100 registros
  Pagina 188: 100 registros
  Pagina 189: 100 registros
  Pagina 190: 100 registros
  Pagina 191: 100 registros
  Pagina 192: 100 registros
  Pagina 193: 100 registros
  Pagina 194: 100 registros
  Pagina 195: 100 registros
  Pagina 196: 100 registros
  Pagina 197: 100 registros
  Pagina 198: 100 registros
  Pagina 199: 100 registros
  Pagina 200: 100 registros
  Pagina 201: 100 registros
  Pagina 202: 100 registros
  Pagina 203: 100 registros
  Pagina 204: 100 registros
  Pagina 205: 100 registros
  Pagina 206: 100 registros
  Pagina 207: 100 registros
  Pagina 208: 100 registros
  Pagina 209: 100 registros
  Pagina 210: 100 registros
  Pagina 211: 100 registros
  Pagina 212: 100 registros
  Pagina 213: 100 registros
  Pagina 214: 100 registros
  Pagina 215: 100 registros
  Pagina 216: 100 registros
  Pagina 217: 100 registros
  Pagina 218: 100 registros
  Pagina 219: 100 registros
  Pagina 220: 100 registros
  Pagina 221: 100 registros
  Pagina 222: 100 registros
  Pagina 223: 100 registros
  Pagina 224: 100 registros
  Pagina 225: 100 registros
  Pagina 226: 100 registros
  Pagina 227: 100 registros
  Pagina 228: 100 registros
  Pagina 229: 100 registros
  Pagina 230: 100 registros
  Pagina 231: 100 registros
  Pagina 232: 100 registros
  Pagina 233: 69 registros
Total bruto da API: 23269 tarefas
Apos filtro (mes atual em diante): 792 tarefas
Backup salvo em: atividades_datajuri.csv
Carregados 792 registro(s) da API.
Dashboard salvo em: dashboard_prazos.html
Abra esse arquivo no navegador para visualizar.
=== 29/07/2026 17:14 ===
Autenticando na API...
Buscando tarefas (prazos)...
  Pagina 1: 100 registros
  Pagina 2: 100 registros
  Pagina 3: 100 registros
  Pagina 4: 100 registros
  Pagina 5: 100 registros
  Pagina 6: 100 registros
  Pagina 7: 100 registros
  Pagina 8: 100 registros
  Pagina 9: 100 registros
  Pagina 10: 100 registros
  Pagina 11: 100 registros
  Pagina 12: 100 registros
  Pagina 13: 100 registros
  Pagina 14: 100 registros
  Pagina 15: 100 registros
  Pagina 16: 100 registros
  Pagina 17: 100 registros
  Pagina 18: 100 registros
  Pagina 19: 100 registros
  Pagina 20: 100 registros
  Pagina 21: 100 registros
  Pagina 22: 100 registros
  Pagina 23: 100 registros
  Pagina 24: 100 registros
  Pagina 25: 100 registros
  Pagina 26: 100 registros
  Pagina 27: 100 registros
  Pagina 28: 100 registros
  Pagina 29: 100 registros
  Pagina 30: 100 registros
  Pagina 31: 100 registros
  Pagina 32: 100 registros
  Pagina 33: 100 registros
  Pagina 34: 100 registros
  Pagina 35: 100 registros
  Pagina 36: 100 registros
  Pagina 37: 100 registros
  Pagina 38: 100 registros
  Pagina 39: 100 registros
  Pagina 40: 100 registros
  Pagina 41: 100 registros
  Pagina 42: 100 registros
  Pagina 43: 100 registros
  Pagina 44: 100 registros
  Pagina 45: 100 registros
  Pagina 46: 100 registros
  Pagina 47: 100 registros
  Pagina 48: 100 registros
  Pagina 49: 100 registros
  Pagina 50: 100 registros
  Pagina 51: 100 registros
  Pagina 52: 100 registros
  Pagina 53: 100 registros
  Pagina 54: 100 registros
  Pagina 55: 100 registros
  Pagina 56: 100 registros
  Pagina 57: 100 registros
  Pagina 58: 100 registros
  Pagina 59: 100 registros
  Pagina 60: 100 registros
  Pagina 61: 100 registros
  Pagina 62: 100 registros
  Pagina 63: 100 registros
  Pagina 64: 100 registros
  Pagina 65: 100 registros
  Pagina 66: 100 registros
  Pagina 67: 100 registros
  Pagina 68: 100 registros
  Pagina 69: 100 registros
  Pagina 70: 100 registros
  Pagina 71: 100 registros
  Pagina 72: 100 registros
  Pagina 73: 100 registros
  Pagina 74: 100 registros
  Pagina 75: 100 registros
  Pagina 76: 100 registros
  Pagina 77: 100 registros
  Pagina 78: 100 registros
  Pagina 79: 100 registros
  Pagina 80: 100 registros
  Pagina 81: 100 registros
  Pagina 82: 100 registros
  Pagina 83: 100 registros
  Pagina 84: 100 registros
  Pagina 85: 100 registros
  Pagina 86: 100 registros
  Pagina 87: 100 registros
  Pagina 88: 100 registros
  Pagina 89: 100 registros
  Pagina 90: 100 registros
  Pagina 91: 100 registros
  Pagina 92: 100 registros
  Pagina 93: 100 registros
  Pagina 94: 100 registros
  Pagina 95: 100 registros
  Pagina 96: 100 registros
  Pagina 97: 100 registros
  Pagina 98: 100 registros
  Pagina 99: 100 registros
  Pagina 100: 100 registros
  Pagina 101: 100 registros
  Pagina 102: 100 registros
  Pagina 103: 100 registros
  Pagina 104: 100 registros
  Pagina 105: 100 registros
  Pagina 106: 100 registros
  Pagina 107: 100 registros
  Pagina 108: 100 registros
  Pagina 109: 100 registros
  Pagina 110: 100 registros
  Pagina 111: 100 registros
  Pagina 112: 100 registros
  Pagina 113: 100 registros
  Pagina 114: 100 registros
  Pagina 115: 100 registros
  Pagina 116: 100 registros
  Pagina 117: 100 registros
  Pagina 118: 100 registros
  Pagina 119: 100 registros
  Pagina 120: 100 registros
  Pagina 121: 100 registros
  Pagina 122: 100 registros
  Pagina 123: 100 registros
  Pagina 124: 100 registros
  Pagina 125: 100 registros
  Pagina 126: 100 registros
  Pagina 127: 100 registros
  Pagina 128: 100 registros
  Pagina 129: 100 registros
  Pagina 130: 100 registros
  Pagina 131: 100 registros
  Pagina 132: 100 registros
  Aviso: erro na pagina 133: HTTPSConnectionPool(host='api.datajuri.com.br', port=443): Read timed out. (read timeout=120)
Total bruto da API: 13200 tarefas
Apos filtro (mes atual em diante): 797 tarefas
Backup salvo em: atividades_datajuri.csv
Carregados 797 registro(s) da API.
Dashboard salvo em: dashboard_prazos.html
Abra esse arquivo no navegador para visualizar.
=== 30/07/2026 10:02 ===
Autenticando na API...
Traceback (most recent call last):
  File "/Library/Frameworks/Python.framework/Versions/3.14/lib/python3.14/site-packages/urllib3/connection.py", line 204, in _new_conn
    sock = connection.create_connection(
        (self._dns_host, self.port),
    ...<2 lines>...
        socket_options=self.socket_options,
    )
  File "/Library/Frameworks/Python.framework/Versions/3.14/lib/python3.14/site-packages/urllib3/util/connection.py", line 60, in create_connection
    for res in socket.getaddrinfo(host, port, family, socket.SOCK_STREAM):
               ~~~~~~~~~~~~~~~~~~^^^^^^^^^^^^^^^^^^^^^^^^^^^^^^^^^^^^^^^^
  File "/Library/Frameworks/Python.framework/Versions/3.14/lib/python3.14/socket.py", line 987, in getaddrinfo
    for res in _socket.getaddrinfo(host, port, family, type, proto, flags):
               ~~~~~~~~~~~~~~~~~~~^^^^^^^^^^^^^^^^^^^^^^^^^^^^^^^^^^^^^^^^
socket.gaierror: [Errno 8] nodename nor servname provided, or not known

The above exception was the direct cause of the following exception:

Traceback (most recent call last):
  File "/Library/Frameworks/Python.framework/Versions/3.14/lib/python3.14/site-packages/urllib3/connectionpool.py", line 788, in urlopen
    response = self._make_request(
        conn,
    ...<10 lines>...
        **response_kw,
    )
  File "/Library/Frameworks/Python.framework/Versions/3.14/lib/python3.14/site-packages/urllib3/connectionpool.py", line 488, in _make_request
    raise new_e
  File "/Library/Frameworks/Python.framework/Versions/3.14/lib/python3.14/site-packages/urllib3/connectionpool.py", line 464, in _make_request
    self._validate_conn(conn)
    ~~~~~~~~~~~~~~~~~~~^^^^^^
  File "/Library/Frameworks/Python.framework/Versions/3.14/lib/python3.14/site-packages/urllib3/connectionpool.py", line 1106, in _validate_conn
    conn.connect()
    ~~~~~~~~~~~~^^
  File "/Library/Frameworks/Python.framework/Versions/3.14/lib/python3.14/site-packages/urllib3/connection.py", line 759, in connect
    self.sock = sock = self._new_conn()
                       ~~~~~~~~~~~~~~^^
  File "/Library/Frameworks/Python.framework/Versions/3.14/lib/python3.14/site-packages/urllib3/connection.py", line 211, in _new_conn
    raise NameResolutionError(self.host, self, e) from e
urllib3.exceptions.NameResolutionError: HTTPSConnection(host='api.datajuri.com.br', port=443): Failed to resolve 'api.datajuri.com.br' ([Errno 8] nodename nor servname provided, or not known)

The above exception was the direct cause of the following exception:

Traceback (most recent call last):
  File "/Library/Frameworks/Python.framework/Versions/3.14/lib/python3.14/site-packages/requests/adapters.py", line 696, in send
    resp = conn.urlopen(
        method=request.method,
    ...<9 lines>...
        chunked=chunked,
    )
  File "/Library/Frameworks/Python.framework/Versions/3.14/lib/python3.14/site-packages/urllib3/connectionpool.py", line 842, in urlopen
    retries = retries.increment(
        method, url, error=new_e, _pool=self, _stacktrace=sys.exc_info()[2]
    )
  File "/Library/Frameworks/Python.framework/Versions/3.14/lib/python3.14/site-packages/urllib3/util/retry.py", line 543, in increment
    raise MaxRetryError(_pool, url, reason) from reason  # type: ignore[arg-type]
    ^^^^^^^^^^^^^^^^^^^^^^^^^^^^^^^^^^^^^^^^^^^^^^^^^^^
urllib3.exceptions.MaxRetryError: HTTPSConnectionPool(host='api.datajuri.com.br', port=443): Max retries exceeded with url: /oauth/token (Caused by NameResolutionError("HTTPSConnection(host='api.datajuri.com.br', port=443): Failed to resolve 'api.datajuri.com.br' ([Errno 8] nodename nor servname provided, or not known)"))

During handling of the above exception, another exception occurred:

Traceback (most recent call last):
  File "/Users/victormiranda/Documentos/datajuri/gerar_dashboard_prazos_v13.py", line 1191, in <module>
    registros = carregar_registros()
  File "/Users/victormiranda/Documentos/datajuri/gerar_dashboard_prazos_v13.py", line 86, in carregar_registros
    token = obter_token(creds)
  File "/Users/victormiranda/Documentos/datajuri/gerar_dashboard_prazos_v13.py", line 72, in obter_token
    resp = requests.post(AUTH_URL, headers=headers, data=data, timeout=120)
  File "/Library/Frameworks/Python.framework/Versions/3.14/lib/python3.14/site-packages/requests/api.py", line 134, in post
    return request("post", url, data=data, json=json, **kwargs)
  File "/Library/Frameworks/Python.framework/Versions/3.14/lib/python3.14/site-packages/requests/api.py", line 71, in request
    return session.request(method=method, url=url, **kwargs)
           ~~~~~~~~~~~~~~~^^^^^^^^^^^^^^^^^^^^^^^^^^^^^^^^^^
  File "/Library/Frameworks/Python.framework/Versions/3.14/lib/python3.14/site-packages/requests/sessions.py", line 651, in request
    resp = self.send(prep, **send_kwargs)
  File "/Library/Frameworks/Python.framework/Versions/3.14/lib/python3.14/site-packages/requests/sessions.py", line 784, in send
    r = adapter.send(request, **kwargs)
  File "/Library/Frameworks/Python.framework/Versions/3.14/lib/python3.14/site-packages/requests/adapters.py", line 729, in send
    raise ConnectionError(e, request=request)
requests.exceptions.ConnectionError: HTTPSConnectionPool(host='api.datajuri.com.br', port=443): Max retries exceeded with url: /oauth/token (Caused by NameResolutionError("HTTPSConnection(host='api.datajuri.com.br', port=443): Failed to resolve 'api.datajuri.com.br' ([Errno 8] nodename nor servname provided, or not known)"))
=== 30/07/2026 17:00 ===
Autenticando na API...
Buscando tarefas (prazos)...
  Pagina 1: 100 registros
  Pagina 2: 100 registros
  Pagina 3: 100 registros
  Pagina 4: 100 registros
  Pagina 5: 100 registros
  Pagina 6: 100 registros
  Pagina 7: 100 registros
  Pagina 8: 100 registros
  Pagina 9: 100 registros
  Pagina 10: 100 registros
  Pagina 11: 100 registros
  Pagina 12: 100 registros
  Pagina 13: 100 registros
  Pagina 14: 100 registros
  Pagina 15: 100 registros
  Pagina 16: 100 registros
  Pagina 17: 100 registros
  Pagina 18: 100 registros
  Pagina 19: 100 registros
  Pagina 20: 100 registros
  Pagina 21: 100 registros
  Pagina 22: 100 registros
  Pagina 23: 100 registros
  Pagina 24: 100 registros
  Pagina 25: 100 registros
  Pagina 26: 100 registros
  Pagina 27: 100 registros
  Pagina 28: 100 registros
  Pagina 29: 100 registros
  Pagina 30: 100 registros
  Pagina 31: 100 registros
  Pagina 32: 100 registros
  Pagina 33: 100 registros
  Pagina 34: 100 registros
  Pagina 35: 100 registros
  Pagina 36: 100 registros
  Pagina 37: 100 registros
  Pagina 38: 100 registros
  Pagina 39: 100 registros
  Pagina 40: 100 registros
  Pagina 41: 100 registros
  Pagina 42: 100 registros
  Pagina 43: 100 registros
  Pagina 44: 100 registros
  Pagina 45: 100 registros
  Pagina 46: 100 registros
  Pagina 47: 100 registros
  Pagina 48: 100 registros
  Pagina 49: 100 registros
  Pagina 50: 100 registros
  Pagina 51: 100 registros
  Pagina 52: 100 registros
  Pagina 53: 100 registros
  Pagina 54: 100 registros
  Pagina 55: 100 registros
  Pagina 56: 100 registros
  Pagina 57: 100 registros
  Pagina 58: 100 registros
  Pagina 59: 100 registros
  Pagina 60: 100 registros
  Pagina 61: 100 registros
  Pagina 62: 100 registros
  Pagina 63: 100 registros
  Pagina 64: 100 registros
  Pagina 65: 100 registros
  Pagina 66: 100 registros
  Pagina 67: 100 registros
  Pagina 68: 100 registros
  Pagina 69: 100 registros
  Pagina 70: 100 registros
  Pagina 71: 100 registros
  Pagina 72: 100 registros
  Pagina 73: 100 registros
  Pagina 74: 100 registros
  Pagina 75: 100 registros
  Pagina 76: 100 registros
  Pagina 77: 100 registros
  Pagina 78: 100 registros
  Pagina 79: 100 registros
  Pagina 80: 100 registros
  Pagina 81: 100 registros
  Pagina 82: 100 registros
  Pagina 83: 100 registros
  Pagina 84: 100 registros
  Pagina 85: 100 registros
  Pagina 86: 100 registros
  Pagina 87: 100 registros
  Pagina 88: 100 registros
  Pagina 89: 100 registros
  Pagina 90: 100 registros
  Pagina 91: 100 registros
  Pagina 92: 100 registros
  Pagina 93: 100 registros
  Pagina 94: 100 registros
  Pagina 95: 100 registros
  Pagina 96: 100 registros
  Pagina 97: 100 registros
  Pagina 98: 100 registros
  Pagina 99: 100 registros
  Pagina 100: 100 registros
  Pagina 101: 100 registros
  Pagina 102: 100 registros
  Pagina 103: 100 registros
  Pagina 104: 100 registros
  Pagina 105: 100 registros
  Pagina 106: 100 registros
  Pagina 107: 100 registros
  Pagina 108: 100 registros
  Pagina 109: 100 registros
  Pagina 110: 100 registros
  Pagina 111: 100 registros
  Pagina 112: 100 registros
  Pagina 113: 100 registros
  Pagina 114: 100 registros
  Pagina 115: 100 registros
  Pagina 116: 100 registros
  Pagina 117: 100 registros
  Pagina 118: 100 registros
  Pagina 119: 100 registros
  Pagina 120: 100 registros
  Pagina 121: 100 registros
  Pagina 122: 100 registros
  Pagina 123: 100 registros
  Pagina 124: 100 registros
  Pagina 125: 100 registros
  Pagina 126: 100 registros
  Pagina 127: 100 registros
  Pagina 128: 100 registros
  Pagina 129: 100 registros
  Pagina 130: 100 registros
  Pagina 131: 100 registros
  Pagina 132: 100 registros
  Pagina 133: 100 registros
  Pagina 134: 100 registros
  Pagina 135: 100 registros
  Pagina 136: 100 registros
  Pagina 137: 100 registros
  Pagina 138: 100 registros
  Pagina 139: 100 registros
  Pagina 140: 100 registros
  Pagina 141: 100 registros
  Pagina 142: 100 registros
  Pagina 143: 100 registros
  Pagina 144: 100 registros
  Pagina 145: 100 registros
  Pagina 146: 100 registros
  Pagina 147: 100 registros
  Pagina 148: 100 registros
  Pagina 149: 100 registros
  Pagina 150: 100 registros
  Pagina 151: 100 registros
  Pagina 152: 100 registros
  Pagina 153: 100 registros
  Pagina 154: 100 registros
  Pagina 155: 100 registros
  Pagina 156: 100 registros
  Pagina 157: 100 registros
  Pagina 158: 100 registros
  Pagina 159: 100 registros
  Pagina 160: 100 registros
  Pagina 161: 100 registros
  Pagina 162: 100 registros
  Pagina 163: 100 registros
  Pagina 164: 100 registros
  Pagina 165: 100 registros
  Pagina 166: 100 registros
  Pagina 167: 100 registros
  Pagina 168: 100 registros
  Pagina 169: 100 registros
  Pagina 170: 100 registros
  Pagina 171: 100 registros
  Pagina 172: 100 registros
  Pagina 173: 100 registros
  Pagina 174: 100 registros
  Pagina 175: 100 registros
  Pagina 176: 100 registros
  Pagina 177: 100 registros
  Pagina 178: 100 registros
  Pagina 179: 100 registros
  Pagina 180: 100 registros
  Pagina 181: 100 registros
  Pagina 182: 100 registros
  Pagina 183: 100 registros
  Pagina 184: 100 registros
  Pagina 185: 100 registros
  Pagina 186: 100 registros
  Pagina 187: 100 registros
  Pagina 188: 100 registros
  Pagina 189: 100 registros
  Pagina 190: 100 registros
  Pagina 191: 100 registros
  Pagina 192: 100 registros
  Pagina 193: 100 registros
  Pagina 194: 100 registros
  Pagina 195: 100 registros
  Pagina 196: 100 registros
  Pagina 197: 100 registros
  Pagina 198: 100 registros
  Pagina 199: 100 registros
  Pagina 200: 100 registros
  Pagina 201: 100 registros
  Pagina 202: 100 registros
  Pagina 203: 100 registros
  Pagina 204: 100 registros
  Pagina 205: 100 registros
  Pagina 206: 100 registros
  Pagina 207: 100 registros
  Pagina 208: 100 registros
  Pagina 209: 100 registros
  Pagina 210: 100 registros
  Pagina 211: 100 registros
  Pagina 212: 100 registros
  Pagina 213: 100 registros
  Pagina 214: 100 registros
  Pagina 215: 100 registros
  Pagina 216: 100 registros
  Pagina 217: 100 registros
  Pagina 218: 100 registros
  Pagina 219: 100 registros
  Pagina 220: 100 registros
  Pagina 221: 100 registros
  Pagina 222: 100 registros
  Pagina 223: 100 registros
  Pagina 224: 100 registros
  Pagina 225: 100 registros
  Pagina 226: 100 registros
  Pagina 227: 100 registros
  Pagina 228: 100 registros
  Pagina 229: 100 registros
  Pagina 230: 100 registros
  Pagina 231: 100 registros
  Pagina 232: 100 registros
  Pagina 233: 90 registros
Total bruto da API: 23290 tarefas
Apos filtro (mes atual em diante): 814 tarefas
Backup salvo em: atividades_datajuri.csv
Carregados 814 registro(s) da API.
Dashboard salvo em: dashboard_prazos.html
Abra esse arquivo no navegador para visualizar.
=== 31/07/2026 10:00 ===
Autenticando na API...
Buscando tarefas (prazos)...
  Pagina 1: 100 registros
  Pagina 2: 100 registros
  Pagina 3: 100 registros
  Pagina 4: 100 registros
  Pagina 5: 100 registros
  Pagina 6: 100 registros
  Pagina 7: 100 registros
  Pagina 8: 100 registros
  Pagina 9: 100 registros
  Pagina 10: 100 registros
  Pagina 11: 100 registros
  Pagina 12: 100 registros
  Pagina 13: 100 registros
  Pagina 14: 100 registros
  Pagina 15: 100 registros
  Pagina 16: 100 registros
  Pagina 17: 100 registros
  Pagina 18: 100 registros
  Pagina 19: 100 registros
  Pagina 20: 100 registros
  Pagina 21: 100 registros
  Pagina 22: 100 registros
  Pagina 23: 100 registros
  Pagina 24: 100 registros
  Pagina 25: 100 registros
  Pagina 26: 100 registros
  Pagina 27: 100 registros
  Pagina 28: 100 registros
  Pagina 29: 100 registros
  Pagina 30: 100 registros
  Pagina 31: 100 registros
  Pagina 32: 100 registros
  Pagina 33: 100 registros
  Pagina 34: 100 registros
  Pagina 35: 100 registros
  Pagina 36: 100 registros
  Pagina 37: 100 registros
  Pagina 38: 100 registros
  Pagina 39: 100 registros
  Pagina 40: 100 registros
  Pagina 41: 100 registros
  Pagina 42: 100 registros
  Pagina 43: 100 registros
  Pagina 44: 100 registros
  Pagina 45: 100 registros
  Pagina 46: 100 registros
  Pagina 47: 100 registros
  Pagina 48: 100 registros
  Pagina 49: 100 registros
  Pagina 50: 100 registros
  Pagina 51: 100 registros
  Pagina 52: 100 registros
  Pagina 53: 100 registros
  Pagina 54: 100 registros
  Pagina 55: 100 registros
  Pagina 56: 100 registros
  Pagina 57: 100 registros
  Pagina 58: 100 registros
  Pagina 59: 100 registros
  Pagina 60: 100 registros
  Pagina 61: 100 registros
  Pagina 62: 100 registros
  Pagina 63: 100 registros
  Pagina 64: 100 registros
  Pagina 65: 100 registros
  Pagina 66: 100 registros
  Pagina 67: 100 registros
  Pagina 68: 100 registros
  Pagina 69: 100 registros
  Pagina 70: 100 registros
  Pagina 71: 100 registros
  Pagina 72: 100 registros
  Pagina 73: 100 registros
  Pagina 74: 100 registros
  Pagina 75: 100 registros
  Pagina 76: 100 registros
  Pagina 77: 100 registros
  Pagina 78: 100 registros
  Pagina 79: 100 registros
  Pagina 80: 100 registros
  Pagina 81: 100 registros
  Pagina 82: 100 registros
  Pagina 83: 100 registros
  Pagina 84: 100 registros
  Pagina 85: 100 registros
  Pagina 86: 100 registros
  Pagina 87: 100 registros
  Pagina 88: 100 registros
  Pagina 89: 100 registros
  Pagina 90: 100 registros
  Pagina 91: 100 registros
  Pagina 92: 100 registros
  Pagina 93: 100 registros
  Pagina 94: 100 registros
  Pagina 95: 100 registros
  Pagina 96: 100 registros
  Pagina 97: 100 registros
  Pagina 98: 100 registros
  Pagina 99: 100 registros
  Pagina 100: 100 registros
  Pagina 101: 100 registros
  Pagina 102: 100 registros
  Pagina 103: 100 registros
  Pagina 104: 100 registros
  Pagina 105: 100 registros
  Pagina 106: 100 registros
  Pagina 107: 100 registros
  Pagina 108: 100 registros
  Pagina 109: 100 registros
  Pagina 110: 100 registros
  Pagina 111: 100 registros
  Pagina 112: 100 registros
  Pagina 113: 100 registros
  Pagina 114: 100 registros
  Pagina 115: 100 registros
  Pagina 116: 100 registros
  Pagina 117: 100 registros
  Pagina 118: 100 registros
  Pagina 119: 100 registros
  Pagina 120: 100 registros
  Pagina 121: 100 registros
  Pagina 122: 100 registros
  Pagina 123: 100 registros
  Pagina 124: 100 registros
  Pagina 125: 100 registros
  Pagina 126: 100 registros
  Pagina 127: 100 registros
  Pagina 128: 100 registros
  Pagina 129: 100 registros
  Pagina 130: 100 registros
  Pagina 131: 100 registros
  Pagina 132: 100 registros
  Pagina 133: 100 registros
  Pagina 134: 100 registros
  Pagina 135: 100 registros
  Pagina 136: 100 registros
  Pagina 137: 100 registros
  Pagina 138: 100 registros
  Pagina 139: 100 registros
  Pagina 140: 100 registros
  Pagina 141: 100 registros
  Pagina 142: 100 registros
  Pagina 143: 100 registros
  Pagina 144: 100 registros
  Pagina 145: 100 registros
  Pagina 146: 100 registros
  Pagina 147: 100 registros
  Pagina 148: 100 registros
  Pagina 149: 100 registros
  Pagina 150: 100 registros
  Pagina 151: 100 registros
  Pagina 152: 100 registros
  Pagina 153: 100 registros
  Pagina 154: 100 registros
  Pagina 155: 100 registros
  Pagina 156: 100 registros
  Pagina 157: 100 registros
  Pagina 158: 100 registros
  Pagina 159: 100 registros
  Pagina 160: 100 registros
  Pagina 161: 100 registros
  Pagina 162: 100 registros
  Pagina 163: 100 registros
  Pagina 164: 100 registros
  Pagina 165: 100 registros
  Pagina 166: 100 registros
  Pagina 167: 100 registros
  Pagina 168: 100 registros
  Pagina 169: 100 registros
  Pagina 170: 100 registros
  Pagina 171: 100 registros
  Pagina 172: 100 registros
  Pagina 173: 100 registros
  Pagina 174: 100 registros
  Pagina 175: 100 registros
  Pagina 176: 100 registros
  Pagina 177: 100 registros
  Pagina 178: 100 registros
  Pagina 179: 100 registros
  Pagina 180: 100 registros
  Pagina 181: 100 registros
  Pagina 182: 100 registros
  Pagina 183: 100 registros
  Pagina 184: 100 registros
  Pagina 185: 100 registros
  Pagina 186: 100 registros
  Pagina 187: 100 registros
  Pagina 188: 100 registros
  Pagina 189: 100 registros
  Pagina 190: 100 registros
  Pagina 191: 100 registros
  Pagina 192: 100 registros
  Pagina 193: 100 registros
  Pagina 194: 100 registros
  Pagina 195: 100 registros
  Pagina 196: 100 registros
  Pagina 197: 100 registros
  Pagina 198: 100 registros
  Pagina 199: 100 registros
  Pagina 200: 100 registros
  Pagina 201: 100 registros
  Pagina 202: 100 registros
  Pagina 203: 100 registros
  Pagina 204: 100 registros
  Pagina 205: 100 registros
  Pagina 206: 100 registros
  Pagina 207: 100 registros
  Pagina 208: 100 registros
  Pagina 209: 100 registros
  Pagina 210: 100 registros
  Pagina 211: 100 registros
  Pagina 212: 100 registros
  Pagina 213: 100 registros
  Pagina 214: 100 registros
  Pagina 215: 100 registros
  Pagina 216: 100 registros
  Pagina 217: 100 registros
  Pagina 218: 100 registros
  Pagina 219: 100 registros
  Pagina 220: 100 registros
  Pagina 221: 100 registros
  Pagina 222: 100 registros
  Pagina 223: 100 registros
  Pagina 224: 100 registros
  Pagina 225: 100 registros
  Pagina 226: 100 registros
  Pagina 227: 100 registros
  Pagina 228: 100 registros
  Pagina 229: 100 registros
  Pagina 230: 100 registros
  Pagina 231: 100 registros
  Pagina 232: 100 registros
  Pagina 233: 100 registros
Total bruto da API: 23300 tarefas
Apos filtro (mes atual em diante): 824 tarefas
Backup salvo em: atividades_datajuri.csv
Carregados 824 registro(s) da API.
Dashboard salvo em: dashboard_prazos.html
Abra esse arquivo no navegador para visualizar.
=== 31/07/2026 17:00 ===
Autenticando na API...
Buscando tarefas (prazos)...
  Pagina 1: 100 registros
  Pagina 2: 100 registros
  Pagina 3: 100 registros
  Pagina 4: 100 registros
  Pagina 5: 100 registros
  Pagina 6: 100 registros
  Pagina 7: 100 registros
  Pagina 8: 100 registros
  Pagina 9: 100 registros
  Pagina 10: 100 registros
  Pagina 11: 100 registros
  Pagina 12: 100 registros
  Pagina 13: 100 registros
  Pagina 14: 100 registros
  Pagina 15: 100 registros
  Pagina 16: 100 registros
  Pagina 17: 100 registros
  Pagina 18: 100 registros
  Pagina 19: 100 registros
  Pagina 20: 100 registros
  Pagina 21: 100 registros
  Pagina 22: 100 registros
  Pagina 23: 100 registros
  Pagina 24: 100 registros
  Pagina 25: 100 registros
  Pagina 26: 100 registros
  Pagina 27: 100 registros
  Pagina 28: 100 registros
  Pagina 29: 100 registros
  Pagina 30: 100 registros
  Pagina 31: 100 registros
  Pagina 32: 100 registros
  Pagina 33: 100 registros
  Pagina 34: 100 registros
  Pagina 35: 100 registros
  Pagina 36: 100 registros
  Pagina 37: 100 registros
  Pagina 38: 100 registros
  Pagina 39: 100 registros
  Pagina 40: 100 registros
  Pagina 41: 100 registros
  Pagina 42: 100 registros
  Pagina 43: 100 registros
  Pagina 44: 100 registros
  Pagina 45: 100 registros
  Pagina 46: 100 registros
  Pagina 47: 100 registros
  Pagina 48: 100 registros
  Pagina 49: 100 registros
  Pagina 50: 100 registros
  Pagina 51: 100 registros
  Pagina 52: 100 registros
  Pagina 53: 100 registros
  Pagina 54: 100 registros
  Pagina 55: 100 registros
  Pagina 56: 100 registros
  Pagina 57: 100 registros
  Pagina 58: 100 registros
  Pagina 59: 100 registros
  Pagina 60: 100 registros
  Pagina 61: 100 registros
  Pagina 62: 100 registros
  Pagina 63: 100 registros
  Pagina 64: 100 registros
  Pagina 65: 100 registros
  Pagina 66: 100 registros
  Pagina 67: 100 registros
  Pagina 68: 100 registros
  Pagina 69: 100 registros
  Pagina 70: 100 registros
  Pagina 71: 100 registros
  Pagina 72: 100 registros
  Pagina 73: 100 registros
  Pagina 74: 100 registros
  Pagina 75: 100 registros
  Pagina 76: 100 registros
  Pagina 77: 100 registros
  Pagina 78: 100 registros
  Pagina 79: 100 registros
  Pagina 80: 100 registros
  Pagina 81: 100 registros
  Pagina 82: 100 registros
  Pagina 83: 100 registros
  Pagina 84: 100 registros
  Pagina 85: 100 registros
  Pagina 86: 100 registros
  Pagina 87: 100 registros
  Pagina 88: 100 registros
  Pagina 89: 100 registros
  Pagina 90: 100 registros
  Pagina 91: 100 registros
  Pagina 92: 100 registros
  Pagina 93: 100 registros
  Pagina 94: 100 registros
  Pagina 95: 100 registros
  Pagina 96: 100 registros
  Pagina 97: 100 registros
  Pagina 98: 100 registros
  Pagina 99: 100 registros
  Pagina 100: 100 registros
  Pagina 101: 100 registros
  Pagina 102: 100 registros
  Pagina 103: 100 registros
  Pagina 104: 100 registros
  Pagina 105: 100 registros
  Pagina 106: 100 registros
  Pagina 107: 100 registros
  Pagina 108: 100 registros
  Pagina 109: 100 registros
  Pagina 110: 100 registros
  Pagina 111: 100 registros
  Pagina 112: 100 registros
  Pagina 113: 100 registros
  Pagina 114: 100 registros
  Pagina 115: 100 registros
  Pagina 116: 100 registros
  Pagina 117: 100 registros
  Pagina 118: 100 registros
  Pagina 119: 100 registros
  Pagina 120: 100 registros
  Pagina 121: 100 registros
  Pagina 122: 100 registros
  Pagina 123: 100 registros
  Pagina 124: 100 registros
  Pagina 125: 100 registros
  Pagina 126: 100 registros
  Pagina 127: 100 registros
  Pagina 128: 100 registros
  Pagina 129: 100 registros
  Pagina 130: 100 registros
  Pagina 131: 100 registros
  Pagina 132: 100 registros
  Pagina 133: 100 registros
  Pagina 134: 100 registros
  Pagina 135: 100 registros
  Pagina 136: 100 registros
  Pagina 137: 100 registros
  Pagina 138: 100 registros
  Pagina 139: 100 registros
  Pagina 140: 100 registros
  Pagina 141: 100 registros
  Pagina 142: 100 registros
  Pagina 143: 100 registros
  Pagina 144: 100 registros
  Pagina 145: 100 registros
  Pagina 146: 100 registros
  Pagina 147: 100 registros
  Pagina 148: 100 registros
  Pagina 149: 100 registros
  Pagina 150: 100 registros
  Pagina 151: 100 registros
  Pagina 152: 100 registros
  Pagina 153: 100 registros
  Pagina 154: 100 registros
  Pagina 155: 100 registros
  Pagina 156: 100 registros
  Pagina 157: 100 registros
  Pagina 158: 100 registros
  Pagina 159: 100 registros
  Pagina 160: 100 registros
  Pagina 161: 100 registros
  Pagina 162: 100 registros
  Pagina 163: 100 registros
  Pagina 164: 100 registros
  Pagina 165: 100 registros
  Pagina 166: 100 registros
  Pagina 167: 100 registros
  Pagina 168: 100 registros
  Pagina 169: 100 registros
  Pagina 170: 100 registros
  Pagina 171: 100 registros
  Pagina 172: 100 registros
  Pagina 173: 100 registros
  Pagina 174: 100 registros
  Pagina 175: 100 registros
  Pagina 176: 100 registros
  Pagina 177: 100 registros
  Pagina 178: 100 registros
  Pagina 179: 100 registros
  Pagina 180: 100 registros
  Pagina 181: 100 registros
  Pagina 182: 100 registros
  Pagina 183: 100 registros
  Pagina 184: 100 registros
  Pagina 185: 100 registros
  Pagina 186: 100 registros
  Pagina 187: 100 registros
  Pagina 188: 100 registros
  Pagina 189: 100 registros
  Pagina 190: 100 registros
  Pagina 191: 100 registros
  Pagina 192: 100 registros
  Pagina 193: 100 registros
  Pagina 194: 100 registros
  Pagina 195: 100 registros
  Pagina 196: 100 registros
  Pagina 197: 100 registros
  Pagina 198: 100 registros
  Pagina 199: 100 registros
  Pagina 200: 100 registros
  Pagina 201: 100 registros
  Pagina 202: 100 registros
  Pagina 203: 100 registros
  Pagina 204: 100 registros
  Pagina 205: 100 registros
  Pagina 206: 100 registros
  Pagina 207: 100 registros
  Pagina 208: 100 registros
  Pagina 209: 100 registros
  Pagina 210: 100 registros
  Pagina 211: 100 registros
  Pagina 212: 100 registros
  Pagina 213: 100 registros
  Pagina 214: 100 registros
  Pagina 215: 100 registros
  Pagina 216: 100 registros
  Pagina 217: 100 registros
  Pagina 218: 100 registros
  Pagina 219: 100 registros
  Pagina 220: 100 registros
  Pagina 221: 100 registros
  Pagina 222: 100 registros
  Pagina 223: 100 registros
  Pagina 224: 100 registros
  Pagina 225: 100 registros
  Pagina 226: 100 registros
  Pagina 227: 100 registros
  Pagina 228: 100 registros
  Pagina 229: 100 registros
  Pagina 230: 100 registros
  Pagina 231: 100 registros
  Pagina 232: 100 registros
  Pagina 233: 100 registros
  Pagina 234: 48 registros
Total bruto da API: 23348 tarefas
Apos filtro (mes atual em diante): 867 tarefas
Backup salvo em: atividades_datajuri.csv
Carregados 867 registro(s) da API.
Dashboard salvo em: dashboard_prazos.html
Abra esse arquivo no navegador para visualizar.
=== 01/08/2026 10:00 ===
Autenticando na API...
Buscando tarefas (prazos)...
  Pagina 1: 100 registros
  Pagina 2: 100 registros
  Pagina 3: 100 registros
  Pagina 4: 100 registros
  Pagina 5: 100 registros
  Pagina 6: 100 registros
  Pagina 7: 100 registros
  Pagina 8: 100 registros
  Pagina 9: 100 registros
  Pagina 10: 100 registros
  Pagina 11: 100 registros
  Pagina 12: 100 registros
  Pagina 13: 100 registros
  Pagina 14: 100 registros
  Pagina 15: 100 registros
  Pagina 16: 100 registros
  Pagina 17: 100 registros
  Pagina 18: 100 registros
  Pagina 19: 100 registros
  Pagina 20: 100 registros
  Pagina 21: 100 registros
  Pagina 22: 100 registros
  Pagina 23: 100 registros
  Pagina 24: 100 registros
  Pagina 25: 100 registros
  Pagina 26: 100 registros
  Pagina 27: 100 registros
  Pagina 28: 100 registros
  Pagina 29: 100 registros
  Pagina 30: 100 registros
  Pagina 31: 100 registros
  Pagina 32: 100 registros
  Pagina 33: 100 registros
  Pagina 34: 100 registros
  Pagina 35: 100 registros
  Pagina 36: 100 registros
  Pagina 37: 100 registros
  Pagina 38: 100 registros
  Pagina 39: 100 registros
  Pagina 40: 100 registros
  Pagina 41: 100 registros
  Pagina 42: 100 registros
  Pagina 43: 100 registros
  Pagina 44: 100 registros
  Pagina 45: 100 registros
  Pagina 46: 100 registros
  Pagina 47: 100 registros
  Pagina 48: 100 registros
  Pagina 49: 100 registros
  Pagina 50: 100 registros
  Pagina 51: 100 registros
  Pagina 52: 100 registros
  Pagina 53: 100 registros
  Pagina 54: 100 registros
  Pagina 55: 100 registros
  Pagina 56: 100 registros
  Pagina 57: 100 registros
  Pagina 58: 100 registros
  Pagina 59: 100 registros
  Pagina 60: 100 registros
  Pagina 61: 100 registros
  Pagina 62: 100 registros
  Pagina 63: 100 registros
  Pagina 64: 100 registros
  Pagina 65: 100 registros
  Pagina 66: 100 registros
  Pagina 67: 100 registros
  Pagina 68: 100 registros
  Pagina 69: 100 registros
  Pagina 70: 100 registros
  Pagina 71: 100 registros
  Pagina 72: 100 registros
  Pagina 73: 100 registros
  Pagina 74: 100 registros
  Pagina 75: 100 registros
  Pagina 76: 100 registros
  Pagina 77: 100 registros
  Pagina 78: 100 registros
  Pagina 79: 100 registros
  Pagina 80: 100 registros
  Pagina 81: 100 registros
  Pagina 82: 100 registros
  Pagina 83: 100 registros
  Pagina 84: 100 registros
  Pagina 85: 100 registros
  Pagina 86: 100 registros
  Pagina 87: 100 registros
  Pagina 88: 100 registros
  Pagina 89: 100 registros
  Pagina 90: 100 registros
  Pagina 91: 100 registros
  Pagina 92: 100 registros
  Pagina 93: 100 registros
  Pagina 94: 100 registros
  Pagina 95: 100 registros
  Pagina 96: 100 registros
  Pagina 97: 100 registros
  Pagina 98: 100 registros
  Pagina 99: 100 registros
  Pagina 100: 100 registros
  Pagina 101: 100 registros
  Pagina 102: 100 registros
  Pagina 103: 100 registros
  Pagina 104: 100 registros
  Pagina 105: 100 registros
  Pagina 106: 100 registros
  Pagina 107: 100 registros
  Pagina 108: 100 registros
  Pagina 109: 100 registros
  Pagina 110: 100 registros
  Pagina 111: 100 registros
  Pagina 112: 100 registros
  Pagina 113: 100 registros
  Pagina 114: 100 registros
  Pagina 115: 100 registros
  Pagina 116: 100 registros
  Pagina 117: 100 registros
  Pagina 118: 100 registros
  Pagina 119: 100 registros
  Pagina 120: 100 registros
  Pagina 121: 100 registros
  Pagina 122: 100 registros
  Pagina 123: 100 registros
  Pagina 124: 100 registros
  Pagina 125: 100 registros
  Pagina 126: 100 registros
  Pagina 127: 100 registros
  Pagina 128: 100 registros
  Pagina 129: 100 registros
  Pagina 130: 100 registros
  Pagina 131: 100 registros
  Pagina 132: 100 registros
  Pagina 133: 100 registros
  Pagina 134: 100 registros
  Pagina 135: 100 registros
  Pagina 136: 100 registros
  Pagina 137: 100 registros
  Pagina 138: 100 registros
  Pagina 139: 100 registros
  Pagina 140: 100 registros
  Pagina 141: 100 registros
  Pagina 142: 100 registros
  Pagina 143: 100 registros
  Pagina 144: 100 registros
  Pagina 145: 100 registros
  Pagina 146: 100 registros
  Pagina 147: 100 registros
  Pagina 148: 100 registros
  Pagina 149: 100 registros
  Pagina 150: 100 registros
  Pagina 151: 100 registros
  Pagina 152: 100 registros
  Pagina 153: 100 registros
  Pagina 154: 100 registros
  Pagina 155: 100 registros
  Pagina 156: 100 registros
  Pagina 157: 100 registros
  Pagina 158: 100 registros
  Pagina 159: 100 registros
  Pagina 160: 100 registros
  Pagina 161: 100 registros
  Pagina 162: 100 registros
  Pagina 163: 100 registros
  Pagina 164: 100 registros
  Pagina 165: 100 registros
  Pagina 166: 100 registros
  Pagina 167: 100 registros
  Pagina 168: 100 registros
  Pagina 169: 100 registros
  Pagina 170: 100 registros
  Pagina 171: 100 registros
  Pagina 172: 100 registros
  Pagina 173: 100 registros
  Pagina 174: 100 registros
  Pagina 175: 100 registros
  Pagina 176: 100 registros
  Pagina 177: 100 registros
  Pagina 178: 100 registros
  Pagina 179: 100 registros
  Pagina 180: 100 registros
  Pagina 181: 100 registros
  Pagina 182: 100 registros
  Pagina 183: 100 registros
  Pagina 184: 100 registros
  Pagina 185: 100 registros
  Pagina 186: 100 registros
  Pagina 187: 100 registros
  Pagina 188: 100 registros
  Pagina 189: 100 registros
  Pagina 190: 100 registros
  Pagina 191: 100 registros
  Pagina 192: 100 registros
  Pagina 193: 100 registros
  Pagina 194: 100 registros
  Pagina 195: 100 registros
  Pagina 196: 100 registros
  Pagina 197: 100 registros
  Pagina 198: 100 registros
  Pagina 199: 100 registros
  Pagina 200: 100 registros
  Pagina 201: 100 registros
  Pagina 202: 100 registros
  Pagina 203: 100 registros
  Pagina 204: 100 registros
  Pagina 205: 100 registros
  Pagina 206: 100 registros
  Pagina 207: 100 registros
  Pagina 208: 100 registros
  Pagina 209: 100 registros
  Pagina 210: 100 registros
  Pagina 211: 100 registros
  Pagina 212: 100 registros
  Pagina 213: 100 registros
  Pagina 214: 100 registros
  Pagina 215: 100 registros
  Pagina 216: 100 registros
  Pagina 217: 100 registros
  Pagina 218: 100 registros
  Pagina 219: 100 registros
  Pagina 220: 100 registros
  Pagina 221: 100 registros
  Pagina 222: 100 registros
  Pagina 223: 100 registros
  Pagina 224: 100 registros
  Pagina 225: 100 registros
  Pagina 226: 100 registros
  Pagina 227: 100 registros
  Pagina 228: 100 registros
  Pagina 229: 100 registros
  Pagina 230: 100 registros
  Pagina 231: 100 registros
  Pagina 232: 100 registros
  Pagina 233: 100 registros
  Pagina 234: 62 registros
Total bruto da API: 23362 tarefas
Apos filtro (mes atual em diante): 379 tarefas
Backup salvo em: atividades_datajuri.csv
Carregados 379 registro(s) da API.
Dashboard salvo em: dashboard_prazos.html
Abra esse arquivo no navegador para visualizar.
=== 01/08/2026 17:00 ===
Autenticando na API...
Buscando tarefas (prazos)...
  Pagina 1: 100 registros
  Pagina 2: 100 registros
  Pagina 3: 100 registros
  Pagina 4: 100 registros
  Pagina 5: 100 registros
  Pagina 6: 100 registros
  Pagina 7: 100 registros
  Pagina 8: 100 registros
  Pagina 9: 100 registros
  Pagina 10: 100 registros
  Pagina 11: 100 registros
  Pagina 12: 100 registros
  Pagina 13: 100 registros
  Pagina 14: 100 registros
  Pagina 15: 100 registros
  Pagina 16: 100 registros
  Pagina 17: 100 registros
  Pagina 18: 100 registros
  Pagina 19: 100 registros
  Pagina 20: 100 registros
  Pagina 21: 100 registros
  Pagina 22: 100 registros
  Pagina 23: 100 registros
  Pagina 24: 100 registros
  Pagina 25: 100 registros
  Pagina 26: 100 registros
  Pagina 27: 100 registros
  Pagina 28: 100 registros
  Pagina 29: 100 registros
  Pagina 30: 100 registros
  Pagina 31: 100 registros
  Pagina 32: 100 registros
  Pagina 33: 100 registros
  Pagina 34: 100 registros
  Pagina 35: 100 registros
  Pagina 36: 100 registros
  Pagina 37: 100 registros
  Pagina 38: 100 registros
  Pagina 39: 100 registros
  Pagina 40: 100 registros
  Pagina 41: 100 registros
  Pagina 42: 100 registros
  Pagina 43: 100 registros
  Pagina 44: 100 registros
  Pagina 45: 100 registros
  Pagina 46: 100 registros
  Pagina 47: 100 registros
  Pagina 48: 100 registros
  Pagina 49: 100 registros
  Pagina 50: 100 registros
  Pagina 51: 100 registros
  Pagina 52: 100 registros
  Pagina 53: 100 registros
  Pagina 54: 100 registros
  Pagina 55: 100 registros
  Pagina 56: 100 registros
  Pagina 57: 100 registros
  Pagina 58: 100 registros
  Pagina 59: 100 registros
  Pagina 60: 100 registros
  Pagina 61: 100 registros
  Pagina 62: 100 registros
  Pagina 63: 100 registros
  Pagina 64: 100 registros
  Pagina 65: 100 registros
  Pagina 66: 100 registros
  Pagina 67: 100 registros
  Pagina 68: 100 registros
  Pagina 69: 100 registros
  Pagina 70: 100 registros
  Pagina 71: 100 registros
  Pagina 72: 100 registros
  Pagina 73: 100 registros
  Pagina 74: 100 registros
  Pagina 75: 100 registros
  Pagina 76: 100 registros
  Pagina 77: 100 registros
  Pagina 78: 100 registros
  Pagina 79: 100 registros
  Pagina 80: 100 registros
  Pagina 81: 100 registros
  Pagina 82: 100 registros
  Pagina 83: 100 registros
  Pagina 84: 100 registros
  Pagina 85: 100 registros
  Pagina 86: 100 registros
  Pagina 87: 100 registros
  Pagina 88: 100 registros
  Pagina 89: 100 registros
  Pagina 90: 100 registros
  Pagina 91: 100 registros
  Pagina 92: 100 registros
  Pagina 93: 100 registros
  Pagina 94: 100 registros
  Pagina 95: 100 registros
  Pagina 96: 100 registros
  Pagina 97: 100 registros
  Pagina 98: 100 registros
  Pagina 99: 100 registros
  Pagina 100: 100 registros
  Pagina 101: 100 registros
  Pagina 102: 100 registros
  Pagina 103: 100 registros
  Pagina 104: 100 registros
  Pagina 105: 100 registros
  Pagina 106: 100 registros
  Pagina 107: 100 registros
  Pagina 108: 100 registros
  Pagina 109: 100 registros
  Pagina 110: 100 registros
  Pagina 111: 100 registros
  Pagina 112: 100 registros
  Pagina 113: 100 registros
  Pagina 114: 100 registros
  Pagina 115: 100 registros
  Pagina 116: 100 registros
  Pagina 117: 100 registros
  Pagina 118: 100 registros
  Pagina 119: 100 registros
  Pagina 120: 100 registros
  Pagina 121: 100 registros
  Pagina 122: 100 registros
  Pagina 123: 100 registros
  Pagina 124: 100 registros
  Pagina 125: 100 registros
  Pagina 126: 100 registros
  Pagina 127: 100 registros
  Pagina 128: 100 registros
  Pagina 129: 100 registros
  Pagina 130: 100 registros
  Pagina 131: 100 registros
  Pagina 132: 100 registros
  Pagina 133: 100 registros
  Pagina 134: 100 registros
  Pagina 135: 100 registros
  Pagina 136: 100 registros
  Pagina 137: 100 registros
  Pagina 138: 100 registros
  Pagina 139: 100 registros
  Pagina 140: 100 registros
  Pagina 141: 100 registros
  Pagina 142: 100 registros
  Pagina 143: 100 registros
  Pagina 144: 100 registros
  Pagina 145: 100 registros
  Pagina 146: 100 registros
  Pagina 147: 100 registros
  Pagina 148: 100 registros
  Pagina 149: 100 registros
  Pagina 150: 100 registros
  Pagina 151: 100 registros
  Pagina 152: 100 registros
  Pagina 153: 100 registros
  Pagina 154: 100 registros
  Pagina 155: 100 registros
  Pagina 156: 100 registros
  Pagina 157: 100 registros
  Pagina 158: 100 registros
  Pagina 159: 100 registros
  Pagina 160: 100 registros
  Pagina 161: 100 registros
  Pagina 162: 100 registros
  Pagina 163: 100 registros
  Pagina 164: 100 registros
  Pagina 165: 100 registros
  Pagina 166: 100 registros
  Pagina 167: 100 registros
  Pagina 168: 100 registros
  Pagina 169: 100 registros
  Pagina 170: 100 registros
  Pagina 171: 100 registros
  Pagina 172: 100 registros
  Pagina 173: 100 registros
  Pagina 174: 100 registros
  Pagina 175: 100 registros
  Pagina 176: 100 registros
  Pagina 177: 100 registros
  Pagina 178: 100 registros
  Pagina 179: 100 registros
  Pagina 180: 100 registros
  Pagina 181: 100 registros
  Pagina 182: 100 registros
  Pagina 183: 100 registros
  Pagina 184: 100 registros
  Pagina 185: 100 registros
  Pagina 186: 100 registros
  Pagina 187: 100 registros
  Pagina 188: 100 registros
  Pagina 189: 100 registros
  Pagina 190: 100 registros
  Pagina 191: 100 registros
  Pagina 192: 100 registros
  Pagina 193: 100 registros
  Pagina 194: 100 registros
  Pagina 195: 100 registros
  Pagina 196: 100 registros
  Pagina 197: 100 registros
  Pagina 198: 100 registros
  Pagina 199: 100 registros
  Pagina 200: 100 registros
  Pagina 201: 100 registros
  Pagina 202: 100 registros
  Pagina 203: 100 registros
  Pagina 204: 100 registros
  Pagina 205: 100 registros
  Pagina 206: 100 registros
  Pagina 207: 100 registros
  Pagina 208: 100 registros
  Pagina 209: 100 registros
  Pagina 210: 100 registros
  Pagina 211: 100 registros
  Pagina 212: 100 registros
  Pagina 213: 100 registros
  Pagina 214: 100 registros
  Pagina 215: 100 registros
  Pagina 216: 100 registros
  Pagina 217: 100 registros
  Pagina 218: 100 registros
  Pagina 219: 100 registros
  Pagina 220: 100 registros
  Pagina 221: 100 registros
  Pagina 222: 100 registros
  Pagina 223: 100 registros
  Pagina 224: 100 registros
  Pagina 225: 100 registros
  Pagina 226: 100 registros
  Pagina 227: 100 registros
  Pagina 228: 100 registros
  Pagina 229: 100 registros
  Pagina 230: 100 registros
  Pagina 231: 100 registros
  Pagina 232: 100 registros
  Pagina 233: 100 registros
  Pagina 234: 62 registros
Total bruto da API: 23362 tarefas
Apos filtro (mes atual em diante): 379 tarefas
Backup salvo em: atividades_datajuri.csv
Carregados 379 registro(s) da API.
Dashboard salvo em: dashboard_prazos.html
Abra esse arquivo no navegador para visualizar.
=== 02/08/2026 10:00 ===
Autenticando na API...
Buscando tarefas (prazos)...
  Pagina 1: 100 registros
  Pagina 2: 100 registros
  Pagina 3: 100 registros
  Pagina 4: 100 registros
  Pagina 5: 100 registros
  Pagina 6: 100 registros
  Pagina 7: 100 registros
  Pagina 8: 100 registros
  Pagina 9: 100 registros
  Pagina 10: 100 registros
  Pagina 11: 100 registros
  Pagina 12: 100 registros
  Pagina 13: 100 registros
  Pagina 14: 100 registros
  Pagina 15: 100 registros
  Pagina 16: 100 registros
  Pagina 17: 100 registros
  Pagina 18: 100 registros
  Pagina 19: 100 registros
  Pagina 20: 100 registros
  Pagina 21: 100 registros
  Pagina 22: 100 registros
  Pagina 23: 100 registros
  Pagina 24: 100 registros
  Pagina 25: 100 registros
  Pagina 26: 100 registros
  Pagina 27: 100 registros
  Pagina 28: 100 registros
  Pagina 29: 100 registros
  Pagina 30: 100 registros
  Pagina 31: 100 registros
  Pagina 32: 100 registros
  Pagina 33: 100 registros
  Pagina 34: 100 registros
  Pagina 35: 100 registros
  Pagina 36: 100 registros
  Pagina 37: 100 registros
  Pagina 38: 100 registros
  Pagina 39: 100 registros
  Pagina 40: 100 registros
  Pagina 41: 100 registros
  Pagina 42: 100 registros
  Pagina 43: 100 registros
  Pagina 44: 100 registros
  Pagina 45: 100 registros
  Pagina 46: 100 registros
  Pagina 47: 100 registros
  Pagina 48: 100 registros
  Pagina 49: 100 registros
  Pagina 50: 100 registros
  Pagina 51: 100 registros
  Pagina 52: 100 registros
  Pagina 53: 100 registros
  Pagina 54: 100 registros
  Pagina 55: 100 registros
  Pagina 56: 100 registros
  Pagina 57: 100 registros
  Pagina 58: 100 registros
  Pagina 59: 100 registros
  Pagina 60: 100 registros
  Pagina 61: 100 registros
  Pagina 62: 100 registros
  Pagina 63: 100 registros
  Pagina 64: 100 registros
  Pagina 65: 100 registros
  Pagina 66: 100 registros
  Pagina 67: 100 registros
  Pagina 68: 100 registros
  Pagina 69: 100 registros
  Pagina 70: 100 registros
  Pagina 71: 100 registros
  Pagina 72: 100 registros
  Pagina 73: 100 registros
  Pagina 74: 100 registros
  Pagina 75: 100 registros
  Pagina 76: 100 registros
  Pagina 77: 100 registros
  Pagina 78: 100 registros
  Pagina 79: 100 registros
  Pagina 80: 100 registros
  Pagina 81: 100 registros
  Pagina 82: 100 registros
  Pagina 83: 100 registros
  Pagina 84: 100 registros
  Pagina 85: 100 registros
  Pagina 86: 100 registros
  Pagina 87: 100 registros
  Pagina 88: 100 registros
  Pagina 89: 100 registros
  Pagina 90: 100 registros
  Pagina 91: 100 registros
  Pagina 92: 100 registros
  Pagina 93: 100 registros
  Pagina 94: 100 registros
  Pagina 95: 100 registros
  Pagina 96: 100 registros
  Pagina 97: 100 registros
  Pagina 98: 100 registros
  Pagina 99: 100 registros
  Pagina 100: 100 registros
  Pagina 101: 100 registros
  Pagina 102: 100 registros
  Pagina 103: 100 registros
  Pagina 104: 100 registros
  Pagina 105: 100 registros
  Pagina 106: 100 registros
  Pagina 107: 100 registros
  Pagina 108: 100 registros
  Pagina 109: 100 registros
  Pagina 110: 100 registros
  Pagina 111: 100 registros
  Pagina 112: 100 registros
  Pagina 113: 100 registros
  Pagina 114: 100 registros
  Pagina 115: 100 registros
  Pagina 116: 100 registros
  Pagina 117: 100 registros
  Pagina 118: 100 registros
  Pagina 119: 100 registros
  Pagina 120: 100 registros
  Pagina 121: 100 registros
  Pagina 122: 100 registros
  Pagina 123: 100 registros
  Pagina 124: 100 registros
  Pagina 125: 100 registros
  Pagina 126: 100 registros
  Pagina 127: 100 registros
  Pagina 128: 100 registros
  Pagina 129: 100 registros
  Pagina 130: 100 registros
  Pagina 131: 100 registros
  Pagina 132: 100 registros
  Pagina 133: 100 registros
  Pagina 134: 100 registros
  Pagina 135: 100 registros
  Pagina 136: 100 registros
  Aviso: erro na pagina 137: ("Connection broken: ConnectionResetError(54, 'Connection reset by peer')", ConnectionResetError(54, 'Connection reset by peer'))
Total bruto da API: 13600 tarefas
Apos filtro (mes atual em diante): 377 tarefas
Backup salvo em: atividades_datajuri.csv
Carregados 377 registro(s) da API.
Dashboard salvo em: dashboard_prazos.html
Abra esse arquivo no navegador para visualizar.
=== 02/08/2026 17:00 ===
Autenticando na API...
Buscando tarefas (prazos)...
  Pagina 1: 100 registros
  Pagina 2: 100 registros
  Pagina 3: 100 registros
  Pagina 4: 100 registros
  Pagina 5: 100 registros
  Pagina 6: 100 registros
  Pagina 7: 100 registros
  Pagina 8: 100 registros
  Pagina 9: 100 registros
  Pagina 10: 100 registros
  Pagina 11: 100 registros
  Pagina 12: 100 registros
  Pagina 13: 100 registros
  Pagina 14: 100 registros
  Pagina 15: 100 registros
  Pagina 16: 100 registros
  Pagina 17: 100 registros
  Pagina 18: 100 registros
  Pagina 19: 100 registros
  Pagina 20: 100 registros
  Pagina 21: 100 registros
  Pagina 22: 100 registros
  Pagina 23: 100 registros
  Pagina 24: 100 registros
  Pagina 25: 100 registros
  Pagina 26: 100 registros
  Pagina 27: 100 registros
  Pagina 28: 100 registros
  Pagina 29: 100 registros
  Pagina 30: 100 registros
  Pagina 31: 100 registros
  Pagina 32: 100 registros
  Pagina 33: 100 registros
  Pagina 34: 100 registros
  Pagina 35: 100 registros
  Pagina 36: 100 registros
  Pagina 37: 100 registros
  Pagina 38: 100 registros
  Pagina 39: 100 registros
  Pagina 40: 100 registros
  Pagina 41: 100 registros
  Pagina 42: 100 registros
  Pagina 43: 100 registros
  Pagina 44: 100 registros
  Pagina 45: 100 registros
  Pagina 46: 100 registros
  Pagina 47: 100 registros
  Pagina 48: 100 registros
  Pagina 49: 100 registros
  Pagina 50: 100 registros
  Pagina 51: 100 registros
  Pagina 52: 100 registros
  Pagina 53: 100 registros
  Pagina 54: 100 registros
  Pagina 55: 100 registros
  Pagina 56: 100 registros
  Pagina 57: 100 registros
  Pagina 58: 100 registros
  Pagina 59: 100 registros
  Pagina 60: 100 registros
  Pagina 61: 100 registros
  Pagina 62: 100 registros
  Pagina 63: 100 registros
  Pagina 64: 100 registros
  Pagina 65: 100 registros
  Pagina 66: 100 registros
  Pagina 67: 100 registros
  Pagina 68: 100 registros
  Pagina 69: 100 registros
  Pagina 70: 100 registros
  Pagina 71: 100 registros
  Pagina 72: 100 registros
  Pagina 73: 100 registros
  Pagina 74: 100 registros
  Pagina 75: 100 registros
  Pagina 76: 100 registros
  Pagina 77: 100 registros
  Pagina 78: 100 registros
  Pagina 79: 100 registros
  Pagina 80: 100 registros
  Pagina 81: 100 registros
  Pagina 82: 100 registros
  Pagina 83: 100 registros
  Pagina 84: 100 registros
  Pagina 85: 100 registros
  Pagina 86: 100 registros
  Pagina 87: 100 registros
  Pagina 88: 100 registros
  Pagina 89: 100 registros
  Pagina 90: 100 registros
  Pagina 91: 100 registros
  Pagina 92: 100 registros
  Pagina 93: 100 registros
  Pagina 94: 100 registros
  Pagina 95: 100 registros
  Pagina 96: 100 registros
  Pagina 97: 100 registros
  Pagina 98: 100 registros
  Pagina 99: 100 registros
  Pagina 100: 100 registros
  Pagina 101: 100 registros
  Pagina 102: 100 registros
  Pagina 103: 100 registros
  Pagina 104: 100 registros
  Pagina 105: 100 registros
  Pagina 106: 100 registros
  Pagina 107: 100 registros
  Pagina 108: 100 registros
  Pagina 109: 100 registros
  Pagina 110: 100 registros
  Pagina 111: 100 registros
  Pagina 112: 100 registros
  Pagina 113: 100 registros
  Pagina 114: 100 registros
  Pagina 115: 100 registros
  Pagina 116: 100 registros
  Pagina 117: 100 registros
  Pagina 118: 100 registros
  Pagina 119: 100 registros
  Pagina 120: 100 registros
  Pagina 121: 100 registros
  Pagina 122: 100 registros
  Pagina 123: 100 registros
  Pagina 124: 100 registros
  Pagina 125: 100 registros
  Pagina 126: 100 registros
  Pagina 127: 100 registros
  Pagina 128: 100 registros
  Pagina 129: 100 registros
  Pagina 130: 100 registros
  Pagina 131: 100 registros
  Pagina 132: 100 registros
  Pagina 133: 100 registros
  Pagina 134: 100 registros
  Pagina 135: 100 registros
  Pagina 136: 100 registros
  Pagina 137: 100 registros
  Pagina 138: 100 registros
  Pagina 139: 100 registros
  Pagina 140: 100 registros
  Pagina 141: 100 registros
  Pagina 142: 100 registros
  Pagina 143: 100 registros
  Pagina 144: 100 registros
  Pagina 145: 100 registros
  Pagina 146: 100 registros
  Pagina 147: 100 registros
  Pagina 148: 100 registros
  Pagina 149: 100 registros
  Pagina 150: 100 registros
  Pagina 151: 100 registros
  Pagina 152: 100 registros
  Pagina 153: 100 registros
  Pagina 154: 100 registros
  Pagina 155: 100 registros
  Pagina 156: 100 registros
  Pagina 157: 100 registros
  Pagina 158: 100 registros
  Pagina 159: 100 registros
  Pagina 160: 100 registros
  Pagina 161: 100 registros
  Pagina 162: 100 registros
  Pagina 163: 100 registros
  Pagina 164: 100 registros
  Pagina 165: 100 registros
  Pagina 166: 100 registros
  Pagina 167: 100 registros
  Pagina 168: 100 registros
  Pagina 169: 100 registros
  Pagina 170: 100 registros
  Pagina 171: 100 registros
  Pagina 172: 100 registros
  Pagina 173: 100 registros
  Pagina 174: 100 registros
  Pagina 175: 100 registros
  Pagina 176: 100 registros
  Pagina 177: 100 registros
  Pagina 178: 100 registros
  Pagina 179: 100 registros
  Pagina 180: 100 registros
  Pagina 181: 100 registros
  Pagina 182: 100 registros
  Pagina 183: 100 registros
  Pagina 184: 100 registros
  Pagina 185: 100 registros
  Pagina 186: 100 registros
  Pagina 187: 100 registros
  Pagina 188: 100 registros
  Pagina 189: 100 registros
  Pagina 190: 100 registros
  Pagina 191: 100 registros
  Pagina 192: 100 registros
  Pagina 193: 100 registros
  Pagina 194: 100 registros
  Pagina 195: 100 registros
  Pagina 196: 100 registros
  Pagina 197: 100 registros
  Pagina 198: 100 registros
  Pagina 199: 100 registros
  Pagina 200: 100 registros
  Pagina 201: 100 registros
  Pagina 202: 100 registros
  Pagina 203: 100 registros
  Pagina 204: 100 registros
  Pagina 205: 100 registros
  Pagina 206: 100 registros
  Pagina 207: 100 registros
  Pagina 208: 100 registros
  Pagina 209: 100 registros
  Pagina 210: 100 registros
  Pagina 211: 100 registros
  Pagina 212: 100 registros
  Pagina 213: 100 registros
  Pagina 214: 100 registros
  Pagina 215: 100 registros
  Pagina 216: 100 registros
  Pagina 217: 100 registros
  Pagina 218: 100 registros
  Pagina 219: 100 registros
  Pagina 220: 100 registros
  Pagina 221: 100 registros
  Pagina 222: 100 registros
  Pagina 223: 100 registros
  Pagina 224: 100 registros
  Pagina 225: 100 registros
  Pagina 226: 100 registros
  Pagina 227: 100 registros
  Pagina 228: 100 registros
  Pagina 229: 100 registros
  Pagina 230: 100 registros
  Pagina 231: 100 registros
  Pagina 232: 100 registros
  Pagina 233: 100 registros
  Pagina 234: 62 registros
Total bruto da API: 23362 tarefas
Apos filtro (mes atual em diante): 379 tarefas
Backup salvo em: atividades_datajuri.csv
Carregados 379 registro(s) da API.
Dashboard salvo em: dashboard_prazos.html
Abra esse arquivo no navegador para visualizar.
=== 03/08/2026 10:00 ===
Autenticando na API...
Buscando tarefas (prazos)...
  Pagina 1: 100 registros
  Pagina 2: 100 registros
  Pagina 3: 100 registros
  Pagina 4: 100 registros
  Pagina 5: 100 registros
  Pagina 6: 100 registros
  Pagina 7: 100 registros
  Pagina 8: 100 registros
  Pagina 9: 100 registros
  Pagina 10: 100 registros
  Pagina 11: 100 registros
  Pagina 12: 100 registros
  Pagina 13: 100 registros
  Pagina 14: 100 registros
  Pagina 15: 100 registros
  Pagina 16: 100 registros
  Pagina 17: 100 registros
  Pagina 18: 100 registros
  Pagina 19: 100 registros
  Pagina 20: 100 registros
  Pagina 21: 100 registros
  Pagina 22: 100 registros
  Pagina 23: 100 registros
  Pagina 24: 100 registros
  Pagina 25: 100 registros
  Pagina 26: 100 registros
  Pagina 27: 100 registros
  Pagina 28: 100 registros
  Pagina 29: 100 registros
  Pagina 30: 100 registros
  Pagina 31: 100 registros
  Pagina 32: 100 registros
  Pagina 33: 100 registros
  Pagina 34: 100 registros
  Pagina 35: 100 registros
  Pagina 36: 100 registros
  Pagina 37: 100 registros
  Pagina 38: 100 registros
  Pagina 39: 100 registros
  Pagina 40: 100 registros
  Pagina 41: 100 registros
  Pagina 42: 100 registros
  Pagina 43: 100 registros
  Pagina 44: 100 registros
  Pagina 45: 100 registros
  Pagina 46: 100 registros
  Pagina 47: 100 registros
  Pagina 48: 100 registros
  Pagina 49: 100 registros
  Pagina 50: 100 registros
  Pagina 51: 100 registros
  Pagina 52: 100 registros
  Pagina 53: 100 registros
  Pagina 54: 100 registros
  Pagina 55: 100 registros
  Pagina 56: 100 registros
  Pagina 57: 100 registros
  Pagina 58: 100 registros
  Pagina 59: 100 registros
  Pagina 60: 100 registros
  Pagina 61: 100 registros
  Pagina 62: 100 registros
  Pagina 63: 100 registros
  Pagina 64: 100 registros
  Pagina 65: 100 registros
  Pagina 66: 100 registros
  Pagina 67: 100 registros
  Pagina 68: 100 registros
  Pagina 69: 100 registros
  Pagina 70: 100 registros
  Pagina 71: 100 registros
  Pagina 72: 100 registros
  Pagina 73: 100 registros
  Pagina 74: 100 registros
  Pagina 75: 100 registros
  Pagina 76: 100 registros
  Pagina 77: 100 registros
  Pagina 78: 100 registros
  Pagina 79: 100 registros
  Pagina 80: 100 registros
  Pagina 81: 100 registros
  Pagina 82: 100 registros
  Pagina 83: 100 registros
  Pagina 84: 100 registros
  Pagina 85: 100 registros
  Pagina 86: 100 registros
  Pagina 87: 100 registros
  Pagina 88: 100 registros
  Pagina 89: 100 registros
  Pagina 90: 100 registros
  Pagina 91: 100 registros
  Pagina 92: 100 registros
  Pagina 93: 100 registros
  Pagina 94: 100 registros
  Pagina 95: 100 registros
  Pagina 96: 100 registros
  Pagina 97: 100 registros
  Pagina 98: 100 registros
  Pagina 99: 100 registros
  Pagina 100: 100 registros
  Pagina 101: 100 registros
  Pagina 102: 100 registros
  Pagina 103: 100 registros
  Pagina 104: 100 registros
  Pagina 105: 100 registros
  Pagina 106: 100 registros
  Pagina 107: 100 registros
  Pagina 108: 100 registros
  Pagina 109: 100 registros
  Pagina 110: 100 registros
  Pagina 111: 100 registros
  Pagina 112: 100 registros
  Pagina 113: 100 registros
  Pagina 114: 100 registros
  Pagina 115: 100 registros
  Pagina 116: 100 registros
  Pagina 117: 100 registros
  Pagina 118: 100 registros
  Pagina 119: 100 registros
  Pagina 120: 100 registros
  Pagina 121: 100 registros
  Pagina 122: 100 registros
  Pagina 123: 100 registros
  Pagina 124: 100 registros
  Pagina 125: 100 registros
  Pagina 126: 100 registros
  Pagina 127: 100 registros
  Pagina 128: 100 registros
  Pagina 129: 100 registros
  Pagina 130: 100 registros
  Pagina 131: 100 registros
  Pagina 132: 100 registros
  Pagina 133: 100 registros
  Pagina 134: 100 registros
  Pagina 135: 100 registros
  Pagina 136: 100 registros
  Pagina 137: 100 registros
  Pagina 138: 100 registros
  Pagina 139: 100 registros
  Pagina 140: 100 registros
  Pagina 141: 100 registros
  Pagina 142: 100 registros
  Pagina 143: 100 registros
  Pagina 144: 100 registros
  Pagina 145: 100 registros
  Pagina 146: 100 registros
  Pagina 147: 100 registros
  Pagina 148: 100 registros
  Pagina 149: 100 registros
  Pagina 150: 100 registros
  Pagina 151: 100 registros
  Pagina 152: 100 registros
  Pagina 153: 100 registros
  Pagina 154: 100 registros
  Pagina 155: 100 registros
  Pagina 156: 100 registros
  Pagina 157: 100 registros
  Pagina 158: 100 registros
  Pagina 159: 100 registros
  Pagina 160: 100 registros
  Pagina 161: 100 registros
  Pagina 162: 100 registros
  Pagina 163: 100 registros
  Pagina 164: 100 registros
  Pagina 165: 100 registros
  Pagina 166: 100 registros
  Pagina 167: 100 registros
  Pagina 168: 100 registros
  Pagina 169: 100 registros
  Pagina 170: 100 registros
  Pagina 171: 100 registros
  Pagina 172: 100 registros
  Pagina 173: 100 registros
  Pagina 174: 100 registros
  Pagina 175: 100 registros
  Pagina 176: 100 registros
  Pagina 177: 100 registros
  Pagina 178: 100 registros
  Pagina 179: 100 registros
  Pagina 180: 100 registros
  Pagina 181: 100 registros
  Pagina 182: 100 registros
  Pagina 183: 100 registros
  Pagina 184: 100 registros
  Pagina 185: 100 registros
  Pagina 186: 100 registros
  Pagina 187: 100 registros
  Pagina 188: 100 registros
  Pagina 189: 100 registros
  Pagina 190: 100 registros
  Pagina 191: 100 registros
  Pagina 192: 100 registros
  Pagina 193: 100 registros
  Pagina 194: 100 registros
  Pagina 195: 100 registros
  Pagina 196: 100 registros
  Pagina 197: 100 registros
  Pagina 198: 100 registros
  Pagina 199: 100 registros
  Pagina 200: 100 registros
  Pagina 201: 100 registros
  Pagina 202: 100 registros
  Pagina 203: 100 registros
  Pagina 204: 100 registros
  Pagina 205: 100 registros
  Pagina 206: 100 registros
  Pagina 207: 100 registros
  Pagina 208: 100 registros
  Pagina 209: 100 registros
  Pagina 210: 100 registros
  Pagina 211: 100 registros
  Pagina 212: 100 registros
  Pagina 213: 100 registros
  Pagina 214: 100 registros
  Pagina 215: 100 registros
  Pagina 216: 100 registros
  Pagina 217: 100 registros
  Pagina 218: 100 registros
  Pagina 219: 100 registros
  Pagina 220: 100 registros
  Pagina 221: 100 registros
  Pagina 222: 100 registros
  Pagina 223: 100 registros
  Pagina 224: 100 registros
  Pagina 225: 100 registros
  Pagina 226: 100 registros
  Pagina 227: 100 registros
  Pagina 228: 100 registros
  Pagina 229: 100 registros
  Pagina 230: 100 registros
  Pagina 231: 100 registros
  Pagina 232: 100 registros
  Pagina 233: 100 registros
  Pagina 234: 62 registros
Total bruto da API: 23362 tarefas
Apos filtro (mes atual em diante): 379 tarefas
Backup salvo em: atividades_datajuri.csv
Carregados 379 registro(s) da API.
Dashboard salvo em: dashboard_prazos.html
Abra esse arquivo no navegador para visualizar.
=== 03/08/2026 17:14 ===
Autenticando na API...
Buscando tarefas (prazos)...
  Pagina 1: 100 registros
  Pagina 2: 100 registros
  Pagina 3: 100 registros
  Pagina 4: 100 registros
  Pagina 5: 100 registros
  Pagina 6: 100 registros
  Pagina 7: 100 registros
  Pagina 8: 100 registros
  Pagina 9: 100 registros
  Pagina 10: 100 registros
  Pagina 11: 100 registros
  Pagina 12: 100 registros
  Pagina 13: 100 registros
  Pagina 14: 100 registros
  Pagina 15: 100 registros
  Pagina 16: 100 registros
  Pagina 17: 100 registros
  Pagina 18: 100 registros
  Pagina 19: 100 registros
  Pagina 20: 100 registros
  Pagina 21: 100 registros
  Pagina 22: 100 registros
  Pagina 23: 100 registros
  Pagina 24: 100 registros
  Pagina 25: 100 registros
  Pagina 26: 100 registros
  Pagina 27: 100 registros
  Pagina 28: 100 registros
  Pagina 29: 100 registros
  Pagina 30: 100 registros
  Pagina 31: 100 registros
  Pagina 32: 100 registros
  Pagina 33: 100 registros
  Pagina 34: 100 registros
  Pagina 35: 100 registros
  Pagina 36: 100 registros
  Pagina 37: 100 registros
  Pagina 38: 100 registros
  Pagina 39: 100 registros
  Pagina 40: 100 registros
  Pagina 41: 100 registros
  Pagina 42: 100 registros
  Pagina 43: 100 registros
  Pagina 44: 100 registros
  Pagina 45: 100 registros
  Pagina 46: 100 registros
  Pagina 47: 100 registros
  Pagina 48: 100 registros
  Pagina 49: 100 registros
  Pagina 50: 100 registros
  Pagina 51: 100 registros
  Pagina 52: 100 registros
  Pagina 53: 100 registros
  Pagina 54: 100 registros
  Pagina 55: 100 registros
  Pagina 56: 100 registros
  Pagina 57: 100 registros
  Pagina 58: 100 registros
  Pagina 59: 100 registros
  Pagina 60: 100 registros
  Pagina 61: 100 registros
  Pagina 62: 100 registros
  Pagina 63: 100 registros
  Pagina 64: 100 registros
  Pagina 65: 100 registros
  Pagina 66: 100 registros
  Pagina 67: 100 registros
  Pagina 68: 100 registros
  Pagina 69: 100 registros
  Pagina 70: 100 registros
  Pagina 71: 100 registros
  Pagina 72: 100 registros
  Pagina 73: 100 registros
  Pagina 74: 100 registros
  Pagina 75: 100 registros
  Pagina 76: 100 registros
  Pagina 77: 100 registros
  Pagina 78: 100 registros
  Pagina 79: 100 registros
  Pagina 80: 100 registros
  Pagina 81: 100 registros
  Pagina 82: 100 registros
  Pagina 83: 100 registros
  Pagina 84: 100 registros
  Pagina 85: 100 registros
  Pagina 86: 100 registros
  Pagina 87: 100 registros
  Pagina 88: 100 registros
  Pagina 89: 100 registros
  Pagina 90: 100 registros
  Pagina 91: 100 registros
  Pagina 92: 100 registros
  Pagina 93: 100 registros
  Pagina 94: 100 registros
  Pagina 95: 100 registros
  Pagina 96: 100 registros
  Pagina 97: 100 registros
  Pagina 98: 100 registros
  Pagina 99: 100 registros
  Pagina 100: 100 registros
  Pagina 101: 100 registros
  Pagina 102: 100 registros
  Pagina 103: 100 registros
  Pagina 104: 100 registros
  Pagina 105: 100 registros
  Pagina 106: 100 registros
  Pagina 107: 100 registros
  Pagina 108: 100 registros
  Pagina 109: 100 registros
  Pagina 110: 100 registros
  Pagina 111: 100 registros
  Pagina 112: 100 registros
  Pagina 113: 100 registros
  Pagina 114: 100 registros
  Pagina 115: 100 registros
  Pagina 116: 100 registros
  Pagina 117: 100 registros
  Pagina 118: 100 registros
  Pagina 119: 100 registros
  Pagina 120: 100 registros
  Pagina 121: 100 registros
  Pagina 122: 100 registros
  Pagina 123: 100 registros
  Pagina 124: 100 registros
  Pagina 125: 100 registros
  Pagina 126: 100 registros
  Pagina 127: 100 registros
  Pagina 128: 100 registros
  Pagina 129: 100 registros
  Pagina 130: 100 registros
  Pagina 131: 100 registros
  Pagina 132: 100 registros
  Pagina 133: 100 registros
  Pagina 134: 100 registros
  Pagina 135: 100 registros
  Pagina 136: 100 registros
  Pagina 137: 100 registros
  Pagina 138: 100 registros
  Pagina 139: 100 registros
  Pagina 140: 100 registros
  Pagina 141: 100 registros
  Pagina 142: 100 registros
  Pagina 143: 100 registros
  Pagina 144: 100 registros
  Pagina 145: 100 registros
  Pagina 146: 100 registros
  Pagina 147: 100 registros
  Pagina 148: 100 registros
  Pagina 149: 100 registros
  Pagina 150: 100 registros
  Pagina 151: 100 registros
  Pagina 152: 100 registros
  Pagina 153: 100 registros
  Pagina 154: 100 registros
  Pagina 155: 100 registros
  Pagina 156: 100 registros
  Pagina 157: 100 registros
  Pagina 158: 100 registros
  Pagina 159: 100 registros
  Pagina 160: 100 registros
  Pagina 161: 100 registros
  Pagina 162: 100 registros
  Pagina 163: 100 registros
  Pagina 164: 100 registros
  Pagina 165: 100 registros
  Pagina 166: 100 registros
  Pagina 167: 100 registros
  Pagina 168: 100 registros
  Pagina 169: 100 registros
  Pagina 170: 100 registros
  Pagina 171: 100 registros
  Pagina 172: 100 registros
  Pagina 173: 100 registros
  Pagina 174: 100 registros
  Pagina 175: 100 registros
  Pagina 176: 100 registros
  Pagina 177: 100 registros
  Pagina 178: 100 registros
  Pagina 179: 100 registros
  Pagina 180: 100 registros
  Pagina 181: 100 registros
  Pagina 182: 100 registros
  Pagina 183: 100 registros
  Pagina 184: 100 registros
  Pagina 185: 100 registros
  Pagina 186: 100 registros
  Pagina 187: 100 registros
  Pagina 188: 100 registros
  Pagina 189: 100 registros
  Pagina 190: 100 registros
  Pagina 191: 100 registros
  Pagina 192: 100 registros
  Pagina 193: 100 registros
  Pagina 194: 100 registros
  Pagina 195: 100 registros
  Pagina 196: 100 registros
  Pagina 197: 100 registros
  Pagina 198: 100 registros
  Pagina 199: 100 registros
  Pagina 200: 100 registros
  Pagina 201: 100 registros
  Pagina 202: 100 registros
  Pagina 203: 100 registros
  Pagina 204: 100 registros
  Pagina 205: 100 registros
  Pagina 206: 100 registros
  Pagina 207: 100 registros
  Pagina 208: 100 registros
  Pagina 209: 100 registros
  Pagina 210: 100 registros
  Pagina 211: 100 registros
  Pagina 212: 100 registros
  Pagina 213: 100 registros
  Pagina 214: 100 registros
  Pagina 215: 100 registros
  Pagina 216: 100 registros
  Pagina 217: 100 registros
  Pagina 218: 100 registros
  Pagina 219: 100 registros
  Pagina 220: 100 registros
  Pagina 221: 100 registros
  Pagina 222: 100 registros
  Pagina 223: 100 registros
  Pagina 224: 100 registros
  Pagina 225: 100 registros
  Pagina 226: 100 registros
  Pagina 227: 100 registros
  Pagina 228: 100 registros
  Pagina 229: 100 registros
  Pagina 230: 100 registros
  Pagina 231: 100 registros
  Pagina 232: 100 registros
  Pagina 233: 100 registros
  Pagina 234: 70 registros
Total bruto da API: 23370 tarefas
Apos filtro (mes atual em diante): 440 tarefas
Backup salvo em: atividades_datajuri.csv
Carregados 440 registro(s) da API.
Dashboard salvo em: dashboard_prazos.html
Abra esse arquivo no navegador para visualizar.
=== 04/08/2026 10:00 ===
Autenticando na API...
Buscando tarefas (prazos)...
  Pagina 1: 100 registros
  Pagina 2: 100 registros
  Pagina 3: 100 registros
  Pagina 4: 100 registros
  Pagina 5: 100 registros
  Pagina 6: 100 registros
  Pagina 7: 100 registros
  Pagina 8: 100 registros
  Pagina 9: 100 registros
  Pagina 10: 100 registros
  Pagina 11: 100 registros
  Pagina 12: 100 registros
  Pagina 13: 100 registros
  Pagina 14: 100 registros
  Pagina 15: 100 registros
  Pagina 16: 100 registros
  Pagina 17: 100 registros
  Pagina 18: 100 registros
  Pagina 19: 100 registros
  Pagina 20: 100 registros
  Pagina 21: 100 registros
  Pagina 22: 100 registros
  Pagina 23: 100 registros
  Pagina 24: 100 registros
  Pagina 25: 100 registros
  Pagina 26: 100 registros
  Pagina 27: 100 registros
  Pagina 28: 100 registros
  Pagina 29: 100 registros
  Pagina 30: 100 registros
  Pagina 31: 100 registros
  Pagina 32: 100 registros
  Pagina 33: 100 registros
  Pagina 34: 100 registros
  Pagina 35: 100 registros
  Pagina 36: 100 registros
  Pagina 37: 100 registros
  Pagina 38: 100 registros
  Pagina 39: 100 registros
  Pagina 40: 100 registros
  Pagina 41: 100 registros
  Pagina 42: 100 registros
  Pagina 43: 100 registros
  Pagina 44: 100 registros
  Pagina 45: 100 registros
  Pagina 46: 100 registros
  Pagina 47: 100 registros
  Pagina 48: 100 registros
  Pagina 49: 100 registros
  Pagina 50: 100 registros
  Pagina 51: 100 registros
  Pagina 52: 100 registros
  Pagina 53: 100 registros
  Pagina 54: 100 registros
  Pagina 55: 100 registros
  Pagina 56: 100 registros
  Pagina 57: 100 registros
  Pagina 58: 100 registros
  Pagina 59: 100 registros
  Pagina 60: 100 registros
  Pagina 61: 100 registros
  Pagina 62: 100 registros
  Pagina 63: 100 registros
  Pagina 64: 100 registros
  Pagina 65: 100 registros
  Pagina 66: 100 registros
  Pagina 67: 100 registros
  Pagina 68: 100 registros
  Pagina 69: 100 registros
  Pagina 70: 100 registros
  Pagina 71: 100 registros
  Pagina 72: 100 registros
  Pagina 73: 100 registros
  Pagina 74: 100 registros
  Pagina 75: 100 registros
  Pagina 76: 100 registros
  Pagina 77: 100 registros
  Pagina 78: 100 registros
  Pagina 79: 100 registros
  Pagina 80: 100 registros
  Pagina 81: 100 registros
  Pagina 82: 100 registros
  Pagina 83: 100 registros
  Pagina 84: 100 registros
  Pagina 85: 100 registros
  Pagina 86: 100 registros
  Pagina 87: 100 registros
  Pagina 88: 100 registros
  Pagina 89: 100 registros
  Pagina 90: 100 registros
  Pagina 91: 100 registros
  Pagina 92: 100 registros
  Pagina 93: 100 registros
  Pagina 94: 100 registros
  Pagina 95: 100 registros
  Pagina 96: 100 registros
  Pagina 97: 100 registros
  Pagina 98: 100 registros
  Pagina 99: 100 registros
  Pagina 100: 100 registros
  Pagina 101: 100 registros
  Pagina 102: 100 registros
  Pagina 103: 100 registros
  Pagina 104: 100 registros
  Pagina 105: 100 registros
  Pagina 106: 100 registros
  Pagina 107: 100 registros
  Pagina 108: 100 registros
  Pagina 109: 100 registros
  Pagina 110: 100 registros
  Pagina 111: 100 registros
  Pagina 112: 100 registros
  Pagina 113: 100 registros
  Pagina 114: 100 registros
  Pagina 115: 100 registros
  Pagina 116: 100 registros
  Pagina 117: 100 registros
  Pagina 118: 100 registros
  Pagina 119: 100 registros
  Pagina 120: 100 registros
  Pagina 121: 100 registros
  Pagina 122: 100 registros
  Pagina 123: 100 registros
  Pagina 124: 100 registros
  Pagina 125: 100 registros
  Pagina 126: 100 registros
  Pagina 127: 100 registros
  Pagina 128: 100 registros
  Pagina 129: 100 registros
  Pagina 130: 100 registros
  Pagina 131: 100 registros
  Pagina 132: 100 registros
  Pagina 133: 100 registros
  Pagina 134: 100 registros
  Pagina 135: 100 registros
  Pagina 136: 100 registros
  Pagina 137: 100 registros
  Pagina 138: 100 registros
  Pagina 139: 100 registros
  Pagina 140: 100 registros
  Pagina 141: 100 registros
  Pagina 142: 100 registros
  Pagina 143: 100 registros
  Pagina 144: 100 registros
  Pagina 145: 100 registros
  Pagina 146: 100 registros
  Pagina 147: 100 registros
  Pagina 148: 100 registros
  Pagina 149: 100 registros
  Pagina 150: 100 registros
  Pagina 151: 100 registros
  Pagina 152: 100 registros
  Pagina 153: 100 registros
  Pagina 154: 100 registros
  Pagina 155: 100 registros
  Pagina 156: 100 registros
  Pagina 157: 100 registros
  Pagina 158: 100 registros
  Pagina 159: 100 registros
  Pagina 160: 100 registros
  Pagina 161: 100 registros
  Pagina 162: 100 registros
  Pagina 163: 100 registros
  Pagina 164: 100 registros
  Pagina 165: 100 registros
  Pagina 166: 100 registros
  Pagina 167: 100 registros
  Pagina 168: 100 registros
  Pagina 169: 100 registros
  Pagina 170: 100 registros
  Pagina 171: 100 registros
  Pagina 172: 100 registros
  Pagina 173: 100 registros
  Pagina 174: 100 registros
  Pagina 175: 100 registros
  Pagina 176: 100 registros
  Pagina 177: 100 registros
  Pagina 178: 100 registros
  Pagina 179: 100 registros
  Pagina 180: 100 registros
  Pagina 181: 100 registros
  Pagina 182: 100 registros
  Pagina 183: 100 registros
  Pagina 184: 100 registros
  Pagina 185: 100 registros
  Pagina 186: 100 registros
  Pagina 187: 100 registros
  Pagina 188: 100 registros
  Pagina 189: 100 registros
  Pagina 190: 100 registros
  Pagina 191: 100 registros
  Pagina 192: 100 registros
  Pagina 193: 100 registros
  Pagina 194: 100 registros
  Pagina 195: 100 registros
  Pagina 196: 100 registros
  Pagina 197: 100 registros
  Pagina 198: 100 registros
  Pagina 199: 100 registros
  Pagina 200: 100 registros
  Pagina 201: 100 registros
  Pagina 202: 100 registros
  Pagina 203: 100 registros
  Pagina 204: 100 registros
  Pagina 205: 100 registros
  Pagina 206: 100 registros
  Pagina 207: 100 registros
  Pagina 208: 100 registros
  Pagina 209: 100 registros
  Pagina 210: 100 registros
  Pagina 211: 100 registros
  Pagina 212: 100 registros
  Pagina 213: 100 registros
  Pagina 214: 100 registros
  Pagina 215: 100 registros
  Pagina 216: 100 registros
  Pagina 217: 100 registros
  Pagina 218: 100 registros
  Pagina 219: 100 registros
  Pagina 220: 100 registros
  Pagina 221: 100 registros
  Pagina 222: 100 registros
  Pagina 223: 100 registros
  Pagina 224: 100 registros
  Pagina 225: 100 registros
  Pagina 226: 100 registros
  Pagina 227: 100 registros
  Pagina 228: 100 registros
  Pagina 229: 100 registros
  Pagina 230: 100 registros
  Pagina 231: 100 registros
  Pagina 232: 100 registros
  Pagina 233: 100 registros
  Pagina 234: 72 registros
Total bruto da API: 23372 tarefas
Apos filtro (mes atual em diante): 442 tarefas
Backup salvo em: atividades_datajuri.csv
Carregados 442 registro(s) da API.
Dashboard salvo em: dashboard_prazos.html
Abra esse arquivo no navegador para visualizar.
=== 04/08/2026 17:00 ===
Autenticando na API...
Buscando tarefas (prazos)...
  Pagina 1: 100 registros
  Pagina 2: 100 registros
  Pagina 3: 100 registros
  Pagina 4: 100 registros
  Pagina 5: 100 registros
  Pagina 6: 100 registros
  Pagina 7: 100 registros
  Pagina 8: 100 registros
  Pagina 9: 100 registros
  Pagina 10: 100 registros
  Pagina 11: 100 registros
  Pagina 12: 100 registros
  Pagina 13: 100 registros
  Pagina 14: 100 registros
  Pagina 15: 100 registros
  Pagina 16: 100 registros
  Pagina 17: 100 registros
  Pagina 18: 100 registros
  Pagina 19: 100 registros
  Pagina 20: 100 registros
  Pagina 21: 100 registros
  Pagina 22: 100 registros
  Pagina 23: 100 registros
  Pagina 24: 100 registros
  Pagina 25: 100 registros
  Pagina 26: 100 registros
  Pagina 27: 100 registros
  Pagina 28: 100 registros
  Pagina 29: 100 registros
  Pagina 30: 100 registros
  Pagina 31: 100 registros
  Pagina 32: 100 registros
  Pagina 33: 100 registros
  Pagina 34: 100 registros
  Pagina 35: 100 registros
  Pagina 36: 100 registros
  Pagina 37: 100 registros
  Pagina 38: 100 registros
  Pagina 39: 100 registros
  Pagina 40: 100 registros
  Pagina 41: 100 registros
  Pagina 42: 100 registros
  Pagina 43: 100 registros
  Pagina 44: 100 registros
  Pagina 45: 100 registros
  Pagina 46: 100 registros
  Pagina 47: 100 registros
  Pagina 48: 100 registros
  Pagina 49: 100 registros
  Pagina 50: 100 registros
  Pagina 51: 100 registros
  Pagina 52: 100 registros
  Pagina 53: 100 registros
  Pagina 54: 100 registros
  Pagina 55: 100 registros
  Pagina 56: 100 registros
  Pagina 57: 100 registros
  Pagina 58: 100 registros
  Pagina 59: 100 registros
  Pagina 60: 100 registros
  Pagina 61: 100 registros
  Pagina 62: 100 registros
  Pagina 63: 100 registros
  Pagina 64: 100 registros
  Pagina 65: 100 registros
  Pagina 66: 100 registros
  Pagina 67: 100 registros
  Pagina 68: 100 registros
  Pagina 69: 100 registros
  Pagina 70: 100 registros
  Pagina 71: 100 registros
  Pagina 72: 100 registros
  Pagina 73: 100 registros
  Pagina 74: 100 registros
  Pagina 75: 100 registros
  Pagina 76: 100 registros
  Pagina 77: 100 registros
  Pagina 78: 100 registros
  Pagina 79: 100 registros
  Pagina 80: 100 registros
  Pagina 81: 100 registros
  Pagina 82: 100 registros
  Pagina 83: 100 registros
  Pagina 84: 100 registros
  Pagina 85: 100 registros
  Pagina 86: 100 registros
  Pagina 87: 100 registros
  Pagina 88: 100 registros
  Pagina 89: 100 registros
  Pagina 90: 100 registros
  Pagina 91: 100 registros
  Pagina 92: 100 registros
  Pagina 93: 100 registros
  Pagina 94: 100 registros
  Pagina 95: 100 registros
  Pagina 96: 100 registros
  Pagina 97: 100 registros
  Pagina 98: 100 registros
  Pagina 99: 100 registros
  Pagina 100: 100 registros
  Pagina 101: 100 registros
  Pagina 102: 100 registros
  Pagina 103: 100 registros
  Pagina 104: 100 registros
  Pagina 105: 100 registros
  Pagina 106: 100 registros
  Pagina 107: 100 registros
  Pagina 108: 100 registros
  Pagina 109: 100 registros
  Pagina 110: 100 registros
  Pagina 111: 100 registros
  Pagina 112: 100 registros
  Pagina 113: 100 registros
  Pagina 114: 100 registros
  Pagina 115: 100 registros
  Pagina 116: 100 registros
  Pagina 117: 100 registros
  Pagina 118: 100 registros
  Pagina 119: 100 registros
  Pagina 120: 100 registros
  Pagina 121: 100 registros
  Pagina 122: 100 registros
  Pagina 123: 100 registros
  Pagina 124: 100 registros
  Pagina 125: 100 registros
  Pagina 126: 100 registros
  Pagina 127: 100 registros
  Pagina 128: 100 registros
  Pagina 129: 100 registros
  Pagina 130: 100 registros
  Pagina 131: 100 registros
  Pagina 132: 100 registros
  Pagina 133: 100 registros
  Pagina 134: 100 registros
  Pagina 135: 100 registros
  Pagina 136: 100 registros
  Pagina 137: 100 registros
  Pagina 138: 100 registros
  Pagina 139: 100 registros
  Pagina 140: 100 registros
  Pagina 141: 100 registros
  Pagina 142: 100 registros
  Pagina 143: 100 registros
  Pagina 144: 100 registros
  Pagina 145: 100 registros
  Pagina 146: 100 registros
  Pagina 147: 100 registros
  Pagina 148: 100 registros
  Pagina 149: 100 registros
  Pagina 150: 100 registros
  Pagina 151: 100 registros
  Pagina 152: 100 registros
  Pagina 153: 100 registros
  Pagina 154: 100 registros
  Pagina 155: 100 registros
  Pagina 156: 100 registros
  Pagina 157: 100 registros
  Pagina 158: 100 registros
  Pagina 159: 100 registros
  Pagina 160: 100 registros
  Pagina 161: 100 registros
  Pagina 162: 100 registros
  Pagina 163: 100 registros
  Pagina 164: 100 registros
  Pagina 165: 100 registros
  Pagina 166: 100 registros
  Pagina 167: 100 registros
  Pagina 168: 100 registros
  Pagina 169: 100 registros
  Pagina 170: 100 registros
  Pagina 171: 100 registros
  Pagina 172: 100 registros
  Pagina 173: 100 registros
  Pagina 174: 100 registros
  Pagina 175: 100 registros
  Pagina 176: 100 registros
  Pagina 177: 100 registros
  Pagina 178: 100 registros
  Pagina 179: 100 registros
  Pagina 180: 100 registros
  Pagina 181: 100 registros
  Pagina 182: 100 registros
  Pagina 183: 100 registros
  Pagina 184: 100 registros
  Pagina 185: 100 registros
  Pagina 186: 100 registros
  Pagina 187: 100 registros
  Pagina 188: 100 registros
  Pagina 189: 100 registros
  Pagina 190: 100 registros
  Pagina 191: 100 registros
  Pagina 192: 100 registros
  Pagina 193: 100 registros
  Pagina 194: 100 registros
  Pagina 195: 100 registros
  Pagina 196: 100 registros
  Pagina 197: 100 registros
  Pagina 198: 100 registros
  Pagina 199: 100 registros
  Pagina 200: 100 registros
  Pagina 201: 100 registros
  Pagina 202: 100 registros
  Pagina 203: 100 registros
  Pagina 204: 100 registros
  Pagina 205: 100 registros
  Pagina 206: 100 registros
  Pagina 207: 100 registros
  Pagina 208: 100 registros
  Pagina 209: 100 registros
  Pagina 210: 100 registros
  Pagina 211: 100 registros
  Pagina 212: 100 registros
  Pagina 213: 100 registros
  Pagina 214: 100 registros
  Pagina 215: 100 registros
  Pagina 216: 100 registros
  Pagina 217: 100 registros
  Pagina 218: 100 registros
  Pagina 219: 100 registros
  Pagina 220: 100 registros
  Pagina 221: 100 registros
  Pagina 222: 100 registros
  Pagina 223: 100 registros
  Pagina 224: 100 registros
  Pagina 225: 100 registros
  Pagina 226: 100 registros
  Pagina 227: 100 registros
  Pagina 228: 100 registros
  Pagina 229: 100 registros
  Pagina 230: 100 registros
  Pagina 231: 100 registros
  Pagina 232: 100 registros
  Pagina 233: 100 registros
  Pagina 234: 83 registros
Total bruto da API: 23383 tarefas
Apos filtro (mes atual em diante): 453 tarefas
Backup salvo em: atividades_datajuri.csv
Carregados 453 registro(s) da API.
Dashboard salvo em: dashboard_prazos.html
Abra esse arquivo no navegador para visualizar.
=== 05/08/2026 10:04 ===
Autenticando na API...
Traceback (most recent call last):
  File "/Library/Frameworks/Python.framework/Versions/3.14/lib/python3.14/site-packages/urllib3/connection.py", line 204, in _new_conn
    sock = connection.create_connection(
        (self._dns_host, self.port),
    ...<2 lines>...
        socket_options=self.socket_options,
    )
  File "/Library/Frameworks/Python.framework/Versions/3.14/lib/python3.14/site-packages/urllib3/util/connection.py", line 60, in create_connection
    for res in socket.getaddrinfo(host, port, family, socket.SOCK_STREAM):
               ~~~~~~~~~~~~~~~~~~^^^^^^^^^^^^^^^^^^^^^^^^^^^^^^^^^^^^^^^^
  File "/Library/Frameworks/Python.framework/Versions/3.14/lib/python3.14/socket.py", line 987, in getaddrinfo
    for res in _socket.getaddrinfo(host, port, family, type, proto, flags):
               ~~~~~~~~~~~~~~~~~~~^^^^^^^^^^^^^^^^^^^^^^^^^^^^^^^^^^^^^^^^
socket.gaierror: [Errno 8] nodename nor servname provided, or not known

The above exception was the direct cause of the following exception:

Traceback (most recent call last):
  File "/Library/Frameworks/Python.framework/Versions/3.14/lib/python3.14/site-packages/urllib3/connectionpool.py", line 788, in urlopen
    response = self._make_request(
        conn,
    ...<10 lines>...
        **response_kw,
    )
  File "/Library/Frameworks/Python.framework/Versions/3.14/lib/python3.14/site-packages/urllib3/connectionpool.py", line 488, in _make_request
    raise new_e
  File "/Library/Frameworks/Python.framework/Versions/3.14/lib/python3.14/site-packages/urllib3/connectionpool.py", line 464, in _make_request
    self._validate_conn(conn)
    ~~~~~~~~~~~~~~~~~~~^^^^^^
  File "/Library/Frameworks/Python.framework/Versions/3.14/lib/python3.14/site-packages/urllib3/connectionpool.py", line 1106, in _validate_conn
    conn.connect()
    ~~~~~~~~~~~~^^
  File "/Library/Frameworks/Python.framework/Versions/3.14/lib/python3.14/site-packages/urllib3/connection.py", line 759, in connect
    self.sock = sock = self._new_conn()
                       ~~~~~~~~~~~~~~^^
  File "/Library/Frameworks/Python.framework/Versions/3.14/lib/python3.14/site-packages/urllib3/connection.py", line 211, in _new_conn
    raise NameResolutionError(self.host, self, e) from e
urllib3.exceptions.NameResolutionError: HTTPSConnection(host='api.datajuri.com.br', port=443): Failed to resolve 'api.datajuri.com.br' ([Errno 8] nodename nor servname provided, or not known)

The above exception was the direct cause of the following exception:

Traceback (most recent call last):
  File "/Library/Frameworks/Python.framework/Versions/3.14/lib/python3.14/site-packages/requests/adapters.py", line 696, in send
    resp = conn.urlopen(
        method=request.method,
    ...<9 lines>...
        chunked=chunked,
    )
  File "/Library/Frameworks/Python.framework/Versions/3.14/lib/python3.14/site-packages/urllib3/connectionpool.py", line 842, in urlopen
    retries = retries.increment(
        method, url, error=new_e, _pool=self, _stacktrace=sys.exc_info()[2]
    )
  File "/Library/Frameworks/Python.framework/Versions/3.14/lib/python3.14/site-packages/urllib3/util/retry.py", line 543, in increment
    raise MaxRetryError(_pool, url, reason) from reason  # type: ignore[arg-type]
    ^^^^^^^^^^^^^^^^^^^^^^^^^^^^^^^^^^^^^^^^^^^^^^^^^^^
urllib3.exceptions.MaxRetryError: HTTPSConnectionPool(host='api.datajuri.com.br', port=443): Max retries exceeded with url: /oauth/token (Caused by NameResolutionError("HTTPSConnection(host='api.datajuri.com.br', port=443): Failed to resolve 'api.datajuri.com.br' ([Errno 8] nodename nor servname provided, or not known)"))

During handling of the above exception, another exception occurred:

Traceback (most recent call last):
  File "/Users/victormiranda/Documentos/datajuri/gerar_dashboard_prazos_v13.py", line 1191, in <module>
    registros = carregar_registros()
  File "/Users/victormiranda/Documentos/datajuri/gerar_dashboard_prazos_v13.py", line 86, in carregar_registros
    token = obter_token(creds)
  File "/Users/victormiranda/Documentos/datajuri/gerar_dashboard_prazos_v13.py", line 72, in obter_token
    resp = requests.post(AUTH_URL, headers=headers, data=data, timeout=120)
  File "/Library/Frameworks/Python.framework/Versions/3.14/lib/python3.14/site-packages/requests/api.py", line 134, in post
    return request("post", url, data=data, json=json, **kwargs)
  File "/Library/Frameworks/Python.framework/Versions/3.14/lib/python3.14/site-packages/requests/api.py", line 71, in request
    return session.request(method=method, url=url, **kwargs)
           ~~~~~~~~~~~~~~~^^^^^^^^^^^^^^^^^^^^^^^^^^^^^^^^^^
  File "/Library/Frameworks/Python.framework/Versions/3.14/lib/python3.14/site-packages/requests/sessions.py", line 651, in request
    resp = self.send(prep, **send_kwargs)
  File "/Library/Frameworks/Python.framework/Versions/3.14/lib/python3.14/site-packages/requests/sessions.py", line 784, in send
    r = adapter.send(request, **kwargs)
  File "/Library/Frameworks/Python.framework/Versions/3.14/lib/python3.14/site-packages/requests/adapters.py", line 729, in send
    raise ConnectionError(e, request=request)
requests.exceptions.ConnectionError: HTTPSConnectionPool(host='api.datajuri.com.br', port=443): Max retries exceeded with url: /oauth/token (Caused by NameResolutionError("HTTPSConnection(host='api.datajuri.com.br', port=443): Failed to resolve 'api.datajuri.com.br' ([Errno 8] nodename nor servname provided, or not known)"))
=== 05/08/2026 17:46 ===
Autenticando na API...
Traceback (most recent call last):
  File "/Library/Frameworks/Python.framework/Versions/3.14/lib/python3.14/site-packages/urllib3/connection.py", line 204, in _new_conn
    sock = connection.create_connection(
        (self._dns_host, self.port),
    ...<2 lines>...
        socket_options=self.socket_options,
    )
  File "/Library/Frameworks/Python.framework/Versions/3.14/lib/python3.14/site-packages/urllib3/util/connection.py", line 60, in create_connection
    for res in socket.getaddrinfo(host, port, family, socket.SOCK_STREAM):
               ~~~~~~~~~~~~~~~~~~^^^^^^^^^^^^^^^^^^^^^^^^^^^^^^^^^^^^^^^^
  File "/Library/Frameworks/Python.framework/Versions/3.14/lib/python3.14/socket.py", line 987, in getaddrinfo
    for res in _socket.getaddrinfo(host, port, family, type, proto, flags):
               ~~~~~~~~~~~~~~~~~~~^^^^^^^^^^^^^^^^^^^^^^^^^^^^^^^^^^^^^^^^
socket.gaierror: [Errno 8] nodename nor servname provided, or not known

The above exception was the direct cause of the following exception:

Traceback (most recent call last):
  File "/Library/Frameworks/Python.framework/Versions/3.14/lib/python3.14/site-packages/urllib3/connectionpool.py", line 788, in urlopen
    response = self._make_request(
        conn,
    ...<10 lines>...
        **response_kw,
    )
  File "/Library/Frameworks/Python.framework/Versions/3.14/lib/python3.14/site-packages/urllib3/connectionpool.py", line 488, in _make_request
    raise new_e
  File "/Library/Frameworks/Python.framework/Versions/3.14/lib/python3.14/site-packages/urllib3/connectionpool.py", line 464, in _make_request
    self._validate_conn(conn)
    ~~~~~~~~~~~~~~~~~~~^^^^^^
  File "/Library/Frameworks/Python.framework/Versions/3.14/lib/python3.14/site-packages/urllib3/connectionpool.py", line 1106, in _validate_conn
    conn.connect()
    ~~~~~~~~~~~~^^
  File "/Library/Frameworks/Python.framework/Versions/3.14/lib/python3.14/site-packages/urllib3/connection.py", line 759, in connect
    self.sock = sock = self._new_conn()
                       ~~~~~~~~~~~~~~^^
  File "/Library/Frameworks/Python.framework/Versions/3.14/lib/python3.14/site-packages/urllib3/connection.py", line 211, in _new_conn
    raise NameResolutionError(self.host, self, e) from e
urllib3.exceptions.NameResolutionError: HTTPSConnection(host='api.datajuri.com.br', port=443): Failed to resolve 'api.datajuri.com.br' ([Errno 8] nodename nor servname provided, or not known)

The above exception was the direct cause of the following exception:

Traceback (most recent call last):
  File "/Library/Frameworks/Python.framework/Versions/3.14/lib/python3.14/site-packages/requests/adapters.py", line 696, in send
    resp = conn.urlopen(
        method=request.method,
    ...<9 lines>...
        chunked=chunked,
    )
  File "/Library/Frameworks/Python.framework/Versions/3.14/lib/python3.14/site-packages/urllib3/connectionpool.py", line 842, in urlopen
    retries = retries.increment(
        method, url, error=new_e, _pool=self, _stacktrace=sys.exc_info()[2]
    )
  File "/Library/Frameworks/Python.framework/Versions/3.14/lib/python3.14/site-packages/urllib3/util/retry.py", line 543, in increment
    raise MaxRetryError(_pool, url, reason) from reason  # type: ignore[arg-type]
    ^^^^^^^^^^^^^^^^^^^^^^^^^^^^^^^^^^^^^^^^^^^^^^^^^^^
urllib3.exceptions.MaxRetryError: HTTPSConnectionPool(host='api.datajuri.com.br', port=443): Max retries exceeded with url: /oauth/token (Caused by NameResolutionError("HTTPSConnection(host='api.datajuri.com.br', port=443): Failed to resolve 'api.datajuri.com.br' ([Errno 8] nodename nor servname provided, or not known)"))

During handling of the above exception, another exception occurred:

Traceback (most recent call last):
  File "/Users/victormiranda/Documentos/datajuri/gerar_dashboard_prazos_v13.py", line 1191, in <module>
    registros = carregar_registros()
  File "/Users/victormiranda/Documentos/datajuri/gerar_dashboard_prazos_v13.py", line 86, in carregar_registros
    token = obter_token(creds)
  File "/Users/victormiranda/Documentos/datajuri/gerar_dashboard_prazos_v13.py", line 72, in obter_token
    resp = requests.post(AUTH_URL, headers=headers, data=data, timeout=120)
  File "/Library/Frameworks/Python.framework/Versions/3.14/lib/python3.14/site-packages/requests/api.py", line 134, in post
    return request("post", url, data=data, json=json, **kwargs)
  File "/Library/Frameworks/Python.framework/Versions/3.14/lib/python3.14/site-packages/requests/api.py", line 71, in request
    return session.request(method=method, url=url, **kwargs)
           ~~~~~~~~~~~~~~~^^^^^^^^^^^^^^^^^^^^^^^^^^^^^^^^^^
  File "/Library/Frameworks/Python.framework/Versions/3.14/lib/python3.14/site-packages/requests/sessions.py", line 651, in request
    resp = self.send(prep, **send_kwargs)
  File "/Library/Frameworks/Python.framework/Versions/3.14/lib/python3.14/site-packages/requests/sessions.py", line 784, in send
    r = adapter.send(request, **kwargs)
  File "/Library/Frameworks/Python.framework/Versions/3.14/lib/python3.14/site-packages/requests/adapters.py", line 729, in send
    raise ConnectionError(e, request=request)
requests.exceptions.ConnectionError: HTTPSConnectionPool(host='api.datajuri.com.br', port=443): Max retries exceeded with url: /oauth/token (Caused by NameResolutionError("HTTPSConnection(host='api.datajuri.com.br', port=443): Failed to resolve 'api.datajuri.com.br' ([Errno 8] nodename nor servname provided, or not known)"))
=== 06/08/2026 10:03 ===
Autenticando na API...
Traceback (most recent call last):
  File "/Library/Frameworks/Python.framework/Versions/3.14/lib/python3.14/site-packages/urllib3/connection.py", line 204, in _new_conn
    sock = connection.create_connection(
        (self._dns_host, self.port),
    ...<2 lines>...
        socket_options=self.socket_options,
    )
  File "/Library/Frameworks/Python.framework/Versions/3.14/lib/python3.14/site-packages/urllib3/util/connection.py", line 60, in create_connection
    for res in socket.getaddrinfo(host, port, family, socket.SOCK_STREAM):
               ~~~~~~~~~~~~~~~~~~^^^^^^^^^^^^^^^^^^^^^^^^^^^^^^^^^^^^^^^^
  File "/Library/Frameworks/Python.framework/Versions/3.14/lib/python3.14/socket.py", line 987, in getaddrinfo
    for res in _socket.getaddrinfo(host, port, family, type, proto, flags):
               ~~~~~~~~~~~~~~~~~~~^^^^^^^^^^^^^^^^^^^^^^^^^^^^^^^^^^^^^^^^
socket.gaierror: [Errno 8] nodename nor servname provided, or not known

The above exception was the direct cause of the following exception:

Traceback (most recent call last):
  File "/Library/Frameworks/Python.framework/Versions/3.14/lib/python3.14/site-packages/urllib3/connectionpool.py", line 788, in urlopen
    response = self._make_request(
        conn,
    ...<10 lines>...
        **response_kw,
    )
  File "/Library/Frameworks/Python.framework/Versions/3.14/lib/python3.14/site-packages/urllib3/connectionpool.py", line 488, in _make_request
    raise new_e
  File "/Library/Frameworks/Python.framework/Versions/3.14/lib/python3.14/site-packages/urllib3/connectionpool.py", line 464, in _make_request
    self._validate_conn(conn)
    ~~~~~~~~~~~~~~~~~~~^^^^^^
  File "/Library/Frameworks/Python.framework/Versions/3.14/lib/python3.14/site-packages/urllib3/connectionpool.py", line 1106, in _validate_conn
    conn.connect()
    ~~~~~~~~~~~~^^
  File "/Library/Frameworks/Python.framework/Versions/3.14/lib/python3.14/site-packages/urllib3/connection.py", line 759, in connect
    self.sock = sock = self._new_conn()
                       ~~~~~~~~~~~~~~^^
  File "/Library/Frameworks/Python.framework/Versions/3.14/lib/python3.14/site-packages/urllib3/connection.py", line 211, in _new_conn
    raise NameResolutionError(self.host, self, e) from e
urllib3.exceptions.NameResolutionError: HTTPSConnection(host='api.datajuri.com.br', port=443): Failed to resolve 'api.datajuri.com.br' ([Errno 8] nodename nor servname provided, or not known)

The above exception was the direct cause of the following exception:

Traceback (most recent call last):
  File "/Library/Frameworks/Python.framework/Versions/3.14/lib/python3.14/site-packages/requests/adapters.py", line 696, in send
    resp = conn.urlopen(
        method=request.method,
    ...<9 lines>...
        chunked=chunked,
    )
  File "/Library/Frameworks/Python.framework/Versions/3.14/lib/python3.14/site-packages/urllib3/connectionpool.py", line 842, in urlopen
    retries = retries.increment(
        method, url, error=new_e, _pool=self, _stacktrace=sys.exc_info()[2]
    )
  File "/Library/Frameworks/Python.framework/Versions/3.14/lib/python3.14/site-packages/urllib3/util/retry.py", line 543, in increment
    raise MaxRetryError(_pool, url, reason) from reason  # type: ignore[arg-type]
    ^^^^^^^^^^^^^^^^^^^^^^^^^^^^^^^^^^^^^^^^^^^^^^^^^^^
urllib3.exceptions.MaxRetryError: HTTPSConnectionPool(host='api.datajuri.com.br', port=443): Max retries exceeded with url: /oauth/token (Caused by NameResolutionError("HTTPSConnection(host='api.datajuri.com.br', port=443): Failed to resolve 'api.datajuri.com.br' ([Errno 8] nodename nor servname provided, or not known)"))

During handling of the above exception, another exception occurred:

Traceback (most recent call last):
  File "/Users/victormiranda/Documentos/datajuri/gerar_dashboard_prazos_v13.py", line 1191, in <module>
    registros = carregar_registros()
  File "/Users/victormiranda/Documentos/datajuri/gerar_dashboard_prazos_v13.py", line 86, in carregar_registros
    token = obter_token(creds)
  File "/Users/victormiranda/Documentos/datajuri/gerar_dashboard_prazos_v13.py", line 72, in obter_token
    resp = requests.post(AUTH_URL, headers=headers, data=data, timeout=120)
  File "/Library/Frameworks/Python.framework/Versions/3.14/lib/python3.14/site-packages/requests/api.py", line 134, in post
    return request("post", url, data=data, json=json, **kwargs)
  File "/Library/Frameworks/Python.framework/Versions/3.14/lib/python3.14/site-packages/requests/api.py", line 71, in request
    return session.request(method=method, url=url, **kwargs)
           ~~~~~~~~~~~~~~~^^^^^^^^^^^^^^^^^^^^^^^^^^^^^^^^^^
  File "/Library/Frameworks/Python.framework/Versions/3.14/lib/python3.14/site-packages/requests/sessions.py", line 651, in request
    resp = self.send(prep, **send_kwargs)
  File "/Library/Frameworks/Python.framework/Versions/3.14/lib/python3.14/site-packages/requests/sessions.py", line 784, in send
    r = adapter.send(request, **kwargs)
  File "/Library/Frameworks/Python.framework/Versions/3.14/lib/python3.14/site-packages/requests/adapters.py", line 729, in send
    raise ConnectionError(e, request=request)
requests.exceptions.ConnectionError: HTTPSConnectionPool(host='api.datajuri.com.br', port=443): Max retries exceeded with url: /oauth/token (Caused by NameResolutionError("HTTPSConnection(host='api.datajuri.com.br', port=443): Failed to resolve 'api.datajuri.com.br' ([Errno 8] nodename nor servname provided, or not known)"))
=== 06/08/2026 16:24 ===
Autenticando na API...
Buscando tarefas (prazos)...
  Pagina 1: 100 registros
  Pagina 2: 100 registros
  Pagina 3: 100 registros
  Pagina 4: 100 registros
  Pagina 5: 100 registros
  Pagina 6: 100 registros
  Pagina 7: 100 registros
  Pagina 8: 100 registros
  Pagina 9: 100 registros
  Pagina 10: 100 registros
  Pagina 11: 100 registros
  Pagina 12: 100 registros
  Pagina 13: 100 registros
  Pagina 14: 100 registros
  Pagina 15: 100 registros
  Pagina 16: 100 registros
  Pagina 17: 100 registros
  Pagina 18: 100 registros
  Pagina 19: 100 registros
  Pagina 20: 100 registros
  Pagina 21: 100 registros
  Pagina 22: 100 registros
  Pagina 23: 100 registros
  Pagina 24: 100 registros
  Pagina 25: 100 registros
  Pagina 26: 100 registros
  Pagina 27: 100 registros
  Pagina 28: 100 registros
  Pagina 29: 100 registros
  Pagina 30: 100 registros
  Pagina 31: 100 registros
  Pagina 32: 100 registros
  Pagina 33: 100 registros
  Pagina 34: 100 registros
  Pagina 35: 100 registros
  Pagina 36: 100 registros
  Pagina 37: 100 registros
  Pagina 38: 100 registros
  Pagina 39: 100 registros
  Pagina 40: 100 registros
  Pagina 41: 100 registros
  Pagina 42: 100 registros
  Pagina 43: 100 registros
  Pagina 44: 100 registros
  Pagina 45: 100 registros
  Pagina 46: 100 registros
  Pagina 47: 100 registros
  Pagina 48: 100 registros
  Pagina 49: 100 registros
  Pagina 50: 100 registros
  Pagina 51: 100 registros
  Pagina 52: 100 registros
  Pagina 53: 100 registros
  Pagina 54: 100 registros
  Pagina 55: 100 registros
  Pagina 56: 100 registros
  Pagina 57: 100 registros
  Pagina 58: 100 registros
  Pagina 59: 100 registros
  Pagina 60: 100 registros
  Pagina 61: 100 registros
  Pagina 62: 100 registros
  Pagina 63: 100 registros
  Pagina 64: 100 registros
  Pagina 65: 100 registros
  Pagina 66: 100 registros
  Pagina 67: 100 registros
  Pagina 68: 100 registros
  Pagina 69: 100 registros
  Pagina 70: 100 registros
  Pagina 71: 100 registros
  Pagina 72: 100 registros
  Pagina 73: 100 registros
  Pagina 74: 100 registros
  Pagina 75: 100 registros
  Pagina 76: 100 registros
  Pagina 77: 100 registros
  Pagina 78: 100 registros
  Pagina 79: 100 registros
  Pagina 80: 100 registros
  Pagina 81: 100 registros
  Pagina 82: 100 registros
  Pagina 83: 100 registros
  Pagina 84: 100 registros
  Pagina 85: 100 registros
  Pagina 86: 100 registros
  Pagina 87: 100 registros
  Pagina 88: 100 registros
  Pagina 89: 100 registros
  Pagina 90: 100 registros
  Pagina 91: 100 registros
  Pagina 92: 100 registros
  Pagina 93: 100 registros
  Pagina 94: 100 registros
  Pagina 95: 100 registros
  Pagina 96: 100 registros
  Pagina 97: 100 registros
  Pagina 98: 100 registros
  Pagina 99: 100 registros
  Pagina 100: 100 registros
  Pagina 101: 100 registros
  Pagina 102: 100 registros
  Pagina 103: 100 registros
  Pagina 104: 100 registros
  Pagina 105: 100 registros
  Pagina 106: 100 registros
  Pagina 107: 100 registros
  Pagina 108: 100 registros
  Pagina 109: 100 registros
  Pagina 110: 100 registros
  Pagina 111: 100 registros
  Pagina 112: 100 registros
  Pagina 113: 100 registros
  Pagina 114: 100 registros
  Pagina 115: 100 registros
  Pagina 116: 100 registros
  Pagina 117: 100 registros
  Pagina 118: 100 registros
  Pagina 119: 100 registros
  Pagina 120: 100 registros
  Pagina 121: 100 registros
  Pagina 122: 100 registros
  Pagina 123: 100 registros
  Pagina 124: 100 registros
  Pagina 125: 100 registros
  Pagina 126: 100 registros
  Pagina 127: 100 registros
  Pagina 128: 100 registros
  Pagina 129: 100 registros
  Pagina 130: 100 registros
  Pagina 131: 100 registros
  Pagina 132: 100 registros
  Pagina 133: 100 registros
  Pagina 134: 100 registros
  Pagina 135: 100 registros
  Pagina 136: 100 registros
  Pagina 137: 100 registros
  Pagina 138: 100 registros
  Pagina 139: 100 registros
  Pagina 140: 100 registros
  Pagina 141: 100 registros
  Pagina 142: 100 registros
  Pagina 143: 100 registros
  Pagina 144: 100 registros
  Pagina 145: 100 registros
  Pagina 146: 100 registros
  Pagina 147: 100 registros
  Pagina 148: 100 registros
  Pagina 149: 100 registros
  Pagina 150: 100 registros
  Pagina 151: 100 registros
  Pagina 152: 100 registros
  Pagina 153: 100 registros
  Pagina 154: 100 registros
  Pagina 155: 100 registros
  Pagina 156: 100 registros
  Pagina 157: 100 registros
  Pagina 158: 100 registros
  Pagina 159: 100 registros
  Pagina 160: 100 registros
  Pagina 161: 100 registros
  Pagina 162: 100 registros
  Pagina 163: 100 registros
  Pagina 164: 100 registros
  Pagina 165: 100 registros
  Pagina 166: 100 registros
  Pagina 167: 100 registros
  Pagina 168: 100 registros
  Pagina 169: 100 registros
  Pagina 170: 100 registros
  Pagina 171: 100 registros
  Pagina 172: 100 registros
  Pagina 173: 100 registros
  Pagina 174: 100 registros
  Pagina 175: 100 registros
  Pagina 176: 100 registros
  Pagina 177: 100 registros
  Pagina 178: 100 registros
  Pagina 179: 100 registros
  Pagina 180: 100 registros
  Pagina 181: 100 registros
  Pagina 182: 100 registros
  Pagina 183: 100 registros
  Pagina 184: 100 registros
  Pagina 185: 100 registros
  Pagina 186: 100 registros
  Pagina 187: 100 registros
  Pagina 188: 100 registros
  Pagina 189: 100 registros
  Pagina 190: 100 registros
  Pagina 191: 100 registros
  Pagina 192: 100 registros
  Pagina 193: 100 registros
  Pagina 194: 100 registros
  Pagina 195: 100 registros
  Pagina 196: 100 registros
  Pagina 197: 100 registros
  Pagina 198: 100 registros
  Pagina 199: 100 registros
  Pagina 200: 100 registros
  Pagina 201: 100 registros
  Pagina 202: 100 registros
  Pagina 203: 100 registros
  Pagina 204: 100 registros
  Pagina 205: 100 registros
  Pagina 206: 100 registros
  Pagina 207: 100 registros
  Pagina 208: 100 registros
  Pagina 209: 100 registros
  Pagina 210: 100 registros
  Pagina 211: 100 registros
  Pagina 212: 100 registros
  Pagina 213: 100 registros
  Pagina 214: 100 registros
  Pagina 215: 100 registros
  Pagina 216: 100 registros
  Pagina 217: 100 registros
  Pagina 218: 100 registros
  Pagina 219: 100 registros
  Pagina 220: 100 registros
  Pagina 221: 100 registros
  Pagina 222: 100 registros
  Pagina 223: 100 registros
  Pagina 224: 100 registros
  Pagina 225: 100 registros
  Pagina 226: 100 registros
  Pagina 227: 100 registros
  Pagina 228: 100 registros
  Pagina 229: 100 registros
  Pagina 230: 100 registros
  Pagina 231: 100 registros
  Pagina 232: 100 registros
  Pagina 233: 100 registros
  Pagina 234: 100 registros
  Pagina 235: 6 registros
Total bruto da API: 23406 tarefas
Apos filtro (mes atual em diante): 476 tarefas
Backup salvo em: atividades_datajuri.csv
Carregados 476 registro(s) da API.
Dashboard salvo em: dashboard_prazos.html
Abra esse arquivo no navegador para visualizar.
=== 06/08/2026 17:00 ===
Autenticando na API...
Buscando tarefas (prazos)...
  Pagina 1: 100 registros
  Pagina 2: 100 registros
  Pagina 3: 100 registros
  Pagina 4: 100 registros
  Pagina 5: 100 registros
  Pagina 6: 100 registros
  Pagina 7: 100 registros
  Pagina 8: 100 registros
  Pagina 9: 100 registros
  Pagina 10: 100 registros
  Pagina 11: 100 registros
  Pagina 12: 100 registros
  Pagina 13: 100 registros
  Pagina 14: 100 registros
  Pagina 15: 100 registros
  Pagina 16: 100 registros
  Pagina 17: 100 registros
  Pagina 18: 100 registros
  Pagina 19: 100 registros
  Pagina 20: 100 registros
  Pagina 21: 100 registros
  Pagina 22: 100 registros
  Pagina 23: 100 registros
  Pagina 24: 100 registros
  Pagina 25: 100 registros
  Pagina 26: 100 registros
  Pagina 27: 100 registros
  Pagina 28: 100 registros
  Pagina 29: 100 registros
  Pagina 30: 100 registros
  Pagina 31: 100 registros
  Pagina 32: 100 registros
  Pagina 33: 100 registros
  Pagina 34: 100 registros
  Pagina 35: 100 registros
  Pagina 36: 100 registros
  Pagina 37: 100 registros
  Pagina 38: 100 registros
  Pagina 39: 100 registros
  Pagina 40: 100 registros
  Pagina 41: 100 registros
  Pagina 42: 100 registros
  Pagina 43: 100 registros
  Pagina 44: 100 registros
  Pagina 45: 100 registros
  Pagina 46: 100 registros
  Pagina 47: 100 registros
  Pagina 48: 100 registros
  Pagina 49: 100 registros
  Pagina 50: 100 registros
  Pagina 51: 100 registros
  Pagina 52: 100 registros
  Pagina 53: 100 registros
  Pagina 54: 100 registros
  Pagina 55: 100 registros
  Pagina 56: 100 registros
  Pagina 57: 100 registros
  Pagina 58: 100 registros
  Pagina 59: 100 registros
  Pagina 60: 100 registros
  Pagina 61: 100 registros
  Pagina 62: 100 registros
  Pagina 63: 100 registros
  Pagina 64: 100 registros
  Pagina 65: 100 registros
  Pagina 66: 100 registros
  Pagina 67: 100 registros
  Pagina 68: 100 registros
  Pagina 69: 100 registros
  Pagina 70: 100 registros
  Pagina 71: 100 registros
  Pagina 72: 100 registros
  Pagina 73: 100 registros
  Pagina 74: 100 registros
  Pagina 75: 100 registros
  Pagina 76: 100 registros
  Pagina 77: 100 registros
  Pagina 78: 100 registros
  Pagina 79: 100 registros
  Pagina 80: 100 registros
  Pagina 81: 100 registros
  Pagina 82: 100 registros
  Pagina 83: 100 registros
  Pagina 84: 100 registros
  Pagina 85: 100 registros
  Pagina 86: 100 registros
  Pagina 87: 100 registros
  Pagina 88: 100 registros
  Pagina 89: 100 registros
  Pagina 90: 100 registros
  Pagina 91: 100 registros
  Pagina 92: 100 registros
  Pagina 93: 100 registros
  Pagina 94: 100 registros
  Pagina 95: 100 registros
  Pagina 96: 100 registros
  Pagina 97: 100 registros
  Pagina 98: 100 registros
  Pagina 99: 100 registros
  Pagina 100: 100 registros
  Pagina 101: 100 registros
  Pagina 102: 100 registros
  Pagina 103: 100 registros
  Pagina 104: 100 registros
  Pagina 105: 100 registros
  Pagina 106: 100 registros
  Pagina 107: 100 registros
  Pagina 108: 100 registros
  Pagina 109: 100 registros
  Pagina 110: 100 registros
  Pagina 111: 100 registros
  Pagina 112: 100 registros
  Pagina 113: 100 registros
  Pagina 114: 100 registros
  Pagina 115: 100 registros
  Pagina 116: 100 registros
  Pagina 117: 100 registros
  Pagina 118: 100 registros
  Pagina 119: 100 registros
  Pagina 120: 100 registros
  Pagina 121: 100 registros
  Pagina 122: 100 registros
  Pagina 123: 100 registros
  Pagina 124: 100 registros
  Pagina 125: 100 registros
  Pagina 126: 100 registros
  Pagina 127: 100 registros
  Pagina 128: 100 registros
  Pagina 129: 100 registros
  Pagina 130: 100 registros
  Pagina 131: 100 registros
  Pagina 132: 100 registros
  Pagina 133: 100 registros
  Pagina 134: 100 registros
  Pagina 135: 100 registros
  Pagina 136: 100 registros
  Pagina 137: 100 registros
  Pagina 138: 100 registros
  Pagina 139: 100 registros
  Pagina 140: 100 registros
  Pagina 141: 100 registros
  Pagina 142: 100 registros
  Pagina 143: 100 registros
  Pagina 144: 100 registros
  Pagina 145: 100 registros
  Pagina 146: 100 registros
  Pagina 147: 100 registros
  Pagina 148: 100 registros
  Pagina 149: 100 registros
  Pagina 150: 100 registros
  Pagina 151: 100 registros
  Pagina 152: 100 registros
  Pagina 153: 100 registros
  Pagina 154: 100 registros
  Pagina 155: 100 registros
  Pagina 156: 100 registros
  Pagina 157: 100 registros
  Pagina 158: 100 registros
  Pagina 159: 100 registros
  Pagina 160: 100 registros
  Pagina 161: 100 registros
  Pagina 162: 100 registros
  Pagina 163: 100 registros
  Pagina 164: 100 registros
  Pagina 165: 100 registros
  Pagina 166: 100 registros
  Pagina 167: 100 registros
  Pagina 168: 100 registros
  Pagina 169: 100 registros
  Pagina 170: 100 registros
  Pagina 171: 100 registros
  Pagina 172: 100 registros
  Pagina 173: 100 registros
  Pagina 174: 100 registros
  Pagina 175: 100 registros
  Pagina 176: 100 registros
  Pagina 177: 100 registros
  Pagina 178: 100 registros
  Pagina 179: 100 registros
  Pagina 180: 100 registros
  Pagina 181: 100 registros
  Pagina 182: 100 registros
  Pagina 183: 100 registros
  Pagina 184: 100 registros
  Pagina 185: 100 registros
  Pagina 186: 100 registros
  Pagina 187: 100 registros
  Pagina 188: 100 registros
  Pagina 189: 100 registros
  Pagina 190: 100 registros
  Pagina 191: 100 registros
  Pagina 192: 100 registros
  Pagina 193: 100 registros
  Pagina 194: 100 registros
  Pagina 195: 100 registros
  Pagina 196: 100 registros
  Pagina 197: 100 registros
  Pagina 198: 100 registros
  Pagina 199: 100 registros
  Pagina 200: 100 registros
  Pagina 201: 100 registros
  Pagina 202: 100 registros
  Pagina 203: 100 registros
  Pagina 204: 100 registros
  Pagina 205: 100 registros
  Pagina 206: 100 registros
  Pagina 207: 100 registros
  Pagina 208: 100 registros
  Pagina 209: 100 registros
  Pagina 210: 100 registros
  Pagina 211: 100 registros
  Pagina 212: 100 registros
  Pagina 213: 100 registros
  Pagina 214: 100 registros
  Pagina 215: 100 registros
  Pagina 216: 100 registros
  Pagina 217: 100 registros
  Pagina 218: 100 registros
  Pagina 219: 100 registros
  Pagina 220: 100 registros
  Pagina 221: 100 registros
  Pagina 222: 100 registros
  Pagina 223: 100 registros
  Pagina 224: 100 registros
  Pagina 225: 100 registros
  Pagina 226: 100 registros
  Pagina 227: 100 registros
  Pagina 228: 100 registros
  Pagina 229: 100 registros
  Pagina 230: 100 registros
  Pagina 231: 100 registros
  Pagina 232: 100 registros
  Pagina 233: 100 registros
  Pagina 234: 100 registros
  Pagina 235: 6 registros
Total bruto da API: 23406 tarefas
Apos filtro (mes atual em diante): 477 tarefas
Backup salvo em: atividades_datajuri.csv
Carregados 477 registro(s) da API.
Dashboard salvo em: dashboard_prazos.html
Abra esse arquivo no navegador para visualizar.
=== 07/08/2026 10:00 ===
Autenticando na API...
Buscando tarefas (prazos)...
  Pagina 1: 100 registros
  Pagina 2: 100 registros
  Pagina 3: 100 registros
  Pagina 4: 100 registros
  Pagina 5: 100 registros
  Pagina 6: 100 registros
  Pagina 7: 100 registros
  Pagina 8: 100 registros
  Pagina 9: 100 registros
  Pagina 10: 100 registros
  Pagina 11: 100 registros
  Pagina 12: 100 registros
  Pagina 13: 100 registros
  Pagina 14: 100 registros
  Pagina 15: 100 registros
  Pagina 16: 100 registros
  Pagina 17: 100 registros
  Pagina 18: 100 registros
  Pagina 19: 100 registros
  Pagina 20: 100 registros
  Pagina 21: 100 registros
  Pagina 22: 100 registros
  Pagina 23: 100 registros
  Pagina 24: 100 registros
  Pagina 25: 100 registros
  Pagina 26: 100 registros
  Pagina 27: 100 registros
  Pagina 28: 100 registros
  Pagina 29: 100 registros
  Pagina 30: 100 registros
  Pagina 31: 100 registros
  Pagina 32: 100 registros
  Pagina 33: 100 registros
  Pagina 34: 100 registros
  Pagina 35: 100 registros
  Pagina 36: 100 registros
  Pagina 37: 100 registros
  Pagina 38: 100 registros
  Pagina 39: 100 registros
  Pagina 40: 100 registros
  Pagina 41: 100 registros
  Pagina 42: 100 registros
  Pagina 43: 100 registros
  Pagina 44: 100 registros
  Pagina 45: 100 registros
  Pagina 46: 100 registros
  Pagina 47: 100 registros
  Pagina 48: 100 registros
  Pagina 49: 100 registros
  Pagina 50: 100 registros
  Pagina 51: 100 registros
  Pagina 52: 100 registros
  Pagina 53: 100 registros
  Pagina 54: 100 registros
  Pagina 55: 100 registros
  Pagina 56: 100 registros
  Pagina 57: 100 registros
  Pagina 58: 100 registros
  Pagina 59: 100 registros
  Pagina 60: 100 registros
  Pagina 61: 100 registros
  Pagina 62: 100 registros
  Pagina 63: 100 registros
  Pagina 64: 100 registros
  Pagina 65: 100 registros
  Pagina 66: 100 registros
  Pagina 67: 100 registros
  Pagina 68: 100 registros
  Pagina 69: 100 registros
  Pagina 70: 100 registros
  Pagina 71: 100 registros
  Pagina 72: 100 registros
  Pagina 73: 100 registros
  Pagina 74: 100 registros
  Pagina 75: 100 registros
  Pagina 76: 100 registros
  Pagina 77: 100 registros
  Pagina 78: 100 registros
  Pagina 79: 100 registros
  Pagina 80: 100 registros
  Pagina 81: 100 registros
  Pagina 82: 100 registros
  Pagina 83: 100 registros
  Pagina 84: 100 registros
  Pagina 85: 100 registros
  Pagina 86: 100 registros
  Pagina 87: 100 registros
  Pagina 88: 100 registros
  Pagina 89: 100 registros
  Pagina 90: 100 registros
  Pagina 91: 100 registros
  Pagina 92: 100 registros
  Pagina 93: 100 registros
  Pagina 94: 100 registros
  Pagina 95: 100 registros
  Pagina 96: 100 registros
  Pagina 97: 100 registros
  Pagina 98: 100 registros
  Pagina 99: 100 registros
  Pagina 100: 100 registros
  Pagina 101: 100 registros
  Pagina 102: 100 registros
  Pagina 103: 100 registros
  Pagina 104: 100 registros
  Pagina 105: 100 registros
  Pagina 106: 100 registros
  Pagina 107: 100 registros
  Pagina 108: 100 registros
  Pagina 109: 100 registros
  Pagina 110: 100 registros
  Pagina 111: 100 registros
  Pagina 112: 100 registros
  Pagina 113: 100 registros
  Pagina 114: 100 registros
  Pagina 115: 100 registros
  Pagina 116: 100 registros
  Pagina 117: 100 registros
  Pagina 118: 100 registros
  Pagina 119: 100 registros
  Pagina 120: 100 registros
  Pagina 121: 100 registros
  Pagina 122: 100 registros
  Pagina 123: 100 registros
  Pagina 124: 100 registros
  Pagina 125: 100 registros
  Pagina 126: 100 registros
  Pagina 127: 100 registros
  Pagina 128: 100 registros
  Pagina 129: 100 registros
  Pagina 130: 100 registros
  Pagina 131: 100 registros
  Pagina 132: 100 registros
  Pagina 133: 100 registros
  Pagina 134: 100 registros
  Pagina 135: 100 registros
  Pagina 136: 100 registros
  Pagina 137: 100 registros
  Pagina 138: 100 registros
  Pagina 139: 100 registros
  Pagina 140: 100 registros
  Pagina 141: 100 registros
  Pagina 142: 100 registros
  Pagina 143: 100 registros
  Pagina 144: 100 registros
  Pagina 145: 100 registros
  Pagina 146: 100 registros
  Pagina 147: 100 registros
  Pagina 148: 100 registros
  Pagina 149: 100 registros
  Pagina 150: 100 registros
  Pagina 151: 100 registros
  Pagina 152: 100 registros
  Pagina 153: 100 registros
  Pagina 154: 100 registros
  Pagina 155: 100 registros
  Pagina 156: 100 registros
  Pagina 157: 100 registros
  Pagina 158: 100 registros
  Pagina 159: 100 registros
  Pagina 160: 100 registros
  Pagina 161: 100 registros
  Pagina 162: 100 registros
  Pagina 163: 100 registros
  Pagina 164: 100 registros
  Pagina 165: 100 registros
  Pagina 166: 100 registros
  Pagina 167: 100 registros
  Pagina 168: 100 registros
  Pagina 169: 100 registros
  Pagina 170: 100 registros
  Pagina 171: 100 registros
  Pagina 172: 100 registros
  Pagina 173: 100 registros
  Pagina 174: 100 registros
  Pagina 175: 100 registros
  Pagina 176: 100 registros
  Pagina 177: 100 registros
  Pagina 178: 100 registros
  Pagina 179: 100 registros
  Pagina 180: 100 registros
  Pagina 181: 100 registros
  Pagina 182: 100 registros
  Pagina 183: 100 registros
  Pagina 184: 100 registros
  Pagina 185: 100 registros
  Pagina 186: 100 registros
  Pagina 187: 100 registros
  Pagina 188: 100 registros
  Pagina 189: 100 registros
  Pagina 190: 100 registros
  Pagina 191: 100 registros
  Pagina 192: 100 registros
  Pagina 193: 100 registros
  Pagina 194: 100 registros
  Pagina 195: 100 registros
  Pagina 196: 100 registros
  Pagina 197: 100 registros
  Pagina 198: 100 registros
  Pagina 199: 100 registros
  Pagina 200: 100 registros
  Pagina 201: 100 registros
  Pagina 202: 100 registros
  Pagina 203: 100 registros
  Pagina 204: 100 registros
  Pagina 205: 100 registros
  Pagina 206: 100 registros
  Pagina 207: 100 registros
  Pagina 208: 100 registros
  Pagina 209: 100 registros
  Pagina 210: 100 registros
  Pagina 211: 100 registros
  Pagina 212: 100 registros
  Pagina 213: 100 registros
  Pagina 214: 100 registros
  Pagina 215: 100 registros
  Pagina 216: 100 registros
  Pagina 217: 100 registros
  Pagina 218: 100 registros
  Pagina 219: 100 registros
  Pagina 220: 100 registros
  Pagina 221: 100 registros
  Pagina 222: 100 registros
  Pagina 223: 100 registros
  Pagina 224: 100 registros
  Pagina 225: 100 registros
  Pagina 226: 100 registros
  Pagina 227: 100 registros
  Pagina 228: 100 registros
  Pagina 229: 100 registros
  Pagina 230: 100 registros
  Pagina 231: 100 registros
  Pagina 232: 100 registros
  Pagina 233: 100 registros
  Pagina 234: 100 registros
  Pagina 235: 16 registros
Total bruto da API: 23416 tarefas
Apos filtro (mes atual em diante): 488 tarefas
Backup salvo em: atividades_datajuri.csv
Carregados 488 registro(s) da API.
Dashboard salvo em: dashboard_prazos.html
Abra esse arquivo no navegador para visualizar.
=== 07/08/2026 17:00 ===
Autenticando na API...
Buscando tarefas (prazos)...
  Pagina 1: 100 registros
  Pagina 2: 100 registros
  Pagina 3: 100 registros
  Pagina 4: 100 registros
  Pagina 5: 100 registros
  Pagina 6: 100 registros
  Pagina 7: 100 registros
  Pagina 8: 100 registros
  Pagina 9: 100 registros
  Pagina 10: 100 registros
  Pagina 11: 100 registros
  Pagina 12: 100 registros
  Pagina 13: 100 registros
  Pagina 14: 100 registros
  Pagina 15: 100 registros
  Pagina 16: 100 registros
  Pagina 17: 100 registros
  Pagina 18: 100 registros
  Pagina 19: 100 registros
  Pagina 20: 100 registros
  Pagina 21: 100 registros
  Pagina 22: 100 registros
  Pagina 23: 100 registros
  Pagina 24: 100 registros
  Pagina 25: 100 registros
  Pagina 26: 100 registros
  Pagina 27: 100 registros
  Pagina 28: 100 registros
  Pagina 29: 100 registros
  Pagina 30: 100 registros
  Pagina 31: 100 registros
  Pagina 32: 100 registros
  Pagina 33: 100 registros
  Pagina 34: 100 registros
  Pagina 35: 100 registros
  Pagina 36: 100 registros
  Pagina 37: 100 registros
  Pagina 38: 100 registros
  Pagina 39: 100 registros
  Pagina 40: 100 registros
  Pagina 41: 100 registros
  Pagina 42: 100 registros
  Pagina 43: 100 registros
  Pagina 44: 100 registros
  Pagina 45: 100 registros
  Pagina 46: 100 registros
  Pagina 47: 100 registros
  Pagina 48: 100 registros
  Pagina 49: 100 registros
  Pagina 50: 100 registros
  Pagina 51: 100 registros
  Pagina 52: 100 registros
  Pagina 53: 100 registros
  Pagina 54: 100 registros
  Pagina 55: 100 registros
  Pagina 56: 100 registros
  Pagina 57: 100 registros
  Pagina 58: 100 registros
  Pagina 59: 100 registros
  Pagina 60: 100 registros
  Pagina 61: 100 registros
  Pagina 62: 100 registros
  Pagina 63: 100 registros
  Pagina 64: 100 registros
  Pagina 65: 100 registros
  Pagina 66: 100 registros
  Pagina 67: 100 registros
  Pagina 68: 100 registros
  Pagina 69: 100 registros
  Pagina 70: 100 registros
  Pagina 71: 100 registros
  Pagina 72: 100 registros
  Pagina 73: 100 registros
  Pagina 74: 100 registros
  Pagina 75: 100 registros
  Pagina 76: 100 registros
  Pagina 77: 100 registros
  Pagina 78: 100 registros
  Pagina 79: 100 registros
  Pagina 80: 100 registros
  Pagina 81: 100 registros
  Pagina 82: 100 registros
  Pagina 83: 100 registros
  Pagina 84: 100 registros
  Pagina 85: 100 registros
  Pagina 86: 100 registros
  Pagina 87: 100 registros
  Pagina 88: 100 registros
  Pagina 89: 100 registros
  Pagina 90: 100 registros
  Pagina 91: 100 registros
  Pagina 92: 100 registros
  Pagina 93: 100 registros
  Pagina 94: 100 registros
  Pagina 95: 100 registros
  Pagina 96: 100 registros
  Pagina 97: 100 registros
  Pagina 98: 100 registros
  Pagina 99: 100 registros
  Pagina 100: 100 registros
  Pagina 101: 100 registros
  Pagina 102: 100 registros
  Pagina 103: 100 registros
  Pagina 104: 100 registros
  Pagina 105: 100 registros
  Pagina 106: 100 registros
  Pagina 107: 100 registros
  Pagina 108: 100 registros
  Pagina 109: 100 registros
  Pagina 110: 100 registros
  Pagina 111: 100 registros
  Pagina 112: 100 registros
  Pagina 113: 100 registros
  Pagina 114: 100 registros
  Pagina 115: 100 registros
  Pagina 116: 100 registros
  Pagina 117: 100 registros
  Pagina 118: 100 registros
  Pagina 119: 100 registros
  Pagina 120: 100 registros
  Pagina 121: 100 registros
  Pagina 122: 100 registros
  Pagina 123: 100 registros
  Pagina 124: 100 registros
  Pagina 125: 100 registros
  Pagina 126: 100 registros
  Pagina 127: 100 registros
  Pagina 128: 100 registros
  Pagina 129: 100 registros
  Pagina 130: 100 registros
  Pagina 131: 100 registros
  Pagina 132: 100 registros
  Pagina 133: 100 registros
  Pagina 134: 100 registros
  Pagina 135: 100 registros
  Pagina 136: 100 registros
  Pagina 137: 100 registros
  Pagina 138: 100 registros
  Pagina 139: 100 registros
  Pagina 140: 100 registros
  Pagina 141: 100 registros
  Pagina 142: 100 registros
  Pagina 143: 100 registros
  Pagina 144: 100 registros
  Pagina 145: 100 registros
  Pagina 146: 100 registros
  Pagina 147: 100 registros
  Pagina 148: 100 registros
  Pagina 149: 100 registros
  Pagina 150: 100 registros
  Pagina 151: 100 registros
  Pagina 152: 100 registros
  Pagina 153: 100 registros
  Pagina 154: 100 registros
  Pagina 155: 100 registros
  Pagina 156: 100 registros
  Pagina 157: 100 registros
  Pagina 158: 100 registros
  Pagina 159: 100 registros
  Pagina 160: 100 registros
  Pagina 161: 100 registros
  Pagina 162: 100 registros
  Pagina 163: 100 registros
  Pagina 164: 100 registros
  Pagina 165: 100 registros
  Pagina 166: 100 registros
  Pagina 167: 100 registros
  Pagina 168: 100 registros
  Pagina 169: 100 registros
  Pagina 170: 100 registros
  Pagina 171: 100 registros
  Pagina 172: 100 registros
  Pagina 173: 100 registros
  Pagina 174: 100 registros
  Pagina 175: 100 registros
  Pagina 176: 100 registros
  Pagina 177: 100 registros
  Pagina 178: 100 registros
  Pagina 179: 100 registros
  Pagina 180: 100 registros
  Pagina 181: 100 registros
  Pagina 182: 100 registros
  Pagina 183: 100 registros
  Pagina 184: 100 registros
  Pagina 185: 100 registros
  Pagina 186: 100 registros
  Pagina 187: 100 registros
  Pagina 188: 100 registros
  Pagina 189: 100 registros
  Pagina 190: 100 registros
  Pagina 191: 100 registros
  Pagina 192: 100 registros
  Pagina 193: 100 registros
  Pagina 194: 100 registros
  Pagina 195: 100 registros
  Pagina 196: 100 registros
  Pagina 197: 100 registros
  Pagina 198: 100 registros
  Pagina 199: 100 registros
  Pagina 200: 100 registros
  Pagina 201: 100 registros
  Pagina 202: 100 registros
  Pagina 203: 100 registros
  Pagina 204: 100 registros
  Pagina 205: 100 registros
  Pagina 206: 100 registros
  Pagina 207: 100 registros
  Pagina 208: 100 registros
  Pagina 209: 100 registros
  Pagina 210: 100 registros
  Pagina 211: 100 registros
  Pagina 212: 100 registros
  Pagina 213: 100 registros
  Pagina 214: 100 registros
  Pagina 215: 100 registros
  Pagina 216: 100 registros
  Pagina 217: 100 registros
  Pagina 218: 100 registros
  Pagina 219: 100 registros
  Pagina 220: 100 registros
  Pagina 221: 100 registros
  Pagina 222: 100 registros
  Pagina 223: 100 registros
  Pagina 224: 100 registros
  Pagina 225: 100 registros
  Pagina 226: 100 registros
  Pagina 227: 100 registros
  Pagina 228: 100 registros
  Pagina 229: 100 registros
  Pagina 230: 100 registros
  Pagina 231: 100 registros
  Pagina 232: 100 registros
  Pagina 233: 100 registros
  Pagina 234: 100 registros
  Pagina 235: 72 registros
Total bruto da API: 23472 tarefas
Apos filtro (mes atual em diante): 544 tarefas
Backup salvo em: atividades_datajuri.csv
Carregados 544 registro(s) da API.
Dashboard salvo em: dashboard_prazos.html
Abra esse arquivo no navegador para visualizar.
=== 08/08/2026 10:02 ===
Autenticando na API...
Buscando tarefas (prazos)...
  Pagina 1: 100 registros
  Pagina 2: 100 registros
  Pagina 3: 100 registros
  Pagina 4: 100 registros
  Pagina 5: 100 registros
  Pagina 6: 100 registros
  Pagina 7: 100 registros
  Pagina 8: 100 registros
  Pagina 9: 100 registros
  Pagina 10: 100 registros
  Pagina 11: 100 registros
  Pagina 12: 100 registros
  Pagina 13: 100 registros
  Pagina 14: 100 registros
  Pagina 15: 100 registros
  Pagina 16: 100 registros
  Pagina 17: 100 registros
  Pagina 18: 100 registros
  Pagina 19: 100 registros
  Pagina 20: 100 registros
  Pagina 21: 100 registros
  Pagina 22: 100 registros
  Pagina 23: 100 registros
  Pagina 24: 100 registros
  Pagina 25: 100 registros
  Pagina 26: 100 registros
  Pagina 27: 100 registros
  Pagina 28: 100 registros
  Pagina 29: 100 registros
  Pagina 30: 100 registros
  Pagina 31: 100 registros
  Pagina 32: 100 registros
  Pagina 33: 100 registros
  Pagina 34: 100 registros
  Pagina 35: 100 registros
  Pagina 36: 100 registros
  Pagina 37: 100 registros
  Pagina 38: 100 registros
  Pagina 39: 100 registros
  Pagina 40: 100 registros
  Pagina 41: 100 registros
  Pagina 42: 100 registros
  Pagina 43: 100 registros
  Pagina 44: 100 registros
  Pagina 45: 100 registros
  Pagina 46: 100 registros
  Pagina 47: 100 registros
  Pagina 48: 100 registros
  Pagina 49: 100 registros
  Pagina 50: 100 registros
  Pagina 51: 100 registros
  Pagina 52: 100 registros
  Pagina 53: 100 registros
  Pagina 54: 100 registros
  Pagina 55: 100 registros
  Pagina 56: 100 registros
  Pagina 57: 100 registros
  Pagina 58: 100 registros
  Pagina 59: 100 registros
  Pagina 60: 100 registros
  Pagina 61: 100 registros
  Pagina 62: 100 registros
  Pagina 63: 100 registros
  Pagina 64: 100 registros
  Pagina 65: 100 registros
  Pagina 66: 100 registros
  Pagina 67: 100 registros
  Pagina 68: 100 registros
  Pagina 69: 100 registros
  Pagina 70: 100 registros
  Pagina 71: 100 registros
  Pagina 72: 100 registros
  Pagina 73: 100 registros
  Pagina 74: 100 registros
  Pagina 75: 100 registros
  Pagina 76: 100 registros
  Pagina 77: 100 registros
  Pagina 78: 100 registros
  Pagina 79: 100 registros
  Pagina 80: 100 registros
  Pagina 81: 100 registros
  Pagina 82: 100 registros
  Pagina 83: 100 registros
  Pagina 84: 100 registros
  Pagina 85: 100 registros
  Pagina 86: 100 registros
  Pagina 87: 100 registros
  Pagina 88: 100 registros
  Pagina 89: 100 registros
  Pagina 90: 100 registros
  Pagina 91: 100 registros
  Pagina 92: 100 registros
  Pagina 93: 100 registros
  Pagina 94: 100 registros
  Pagina 95: 100 registros
  Pagina 96: 100 registros
  Pagina 97: 100 registros
  Pagina 98: 100 registros
  Pagina 99: 100 registros
  Pagina 100: 100 registros
  Pagina 101: 100 registros
  Pagina 102: 100 registros
  Pagina 103: 100 registros
  Pagina 104: 100 registros
  Pagina 105: 100 registros
  Pagina 106: 100 registros
  Pagina 107: 100 registros
  Pagina 108: 100 registros
  Pagina 109: 100 registros
  Pagina 110: 100 registros
  Pagina 111: 100 registros
  Pagina 112: 100 registros
  Pagina 113: 100 registros
  Pagina 114: 100 registros
  Pagina 115: 100 registros
  Pagina 116: 100 registros
  Pagina 117: 100 registros
  Pagina 118: 100 registros
  Pagina 119: 100 registros
  Pagina 120: 100 registros
  Pagina 121: 100 registros
  Pagina 122: 100 registros
  Pagina 123: 100 registros
  Pagina 124: 100 registros
  Pagina 125: 100 registros
  Pagina 126: 100 registros
  Pagina 127: 100 registros
  Pagina 128: 100 registros
  Pagina 129: 100 registros
  Pagina 130: 100 registros
  Pagina 131: 100 registros
  Pagina 132: 100 registros
  Pagina 133: 100 registros
  Pagina 134: 100 registros
  Pagina 135: 100 registros
  Pagina 136: 100 registros
  Pagina 137: 100 registros
  Pagina 138: 100 registros
  Pagina 139: 100 registros
  Pagina 140: 100 registros
  Pagina 141: 100 registros
  Pagina 142: 100 registros
  Pagina 143: 100 registros
  Pagina 144: 100 registros
  Pagina 145: 100 registros
  Pagina 146: 100 registros
  Pagina 147: 100 registros
  Pagina 148: 100 registros
  Pagina 149: 100 registros
  Pagina 150: 100 registros
  Pagina 151: 100 registros
  Pagina 152: 100 registros
  Pagina 153: 100 registros
  Pagina 154: 100 registros
  Pagina 155: 100 registros
  Pagina 156: 100 registros
  Pagina 157: 100 registros
  Pagina 158: 100 registros
  Pagina 159: 100 registros
  Pagina 160: 100 registros
  Pagina 161: 100 registros
  Pagina 162: 100 registros
  Pagina 163: 100 registros
  Pagina 164: 100 registros
  Pagina 165: 100 registros
  Pagina 166: 100 registros
  Pagina 167: 100 registros
  Pagina 168: 100 registros
  Pagina 169: 100 registros
  Pagina 170: 100 registros
  Pagina 171: 100 registros
  Pagina 172: 100 registros
  Pagina 173: 100 registros
  Pagina 174: 100 registros
  Pagina 175: 100 registros
  Pagina 176: 100 registros
  Pagina 177: 100 registros
  Pagina 178: 100 registros
  Pagina 179: 100 registros
  Pagina 180: 100 registros
  Pagina 181: 100 registros
  Pagina 182: 100 registros
  Pagina 183: 100 registros
  Pagina 184: 100 registros
  Pagina 185: 100 registros
  Pagina 186: 100 registros
  Pagina 187: 100 registros
  Pagina 188: 100 registros
  Pagina 189: 100 registros
  Pagina 190: 100 registros
  Pagina 191: 100 registros
  Pagina 192: 100 registros
  Pagina 193: 100 registros
  Pagina 194: 100 registros
  Pagina 195: 100 registros
  Pagina 196: 100 registros
  Pagina 197: 100 registros
  Pagina 198: 100 registros
  Pagina 199: 100 registros
  Pagina 200: 100 registros
  Pagina 201: 100 registros
  Pagina 202: 100 registros
  Pagina 203: 100 registros
  Pagina 204: 100 registros
  Pagina 205: 100 registros
  Pagina 206: 100 registros
  Pagina 207: 100 registros
  Pagina 208: 100 registros
  Pagina 209: 100 registros
  Pagina 210: 100 registros
  Pagina 211: 100 registros
  Pagina 212: 100 registros
  Pagina 213: 100 registros
  Pagina 214: 100 registros
  Pagina 215: 100 registros
  Pagina 216: 100 registros
  Pagina 217: 100 registros
  Pagina 218: 100 registros
  Pagina 219: 100 registros
  Pagina 220: 100 registros
  Pagina 221: 100 registros
  Pagina 222: 100 registros
  Pagina 223: 100 registros
  Pagina 224: 100 registros
  Pagina 225: 100 registros
  Pagina 226: 100 registros
  Pagina 227: 100 registros
  Pagina 228: 100 registros
  Pagina 229: 100 registros
  Pagina 230: 100 registros
  Pagina 231: 100 registros
  Pagina 232: 100 registros
  Pagina 233: 100 registros
  Pagina 234: 100 registros
  Pagina 235: 84 registros
Total bruto da API: 23484 tarefas
Apos filtro (mes atual em diante): 557 tarefas
Backup salvo em: atividades_datajuri.csv
Carregados 557 registro(s) da API.
Dashboard salvo em: dashboard_prazos.html
Abra esse arquivo no navegador para visualizar.
=== 08/08/2026 17:00 ===
Autenticando na API...
Buscando tarefas (prazos)...
  Pagina 1: 100 registros
  Pagina 2: 100 registros
  Pagina 3: 100 registros
  Pagina 4: 100 registros
  Pagina 5: 100 registros
  Pagina 6: 100 registros
  Pagina 7: 100 registros
  Pagina 8: 100 registros
  Pagina 9: 100 registros
  Pagina 10: 100 registros
  Pagina 11: 100 registros
  Pagina 12: 100 registros
  Pagina 13: 100 registros
  Pagina 14: 100 registros
  Pagina 15: 100 registros
  Pagina 16: 100 registros
  Pagina 17: 100 registros
  Pagina 18: 100 registros
  Pagina 19: 100 registros
  Pagina 20: 100 registros
  Pagina 21: 100 registros
  Pagina 22: 100 registros
  Pagina 23: 100 registros
  Pagina 24: 100 registros
  Pagina 25: 100 registros
  Pagina 26: 100 registros
  Pagina 27: 100 registros
  Pagina 28: 100 registros
  Pagina 29: 100 registros
  Pagina 30: 100 registros
  Pagina 31: 100 registros
  Pagina 32: 100 registros
  Pagina 33: 100 registros
  Pagina 34: 100 registros
  Pagina 35: 100 registros
  Pagina 36: 100 registros
  Pagina 37: 100 registros
  Pagina 38: 100 registros
  Pagina 39: 100 registros
  Pagina 40: 100 registros
  Pagina 41: 100 registros
  Pagina 42: 100 registros
  Pagina 43: 100 registros
  Pagina 44: 100 registros
  Pagina 45: 100 registros
  Pagina 46: 100 registros
  Pagina 47: 100 registros
  Pagina 48: 100 registros
  Pagina 49: 100 registros
  Pagina 50: 100 registros
  Pagina 51: 100 registros
  Pagina 52: 100 registros
  Pagina 53: 100 registros
  Pagina 54: 100 registros
  Pagina 55: 100 registros
  Pagina 56: 100 registros
  Pagina 57: 100 registros
  Pagina 58: 100 registros
  Pagina 59: 100 registros
  Pagina 60: 100 registros
  Pagina 61: 100 registros
  Pagina 62: 100 registros
  Pagina 63: 100 registros
  Pagina 64: 100 registros
  Pagina 65: 100 registros
  Pagina 66: 100 registros
  Pagina 67: 100 registros
  Pagina 68: 100 registros
  Pagina 69: 100 registros
  Pagina 70: 100 registros
  Pagina 71: 100 registros
  Pagina 72: 100 registros
  Pagina 73: 100 registros
  Pagina 74: 100 registros
  Pagina 75: 100 registros
  Pagina 76: 100 registros
  Pagina 77: 100 registros
  Pagina 78: 100 registros
  Pagina 79: 100 registros
  Pagina 80: 100 registros
  Pagina 81: 100 registros
  Pagina 82: 100 registros
  Pagina 83: 100 registros
  Pagina 84: 100 registros
  Pagina 85: 100 registros
  Pagina 86: 100 registros
  Pagina 87: 100 registros
  Pagina 88: 100 registros
  Pagina 89: 100 registros
  Pagina 90: 100 registros
  Pagina 91: 100 registros
  Pagina 92: 100 registros
  Pagina 93: 100 registros
  Pagina 94: 100 registros
  Pagina 95: 100 registros
  Pagina 96: 100 registros
  Pagina 97: 100 registros
  Pagina 98: 100 registros
  Pagina 99: 100 registros
  Pagina 100: 100 registros
  Pagina 101: 100 registros
  Pagina 102: 100 registros
  Pagina 103: 100 registros
  Pagina 104: 100 registros
  Pagina 105: 100 registros
  Pagina 106: 100 registros
  Pagina 107: 100 registros
  Pagina 108: 100 registros
  Pagina 109: 100 registros
  Pagina 110: 100 registros
  Pagina 111: 100 registros
  Pagina 112: 100 registros
  Pagina 113: 100 registros
  Pagina 114: 100 registros
  Pagina 115: 100 registros
  Pagina 116: 100 registros
  Pagina 117: 100 registros
  Pagina 118: 100 registros
  Pagina 119: 100 registros
  Pagina 120: 100 registros
  Pagina 121: 100 registros
  Pagina 122: 100 registros
  Pagina 123: 100 registros
  Pagina 124: 100 registros
  Pagina 125: 100 registros
  Pagina 126: 100 registros
  Pagina 127: 100 registros
  Pagina 128: 100 registros
  Pagina 129: 100 registros
  Pagina 130: 100 registros
  Pagina 131: 100 registros
  Pagina 132: 100 registros
  Pagina 133: 100 registros
  Pagina 134: 100 registros
  Pagina 135: 100 registros
  Pagina 136: 100 registros
  Pagina 137: 100 registros
  Pagina 138: 100 registros
  Pagina 139: 100 registros
  Pagina 140: 100 registros
  Pagina 141: 100 registros
  Pagina 142: 100 registros
  Pagina 143: 100 registros
  Pagina 144: 100 registros
  Pagina 145: 100 registros
  Pagina 146: 100 registros
  Pagina 147: 100 registros
  Pagina 148: 100 registros
  Pagina 149: 100 registros
  Pagina 150: 100 registros
  Pagina 151: 100 registros
  Pagina 152: 100 registros
  Pagina 153: 100 registros
  Pagina 154: 100 registros
  Pagina 155: 100 registros
  Pagina 156: 100 registros
  Pagina 157: 100 registros
  Pagina 158: 100 registros
  Pagina 159: 100 registros
  Pagina 160: 100 registros
  Pagina 161: 100 registros
  Pagina 162: 100 registros
  Pagina 163: 100 registros
  Pagina 164: 100 registros
  Pagina 165: 100 registros
  Pagina 166: 100 registros
  Pagina 167: 100 registros
  Pagina 168: 100 registros
  Pagina 169: 100 registros
  Pagina 170: 100 registros
  Pagina 171: 100 registros
  Pagina 172: 100 registros
  Pagina 173: 100 registros
  Pagina 174: 100 registros
  Pagina 175: 100 registros
  Pagina 176: 100 registros
  Pagina 177: 100 registros
  Pagina 178: 100 registros
  Pagina 179: 100 registros
  Pagina 180: 100 registros
  Pagina 181: 100 registros
  Pagina 182: 100 registros
  Pagina 183: 100 registros
  Pagina 184: 100 registros
  Pagina 185: 100 registros
  Pagina 186: 100 registros
  Pagina 187: 100 registros
  Pagina 188: 100 registros
  Pagina 189: 100 registros
  Pagina 190: 100 registros
  Pagina 191: 100 registros
  Pagina 192: 100 registros
  Pagina 193: 100 registros
  Pagina 194: 100 registros
  Pagina 195: 100 registros
  Pagina 196: 100 registros
  Pagina 197: 100 registros
  Pagina 198: 100 registros
  Pagina 199: 100 registros
  Pagina 200: 100 registros
  Pagina 201: 100 registros
  Pagina 202: 100 registros
  Pagina 203: 100 registros
  Pagina 204: 100 registros
  Pagina 205: 100 registros
  Pagina 206: 100 registros
  Pagina 207: 100 registros
  Pagina 208: 100 registros
  Pagina 209: 100 registros
  Pagina 210: 100 registros
  Pagina 211: 100 registros
  Pagina 212: 100 registros
  Pagina 213: 100 registros
  Pagina 214: 100 registros
  Pagina 215: 100 registros
  Pagina 216: 100 registros
  Pagina 217: 100 registros
  Pagina 218: 100 registros
  Pagina 219: 100 registros
  Pagina 220: 100 registros
  Pagina 221: 100 registros
  Pagina 222: 100 registros
  Pagina 223: 100 registros
  Pagina 224: 100 registros
  Pagina 225: 100 registros
  Pagina 226: 100 registros
  Pagina 227: 100 registros
  Pagina 228: 100 registros
  Pagina 229: 100 registros
  Pagina 230: 100 registros
  Pagina 231: 100 registros
  Pagina 232: 100 registros
  Pagina 233: 100 registros
  Pagina 234: 100 registros
  Pagina 235: 84 registros
Total bruto da API: 23484 tarefas
Apos filtro (mes atual em diante): 557 tarefas
Backup salvo em: atividades_datajuri.csv
Carregados 557 registro(s) da API.
Dashboard salvo em: dashboard_prazos.html
Abra esse arquivo no navegador para visualizar.
=== 09/08/2026 10:02 ===
Autenticando na API...
Buscando tarefas (prazos)...
  Pagina 1: 100 registros
  Pagina 2: 100 registros
  Pagina 3: 100 registros
  Pagina 4: 100 registros
  Pagina 5: 100 registros
  Pagina 6: 100 registros
  Pagina 7: 100 registros
  Pagina 8: 100 registros
  Pagina 9: 100 registros
  Pagina 10: 100 registros
  Pagina 11: 100 registros
  Pagina 12: 100 registros
  Pagina 13: 100 registros
  Pagina 14: 100 registros
  Pagina 15: 100 registros
  Pagina 16: 100 registros
  Pagina 17: 100 registros
  Pagina 18: 100 registros
  Pagina 19: 100 registros
  Pagina 20: 100 registros
  Pagina 21: 100 registros
  Pagina 22: 100 registros
  Pagina 23: 100 registros
  Pagina 24: 100 registros
  Pagina 25: 100 registros
  Pagina 26: 100 registros
  Pagina 27: 100 registros
  Pagina 28: 100 registros
  Pagina 29: 100 registros
  Pagina 30: 100 registros
  Pagina 31: 100 registros
  Pagina 32: 100 registros
  Pagina 33: 100 registros
  Pagina 34: 100 registros
  Pagina 35: 100 registros
  Pagina 36: 100 registros
  Pagina 37: 100 registros
  Pagina 38: 100 registros
  Pagina 39: 100 registros
  Pagina 40: 100 registros
  Pagina 41: 100 registros
  Pagina 42: 100 registros
  Pagina 43: 100 registros
  Pagina 44: 100 registros
  Pagina 45: 100 registros
  Pagina 46: 100 registros
  Pagina 47: 100 registros
  Pagina 48: 100 registros
  Pagina 49: 100 registros
  Pagina 50: 100 registros
  Pagina 51: 100 registros
  Pagina 52: 100 registros
  Pagina 53: 100 registros
  Pagina 54: 100 registros
  Pagina 55: 100 registros
  Pagina 56: 100 registros
  Pagina 57: 100 registros
  Pagina 58: 100 registros
  Pagina 59: 100 registros
  Pagina 60: 100 registros
  Pagina 61: 100 registros
  Pagina 62: 100 registros
  Pagina 63: 100 registros
  Pagina 64: 100 registros
  Pagina 65: 100 registros
  Pagina 66: 100 registros
  Pagina 67: 100 registros
  Pagina 68: 100 registros
  Pagina 69: 100 registros
  Pagina 70: 100 registros
  Pagina 71: 100 registros
  Pagina 72: 100 registros
  Pagina 73: 100 registros
  Pagina 74: 100 registros
  Pagina 75: 100 registros
  Pagina 76: 100 registros
  Pagina 77: 100 registros
  Pagina 78: 100 registros
  Pagina 79: 100 registros
  Pagina 80: 100 registros
  Pagina 81: 100 registros
  Pagina 82: 100 registros
  Pagina 83: 100 registros
  Pagina 84: 100 registros
  Pagina 85: 100 registros
  Pagina 86: 100 registros
  Pagina 87: 100 registros
  Pagina 88: 100 registros
  Pagina 89: 100 registros
  Pagina 90: 100 registros
  Pagina 91: 100 registros
  Pagina 92: 100 registros
  Pagina 93: 100 registros
  Pagina 94: 100 registros
  Pagina 95: 100 registros
  Pagina 96: 100 registros
  Pagina 97: 100 registros
  Pagina 98: 100 registros
  Pagina 99: 100 registros
  Pagina 100: 100 registros
  Pagina 101: 100 registros
  Pagina 102: 100 registros
  Pagina 103: 100 registros
  Pagina 104: 100 registros
  Pagina 105: 100 registros
  Pagina 106: 100 registros
  Pagina 107: 100 registros
  Pagina 108: 100 registros
  Pagina 109: 100 registros
  Pagina 110: 100 registros
  Pagina 111: 100 registros
  Pagina 112: 100 registros
  Pagina 113: 100 registros
  Pagina 114: 100 registros
  Pagina 115: 100 registros
  Pagina 116: 100 registros
  Pagina 117: 100 registros
  Pagina 118: 100 registros
  Pagina 119: 100 registros
  Pagina 120: 100 registros
  Pagina 121: 100 registros
  Pagina 122: 100 registros
  Pagina 123: 100 registros
  Pagina 124: 100 registros
  Pagina 125: 100 registros
  Pagina 126: 100 registros
  Pagina 127: 100 registros
  Pagina 128: 100 registros
  Pagina 129: 100 registros
  Pagina 130: 100 registros
  Pagina 131: 100 registros
  Pagina 132: 100 registros
  Pagina 133: 100 registros
  Pagina 134: 100 registros
  Pagina 135: 100 registros
  Pagina 136: 100 registros
  Pagina 137: 100 registros
  Pagina 138: 100 registros
  Pagina 139: 100 registros
  Pagina 140: 100 registros
  Pagina 141: 100 registros
  Pagina 142: 100 registros
  Pagina 143: 100 registros
  Pagina 144: 100 registros
  Pagina 145: 100 registros
  Pagina 146: 100 registros
  Pagina 147: 100 registros
  Pagina 148: 100 registros
  Pagina 149: 100 registros
  Pagina 150: 100 registros
  Pagina 151: 100 registros
  Pagina 152: 100 registros
  Pagina 153: 100 registros
  Pagina 154: 100 registros
  Pagina 155: 100 registros
  Pagina 156: 100 registros
  Pagina 157: 100 registros
  Pagina 158: 100 registros
  Pagina 159: 100 registros
  Pagina 160: 100 registros
  Pagina 161: 100 registros
  Pagina 162: 100 registros
  Pagina 163: 100 registros
  Pagina 164: 100 registros
  Pagina 165: 100 registros
  Pagina 166: 100 registros
  Pagina 167: 100 registros
  Pagina 168: 100 registros
  Pagina 169: 100 registros
  Pagina 170: 100 registros
  Pagina 171: 100 registros
  Pagina 172: 100 registros
  Pagina 173: 100 registros
  Pagina 174: 100 registros
  Pagina 175: 100 registros
  Pagina 176: 100 registros
  Pagina 177: 100 registros
  Pagina 178: 100 registros
  Pagina 179: 100 registros
  Pagina 180: 100 registros
  Pagina 181: 100 registros
  Pagina 182: 100 registros
  Pagina 183: 100 registros
  Pagina 184: 100 registros
  Pagina 185: 100 registros
  Pagina 186: 100 registros
  Pagina 187: 100 registros
  Pagina 188: 100 registros
  Pagina 189: 100 registros
  Pagina 190: 100 registros
  Pagina 191: 100 registros
  Pagina 192: 100 registros
  Pagina 193: 100 registros
  Pagina 194: 100 registros
  Pagina 195: 100 registros
  Pagina 196: 100 registros
  Pagina 197: 100 registros
  Pagina 198: 100 registros
  Pagina 199: 100 registros
  Pagina 200: 100 registros
  Pagina 201: 100 registros
  Pagina 202: 100 registros
  Pagina 203: 100 registros
  Pagina 204: 100 registros
  Pagina 205: 100 registros
  Pagina 206: 100 registros
  Pagina 207: 100 registros
  Pagina 208: 100 registros
  Pagina 209: 100 registros
  Pagina 210: 100 registros
  Pagina 211: 100 registros
  Pagina 212: 100 registros
  Pagina 213: 100 registros
  Pagina 214: 100 registros
  Pagina 215: 100 registros
  Pagina 216: 100 registros
  Pagina 217: 100 registros
  Pagina 218: 100 registros
  Pagina 219: 100 registros
  Pagina 220: 100 registros
  Pagina 221: 100 registros
  Pagina 222: 100 registros
  Pagina 223: 100 registros
  Pagina 224: 100 registros
  Pagina 225: 100 registros
  Pagina 226: 100 registros
  Pagina 227: 100 registros
  Pagina 228: 100 registros
  Pagina 229: 100 registros
  Pagina 230: 100 registros
  Pagina 231: 100 registros
  Pagina 232: 100 registros
  Pagina 233: 100 registros
  Pagina 234: 100 registros
  Pagina 235: 84 registros
Total bruto da API: 23484 tarefas
Apos filtro (mes atual em diante): 557 tarefas
Backup salvo em: atividades_datajuri.csv
Carregados 557 registro(s) da API.
Dashboard salvo em: dashboard_prazos.html
Abra esse arquivo no navegador para visualizar.
=== 09/08/2026 17:00 ===
Autenticando na API...
Buscando tarefas (prazos)...
  Pagina 1: 100 registros
  Pagina 2: 100 registros
  Pagina 3: 100 registros
  Pagina 4: 100 registros
  Pagina 5: 100 registros
  Pagina 6: 100 registros
  Pagina 7: 100 registros
  Pagina 8: 100 registros
  Pagina 9: 100 registros
  Pagina 10: 100 registros
  Pagina 11: 100 registros
  Pagina 12: 100 registros
  Pagina 13: 100 registros
  Pagina 14: 100 registros
  Pagina 15: 100 registros
  Pagina 16: 100 registros
  Pagina 17: 100 registros
  Pagina 18: 100 registros
  Pagina 19: 100 registros
  Pagina 20: 100 registros
  Pagina 21: 100 registros
  Pagina 22: 100 registros
  Pagina 23: 100 registros
  Pagina 24: 100 registros
  Pagina 25: 100 registros
  Pagina 26: 100 registros
  Pagina 27: 100 registros
  Pagina 28: 100 registros
  Pagina 29: 100 registros
  Pagina 30: 100 registros
  Pagina 31: 100 registros
  Pagina 32: 100 registros
  Pagina 33: 100 registros
  Pagina 34: 100 registros
  Pagina 35: 100 registros
  Pagina 36: 100 registros
  Pagina 37: 100 registros
  Pagina 38: 100 registros
  Pagina 39: 100 registros
  Pagina 40: 100 registros
  Pagina 41: 100 registros
  Pagina 42: 100 registros
  Pagina 43: 100 registros
  Pagina 44: 100 registros
  Pagina 45: 100 registros
  Pagina 46: 100 registros
  Pagina 47: 100 registros
  Pagina 48: 100 registros
  Pagina 49: 100 registros
  Pagina 50: 100 registros
  Pagina 51: 100 registros
  Pagina 52: 100 registros
  Pagina 53: 100 registros
  Pagina 54: 100 registros
  Pagina 55: 100 registros
  Pagina 56: 100 registros
  Pagina 57: 100 registros
  Pagina 58: 100 registros
  Pagina 59: 100 registros
  Pagina 60: 100 registros
  Pagina 61: 100 registros
  Pagina 62: 100 registros
  Pagina 63: 100 registros
  Pagina 64: 100 registros
  Pagina 65: 100 registros
  Pagina 66: 100 registros
  Pagina 67: 100 registros
  Pagina 68: 100 registros
  Pagina 69: 100 registros
  Pagina 70: 100 registros
  Pagina 71: 100 registros
  Pagina 72: 100 registros
  Pagina 73: 100 registros
  Pagina 74: 100 registros
  Pagina 75: 100 registros
  Pagina 76: 100 registros
  Pagina 77: 100 registros
  Pagina 78: 100 registros
  Pagina 79: 100 registros
  Pagina 80: 100 registros
  Pagina 81: 100 registros
  Pagina 82: 100 registros
  Pagina 83: 100 registros
  Pagina 84: 100 registros
  Pagina 85: 100 registros
  Pagina 86: 100 registros
  Pagina 87: 100 registros
  Pagina 88: 100 registros
  Pagina 89: 100 registros
  Pagina 90: 100 registros
  Pagina 91: 100 registros
  Pagina 92: 100 registros
  Pagina 93: 100 registros
  Pagina 94: 100 registros
  Pagina 95: 100 registros
  Pagina 96: 100 registros
  Pagina 97: 100 registros
  Pagina 98: 100 registros
  Pagina 99: 100 registros
  Pagina 100: 100 registros
  Pagina 101: 100 registros
  Pagina 102: 100 registros
  Pagina 103: 100 registros
  Pagina 104: 100 registros
  Pagina 105: 100 registros
  Pagina 106: 100 registros
  Pagina 107: 100 registros
  Pagina 108: 100 registros
  Pagina 109: 100 registros
  Pagina 110: 100 registros
  Pagina 111: 100 registros
  Pagina 112: 100 registros
  Pagina 113: 100 registros
  Pagina 114: 100 registros
  Pagina 115: 100 registros
  Pagina 116: 100 registros
  Pagina 117: 100 registros
  Pagina 118: 100 registros
  Pagina 119: 100 registros
  Pagina 120: 100 registros
  Pagina 121: 100 registros
  Pagina 122: 100 registros
  Pagina 123: 100 registros
  Pagina 124: 100 registros
  Pagina 125: 100 registros
  Pagina 126: 100 registros
  Pagina 127: 100 registros
  Pagina 128: 100 registros
  Pagina 129: 100 registros
  Pagina 130: 100 registros
  Pagina 131: 100 registros
  Pagina 132: 100 registros
  Pagina 133: 100 registros
  Pagina 134: 100 registros
  Pagina 135: 100 registros
  Pagina 136: 100 registros
  Pagina 137: 100 registros
  Pagina 138: 100 registros
  Pagina 139: 100 registros
  Pagina 140: 100 registros
  Pagina 141: 100 registros
  Pagina 142: 100 registros
  Pagina 143: 100 registros
  Pagina 144: 100 registros
  Pagina 145: 100 registros
  Pagina 146: 100 registros
  Pagina 147: 100 registros
  Pagina 148: 100 registros
  Pagina 149: 100 registros
  Pagina 150: 100 registros
  Pagina 151: 100 registros
  Pagina 152: 100 registros
  Pagina 153: 100 registros
  Pagina 154: 100 registros
  Pagina 155: 100 registros
  Pagina 156: 100 registros
  Pagina 157: 100 registros
  Pagina 158: 100 registros
  Pagina 159: 100 registros
  Pagina 160: 100 registros
  Pagina 161: 100 registros
  Pagina 162: 100 registros
  Pagina 163: 100 registros
  Pagina 164: 100 registros
  Pagina 165: 100 registros
  Pagina 166: 100 registros
  Pagina 167: 100 registros
  Pagina 168: 100 registros
  Pagina 169: 100 registros
  Pagina 170: 100 registros
  Pagina 171: 100 registros
  Pagina 172: 100 registros
  Pagina 173: 100 registros
  Pagina 174: 100 registros
  Pagina 175: 100 registros
  Pagina 176: 100 registros
  Pagina 177: 100 registros
  Pagina 178: 100 registros
  Pagina 179: 100 registros
  Pagina 180: 100 registros
  Pagina 181: 100 registros
  Pagina 182: 100 registros
  Pagina 183: 100 registros
  Pagina 184: 100 registros
  Pagina 185: 100 registros
  Pagina 186: 100 registros
  Pagina 187: 100 registros
  Pagina 188: 100 registros
  Pagina 189: 100 registros
  Pagina 190: 100 registros
  Pagina 191: 100 registros
  Pagina 192: 100 registros
  Pagina 193: 100 registros
  Pagina 194: 100 registros
  Pagina 195: 100 registros
  Pagina 196: 100 registros
  Pagina 197: 100 registros
  Pagina 198: 100 registros
  Pagina 199: 100 registros
  Pagina 200: 100 registros
  Pagina 201: 100 registros
  Pagina 202: 100 registros
  Pagina 203: 100 registros
  Pagina 204: 100 registros
  Pagina 205: 100 registros
  Pagina 206: 100 registros
  Pagina 207: 100 registros
  Pagina 208: 100 registros
  Pagina 209: 100 registros
  Pagina 210: 100 registros
  Pagina 211: 100 registros
  Pagina 212: 100 registros
  Pagina 213: 100 registros
  Pagina 214: 100 registros
  Pagina 215: 100 registros
  Pagina 216: 100 registros
  Pagina 217: 100 registros
  Pagina 218: 100 registros
  Pagina 219: 100 registros
  Pagina 220: 100 registros
  Pagina 221: 100 registros
  Pagina 222: 100 registros
  Pagina 223: 100 registros
  Pagina 224: 100 registros
  Pagina 225: 100 registros
  Pagina 226: 100 registros
  Pagina 227: 100 registros
  Pagina 228: 100 registros
  Pagina 229: 100 registros
  Pagina 230: 100 registros
  Pagina 231: 100 registros
  Pagina 232: 100 registros
  Pagina 233: 100 registros
  Pagina 234: 100 registros
  Pagina 235: 84 registros
Total bruto da API: 23484 tarefas
Apos filtro (mes atual em diante): 557 tarefas
Backup salvo em: atividades_datajuri.csv
Carregados 557 registro(s) da API.
Dashboard salvo em: dashboard_prazos.html
Abra esse arquivo no navegador para visualizar.
=== 10/08/2026 10:00 ===
Autenticando na API...
Buscando tarefas (prazos)...
  Pagina 1: 100 registros
  Pagina 2: 100 registros
  Pagina 3: 100 registros
  Pagina 4: 100 registros
  Pagina 5: 100 registros
  Pagina 6: 100 registros
  Pagina 7: 100 registros
  Pagina 8: 100 registros
  Pagina 9: 100 registros
  Pagina 10: 100 registros
  Pagina 11: 100 registros
  Pagina 12: 100 registros
  Pagina 13: 100 registros
  Pagina 14: 100 registros
  Pagina 15: 100 registros
  Pagina 16: 100 registros
  Pagina 17: 100 registros
  Pagina 18: 100 registros
  Pagina 19: 100 registros
  Pagina 20: 100 registros
  Pagina 21: 100 registros
  Pagina 22: 100 registros
  Pagina 23: 100 registros
  Pagina 24: 100 registros
  Pagina 25: 100 registros
  Pagina 26: 100 registros
  Pagina 27: 100 registros
  Pagina 28: 100 registros
  Pagina 29: 100 registros
  Pagina 30: 100 registros
  Pagina 31: 100 registros
  Pagina 32: 100 registros
  Pagina 33: 100 registros
  Pagina 34: 100 registros
  Pagina 35: 100 registros
  Pagina 36: 100 registros
  Pagina 37: 100 registros
  Pagina 38: 100 registros
  Pagina 39: 100 registros
  Pagina 40: 100 registros
  Pagina 41: 100 registros
  Pagina 42: 100 registros
  Pagina 43: 100 registros
  Pagina 44: 100 registros
  Pagina 45: 100 registros
  Pagina 46: 100 registros
  Pagina 47: 100 registros
  Pagina 48: 100 registros
  Pagina 49: 100 registros
  Pagina 50: 100 registros
  Pagina 51: 100 registros
  Pagina 52: 100 registros
  Pagina 53: 100 registros
  Pagina 54: 100 registros
  Pagina 55: 100 registros
  Pagina 56: 100 registros
  Pagina 57: 100 registros
  Pagina 58: 100 registros
  Pagina 59: 100 registros
  Pagina 60: 100 registros
  Pagina 61: 100 registros
  Pagina 62: 100 registros
  Pagina 63: 100 registros
  Pagina 64: 100 registros
  Pagina 65: 100 registros
  Pagina 66: 100 registros
  Pagina 67: 100 registros
  Pagina 68: 100 registros
  Pagina 69: 100 registros
  Pagina 70: 100 registros
  Pagina 71: 100 registros
  Pagina 72: 100 registros
  Pagina 73: 100 registros
  Pagina 74: 100 registros
  Pagina 75: 100 registros
  Pagina 76: 100 registros
  Pagina 77: 100 registros
  Pagina 78: 100 registros
  Pagina 79: 100 registros
  Pagina 80: 100 registros
  Pagina 81: 100 registros
  Pagina 82: 100 registros
  Pagina 83: 100 registros
  Pagina 84: 100 registros
  Pagina 85: 100 registros
  Pagina 86: 100 registros
  Pagina 87: 100 registros
  Pagina 88: 100 registros
  Pagina 89: 100 registros
  Pagina 90: 100 registros
  Pagina 91: 100 registros
  Pagina 92: 100 registros
  Pagina 93: 100 registros
  Pagina 94: 100 registros
  Pagina 95: 100 registros
  Pagina 96: 100 registros
  Pagina 97: 100 registros
  Pagina 98: 100 registros
  Pagina 99: 100 registros
  Pagina 100: 100 registros
  Pagina 101: 100 registros
  Pagina 102: 100 registros
  Pagina 103: 100 registros
  Pagina 104: 100 registros
  Pagina 105: 100 registros
  Pagina 106: 100 registros
  Pagina 107: 100 registros
  Pagina 108: 100 registros
  Pagina 109: 100 registros
  Pagina 110: 100 registros
  Pagina 111: 100 registros
  Pagina 112: 100 registros
  Pagina 113: 100 registros
  Pagina 114: 100 registros
  Pagina 115: 100 registros
  Pagina 116: 100 registros
  Pagina 117: 100 registros
  Pagina 118: 100 registros
  Pagina 119: 100 registros
  Pagina 120: 100 registros
  Pagina 121: 100 registros
  Pagina 122: 100 registros
  Pagina 123: 100 registros
  Pagina 124: 100 registros
  Pagina 125: 100 registros
  Pagina 126: 100 registros
  Pagina 127: 100 registros
  Pagina 128: 100 registros
  Pagina 129: 100 registros
  Pagina 130: 100 registros
  Pagina 131: 100 registros
  Pagina 132: 100 registros
  Pagina 133: 100 registros
  Pagina 134: 100 registros
  Pagina 135: 100 registros
  Pagina 136: 100 registros
  Pagina 137: 100 registros
  Pagina 138: 100 registros
  Pagina 139: 100 registros
  Pagina 140: 100 registros
  Pagina 141: 100 registros
  Pagina 142: 100 registros
  Pagina 143: 100 registros
  Pagina 144: 100 registros
  Pagina 145: 100 registros
  Pagina 146: 100 registros
  Pagina 147: 100 registros
  Pagina 148: 100 registros
  Pagina 149: 100 registros
  Pagina 150: 100 registros
  Pagina 151: 100 registros
  Pagina 152: 100 registros
  Pagina 153: 100 registros
  Pagina 154: 100 registros
  Pagina 155: 100 registros
  Pagina 156: 100 registros
  Pagina 157: 100 registros
  Pagina 158: 100 registros
  Pagina 159: 100 registros
  Pagina 160: 100 registros
  Pagina 161: 100 registros
  Pagina 162: 100 registros
  Pagina 163: 100 registros
  Pagina 164: 100 registros
  Pagina 165: 100 registros
  Pagina 166: 100 registros
  Pagina 167: 100 registros
  Pagina 168: 100 registros
  Pagina 169: 100 registros
  Pagina 170: 100 registros
  Pagina 171: 100 registros
  Pagina 172: 100 registros
  Pagina 173: 100 registros
  Pagina 174: 100 registros
  Pagina 175: 100 registros
  Pagina 176: 100 registros
  Pagina 177: 100 registros
  Pagina 178: 100 registros
  Pagina 179: 100 registros
  Pagina 180: 100 registros
  Pagina 181: 100 registros
  Pagina 182: 100 registros
  Pagina 183: 100 registros
  Pagina 184: 100 registros
  Pagina 185: 100 registros
  Pagina 186: 100 registros
  Pagina 187: 100 registros
  Pagina 188: 100 registros
  Pagina 189: 100 registros
  Pagina 190: 100 registros
  Pagina 191: 100 registros
  Pagina 192: 100 registros
  Pagina 193: 100 registros
  Pagina 194: 100 registros
  Pagina 195: 100 registros
  Pagina 196: 100 registros
  Pagina 197: 100 registros
  Pagina 198: 100 registros
  Pagina 199: 100 registros
  Pagina 200: 100 registros
  Pagina 201: 100 registros
  Pagina 202: 100 registros
  Pagina 203: 100 registros
  Pagina 204: 100 registros
  Pagina 205: 100 registros
  Pagina 206: 100 registros
  Pagina 207: 100 registros
  Pagina 208: 100 registros
  Pagina 209: 100 registros
  Pagina 210: 100 registros
  Pagina 211: 100 registros
  Pagina 212: 100 registros
  Pagina 213: 100 registros
  Pagina 214: 100 registros
  Pagina 215: 100 registros
  Pagina 216: 100 registros
  Pagina 217: 100 registros
  Pagina 218: 100 registros
  Pagina 219: 100 registros
  Pagina 220: 100 registros
  Pagina 221: 100 registros
  Pagina 222: 100 registros
  Pagina 223: 100 registros
  Pagina 224: 100 registros
  Pagina 225: 100 registros
  Pagina 226: 100 registros
  Pagina 227: 100 registros
  Pagina 228: 100 registros
  Pagina 229: 100 registros
  Pagina 230: 100 registros
  Pagina 231: 100 registros
  Pagina 232: 100 registros
  Pagina 233: 100 registros
  Pagina 234: 100 registros
  Pagina 235: 84 registros
Total bruto da API: 23484 tarefas
Apos filtro (mes atual em diante): 558 tarefas
Backup salvo em: atividades_datajuri.csv
Carregados 558 registro(s) da API.
Dashboard salvo em: dashboard_prazos.html
Abra esse arquivo no navegador para visualizar.
=== 10/08/2026 17:01 ===
Autenticando na API...
Buscando tarefas (prazos)...
  Pagina 1: 100 registros
  Pagina 2: 100 registros
  Pagina 3: 100 registros
  Pagina 4: 100 registros
  Pagina 5: 100 registros
  Pagina 6: 100 registros
  Pagina 7: 100 registros
  Pagina 8: 100 registros
  Pagina 9: 100 registros
  Pagina 10: 100 registros
  Pagina 11: 100 registros
  Pagina 12: 100 registros
  Pagina 13: 100 registros
  Pagina 14: 100 registros
  Pagina 15: 100 registros
  Pagina 16: 100 registros
  Pagina 17: 100 registros
  Pagina 18: 100 registros
  Pagina 19: 100 registros
  Pagina 20: 100 registros
  Pagina 21: 100 registros
  Pagina 22: 100 registros
  Pagina 23: 100 registros
  Pagina 24: 100 registros
  Pagina 25: 100 registros
  Pagina 26: 100 registros
  Pagina 27: 100 registros
  Pagina 28: 100 registros
  Pagina 29: 100 registros
  Pagina 30: 100 registros
  Pagina 31: 100 registros
  Pagina 32: 100 registros
  Pagina 33: 100 registros
  Pagina 34: 100 registros
  Pagina 35: 100 registros
  Pagina 36: 100 registros
  Pagina 37: 100 registros
  Pagina 38: 100 registros
  Pagina 39: 100 registros
  Pagina 40: 100 registros
  Pagina 41: 100 registros
  Pagina 42: 100 registros
  Pagina 43: 100 registros
  Pagina 44: 100 registros
  Pagina 45: 100 registros
  Pagina 46: 100 registros
  Pagina 47: 100 registros
  Pagina 48: 100 registros
  Pagina 49: 100 registros
  Pagina 50: 100 registros
  Pagina 51: 100 registros
  Pagina 52: 100 registros
  Pagina 53: 100 registros
  Pagina 54: 100 registros
  Pagina 55: 100 registros
  Pagina 56: 100 registros
  Pagina 57: 100 registros
  Pagina 58: 100 registros
  Pagina 59: 100 registros
  Pagina 60: 100 registros
  Pagina 61: 100 registros
  Pagina 62: 100 registros
  Pagina 63: 100 registros
  Pagina 64: 100 registros
  Pagina 65: 100 registros
  Pagina 66: 100 registros
  Pagina 67: 100 registros
  Pagina 68: 100 registros
  Pagina 69: 100 registros
  Pagina 70: 100 registros
  Pagina 71: 100 registros
  Pagina 72: 100 registros
  Pagina 73: 100 registros
  Pagina 74: 100 registros
  Pagina 75: 100 registros
  Pagina 76: 100 registros
  Pagina 77: 100 registros
  Pagina 78: 100 registros
  Pagina 79: 100 registros
  Pagina 80: 100 registros
  Pagina 81: 100 registros
  Pagina 82: 100 registros
  Pagina 83: 100 registros
  Pagina 84: 100 registros
  Pagina 85: 100 registros
  Pagina 86: 100 registros
  Pagina 87: 100 registros
  Pagina 88: 100 registros
  Pagina 89: 100 registros
  Pagina 90: 100 registros
  Pagina 91: 100 registros
  Pagina 92: 100 registros
  Pagina 93: 100 registros
  Pagina 94: 100 registros
  Pagina 95: 100 registros
  Pagina 96: 100 registros
  Pagina 97: 100 registros
  Pagina 98: 100 registros
  Pagina 99: 100 registros
  Pagina 100: 100 registros
  Pagina 101: 100 registros
  Pagina 102: 100 registros
  Pagina 103: 100 registros
  Pagina 104: 100 registros
  Pagina 105: 100 registros
  Pagina 106: 100 registros
  Pagina 107: 100 registros
  Pagina 108: 100 registros
  Pagina 109: 100 registros
  Pagina 110: 100 registros
  Pagina 111: 100 registros
  Pagina 112: 100 registros
  Pagina 113: 100 registros
  Pagina 114: 100 registros
  Pagina 115: 100 registros
  Pagina 116: 100 registros
  Pagina 117: 100 registros
  Pagina 118: 100 registros
  Pagina 119: 100 registros
  Pagina 120: 100 registros
  Pagina 121: 100 registros
  Pagina 122: 100 registros
  Pagina 123: 100 registros
  Pagina 124: 100 registros
  Pagina 125: 100 registros
  Pagina 126: 100 registros
  Pagina 127: 100 registros
  Pagina 128: 100 registros
  Pagina 129: 100 registros
  Pagina 130: 100 registros
  Pagina 131: 100 registros
  Pagina 132: 100 registros
  Pagina 133: 100 registros
  Pagina 134: 100 registros
  Pagina 135: 100 registros
  Pagina 136: 100 registros
  Pagina 137: 100 registros
  Pagina 138: 100 registros
  Pagina 139: 100 registros
  Pagina 140: 100 registros
  Pagina 141: 100 registros
  Pagina 142: 100 registros
  Pagina 143: 100 registros
  Pagina 144: 100 registros
  Pagina 145: 100 registros
  Pagina 146: 100 registros
  Pagina 147: 100 registros
  Pagina 148: 100 registros
  Pagina 149: 100 registros
  Pagina 150: 100 registros
  Pagina 151: 100 registros
  Pagina 152: 100 registros
  Pagina 153: 100 registros
  Pagina 154: 100 registros
  Pagina 155: 100 registros
  Pagina 156: 100 registros
  Pagina 157: 100 registros
  Pagina 158: 100 registros
  Pagina 159: 100 registros
  Pagina 160: 100 registros
  Pagina 161: 100 registros
  Pagina 162: 100 registros
  Pagina 163: 100 registros
  Pagina 164: 100 registros
  Pagina 165: 100 registros
  Pagina 166: 100 registros
  Pagina 167: 100 registros
  Pagina 168: 100 registros
  Pagina 169: 100 registros
  Pagina 170: 100 registros
  Pagina 171: 100 registros
  Pagina 172: 100 registros
  Pagina 173: 100 registros
  Pagina 174: 100 registros
  Pagina 175: 100 registros
  Pagina 176: 100 registros
  Pagina 177: 100 registros
  Pagina 178: 100 registros
  Pagina 179: 100 registros
  Pagina 180: 100 registros
  Pagina 181: 100 registros
  Pagina 182: 100 registros
  Pagina 183: 100 registros
  Pagina 184: 100 registros
  Pagina 185: 100 registros
  Pagina 186: 100 registros
  Pagina 187: 100 registros
  Pagina 188: 100 registros
  Pagina 189: 100 registros
  Pagina 190: 100 registros
  Pagina 191: 100 registros
  Pagina 192: 100 registros
  Pagina 193: 100 registros
  Pagina 194: 100 registros
  Pagina 195: 100 registros
  Pagina 196: 100 registros
  Pagina 197: 100 registros
  Pagina 198: 100 registros
  Pagina 199: 100 registros
  Pagina 200: 100 registros
  Pagina 201: 100 registros
  Pagina 202: 100 registros
  Pagina 203: 100 registros
  Pagina 204: 100 registros
  Pagina 205: 100 registros
  Pagina 206: 100 registros
  Pagina 207: 100 registros
  Pagina 208: 100 registros
  Pagina 209: 100 registros
  Pagina 210: 100 registros
  Pagina 211: 100 registros
  Pagina 212: 100 registros
  Pagina 213: 100 registros
  Pagina 214: 100 registros
  Pagina 215: 100 registros
  Pagina 216: 100 registros
  Pagina 217: 100 registros
  Pagina 218: 100 registros
  Pagina 219: 100 registros
  Pagina 220: 100 registros
  Pagina 221: 100 registros
  Pagina 222: 100 registros
  Pagina 223: 100 registros
  Pagina 224: 100 registros
  Pagina 225: 100 registros
  Pagina 226: 100 registros
  Pagina 227: 100 registros
  Pagina 228: 100 registros
  Pagina 229: 100 registros
  Pagina 230: 100 registros
  Pagina 231: 100 registros
  Pagina 232: 100 registros
  Pagina 233: 100 registros
  Pagina 234: 100 registros
  Pagina 235: 88 registros
Total bruto da API: 23488 tarefas
Apos filtro (mes atual em diante): 562 tarefas
Backup salvo em: atividades_datajuri.csv
Carregados 562 registro(s) da API.
Dashboard salvo em: dashboard_prazos.html
Abra esse arquivo no navegador para visualizar.
=== 11/08/2026 10:00 ===
Autenticando na API...
Buscando tarefas (prazos)...
  Pagina 1: 100 registros
  Pagina 2: 100 registros
  Pagina 3: 100 registros
  Pagina 4: 100 registros
  Pagina 5: 100 registros
  Pagina 6: 100 registros
  Pagina 7: 100 registros
  Pagina 8: 100 registros
  Pagina 9: 100 registros
  Pagina 10: 100 registros
  Pagina 11: 100 registros
  Pagina 12: 100 registros
  Pagina 13: 100 registros
  Pagina 14: 100 registros
  Pagina 15: 100 registros
  Pagina 16: 100 registros
  Pagina 17: 100 registros
  Pagina 18: 100 registros
  Pagina 19: 100 registros
  Pagina 20: 100 registros
  Pagina 21: 100 registros
  Pagina 22: 100 registros
  Pagina 23: 100 registros
  Pagina 24: 100 registros
  Pagina 25: 100 registros
  Pagina 26: 100 registros
  Pagina 27: 100 registros
  Pagina 28: 100 registros
  Pagina 29: 100 registros
  Pagina 30: 100 registros
  Pagina 31: 100 registros
  Pagina 32: 100 registros
  Pagina 33: 100 registros
  Pagina 34: 100 registros
  Pagina 35: 100 registros
  Pagina 36: 100 registros
  Pagina 37: 100 registros
  Pagina 38: 100 registros
  Pagina 39: 100 registros
  Pagina 40: 100 registros
  Pagina 41: 100 registros
  Pagina 42: 100 registros
  Pagina 43: 100 registros
  Pagina 44: 100 registros
  Pagina 45: 100 registros
  Pagina 46: 100 registros
  Pagina 47: 100 registros
  Pagina 48: 100 registros
  Pagina 49: 100 registros
  Pagina 50: 100 registros
  Pagina 51: 100 registros
  Pagina 52: 100 registros
  Pagina 53: 100 registros
  Pagina 54: 100 registros
  Pagina 55: 100 registros
  Pagina 56: 100 registros
  Pagina 57: 100 registros
  Pagina 58: 100 registros
  Pagina 59: 100 registros
  Pagina 60: 100 registros
  Pagina 61: 100 registros
  Pagina 62: 100 registros
  Pagina 63: 100 registros
  Pagina 64: 100 registros
  Pagina 65: 100 registros
  Pagina 66: 100 registros
  Pagina 67: 100 registros
  Pagina 68: 100 registros
  Pagina 69: 100 registros
  Pagina 70: 100 registros
  Pagina 71: 100 registros
  Pagina 72: 100 registros
  Pagina 73: 100 registros
  Pagina 74: 100 registros
  Pagina 75: 100 registros
  Pagina 76: 100 registros
  Pagina 77: 100 registros
  Pagina 78: 100 registros
  Pagina 79: 100 registros
  Pagina 80: 100 registros
  Pagina 81: 100 registros
  Pagina 82: 100 registros
  Pagina 83: 100 registros
  Pagina 84: 100 registros
  Pagina 85: 100 registros
  Pagina 86: 100 registros
  Pagina 87: 100 registros
  Pagina 88: 100 registros
  Pagina 89: 100 registros
  Pagina 90: 100 registros
  Pagina 91: 100 registros
  Pagina 92: 100 registros
  Pagina 93: 100 registros
  Pagina 94: 100 registros
  Pagina 95: 100 registros
  Pagina 96: 100 registros
  Pagina 97: 100 registros
  Pagina 98: 100 registros
  Pagina 99: 100 registros
  Pagina 100: 100 registros
  Pagina 101: 100 registros
  Pagina 102: 100 registros
  Pagina 103: 100 registros
  Pagina 104: 100 registros
  Pagina 105: 100 registros
  Pagina 106: 100 registros
  Pagina 107: 100 registros
  Pagina 108: 100 registros
  Pagina 109: 100 registros
  Pagina 110: 100 registros
  Pagina 111: 100 registros
  Pagina 112: 100 registros
  Pagina 113: 100 registros
  Pagina 114: 100 registros
  Pagina 115: 100 registros
  Pagina 116: 100 registros
  Pagina 117: 100 registros
  Pagina 118: 100 registros
  Pagina 119: 100 registros
  Pagina 120: 100 registros
  Pagina 121: 100 registros
  Pagina 122: 100 registros
  Pagina 123: 100 registros
  Pagina 124: 100 registros
  Pagina 125: 100 registros
  Pagina 126: 100 registros
  Pagina 127: 100 registros
  Pagina 128: 100 registros
  Pagina 129: 100 registros
  Pagina 130: 100 registros
  Pagina 131: 100 registros
  Pagina 132: 100 registros
  Pagina 133: 100 registros
  Pagina 134: 100 registros
  Pagina 135: 100 registros
  Pagina 136: 100 registros
  Pagina 137: 100 registros
  Pagina 138: 100 registros
  Pagina 139: 100 registros
  Pagina 140: 100 registros
  Pagina 141: 100 registros
  Pagina 142: 100 registros
  Pagina 143: 100 registros
  Pagina 144: 100 registros
  Pagina 145: 100 registros
  Pagina 146: 100 registros
  Pagina 147: 100 registros
  Pagina 148: 100 registros
  Pagina 149: 100 registros
  Pagina 150: 100 registros
  Pagina 151: 100 registros
  Pagina 152: 100 registros
  Pagina 153: 100 registros
  Pagina 154: 100 registros
  Pagina 155: 100 registros
  Pagina 156: 100 registros
  Pagina 157: 100 registros
  Pagina 158: 100 registros
  Pagina 159: 100 registros
  Pagina 160: 100 registros
  Pagina 161: 100 registros
  Pagina 162: 100 registros
  Pagina 163: 100 registros
  Pagina 164: 100 registros
  Pagina 165: 100 registros
  Pagina 166: 100 registros
  Pagina 167: 100 registros
  Pagina 168: 100 registros
  Pagina 169: 100 registros
  Pagina 170: 100 registros
  Pagina 171: 100 registros
  Pagina 172: 100 registros
  Pagina 173: 100 registros
  Pagina 174: 100 registros
  Pagina 175: 100 registros
  Pagina 176: 100 registros
  Pagina 177: 100 registros
  Pagina 178: 100 registros
  Pagina 179: 100 registros
  Pagina 180: 100 registros
  Pagina 181: 100 registros
  Pagina 182: 100 registros
  Pagina 183: 100 registros
  Pagina 184: 100 registros
  Pagina 185: 100 registros
  Pagina 186: 100 registros
  Pagina 187: 100 registros
  Pagina 188: 100 registros
  Pagina 189: 100 registros
  Pagina 190: 100 registros
  Pagina 191: 100 registros
  Pagina 192: 100 registros
  Pagina 193: 100 registros
  Pagina 194: 100 registros
  Pagina 195: 100 registros
  Pagina 196: 100 registros
  Pagina 197: 100 registros
  Pagina 198: 100 registros
  Pagina 199: 100 registros
  Pagina 200: 100 registros
  Pagina 201: 100 registros
  Pagina 202: 100 registros
  Pagina 203: 100 registros
  Pagina 204: 100 registros
  Pagina 205: 100 registros
  Pagina 206: 100 registros
  Pagina 207: 100 registros
  Pagina 208: 100 registros
  Pagina 209: 100 registros
  Pagina 210: 100 registros
  Pagina 211: 100 registros
  Pagina 212: 100 registros
  Pagina 213: 100 registros
  Pagina 214: 100 registros
  Pagina 215: 100 registros
  Pagina 216: 100 registros
  Pagina 217: 100 registros
  Pagina 218: 100 registros
  Pagina 219: 100 registros
  Pagina 220: 100 registros
  Pagina 221: 100 registros
  Pagina 222: 100 registros
  Pagina 223: 100 registros
  Pagina 224: 100 registros
  Pagina 225: 100 registros
  Pagina 226: 100 registros
  Pagina 227: 100 registros
  Pagina 228: 100 registros
  Pagina 229: 100 registros
  Pagina 230: 100 registros
  Pagina 231: 100 registros
  Pagina 232: 100 registros
  Pagina 233: 100 registros
  Pagina 234: 100 registros
  Pagina 235: 93 registros
Total bruto da API: 23493 tarefas
Apos filtro (mes atual em diante): 568 tarefas
Backup salvo em: atividades_datajuri.csv
Carregados 568 registro(s) da API.
Dashboard salvo em: dashboard_prazos.html
Abra esse arquivo no navegador para visualizar.
=== 11/08/2026 17:00 ===
Autenticando na API...
Buscando tarefas (prazos)...
  Pagina 1: 100 registros
  Pagina 2: 100 registros
  Pagina 3: 100 registros
  Pagina 4: 100 registros
  Pagina 5: 100 registros
  Pagina 6: 100 registros
  Pagina 7: 100 registros
  Pagina 8: 100 registros
  Pagina 9: 100 registros
  Pagina 10: 100 registros
  Pagina 11: 100 registros
  Pagina 12: 100 registros
  Pagina 13: 100 registros
  Pagina 14: 100 registros
  Pagina 15: 100 registros
  Pagina 16: 100 registros
  Pagina 17: 100 registros
  Pagina 18: 100 registros
  Pagina 19: 100 registros
  Pagina 20: 100 registros
  Pagina 21: 100 registros
  Pagina 22: 100 registros
  Pagina 23: 100 registros
  Pagina 24: 100 registros
  Pagina 25: 100 registros
  Pagina 26: 100 registros
  Pagina 27: 100 registros
  Pagina 28: 100 registros
  Pagina 29: 100 registros
  Pagina 30: 100 registros
  Pagina 31: 100 registros
  Pagina 32: 100 registros
  Pagina 33: 100 registros
  Pagina 34: 100 registros
  Pagina 35: 100 registros
  Pagina 36: 100 registros
  Pagina 37: 100 registros
  Pagina 38: 100 registros
  Pagina 39: 100 registros
  Pagina 40: 100 registros
  Pagina 41: 100 registros
  Pagina 42: 100 registros
  Pagina 43: 100 registros
  Pagina 44: 100 registros
  Pagina 45: 100 registros
  Pagina 46: 100 registros
  Pagina 47: 100 registros
  Pagina 48: 100 registros
  Pagina 49: 100 registros
  Pagina 50: 100 registros
  Pagina 51: 100 registros
  Pagina 52: 100 registros
  Pagina 53: 100 registros
  Pagina 54: 100 registros
  Pagina 55: 100 registros
  Pagina 56: 100 registros
  Pagina 57: 100 registros
  Pagina 58: 100 registros
  Pagina 59: 100 registros
  Pagina 60: 100 registros
  Pagina 61: 100 registros
  Pagina 62: 100 registros
  Pagina 63: 100 registros
  Pagina 64: 100 registros
  Pagina 65: 100 registros
  Pagina 66: 100 registros
  Pagina 67: 100 registros
  Pagina 68: 100 registros
  Pagina 69: 100 registros
  Pagina 70: 100 registros
  Pagina 71: 100 registros
  Pagina 72: 100 registros
  Pagina 73: 100 registros
  Pagina 74: 100 registros
  Pagina 75: 100 registros
  Pagina 76: 100 registros
  Pagina 77: 100 registros
  Pagina 78: 100 registros
  Pagina 79: 100 registros
  Pagina 80: 100 registros
  Pagina 81: 100 registros
  Pagina 82: 100 registros
  Pagina 83: 100 registros
  Pagina 84: 100 registros
  Pagina 85: 100 registros
  Pagina 86: 100 registros
  Pagina 87: 100 registros
  Pagina 88: 100 registros
  Pagina 89: 100 registros
  Pagina 90: 100 registros
  Pagina 91: 100 registros
  Pagina 92: 100 registros
  Pagina 93: 100 registros
  Pagina 94: 100 registros
  Pagina 95: 100 registros
  Pagina 96: 100 registros
  Pagina 97: 100 registros
  Pagina 98: 100 registros
  Pagina 99: 100 registros
  Pagina 100: 100 registros
  Pagina 101: 100 registros
  Pagina 102: 100 registros
  Pagina 103: 100 registros
  Pagina 104: 100 registros
  Pagina 105: 100 registros
  Pagina 106: 100 registros
  Pagina 107: 100 registros
  Pagina 108: 100 registros
  Pagina 109: 100 registros
  Pagina 110: 100 registros
  Pagina 111: 100 registros
  Pagina 112: 100 registros
  Pagina 113: 100 registros
  Pagina 114: 100 registros
  Pagina 115: 100 registros
  Pagina 116: 100 registros
  Pagina 117: 100 registros
  Pagina 118: 100 registros
  Pagina 119: 100 registros
  Pagina 120: 100 registros
  Pagina 121: 100 registros
  Pagina 122: 100 registros
  Pagina 123: 100 registros
  Pagina 124: 100 registros
  Pagina 125: 100 registros
  Pagina 126: 100 registros
  Pagina 127: 100 registros
  Pagina 128: 100 registros
  Pagina 129: 100 registros
  Pagina 130: 100 registros
  Pagina 131: 100 registros
  Pagina 132: 100 registros
  Pagina 133: 100 registros
  Pagina 134: 100 registros
  Pagina 135: 100 registros
  Pagina 136: 100 registros
  Pagina 137: 100 registros
  Pagina 138: 100 registros
  Pagina 139: 100 registros
  Pagina 140: 100 registros
  Pagina 141: 100 registros
  Pagina 142: 100 registros
  Pagina 143: 100 registros
  Pagina 144: 100 registros
  Pagina 145: 100 registros
  Pagina 146: 100 registros
  Pagina 147: 100 registros
  Pagina 148: 100 registros
  Pagina 149: 100 registros
  Pagina 150: 100 registros
  Pagina 151: 100 registros
  Pagina 152: 100 registros
  Pagina 153: 100 registros
  Pagina 154: 100 registros
  Pagina 155: 100 registros
  Pagina 156: 100 registros
  Pagina 157: 100 registros
  Pagina 158: 100 registros
  Pagina 159: 100 registros
  Pagina 160: 100 registros
  Pagina 161: 100 registros
  Pagina 162: 100 registros
  Pagina 163: 100 registros
  Pagina 164: 100 registros
  Pagina 165: 100 registros
  Pagina 166: 100 registros
  Pagina 167: 100 registros
  Pagina 168: 100 registros
  Pagina 169: 100 registros
  Pagina 170: 100 registros
  Pagina 171: 100 registros
  Pagina 172: 100 registros
  Pagina 173: 100 registros
  Pagina 174: 100 registros
  Pagina 175: 100 registros
  Pagina 176: 100 registros
  Pagina 177: 100 registros
  Pagina 178: 100 registros
  Pagina 179: 100 registros
  Pagina 180: 100 registros
  Pagina 181: 100 registros
  Pagina 182: 100 registros
  Pagina 183: 100 registros
  Pagina 184: 100 registros
  Pagina 185: 100 registros
  Pagina 186: 100 registros
  Pagina 187: 100 registros
  Pagina 188: 100 registros
  Pagina 189: 100 registros
  Pagina 190: 100 registros
  Pagina 191: 100 registros
  Pagina 192: 100 registros
  Pagina 193: 100 registros
  Pagina 194: 100 registros
  Pagina 195: 100 registros
  Pagina 196: 100 registros
  Pagina 197: 100 registros
  Pagina 198: 100 registros
  Pagina 199: 100 registros
  Pagina 200: 100 registros
  Pagina 201: 100 registros
  Pagina 202: 100 registros
  Pagina 203: 100 registros
  Pagina 204: 100 registros
  Pagina 205: 100 registros
  Pagina 206: 100 registros
  Pagina 207: 100 registros
  Pagina 208: 100 registros
  Pagina 209: 100 registros
  Pagina 210: 100 registros
  Pagina 211: 100 registros
  Pagina 212: 100 registros
  Pagina 213: 100 registros
  Pagina 214: 100 registros
  Pagina 215: 100 registros
  Pagina 216: 100 registros
  Pagina 217: 100 registros
  Pagina 218: 100 registros
  Pagina 219: 100 registros
  Pagina 220: 100 registros
  Pagina 221: 100 registros
  Pagina 222: 100 registros
  Pagina 223: 100 registros
  Pagina 224: 100 registros
  Pagina 225: 100 registros
  Pagina 226: 100 registros
  Pagina 227: 100 registros
  Pagina 228: 100 registros
  Pagina 229: 100 registros
  Pagina 230: 100 registros
  Pagina 231: 100 registros
  Pagina 232: 100 registros
  Pagina 233: 100 registros
  Pagina 234: 100 registros
  Pagina 235: 100 registros
  Pagina 236: 8 registros
Total bruto da API: 23508 tarefas
Apos filtro (mes atual em diante): 583 tarefas
Backup salvo em: atividades_datajuri.csv
Carregados 583 registro(s) da API.
Dashboard salvo em: dashboard_prazos.html
Abra esse arquivo no navegador para visualizar.
=== 12/08/2026 10:00 ===
Autenticando na API...
Buscando tarefas (prazos)...
  Pagina 1: 100 registros
  Pagina 2: 100 registros
  Pagina 3: 100 registros
  Pagina 4: 100 registros
  Pagina 5: 100 registros
  Pagina 6: 100 registros
  Pagina 7: 100 registros
  Pagina 8: 100 registros
  Pagina 9: 100 registros
  Pagina 10: 100 registros
  Pagina 11: 100 registros
  Pagina 12: 100 registros
  Pagina 13: 100 registros
  Pagina 14: 100 registros
  Pagina 15: 100 registros
  Pagina 16: 100 registros
  Pagina 17: 100 registros
  Pagina 18: 100 registros
  Pagina 19: 100 registros
  Pagina 20: 100 registros
  Pagina 21: 100 registros
  Pagina 22: 100 registros
  Pagina 23: 100 registros
  Pagina 24: 100 registros
  Pagina 25: 100 registros
  Pagina 26: 100 registros
  Pagina 27: 100 registros
  Pagina 28: 100 registros
  Pagina 29: 100 registros
  Pagina 30: 100 registros
  Pagina 31: 100 registros
  Pagina 32: 100 registros
  Pagina 33: 100 registros
  Pagina 34: 100 registros
  Pagina 35: 100 registros
  Pagina 36: 100 registros
  Pagina 37: 100 registros
  Pagina 38: 100 registros
  Pagina 39: 100 registros
  Pagina 40: 100 registros
  Pagina 41: 100 registros
  Pagina 42: 100 registros
  Pagina 43: 100 registros
  Pagina 44: 100 registros
  Pagina 45: 100 registros
  Pagina 46: 100 registros
  Pagina 47: 100 registros
  Pagina 48: 100 registros
  Pagina 49: 100 registros
  Pagina 50: 100 registros
  Pagina 51: 100 registros
  Pagina 52: 100 registros
  Pagina 53: 100 registros
  Pagina 54: 100 registros
  Pagina 55: 100 registros
  Pagina 56: 100 registros
  Pagina 57: 100 registros
  Pagina 58: 100 registros
  Pagina 59: 100 registros
  Pagina 60: 100 registros
  Pagina 61: 100 registros
  Pagina 62: 100 registros
  Pagina 63: 100 registros
  Pagina 64: 100 registros
  Pagina 65: 100 registros
  Pagina 66: 100 registros
  Pagina 67: 100 registros
  Pagina 68: 100 registros
  Pagina 69: 100 registros
  Pagina 70: 100 registros
  Pagina 71: 100 registros
  Pagina 72: 100 registros
  Pagina 73: 100 registros
  Pagina 74: 100 registros
  Pagina 75: 100 registros
  Pagina 76: 100 registros
  Pagina 77: 100 registros
  Pagina 78: 100 registros
  Pagina 79: 100 registros
  Pagina 80: 100 registros
  Pagina 81: 100 registros
  Pagina 82: 100 registros
  Pagina 83: 100 registros
  Pagina 84: 100 registros
  Pagina 85: 100 registros
  Pagina 86: 100 registros
  Pagina 87: 100 registros
  Pagina 88: 100 registros
  Pagina 89: 100 registros
  Pagina 90: 100 registros
  Pagina 91: 100 registros
  Pagina 92: 100 registros
  Pagina 93: 100 registros
  Pagina 94: 100 registros
  Pagina 95: 100 registros
  Pagina 96: 100 registros
  Pagina 97: 100 registros
  Pagina 98: 100 registros
  Pagina 99: 100 registros
  Pagina 100: 100 registros
  Pagina 101: 100 registros
  Pagina 102: 100 registros
  Pagina 103: 100 registros
  Pagina 104: 100 registros
  Pagina 105: 100 registros
  Pagina 106: 100 registros
  Pagina 107: 100 registros
  Pagina 108: 100 registros
  Pagina 109: 100 registros
  Pagina 110: 100 registros
  Pagina 111: 100 registros
  Pagina 112: 100 registros
  Pagina 113: 100 registros
  Pagina 114: 100 registros
  Pagina 115: 100 registros
  Pagina 116: 100 registros
  Pagina 117: 100 registros
  Pagina 118: 100 registros
  Pagina 119: 100 registros
  Pagina 120: 100 registros
  Pagina 121: 100 registros
  Pagina 122: 100 registros
  Pagina 123: 100 registros
  Pagina 124: 100 registros
  Pagina 125: 100 registros
  Pagina 126: 100 registros
  Pagina 127: 100 registros
  Pagina 128: 100 registros
  Pagina 129: 100 registros
  Pagina 130: 100 registros
  Pagina 131: 100 registros
  Pagina 132: 100 registros
  Pagina 133: 100 registros
  Pagina 134: 100 registros
  Pagina 135: 100 registros
  Pagina 136: 100 registros
  Pagina 137: 100 registros
  Pagina 138: 100 registros
  Pagina 139: 100 registros
  Pagina 140: 100 registros
  Pagina 141: 100 registros
  Pagina 142: 100 registros
  Pagina 143: 100 registros
  Pagina 144: 100 registros
  Pagina 145: 100 registros
  Pagina 146: 100 registros
  Pagina 147: 100 registros
  Pagina 148: 100 registros
  Pagina 149: 100 registros
  Pagina 150: 100 registros
  Pagina 151: 100 registros
  Pagina 152: 100 registros
  Pagina 153: 100 registros
  Pagina 154: 100 registros
  Pagina 155: 100 registros
  Pagina 156: 100 registros
  Pagina 157: 100 registros
  Pagina 158: 100 registros
  Pagina 159: 100 registros
  Pagina 160: 100 registros
  Pagina 161: 100 registros
  Pagina 162: 100 registros
  Pagina 163: 100 registros
  Pagina 164: 100 registros
  Pagina 165: 100 registros
  Pagina 166: 100 registros
  Pagina 167: 100 registros
  Pagina 168: 100 registros
  Pagina 169: 100 registros
  Pagina 170: 100 registros
  Pagina 171: 100 registros
  Pagina 172: 100 registros
  Pagina 173: 100 registros
  Pagina 174: 100 registros
  Pagina 175: 100 registros
  Pagina 176: 100 registros
  Pagina 177: 100 registros
  Pagina 178: 100 registros
  Pagina 179: 100 registros
  Pagina 180: 100 registros
  Pagina 181: 100 registros
  Pagina 182: 100 registros
  Pagina 183: 100 registros
  Pagina 184: 100 registros
  Pagina 185: 100 registros
  Pagina 186: 100 registros
  Pagina 187: 100 registros
  Pagina 188: 100 registros
  Pagina 189: 100 registros
  Pagina 190: 100 registros
  Pagina 191: 100 registros
  Pagina 192: 100 registros
  Pagina 193: 100 registros
  Pagina 194: 100 registros
  Pagina 195: 100 registros
  Pagina 196: 100 registros
  Pagina 197: 100 registros
  Pagina 198: 100 registros
  Pagina 199: 100 registros
  Pagina 200: 100 registros
  Pagina 201: 100 registros
  Pagina 202: 100 registros
  Pagina 203: 100 registros
  Pagina 204: 100 registros
  Pagina 205: 100 registros
  Pagina 206: 100 registros
  Pagina 207: 100 registros
  Pagina 208: 100 registros
  Pagina 209: 100 registros
  Pagina 210: 100 registros
  Pagina 211: 100 registros
  Pagina 212: 100 registros
  Pagina 213: 100 registros
  Pagina 214: 100 registros
  Pagina 215: 100 registros
  Pagina 216: 100 registros
  Pagina 217: 100 registros
  Pagina 218: 100 registros
  Pagina 219: 100 registros
  Pagina 220: 100 registros
  Pagina 221: 100 registros
  Pagina 222: 100 registros
  Pagina 223: 100 registros
  Pagina 224: 100 registros
  Pagina 225: 100 registros
  Pagina 226: 100 registros
  Pagina 227: 100 registros
  Pagina 228: 100 registros
  Pagina 229: 100 registros
  Pagina 230: 100 registros
  Pagina 231: 100 registros
  Pagina 232: 100 registros
  Pagina 233: 100 registros
  Pagina 234: 100 registros
  Pagina 235: 100 registros
  Pagina 236: 8 registros
Total bruto da API: 23508 tarefas
Apos filtro (mes atual em diante): 583 tarefas
Backup salvo em: atividades_datajuri.csv
Carregados 583 registro(s) da API.
Dashboard salvo em: dashboard_prazos.html
Abra esse arquivo no navegador para visualizar.
=== 12/08/2026 17:00 ===
Autenticando na API...
Buscando tarefas (prazos)...
  Pagina 1: 100 registros
  Pagina 2: 100 registros
  Pagina 3: 100 registros
  Pagina 4: 100 registros
  Pagina 5: 100 registros
  Pagina 6: 100 registros
  Pagina 7: 100 registros
  Pagina 8: 100 registros
  Pagina 9: 100 registros
  Pagina 10: 100 registros
  Pagina 11: 100 registros
  Pagina 12: 100 registros
  Pagina 13: 100 registros
  Pagina 14: 100 registros
  Pagina 15: 100 registros
  Pagina 16: 100 registros
  Pagina 17: 100 registros
  Pagina 18: 100 registros
  Pagina 19: 100 registros
  Pagina 20: 100 registros
  Pagina 21: 100 registros
  Pagina 22: 100 registros
  Pagina 23: 100 registros
  Pagina 24: 100 registros
  Pagina 25: 100 registros
  Pagina 26: 100 registros
  Pagina 27: 100 registros
  Pagina 28: 100 registros
  Pagina 29: 100 registros
  Pagina 30: 100 registros
  Pagina 31: 100 registros
  Pagina 32: 100 registros
  Pagina 33: 100 registros
  Pagina 34: 100 registros
  Pagina 35: 100 registros
  Pagina 36: 100 registros
  Pagina 37: 100 registros
  Pagina 38: 100 registros
  Pagina 39: 100 registros
  Pagina 40: 100 registros
  Pagina 41: 100 registros
  Pagina 42: 100 registros
  Pagina 43: 100 registros
  Pagina 44: 100 registros
  Pagina 45: 100 registros
  Pagina 46: 100 registros
  Pagina 47: 100 registros
  Pagina 48: 100 registros
  Pagina 49: 100 registros
  Pagina 50: 100 registros
  Pagina 51: 100 registros
  Pagina 52: 100 registros
  Pagina 53: 100 registros
  Pagina 54: 100 registros
  Pagina 55: 100 registros
  Pagina 56: 100 registros
  Pagina 57: 100 registros
  Pagina 58: 100 registros
  Pagina 59: 100 registros
  Pagina 60: 100 registros
  Pagina 61: 100 registros
  Pagina 62: 100 registros
  Pagina 63: 100 registros
  Pagina 64: 100 registros
  Pagina 65: 100 registros
  Pagina 66: 100 registros
  Pagina 67: 100 registros
  Pagina 68: 100 registros
  Pagina 69: 100 registros
  Pagina 70: 100 registros
  Pagina 71: 100 registros
  Pagina 72: 100 registros
  Pagina 73: 100 registros
  Pagina 74: 100 registros
  Pagina 75: 100 registros
  Pagina 76: 100 registros
  Pagina 77: 100 registros
  Pagina 78: 100 registros
  Pagina 79: 100 registros
  Pagina 80: 100 registros
  Pagina 81: 100 registros
  Pagina 82: 100 registros
  Pagina 83: 100 registros
  Pagina 84: 100 registros
  Pagina 85: 100 registros
  Pagina 86: 100 registros
  Pagina 87: 100 registros
  Pagina 88: 100 registros
  Pagina 89: 100 registros
  Pagina 90: 100 registros
  Pagina 91: 100 registros
  Pagina 92: 100 registros
  Pagina 93: 100 registros
  Pagina 94: 100 registros
  Pagina 95: 100 registros
  Pagina 96: 100 registros
  Pagina 97: 100 registros
  Pagina 98: 100 registros
  Pagina 99: 100 registros
  Pagina 100: 100 registros
  Pagina 101: 100 registros
  Pagina 102: 100 registros
  Pagina 103: 100 registros
  Pagina 104: 100 registros
  Pagina 105: 100 registros
  Pagina 106: 100 registros
  Pagina 107: 100 registros
  Pagina 108: 100 registros
  Pagina 109: 100 registros
  Pagina 110: 100 registros
  Pagina 111: 100 registros
  Pagina 112: 100 registros
  Pagina 113: 100 registros
  Pagina 114: 100 registros
  Pagina 115: 100 registros
  Pagina 116: 100 registros
  Pagina 117: 100 registros
  Pagina 118: 100 registros
  Pagina 119: 100 registros
  Pagina 120: 100 registros
  Pagina 121: 100 registros
  Pagina 122: 100 registros
  Pagina 123: 100 registros
  Pagina 124: 100 registros
  Pagina 125: 100 registros
  Pagina 126: 100 registros
  Pagina 127: 100 registros
  Pagina 128: 100 registros
  Pagina 129: 100 registros
  Pagina 130: 100 registros
  Pagina 131: 100 registros
  Pagina 132: 100 registros
  Pagina 133: 100 registros
  Pagina 134: 100 registros
  Pagina 135: 100 registros
  Pagina 136: 100 registros
  Pagina 137: 100 registros
  Pagina 138: 100 registros
  Pagina 139: 100 registros
  Pagina 140: 100 registros
  Pagina 141: 100 registros
  Pagina 142: 100 registros
  Pagina 143: 100 registros
  Pagina 144: 100 registros
  Pagina 145: 100 registros
  Pagina 146: 100 registros
  Pagina 147: 100 registros
  Pagina 148: 100 registros
  Pagina 149: 100 registros
  Pagina 150: 100 registros
  Pagina 151: 100 registros
  Pagina 152: 100 registros
  Pagina 153: 100 registros
  Pagina 154: 100 registros
  Pagina 155: 100 registros
  Pagina 156: 100 registros
  Pagina 157: 100 registros
  Pagina 158: 100 registros
  Pagina 159: 100 registros
  Pagina 160: 100 registros
  Pagina 161: 100 registros
  Pagina 162: 100 registros
  Pagina 163: 100 registros
  Pagina 164: 100 registros
  Pagina 165: 100 registros
  Pagina 166: 100 registros
  Pagina 167: 100 registros
  Pagina 168: 100 registros
  Pagina 169: 100 registros
  Pagina 170: 100 registros
  Pagina 171: 100 registros
  Pagina 172: 100 registros
  Pagina 173: 100 registros
  Pagina 174: 100 registros
  Pagina 175: 100 registros
  Pagina 176: 100 registros
  Pagina 177: 100 registros
  Pagina 178: 100 registros
  Pagina 179: 100 registros
  Pagina 180: 100 registros
  Pagina 181: 100 registros
  Pagina 182: 100 registros
  Pagina 183: 100 registros
  Pagina 184: 100 registros
  Pagina 185: 100 registros
  Pagina 186: 100 registros
  Pagina 187: 100 registros
  Pagina 188: 100 registros
  Pagina 189: 100 registros
  Pagina 190: 100 registros
  Pagina 191: 100 registros
  Pagina 192: 100 registros
  Pagina 193: 100 registros
  Pagina 194: 100 registros
  Pagina 195: 100 registros
  Pagina 196: 100 registros
  Pagina 197: 100 registros
  Pagina 198: 100 registros
  Pagina 199: 100 registros
  Pagina 200: 100 registros
  Pagina 201: 100 registros
  Pagina 202: 100 registros
  Pagina 203: 100 registros
  Pagina 204: 100 registros
  Pagina 205: 100 registros
  Pagina 206: 100 registros
  Pagina 207: 100 registros
  Pagina 208: 100 registros
  Pagina 209: 100 registros
  Pagina 210: 100 registros
  Pagina 211: 100 registros
  Pagina 212: 100 registros
  Pagina 213: 100 registros
  Pagina 214: 100 registros
  Pagina 215: 100 registros
  Pagina 216: 100 registros
  Pagina 217: 100 registros
  Pagina 218: 100 registros
  Pagina 219: 100 registros
  Pagina 220: 100 registros
  Pagina 221: 100 registros
  Pagina 222: 100 registros
  Pagina 223: 100 registros
  Pagina 224: 100 registros
  Pagina 225: 100 registros
  Pagina 226: 100 registros
  Pagina 227: 100 registros
  Pagina 228: 100 registros
  Pagina 229: 100 registros
  Pagina 230: 100 registros
  Pagina 231: 100 registros
  Pagina 232: 100 registros
  Pagina 233: 100 registros
  Pagina 234: 100 registros
  Pagina 235: 100 registros
  Pagina 236: 12 registros
Total bruto da API: 23512 tarefas
Apos filtro (mes atual em diante): 587 tarefas
Backup salvo em: atividades_datajuri.csv
Carregados 587 registro(s) da API.
Dashboard salvo em: dashboard_prazos.html
Abra esse arquivo no navegador para visualizar.
=== 13/08/2026 10:00 ===
Autenticando na API...
Buscando tarefas (prazos)...
  Pagina 1: 100 registros
  Pagina 2: 100 registros
  Pagina 3: 100 registros
  Pagina 4: 100 registros
  Pagina 5: 100 registros
  Pagina 6: 100 registros
  Pagina 7: 100 registros
  Pagina 8: 100 registros
  Pagina 9: 100 registros
  Pagina 10: 100 registros
  Pagina 11: 100 registros
  Pagina 12: 100 registros
  Pagina 13: 100 registros
  Pagina 14: 100 registros
  Pagina 15: 100 registros
  Pagina 16: 100 registros
  Pagina 17: 100 registros
  Pagina 18: 100 registros
  Pagina 19: 100 registros
  Pagina 20: 100 registros
  Pagina 21: 100 registros
  Pagina 22: 100 registros
  Pagina 23: 100 registros
  Pagina 24: 100 registros
  Pagina 25: 100 registros
  Pagina 26: 100 registros
  Pagina 27: 100 registros
  Pagina 28: 100 registros
  Pagina 29: 100 registros
  Pagina 30: 100 registros
  Pagina 31: 100 registros
  Pagina 32: 100 registros
  Pagina 33: 100 registros
  Pagina 34: 100 registros
  Pagina 35: 100 registros
  Pagina 36: 100 registros
  Pagina 37: 100 registros
  Pagina 38: 100 registros
  Pagina 39: 100 registros
  Pagina 40: 100 registros
  Pagina 41: 100 registros
  Pagina 42: 100 registros
  Pagina 43: 100 registros
  Pagina 44: 100 registros
  Pagina 45: 100 registros
  Pagina 46: 100 registros
  Pagina 47: 100 registros
  Pagina 48: 100 registros
  Pagina 49: 100 registros
  Pagina 50: 100 registros
  Pagina 51: 100 registros
  Pagina 52: 100 registros
  Pagina 53: 100 registros
  Pagina 54: 100 registros
  Pagina 55: 100 registros
  Pagina 56: 100 registros
  Pagina 57: 100 registros
  Pagina 58: 100 registros
  Pagina 59: 100 registros
  Pagina 60: 100 registros
  Pagina 61: 100 registros
  Pagina 62: 100 registros
  Pagina 63: 100 registros
  Pagina 64: 100 registros
  Pagina 65: 100 registros
  Pagina 66: 100 registros
  Pagina 67: 100 registros
  Pagina 68: 100 registros
  Pagina 69: 100 registros
  Pagina 70: 100 registros
  Pagina 71: 100 registros
  Pagina 72: 100 registros
  Pagina 73: 100 registros
  Pagina 74: 100 registros
  Pagina 75: 100 registros
  Pagina 76: 100 registros
  Pagina 77: 100 registros
  Pagina 78: 100 registros
  Pagina 79: 100 registros
  Pagina 80: 100 registros
  Pagina 81: 100 registros
  Pagina 82: 100 registros
  Pagina 83: 100 registros
  Pagina 84: 100 registros
  Pagina 85: 100 registros
  Pagina 86: 100 registros
  Pagina 87: 100 registros
  Pagina 88: 100 registros
  Pagina 89: 100 registros
  Pagina 90: 100 registros
  Pagina 91: 100 registros
  Pagina 92: 100 registros
  Pagina 93: 100 registros
  Pagina 94: 100 registros
  Pagina 95: 100 registros
  Pagina 96: 100 registros
  Pagina 97: 100 registros
  Pagina 98: 100 registros
  Pagina 99: 100 registros
  Pagina 100: 100 registros
  Pagina 101: 100 registros
  Pagina 102: 100 registros
  Pagina 103: 100 registros
  Pagina 104: 100 registros
  Pagina 105: 100 registros
  Pagina 106: 100 registros
  Pagina 107: 100 registros
  Pagina 108: 100 registros
  Pagina 109: 100 registros
  Pagina 110: 100 registros
  Pagina 111: 100 registros
  Pagina 112: 100 registros
  Pagina 113: 100 registros
  Pagina 114: 100 registros
  Pagina 115: 100 registros
  Pagina 116: 100 registros
  Pagina 117: 100 registros
  Pagina 118: 100 registros
  Pagina 119: 100 registros
  Pagina 120: 100 registros
  Pagina 121: 100 registros
  Pagina 122: 100 registros
  Pagina 123: 100 registros
  Pagina 124: 100 registros
  Pagina 125: 100 registros
  Pagina 126: 100 registros
  Pagina 127: 100 registros
  Pagina 128: 100 registros
  Pagina 129: 100 registros
  Pagina 130: 100 registros
  Pagina 131: 100 registros
  Pagina 132: 100 registros
  Pagina 133: 100 registros
  Pagina 134: 100 registros
  Pagina 135: 100 registros
  Pagina 136: 100 registros
  Pagina 137: 100 registros
  Pagina 138: 100 registros
  Pagina 139: 100 registros
  Pagina 140: 100 registros
  Pagina 141: 100 registros
  Pagina 142: 100 registros
  Pagina 143: 100 registros
  Pagina 144: 100 registros
  Pagina 145: 100 registros
  Pagina 146: 100 registros
  Pagina 147: 100 registros
  Pagina 148: 100 registros
  Pagina 149: 100 registros
  Pagina 150: 100 registros
  Pagina 151: 100 registros
  Pagina 152: 100 registros
  Pagina 153: 100 registros
  Pagina 154: 100 registros
  Pagina 155: 100 registros
  Pagina 156: 100 registros
  Pagina 157: 100 registros
  Pagina 158: 100 registros
  Pagina 159: 100 registros
  Pagina 160: 100 registros
  Pagina 161: 100 registros
  Pagina 162: 100 registros
  Pagina 163: 100 registros
  Pagina 164: 100 registros
  Pagina 165: 100 registros
  Pagina 166: 100 registros
  Pagina 167: 100 registros
  Pagina 168: 100 registros
  Pagina 169: 100 registros
  Pagina 170: 100 registros
  Pagina 171: 100 registros
  Pagina 172: 100 registros
  Pagina 173: 100 registros
  Pagina 174: 100 registros
  Pagina 175: 100 registros
  Pagina 176: 100 registros
  Pagina 177: 100 registros
  Pagina 178: 100 registros
  Pagina 179: 100 registros
  Pagina 180: 100 registros
  Pagina 181: 100 registros
  Pagina 182: 100 registros
  Pagina 183: 100 registros
  Pagina 184: 100 registros
  Pagina 185: 100 registros
  Pagina 186: 100 registros
  Pagina 187: 100 registros
  Pagina 188: 100 registros
  Pagina 189: 100 registros
  Pagina 190: 100 registros
  Pagina 191: 100 registros
  Pagina 192: 100 registros
  Pagina 193: 100 registros
  Pagina 194: 100 registros
  Pagina 195: 100 registros
  Pagina 196: 100 registros
  Pagina 197: 100 registros
  Pagina 198: 100 registros
  Pagina 199: 100 registros
  Pagina 200: 100 registros
  Pagina 201: 100 registros
  Pagina 202: 100 registros
  Pagina 203: 100 registros
  Pagina 204: 100 registros
  Pagina 205: 100 registros
  Pagina 206: 100 registros
  Pagina 207: 100 registros
  Pagina 208: 100 registros
  Pagina 209: 100 registros
  Pagina 210: 100 registros
  Pagina 211: 100 registros
  Pagina 212: 100 registros
  Pagina 213: 100 registros
  Pagina 214: 100 registros
  Pagina 215: 100 registros
  Pagina 216: 100 registros
  Pagina 217: 100 registros
  Pagina 218: 100 registros
  Pagina 219: 100 registros
  Pagina 220: 100 registros
  Pagina 221: 100 registros
  Pagina 222: 100 registros
  Pagina 223: 100 registros
  Pagina 224: 100 registros
  Pagina 225: 100 registros
  Pagina 226: 100 registros
  Pagina 227: 100 registros
  Pagina 228: 100 registros
  Pagina 229: 100 registros
  Pagina 230: 100 registros
  Pagina 231: 100 registros
  Pagina 232: 100 registros
  Pagina 233: 100 registros
  Pagina 234: 100 registros
  Pagina 235: 100 registros
  Pagina 236: 18 registros
Total bruto da API: 23518 tarefas
Apos filtro (mes atual em diante): 593 tarefas
Backup salvo em: atividades_datajuri.csv
Carregados 593 registro(s) da API.
Dashboard salvo em: dashboard_prazos.html
Abra esse arquivo no navegador para visualizar.
=== 13/08/2026 17:00 ===
Autenticando na API...
Buscando tarefas (prazos)...
  Pagina 1: 100 registros
  Pagina 2: 100 registros
  Pagina 3: 100 registros
  Pagina 4: 100 registros
  Pagina 5: 100 registros
  Pagina 6: 100 registros
  Pagina 7: 100 registros
  Pagina 8: 100 registros
  Pagina 9: 100 registros
  Pagina 10: 100 registros
  Pagina 11: 100 registros
  Pagina 12: 100 registros
  Pagina 13: 100 registros
  Pagina 14: 100 registros
  Pagina 15: 100 registros
  Pagina 16: 100 registros
  Pagina 17: 100 registros
  Pagina 18: 100 registros
  Pagina 19: 100 registros
  Pagina 20: 100 registros
  Pagina 21: 100 registros
  Pagina 22: 100 registros
  Pagina 23: 100 registros
  Pagina 24: 100 registros
  Pagina 25: 100 registros
  Pagina 26: 100 registros
  Pagina 27: 100 registros
  Pagina 28: 100 registros
  Pagina 29: 100 registros
  Pagina 30: 100 registros
  Pagina 31: 100 registros
  Pagina 32: 100 registros
  Pagina 33: 100 registros
  Pagina 34: 100 registros
  Pagina 35: 100 registros
  Pagina 36: 100 registros
  Pagina 37: 100 registros
  Pagina 38: 100 registros
  Pagina 39: 100 registros
  Pagina 40: 100 registros
  Pagina 41: 100 registros
  Pagina 42: 100 registros
  Pagina 43: 100 registros
  Pagina 44: 100 registros
  Pagina 45: 100 registros
  Pagina 46: 100 registros
  Pagina 47: 100 registros
  Pagina 48: 100 registros
  Pagina 49: 100 registros
  Pagina 50: 100 registros
  Pagina 51: 100 registros
  Pagina 52: 100 registros
  Pagina 53: 100 registros
  Pagina 54: 100 registros
  Pagina 55: 100 registros
  Pagina 56: 100 registros
  Pagina 57: 100 registros
  Pagina 58: 100 registros
  Pagina 59: 100 registros
  Pagina 60: 100 registros
  Pagina 61: 100 registros
  Pagina 62: 100 registros
  Pagina 63: 100 registros
  Pagina 64: 100 registros
  Pagina 65: 100 registros
  Pagina 66: 100 registros
  Pagina 67: 100 registros
  Pagina 68: 100 registros
  Pagina 69: 100 registros
  Pagina 70: 100 registros
  Pagina 71: 100 registros
  Pagina 72: 100 registros
  Pagina 73: 100 registros
  Pagina 74: 100 registros
  Pagina 75: 100 registros
  Pagina 76: 100 registros
  Pagina 77: 100 registros
  Pagina 78: 100 registros
  Pagina 79: 100 registros
  Pagina 80: 100 registros
  Pagina 81: 100 registros
  Pagina 82: 100 registros
  Pagina 83: 100 registros
  Pagina 84: 100 registros
  Pagina 85: 100 registros
  Pagina 86: 100 registros
  Pagina 87: 100 registros
  Pagina 88: 100 registros
  Pagina 89: 100 registros
  Pagina 90: 100 registros
  Pagina 91: 100 registros
  Pagina 92: 100 registros
  Pagina 93: 100 registros
  Pagina 94: 100 registros
  Pagina 95: 100 registros
  Pagina 96: 100 registros
  Pagina 97: 100 registros
  Pagina 98: 100 registros
  Pagina 99: 100 registros
  Pagina 100: 100 registros
  Pagina 101: 100 registros
  Pagina 102: 100 registros
  Pagina 103: 100 registros
  Pagina 104: 100 registros
  Pagina 105: 100 registros
  Pagina 106: 100 registros
  Pagina 107: 100 registros
  Pagina 108: 100 registros
  Pagina 109: 100 registros
  Pagina 110: 100 registros
  Pagina 111: 100 registros
  Pagina 112: 100 registros
  Pagina 113: 100 registros
  Pagina 114: 100 registros
  Pagina 115: 100 registros
  Pagina 116: 100 registros
  Pagina 117: 100 registros
  Pagina 118: 100 registros
  Pagina 119: 100 registros
  Pagina 120: 100 registros
  Pagina 121: 100 registros
  Pagina 122: 100 registros
  Pagina 123: 100 registros
  Pagina 124: 100 registros
  Pagina 125: 100 registros
  Pagina 126: 100 registros
  Pagina 127: 100 registros
  Pagina 128: 100 registros
  Pagina 129: 100 registros
  Pagina 130: 100 registros
  Pagina 131: 100 registros
  Pagina 132: 100 registros
  Pagina 133: 100 registros
  Pagina 134: 100 registros
  Pagina 135: 100 registros
  Pagina 136: 100 registros
  Pagina 137: 100 registros
  Pagina 138: 100 registros
  Pagina 139: 100 registros
  Pagina 140: 100 registros
  Pagina 141: 100 registros
  Pagina 142: 100 registros
  Pagina 143: 100 registros
  Pagina 144: 100 registros
  Pagina 145: 100 registros
  Pagina 146: 100 registros
  Pagina 147: 100 registros
  Pagina 148: 100 registros
  Pagina 149: 100 registros
  Pagina 150: 100 registros
  Pagina 151: 100 registros
  Pagina 152: 100 registros
  Pagina 153: 100 registros
  Pagina 154: 100 registros
  Pagina 155: 100 registros
  Pagina 156: 100 registros
  Pagina 157: 100 registros
  Pagina 158: 100 registros
  Pagina 159: 100 registros
  Pagina 160: 100 registros
  Pagina 161: 100 registros
  Pagina 162: 100 registros
  Pagina 163: 100 registros
  Pagina 164: 100 registros
  Pagina 165: 100 registros
  Pagina 166: 100 registros
  Pagina 167: 100 registros
  Pagina 168: 100 registros
  Pagina 169: 100 registros
  Pagina 170: 100 registros
  Pagina 171: 100 registros
  Pagina 172: 100 registros
  Pagina 173: 100 registros
  Pagina 174: 100 registros
  Pagina 175: 100 registros
  Pagina 176: 100 registros
  Pagina 177: 100 registros
  Pagina 178: 100 registros
  Pagina 179: 100 registros
  Pagina 180: 100 registros
  Pagina 181: 100 registros
  Pagina 182: 100 registros
  Pagina 183: 100 registros
  Pagina 184: 100 registros
  Pagina 185: 100 registros
  Pagina 186: 100 registros
  Pagina 187: 100 registros
  Pagina 188: 100 registros
  Pagina 189: 100 registros
  Pagina 190: 100 registros
  Pagina 191: 100 registros
  Pagina 192: 100 registros
  Pagina 193: 100 registros
  Pagina 194: 100 registros
  Pagina 195: 100 registros
  Pagina 196: 100 registros
  Pagina 197: 100 registros
  Pagina 198: 100 registros
  Pagina 199: 100 registros
  Pagina 200: 100 registros
  Pagina 201: 100 registros
  Pagina 202: 100 registros
  Pagina 203: 100 registros
  Pagina 204: 100 registros
  Pagina 205: 100 registros
  Pagina 206: 100 registros
  Pagina 207: 100 registros
  Pagina 208: 100 registros
  Pagina 209: 100 registros
  Pagina 210: 100 registros
  Pagina 211: 100 registros
  Pagina 212: 100 registros
  Pagina 213: 100 registros
  Pagina 214: 100 registros
  Pagina 215: 100 registros
  Pagina 216: 100 registros
  Pagina 217: 100 registros
  Pagina 218: 100 registros
  Pagina 219: 100 registros
  Pagina 220: 100 registros
  Pagina 221: 100 registros
  Pagina 222: 100 registros
  Pagina 223: 100 registros
  Pagina 224: 100 registros
  Pagina 225: 100 registros
  Pagina 226: 100 registros
  Pagina 227: 100 registros
  Pagina 228: 100 registros
  Pagina 229: 100 registros
  Pagina 230: 100 registros
  Pagina 231: 100 registros
  Pagina 232: 100 registros
  Pagina 233: 100 registros
  Pagina 234: 100 registros
  Pagina 235: 100 registros
  Pagina 236: 33 registros
Total bruto da API: 23533 tarefas
Apos filtro (mes atual em diante): 605 tarefas
Backup salvo em: atividades_datajuri.csv
Carregados 605 registro(s) da API.
Dashboard salvo em: dashboard_prazos.html
Abra esse arquivo no navegador para visualizar.
=== 14/08/2026 10:05 ===
Autenticando na API...
Traceback (most recent call last):
  File "/Library/Frameworks/Python.framework/Versions/3.14/lib/python3.14/site-packages/urllib3/connection.py", line 204, in _new_conn
    sock = connection.create_connection(
        (self._dns_host, self.port),
    ...<2 lines>...
        socket_options=self.socket_options,
    )
  File "/Library/Frameworks/Python.framework/Versions/3.14/lib/python3.14/site-packages/urllib3/util/connection.py", line 60, in create_connection
    for res in socket.getaddrinfo(host, port, family, socket.SOCK_STREAM):
               ~~~~~~~~~~~~~~~~~~^^^^^^^^^^^^^^^^^^^^^^^^^^^^^^^^^^^^^^^^
  File "/Library/Frameworks/Python.framework/Versions/3.14/lib/python3.14/socket.py", line 987, in getaddrinfo
    for res in _socket.getaddrinfo(host, port, family, type, proto, flags):
               ~~~~~~~~~~~~~~~~~~~^^^^^^^^^^^^^^^^^^^^^^^^^^^^^^^^^^^^^^^^
socket.gaierror: [Errno 8] nodename nor servname provided, or not known

The above exception was the direct cause of the following exception:

Traceback (most recent call last):
  File "/Library/Frameworks/Python.framework/Versions/3.14/lib/python3.14/site-packages/urllib3/connectionpool.py", line 788, in urlopen
    response = self._make_request(
        conn,
    ...<10 lines>...
        **response_kw,
    )
  File "/Library/Frameworks/Python.framework/Versions/3.14/lib/python3.14/site-packages/urllib3/connectionpool.py", line 488, in _make_request
    raise new_e
  File "/Library/Frameworks/Python.framework/Versions/3.14/lib/python3.14/site-packages/urllib3/connectionpool.py", line 464, in _make_request
    self._validate_conn(conn)
    ~~~~~~~~~~~~~~~~~~~^^^^^^
  File "/Library/Frameworks/Python.framework/Versions/3.14/lib/python3.14/site-packages/urllib3/connectionpool.py", line 1106, in _validate_conn
    conn.connect()
    ~~~~~~~~~~~~^^
  File "/Library/Frameworks/Python.framework/Versions/3.14/lib/python3.14/site-packages/urllib3/connection.py", line 759, in connect
    self.sock = sock = self._new_conn()
                       ~~~~~~~~~~~~~~^^
  File "/Library/Frameworks/Python.framework/Versions/3.14/lib/python3.14/site-packages/urllib3/connection.py", line 211, in _new_conn
    raise NameResolutionError(self.host, self, e) from e
urllib3.exceptions.NameResolutionError: HTTPSConnection(host='api.datajuri.com.br', port=443): Failed to resolve 'api.datajuri.com.br' ([Errno 8] nodename nor servname provided, or not known)

The above exception was the direct cause of the following exception:

Traceback (most recent call last):
  File "/Library/Frameworks/Python.framework/Versions/3.14/lib/python3.14/site-packages/requests/adapters.py", line 696, in send
    resp = conn.urlopen(
        method=request.method,
    ...<9 lines>...
        chunked=chunked,
    )
  File "/Library/Frameworks/Python.framework/Versions/3.14/lib/python3.14/site-packages/urllib3/connectionpool.py", line 842, in urlopen
    retries = retries.increment(
        method, url, error=new_e, _pool=self, _stacktrace=sys.exc_info()[2]
    )
  File "/Library/Frameworks/Python.framework/Versions/3.14/lib/python3.14/site-packages/urllib3/util/retry.py", line 543, in increment
    raise MaxRetryError(_pool, url, reason) from reason  # type: ignore[arg-type]
    ^^^^^^^^^^^^^^^^^^^^^^^^^^^^^^^^^^^^^^^^^^^^^^^^^^^
urllib3.exceptions.MaxRetryError: HTTPSConnectionPool(host='api.datajuri.com.br', port=443): Max retries exceeded with url: /oauth/token (Caused by NameResolutionError("HTTPSConnection(host='api.datajuri.com.br', port=443): Failed to resolve 'api.datajuri.com.br' ([Errno 8] nodename nor servname provided, or not known)"))

During handling of the above exception, another exception occurred:

Traceback (most recent call last):
  File "/Users/victormiranda/Documentos/datajuri/gerar_dashboard_prazos_v13.py", line 1191, in <module>
    registros = carregar_registros()
  File "/Users/victormiranda/Documentos/datajuri/gerar_dashboard_prazos_v13.py", line 86, in carregar_registros
    token = obter_token(creds)
  File "/Users/victormiranda/Documentos/datajuri/gerar_dashboard_prazos_v13.py", line 72, in obter_token
    resp = requests.post(AUTH_URL, headers=headers, data=data, timeout=120)
  File "/Library/Frameworks/Python.framework/Versions/3.14/lib/python3.14/site-packages/requests/api.py", line 134, in post
    return request("post", url, data=data, json=json, **kwargs)
  File "/Library/Frameworks/Python.framework/Versions/3.14/lib/python3.14/site-packages/requests/api.py", line 71, in request
    return session.request(method=method, url=url, **kwargs)
           ~~~~~~~~~~~~~~~^^^^^^^^^^^^^^^^^^^^^^^^^^^^^^^^^^
  File "/Library/Frameworks/Python.framework/Versions/3.14/lib/python3.14/site-packages/requests/sessions.py", line 651, in request
    resp = self.send(prep, **send_kwargs)
  File "/Library/Frameworks/Python.framework/Versions/3.14/lib/python3.14/site-packages/requests/sessions.py", line 784, in send
    r = adapter.send(request, **kwargs)
  File "/Library/Frameworks/Python.framework/Versions/3.14/lib/python3.14/site-packages/requests/adapters.py", line 729, in send
    raise ConnectionError(e, request=request)
requests.exceptions.ConnectionError: HTTPSConnectionPool(host='api.datajuri.com.br', port=443): Max retries exceeded with url: /oauth/token (Caused by NameResolutionError("HTTPSConnection(host='api.datajuri.com.br', port=443): Failed to resolve 'api.datajuri.com.br' ([Errno 8] nodename nor servname provided, or not known)"))
=== 14/08/2026 17:59 ===
Autenticando na API...
Traceback (most recent call last):
  File "/Library/Frameworks/Python.framework/Versions/3.14/lib/python3.14/site-packages/urllib3/connection.py", line 204, in _new_conn
    sock = connection.create_connection(
        (self._dns_host, self.port),
    ...<2 lines>...
        socket_options=self.socket_options,
    )
  File "/Library/Frameworks/Python.framework/Versions/3.14/lib/python3.14/site-packages/urllib3/util/connection.py", line 60, in create_connection
    for res in socket.getaddrinfo(host, port, family, socket.SOCK_STREAM):
               ~~~~~~~~~~~~~~~~~~^^^^^^^^^^^^^^^^^^^^^^^^^^^^^^^^^^^^^^^^
  File "/Library/Frameworks/Python.framework/Versions/3.14/lib/python3.14/socket.py", line 987, in getaddrinfo
    for res in _socket.getaddrinfo(host, port, family, type, proto, flags):
               ~~~~~~~~~~~~~~~~~~~^^^^^^^^^^^^^^^^^^^^^^^^^^^^^^^^^^^^^^^^
socket.gaierror: [Errno 8] nodename nor servname provided, or not known

The above exception was the direct cause of the following exception:

Traceback (most recent call last):
  File "/Library/Frameworks/Python.framework/Versions/3.14/lib/python3.14/site-packages/urllib3/connectionpool.py", line 788, in urlopen
    response = self._make_request(
        conn,
    ...<10 lines>...
        **response_kw,
    )
  File "/Library/Frameworks/Python.framework/Versions/3.14/lib/python3.14/site-packages/urllib3/connectionpool.py", line 488, in _make_request
    raise new_e
  File "/Library/Frameworks/Python.framework/Versions/3.14/lib/python3.14/site-packages/urllib3/connectionpool.py", line 464, in _make_request
    self._validate_conn(conn)
    ~~~~~~~~~~~~~~~~~~~^^^^^^
  File "/Library/Frameworks/Python.framework/Versions/3.14/lib/python3.14/site-packages/urllib3/connectionpool.py", line 1106, in _validate_conn
    conn.connect()
    ~~~~~~~~~~~~^^
  File "/Library/Frameworks/Python.framework/Versions/3.14/lib/python3.14/site-packages/urllib3/connection.py", line 759, in connect
    self.sock = sock = self._new_conn()
                       ~~~~~~~~~~~~~~^^
  File "/Library/Frameworks/Python.framework/Versions/3.14/lib/python3.14/site-packages/urllib3/connection.py", line 211, in _new_conn
    raise NameResolutionError(self.host, self, e) from e
urllib3.exceptions.NameResolutionError: HTTPSConnection(host='api.datajuri.com.br', port=443): Failed to resolve 'api.datajuri.com.br' ([Errno 8] nodename nor servname provided, or not known)

The above exception was the direct cause of the following exception:

Traceback (most recent call last):
  File "/Library/Frameworks/Python.framework/Versions/3.14/lib/python3.14/site-packages/requests/adapters.py", line 696, in send
    resp = conn.urlopen(
        method=request.method,
    ...<9 lines>...
        chunked=chunked,
    )
  File "/Library/Frameworks/Python.framework/Versions/3.14/lib/python3.14/site-packages/urllib3/connectionpool.py", line 842, in urlopen
    retries = retries.increment(
        method, url, error=new_e, _pool=self, _stacktrace=sys.exc_info()[2]
    )
  File "/Library/Frameworks/Python.framework/Versions/3.14/lib/python3.14/site-packages/urllib3/util/retry.py", line 543, in increment
    raise MaxRetryError(_pool, url, reason) from reason  # type: ignore[arg-type]
    ^^^^^^^^^^^^^^^^^^^^^^^^^^^^^^^^^^^^^^^^^^^^^^^^^^^
urllib3.exceptions.MaxRetryError: HTTPSConnectionPool(host='api.datajuri.com.br', port=443): Max retries exceeded with url: /oauth/token (Caused by NameResolutionError("HTTPSConnection(host='api.datajuri.com.br', port=443): Failed to resolve 'api.datajuri.com.br' ([Errno 8] nodename nor servname provided, or not known)"))

During handling of the above exception, another exception occurred:

Traceback (most recent call last):
  File "/Users/victormiranda/Documentos/datajuri/gerar_dashboard_prazos_v13.py", line 1191, in <module>
    registros = carregar_registros()
  File "/Users/victormiranda/Documentos/datajuri/gerar_dashboard_prazos_v13.py", line 86, in carregar_registros
    token = obter_token(creds)
  File "/Users/victormiranda/Documentos/datajuri/gerar_dashboard_prazos_v13.py", line 72, in obter_token
    resp = requests.post(AUTH_URL, headers=headers, data=data, timeout=120)
  File "/Library/Frameworks/Python.framework/Versions/3.14/lib/python3.14/site-packages/requests/api.py", line 134, in post
    return request("post", url, data=data, json=json, **kwargs)
  File "/Library/Frameworks/Python.framework/Versions/3.14/lib/python3.14/site-packages/requests/api.py", line 71, in request
    return session.request(method=method, url=url, **kwargs)
           ~~~~~~~~~~~~~~~^^^^^^^^^^^^^^^^^^^^^^^^^^^^^^^^^^
  File "/Library/Frameworks/Python.framework/Versions/3.14/lib/python3.14/site-packages/requests/sessions.py", line 651, in request
    resp = self.send(prep, **send_kwargs)
  File "/Library/Frameworks/Python.framework/Versions/3.14/lib/python3.14/site-packages/requests/sessions.py", line 784, in send
    r = adapter.send(request, **kwargs)
  File "/Library/Frameworks/Python.framework/Versions/3.14/lib/python3.14/site-packages/requests/adapters.py", line 729, in send
    raise ConnectionError(e, request=request)
requests.exceptions.ConnectionError: HTTPSConnectionPool(host='api.datajuri.com.br', port=443): Max retries exceeded with url: /oauth/token (Caused by NameResolutionError("HTTPSConnection(host='api.datajuri.com.br', port=443): Failed to resolve 'api.datajuri.com.br' ([Errno 8] nodename nor servname provided, or not known)"))
=== 15/08/2026 10:00 ===
Autenticando na API...
Buscando tarefas (prazos)...
  Pagina 1: 100 registros
  Pagina 2: 100 registros
  Pagina 3: 100 registros
  Pagina 4: 100 registros
  Pagina 5: 100 registros
  Pagina 6: 100 registros
  Pagina 7: 100 registros
  Pagina 8: 100 registros
  Pagina 9: 100 registros
  Pagina 10: 100 registros
  Pagina 11: 100 registros
  Pagina 12: 100 registros
  Pagina 13: 100 registros
  Pagina 14: 100 registros
  Pagina 15: 100 registros
  Pagina 16: 100 registros
  Pagina 17: 100 registros
  Pagina 18: 100 registros
  Pagina 19: 100 registros
  Pagina 20: 100 registros
  Pagina 21: 100 registros
  Pagina 22: 100 registros
  Pagina 23: 100 registros
  Pagina 24: 100 registros
  Pagina 25: 100 registros
  Pagina 26: 100 registros
  Pagina 27: 100 registros
  Pagina 28: 100 registros
  Pagina 29: 100 registros
  Pagina 30: 100 registros
  Pagina 31: 100 registros
  Pagina 32: 100 registros
  Pagina 33: 100 registros
  Pagina 34: 100 registros
  Pagina 35: 100 registros
  Pagina 36: 100 registros
  Pagina 37: 100 registros
  Pagina 38: 100 registros
  Pagina 39: 100 registros
  Pagina 40: 100 registros
  Pagina 41: 100 registros
  Pagina 42: 100 registros
  Pagina 43: 100 registros
  Pagina 44: 100 registros
  Pagina 45: 100 registros
  Pagina 46: 100 registros
  Pagina 47: 100 registros
  Pagina 48: 100 registros
  Pagina 49: 100 registros
  Pagina 50: 100 registros
  Pagina 51: 100 registros
  Pagina 52: 100 registros
  Pagina 53: 100 registros
  Pagina 54: 100 registros
  Pagina 55: 100 registros
  Pagina 56: 100 registros
  Pagina 57: 100 registros
  Pagina 58: 100 registros
  Pagina 59: 100 registros
  Pagina 60: 100 registros
  Pagina 61: 100 registros
  Pagina 62: 100 registros
  Pagina 63: 100 registros
  Pagina 64: 100 registros
  Pagina 65: 100 registros
  Pagina 66: 100 registros
  Pagina 67: 100 registros
  Pagina 68: 100 registros
  Pagina 69: 100 registros
  Pagina 70: 100 registros
  Pagina 71: 100 registros
  Pagina 72: 100 registros
  Pagina 73: 100 registros
  Pagina 74: 100 registros
  Pagina 75: 100 registros
  Pagina 76: 100 registros
  Pagina 77: 100 registros
  Pagina 78: 100 registros
  Pagina 79: 100 registros
  Pagina 80: 100 registros
  Pagina 81: 100 registros
  Pagina 82: 100 registros
  Pagina 83: 100 registros
  Pagina 84: 100 registros
  Pagina 85: 100 registros
  Pagina 86: 100 registros
  Pagina 87: 100 registros
  Pagina 88: 100 registros
  Pagina 89: 100 registros
  Pagina 90: 100 registros
  Pagina 91: 100 registros
  Pagina 92: 100 registros
  Pagina 93: 100 registros
  Pagina 94: 100 registros
  Pagina 95: 100 registros
  Pagina 96: 100 registros
  Pagina 97: 100 registros
  Pagina 98: 100 registros
  Pagina 99: 100 registros
  Pagina 100: 100 registros
  Pagina 101: 100 registros
  Pagina 102: 100 registros
  Pagina 103: 100 registros
  Pagina 104: 100 registros
  Pagina 105: 100 registros
  Pagina 106: 100 registros
  Pagina 107: 100 registros
  Pagina 108: 100 registros
  Pagina 109: 100 registros
  Pagina 110: 100 registros
  Pagina 111: 100 registros
  Pagina 112: 100 registros
  Pagina 113: 100 registros
  Pagina 114: 100 registros
  Pagina 115: 100 registros
  Pagina 116: 100 registros
  Pagina 117: 100 registros
  Pagina 118: 100 registros
  Pagina 119: 100 registros
  Pagina 120: 100 registros
  Pagina 121: 100 registros
  Pagina 122: 100 registros
  Pagina 123: 100 registros
  Pagina 124: 100 registros
  Pagina 125: 100 registros
  Pagina 126: 100 registros
  Pagina 127: 100 registros
  Pagina 128: 100 registros
  Pagina 129: 100 registros
  Pagina 130: 100 registros
  Pagina 131: 100 registros
  Pagina 132: 100 registros
  Pagina 133: 100 registros
  Pagina 134: 100 registros
  Pagina 135: 100 registros
  Pagina 136: 100 registros
  Pagina 137: 100 registros
  Pagina 138: 100 registros
  Pagina 139: 100 registros
  Pagina 140: 100 registros
  Pagina 141: 100 registros
  Pagina 142: 100 registros
  Pagina 143: 100 registros
  Pagina 144: 100 registros
  Pagina 145: 100 registros
  Pagina 146: 100 registros
  Pagina 147: 100 registros
  Pagina 148: 100 registros
  Pagina 149: 100 registros
  Pagina 150: 100 registros
  Pagina 151: 100 registros
  Pagina 152: 100 registros
  Pagina 153: 100 registros
  Pagina 154: 100 registros
  Pagina 155: 100 registros
  Pagina 156: 100 registros
  Pagina 157: 100 registros
  Pagina 158: 100 registros
  Pagina 159: 100 registros
  Pagina 160: 100 registros
  Pagina 161: 100 registros
  Pagina 162: 100 registros
  Pagina 163: 100 registros
  Pagina 164: 100 registros
  Pagina 165: 100 registros
  Pagina 166: 100 registros
  Pagina 167: 100 registros
  Pagina 168: 100 registros
  Pagina 169: 100 registros
  Pagina 170: 100 registros
  Pagina 171: 100 registros
  Pagina 172: 100 registros
  Pagina 173: 100 registros
  Pagina 174: 100 registros
  Pagina 175: 100 registros
  Pagina 176: 100 registros
  Pagina 177: 100 registros
  Pagina 178: 100 registros
  Pagina 179: 100 registros
  Pagina 180: 100 registros
  Pagina 181: 100 registros
  Pagina 182: 100 registros
  Pagina 183: 100 registros
  Pagina 184: 100 registros
  Pagina 185: 100 registros
  Pagina 186: 100 registros
  Pagina 187: 100 registros
  Pagina 188: 100 registros
  Pagina 189: 100 registros
  Pagina 190: 100 registros
  Pagina 191: 100 registros
  Pagina 192: 100 registros
  Pagina 193: 100 registros
  Pagina 194: 100 registros
  Pagina 195: 100 registros
  Pagina 196: 100 registros
  Pagina 197: 100 registros
  Pagina 198: 100 registros
  Pagina 199: 100 registros
  Pagina 200: 100 registros
  Pagina 201: 100 registros
  Pagina 202: 100 registros
  Pagina 203: 100 registros
  Pagina 204: 100 registros
  Pagina 205: 100 registros
  Pagina 206: 100 registros
  Pagina 207: 100 registros
  Pagina 208: 100 registros
  Pagina 209: 100 registros
  Pagina 210: 100 registros
  Pagina 211: 100 registros
  Pagina 212: 100 registros
  Pagina 213: 100 registros
  Pagina 214: 100 registros
  Pagina 215: 100 registros
  Pagina 216: 100 registros
  Pagina 217: 100 registros
  Pagina 218: 100 registros
  Pagina 219: 100 registros
  Pagina 220: 100 registros
  Pagina 221: 100 registros
  Pagina 222: 100 registros
  Pagina 223: 100 registros
  Pagina 224: 100 registros
  Pagina 225: 100 registros
  Pagina 226: 100 registros
  Pagina 227: 100 registros
  Pagina 228: 100 registros
  Pagina 229: 100 registros
  Pagina 230: 100 registros
  Pagina 231: 100 registros
  Pagina 232: 100 registros
  Pagina 233: 100 registros
  Pagina 234: 100 registros
  Pagina 235: 100 registros
  Pagina 236: 88 registros
Total bruto da API: 23588 tarefas
Apos filtro (mes atual em diante): 662 tarefas
Backup salvo em: atividades_datajuri.csv
Carregados 662 registro(s) da API.
Dashboard salvo em: dashboard_prazos.html
Abra esse arquivo no navegador para visualizar.
=== 15/08/2026 17:13 ===
Autenticando na API...
Buscando tarefas (prazos)...
  Pagina 1: 100 registros
  Pagina 2: 100 registros
  Pagina 3: 100 registros
  Pagina 4: 100 registros
  Pagina 5: 100 registros
  Pagina 6: 100 registros
  Pagina 7: 100 registros
  Pagina 8: 100 registros
  Pagina 9: 100 registros
  Pagina 10: 100 registros
  Pagina 11: 100 registros
  Pagina 12: 100 registros
  Pagina 13: 100 registros
  Pagina 14: 100 registros
  Pagina 15: 100 registros
  Pagina 16: 100 registros
  Pagina 17: 100 registros
  Pagina 18: 100 registros
  Pagina 19: 100 registros
  Pagina 20: 100 registros
  Pagina 21: 100 registros
  Pagina 22: 100 registros
  Pagina 23: 100 registros
  Pagina 24: 100 registros
  Pagina 25: 100 registros
  Pagina 26: 100 registros
  Pagina 27: 100 registros
  Pagina 28: 100 registros
  Pagina 29: 100 registros
  Pagina 30: 100 registros
  Pagina 31: 100 registros
  Pagina 32: 100 registros
  Pagina 33: 100 registros
  Pagina 34: 100 registros
  Pagina 35: 100 registros
  Pagina 36: 100 registros
  Pagina 37: 100 registros
  Pagina 38: 100 registros
  Pagina 39: 100 registros
  Pagina 40: 100 registros
  Pagina 41: 100 registros
  Pagina 42: 100 registros
  Pagina 43: 100 registros
  Pagina 44: 100 registros
  Pagina 45: 100 registros
  Pagina 46: 100 registros
  Pagina 47: 100 registros
  Pagina 48: 100 registros
  Pagina 49: 100 registros
  Pagina 50: 100 registros
  Pagina 51: 100 registros
  Pagina 52: 100 registros
  Pagina 53: 100 registros
  Pagina 54: 100 registros
  Pagina 55: 100 registros
  Pagina 56: 100 registros
  Pagina 57: 100 registros
  Pagina 58: 100 registros
  Pagina 59: 100 registros
  Pagina 60: 100 registros
  Pagina 61: 100 registros
  Pagina 62: 100 registros
  Pagina 63: 100 registros
  Pagina 64: 100 registros
  Pagina 65: 100 registros
  Pagina 66: 100 registros
  Pagina 67: 100 registros
  Pagina 68: 100 registros
  Pagina 69: 100 registros
  Pagina 70: 100 registros
  Pagina 71: 100 registros
  Aviso: erro na pagina 72: HTTPSConnectionPool(host='api.datajuri.com.br', port=443): Read timed out.
Total bruto da API: 7100 tarefas
Apos filtro (mes atual em diante): 621 tarefas
Backup salvo em: atividades_datajuri.csv
Carregados 621 registro(s) da API.
Dashboard salvo em: dashboard_prazos.html
Abra esse arquivo no navegador para visualizar.
=== 16/08/2026 10:02 ===
Autenticando na API...
Buscando tarefas (prazos)...
  Aviso: erro na pagina 1: HTTPSConnectionPool(host='api.datajuri.com.br', port=443): Read timed out. (read timeout=120)
Total bruto da API: 0 tarefas
Apos filtro (mes atual em diante): 0 tarefas
Carregados 0 registro(s) da API.
Dashboard salvo em: dashboard_prazos.html
Abra esse arquivo no navegador para visualizar.
=== 16/08/2026 17:00 ===
Autenticando na API...
Buscando tarefas (prazos)...
  Aviso: erro na pagina 1: HTTPSConnectionPool(host='api.datajuri.com.br', port=443): Read timed out. (read timeout=120)
Total bruto da API: 0 tarefas
Apos filtro (mes atual em diante): 0 tarefas
Carregados 0 registro(s) da API.
Dashboard salvo em: dashboard_prazos.html
Abra esse arquivo no navegador para visualizar.
=== 17/08/2026 10:00 ===
Autenticando na API...
Buscando tarefas (prazos)...
  Pagina 1: 100 registros
  Pagina 2: 100 registros
  Pagina 3: 100 registros
  Pagina 4: 100 registros
  Pagina 5: 100 registros
  Pagina 6: 100 registros
  Pagina 7: 100 registros
  Pagina 8: 100 registros
  Pagina 9: 100 registros
  Pagina 10: 100 registros
  Pagina 11: 100 registros
  Pagina 12: 100 registros
  Pagina 13: 100 registros
  Pagina 14: 100 registros
  Pagina 15: 100 registros
  Pagina 16: 100 registros
  Pagina 17: 100 registros
  Pagina 18: 100 registros
  Pagina 19: 100 registros
  Pagina 20: 100 registros
  Pagina 21: 100 registros
  Pagina 22: 100 registros
  Pagina 23: 100 registros
  Pagina 24: 100 registros
  Pagina 25: 100 registros
  Pagina 26: 100 registros
  Pagina 27: 100 registros
  Pagina 28: 100 registros
  Pagina 29: 100 registros
  Pagina 30: 100 registros
  Pagina 31: 100 registros
  Pagina 32: 100 registros
  Pagina 33: 100 registros
  Pagina 34: 100 registros
  Pagina 35: 100 registros
  Pagina 36: 100 registros
  Pagina 37: 100 registros
  Pagina 38: 100 registros
  Pagina 39: 100 registros
  Pagina 40: 100 registros
  Pagina 41: 100 registros
  Pagina 42: 100 registros
  Pagina 43: 100 registros
  Pagina 44: 100 registros
  Pagina 45: 100 registros
  Pagina 46: 100 registros
  Pagina 47: 100 registros
  Pagina 48: 100 registros
  Pagina 49: 100 registros
  Pagina 50: 100 registros
  Pagina 51: 100 registros
  Pagina 52: 100 registros
  Pagina 53: 100 registros
  Pagina 54: 100 registros
  Pagina 55: 100 registros
  Pagina 56: 100 registros
  Pagina 57: 100 registros
  Pagina 58: 100 registros
  Pagina 59: 100 registros
  Pagina 60: 100 registros
  Pagina 61: 100 registros
  Pagina 62: 100 registros
  Pagina 63: 100 registros
  Pagina 64: 100 registros
  Pagina 65: 100 registros
  Pagina 66: 100 registros
  Pagina 67: 100 registros
  Pagina 68: 100 registros
  Pagina 69: 100 registros
  Pagina 70: 100 registros
  Pagina 71: 100 registros
  Pagina 72: 100 registros
  Pagina 73: 100 registros
  Pagina 74: 100 registros
  Pagina 75: 100 registros
  Pagina 76: 100 registros
  Pagina 77: 100 registros
  Pagina 78: 100 registros
  Pagina 79: 100 registros
  Pagina 80: 100 registros
  Pagina 81: 100 registros
  Pagina 82: 100 registros
  Pagina 83: 100 registros
  Pagina 84: 100 registros
  Pagina 85: 100 registros
  Pagina 86: 100 registros
  Pagina 87: 100 registros
  Pagina 88: 100 registros
  Pagina 89: 100 registros
  Pagina 90: 100 registros
  Pagina 91: 100 registros
  Pagina 92: 100 registros
  Pagina 93: 100 registros
  Pagina 94: 100 registros
  Pagina 95: 100 registros
  Pagina 96: 100 registros
  Pagina 97: 100 registros
  Pagina 98: 100 registros
  Pagina 99: 100 registros
  Pagina 100: 100 registros
  Pagina 101: 100 registros
  Pagina 102: 100 registros
  Pagina 103: 100 registros
  Pagina 104: 100 registros
  Pagina 105: 100 registros
  Pagina 106: 100 registros
  Pagina 107: 100 registros
  Pagina 108: 100 registros
  Pagina 109: 100 registros
  Pagina 110: 100 registros
  Pagina 111: 100 registros
  Pagina 112: 100 registros
  Pagina 113: 100 registros
  Pagina 114: 100 registros
  Pagina 115: 100 registros
  Pagina 116: 100 registros
  Pagina 117: 100 registros
  Pagina 118: 100 registros
  Pagina 119: 100 registros
  Pagina 120: 100 registros
  Pagina 121: 100 registros
  Pagina 122: 100 registros
  Pagina 123: 100 registros
  Pagina 124: 100 registros
  Pagina 125: 100 registros
  Pagina 126: 100 registros
  Pagina 127: 100 registros
  Pagina 128: 100 registros
  Pagina 129: 100 registros
  Pagina 130: 100 registros
  Pagina 131: 100 registros
  Pagina 132: 100 registros
  Pagina 133: 100 registros
  Pagina 134: 100 registros
  Pagina 135: 100 registros
  Pagina 136: 100 registros
  Pagina 137: 100 registros
  Pagina 138: 100 registros
  Pagina 139: 100 registros
  Pagina 140: 100 registros
  Pagina 141: 100 registros
  Pagina 142: 100 registros
  Pagina 143: 100 registros
  Pagina 144: 100 registros
  Pagina 145: 100 registros
  Pagina 146: 100 registros
  Pagina 147: 100 registros
  Pagina 148: 100 registros
  Pagina 149: 100 registros
  Pagina 150: 100 registros
  Pagina 151: 100 registros
  Pagina 152: 100 registros
  Pagina 153: 100 registros
  Pagina 154: 100 registros
  Pagina 155: 100 registros
  Pagina 156: 100 registros
  Pagina 157: 100 registros
  Pagina 158: 100 registros
  Pagina 159: 100 registros
  Pagina 160: 100 registros
  Pagina 161: 100 registros
  Pagina 162: 100 registros
  Pagina 163: 100 registros
  Pagina 164: 100 registros
  Pagina 165: 100 registros
  Pagina 166: 100 registros
  Pagina 167: 100 registros
  Pagina 168: 100 registros
  Pagina 169: 100 registros
  Pagina 170: 100 registros
  Pagina 171: 100 registros
  Pagina 172: 100 registros
  Pagina 173: 100 registros
  Pagina 174: 100 registros
  Pagina 175: 100 registros
  Pagina 176: 100 registros
  Pagina 177: 100 registros
  Pagina 178: 100 registros
  Pagina 179: 100 registros
  Pagina 180: 100 registros
  Pagina 181: 100 registros
  Pagina 182: 100 registros
  Pagina 183: 100 registros
  Pagina 184: 100 registros
  Pagina 185: 100 registros
  Pagina 186: 100 registros
  Pagina 187: 100 registros
  Pagina 188: 100 registros
  Pagina 189: 100 registros
  Pagina 190: 100 registros
  Pagina 191: 100 registros
  Pagina 192: 100 registros
  Pagina 193: 100 registros
  Pagina 194: 100 registros
  Pagina 195: 100 registros
  Pagina 196: 100 registros
  Pagina 197: 100 registros
  Pagina 198: 100 registros
  Pagina 199: 100 registros
  Pagina 200: 100 registros
  Pagina 201: 100 registros
  Pagina 202: 100 registros
  Pagina 203: 100 registros
  Pagina 204: 100 registros
  Pagina 205: 100 registros
  Pagina 206: 100 registros
  Pagina 207: 100 registros
  Pagina 208: 100 registros
  Pagina 209: 100 registros
  Pagina 210: 100 registros
  Pagina 211: 100 registros
  Pagina 212: 100 registros
  Pagina 213: 100 registros
  Pagina 214: 100 registros
  Pagina 215: 100 registros
  Pagina 216: 100 registros
  Pagina 217: 100 registros
  Pagina 218: 100 registros
  Pagina 219: 100 registros
  Pagina 220: 100 registros
  Pagina 221: 100 registros
  Pagina 222: 100 registros
  Pagina 223: 100 registros
  Pagina 224: 100 registros
  Pagina 225: 100 registros
  Pagina 226: 100 registros
  Pagina 227: 100 registros
  Pagina 228: 100 registros
  Pagina 229: 100 registros
  Pagina 230: 100 registros
  Pagina 231: 100 registros
  Pagina 232: 100 registros
  Pagina 233: 100 registros
  Pagina 234: 100 registros
  Pagina 235: 100 registros
  Pagina 236: 89 registros
Total bruto da API: 23589 tarefas
Apos filtro (mes atual em diante): 662 tarefas
Backup salvo em: atividades_datajuri.csv
Carregados 662 registro(s) da API.
Dashboard salvo em: dashboard_prazos.html
Abra esse arquivo no navegador para visualizar.
=== 17/08/2026 17:14 ===
Autenticando na API...
Buscando tarefas (prazos)...
  Pagina 1: 100 registros
  Pagina 2: 100 registros
  Pagina 3: 100 registros
  Pagina 4: 100 registros
  Pagina 5: 100 registros
  Pagina 6: 100 registros
  Pagina 7: 100 registros
  Pagina 8: 100 registros
  Pagina 9: 100 registros
  Pagina 10: 100 registros
  Pagina 11: 100 registros
  Pagina 12: 100 registros
  Pagina 13: 100 registros
  Pagina 14: 100 registros
  Pagina 15: 100 registros
  Pagina 16: 100 registros
  Pagina 17: 100 registros
  Pagina 18: 100 registros
  Pagina 19: 100 registros
  Pagina 20: 100 registros
  Pagina 21: 100 registros
  Pagina 22: 100 registros
  Pagina 23: 100 registros
  Pagina 24: 100 registros
  Pagina 25: 100 registros
  Pagina 26: 100 registros
  Pagina 27: 100 registros
  Pagina 28: 100 registros
  Pagina 29: 100 registros
  Pagina 30: 100 registros
  Pagina 31: 100 registros
  Pagina 32: 100 registros
  Pagina 33: 100 registros
  Pagina 34: 100 registros
  Pagina 35: 100 registros
  Pagina 36: 100 registros
  Pagina 37: 100 registros
  Pagina 38: 100 registros
  Pagina 39: 100 registros
  Pagina 40: 100 registros
  Pagina 41: 100 registros
  Pagina 42: 100 registros
  Pagina 43: 100 registros
  Pagina 44: 100 registros
  Pagina 45: 100 registros
  Pagina 46: 100 registros
  Pagina 47: 100 registros
  Pagina 48: 100 registros
  Pagina 49: 100 registros
  Pagina 50: 100 registros
  Pagina 51: 100 registros
  Pagina 52: 100 registros
  Pagina 53: 100 registros
  Pagina 54: 100 registros
  Pagina 55: 100 registros
  Pagina 56: 100 registros
  Pagina 57: 100 registros
  Pagina 58: 100 registros
  Pagina 59: 100 registros
  Pagina 60: 100 registros
  Pagina 61: 100 registros
  Pagina 62: 100 registros
  Pagina 63: 100 registros
  Pagina 64: 100 registros
  Pagina 65: 100 registros
  Pagina 66: 100 registros
  Pagina 67: 100 registros
  Pagina 68: 100 registros
  Pagina 69: 100 registros
  Pagina 70: 100 registros
  Pagina 71: 100 registros
  Pagina 72: 100 registros
  Pagina 73: 100 registros
  Pagina 74: 100 registros
  Pagina 75: 100 registros
  Pagina 76: 100 registros
  Pagina 77: 100 registros
  Pagina 78: 100 registros
  Pagina 79: 100 registros
  Pagina 80: 100 registros
  Pagina 81: 100 registros
  Pagina 82: 100 registros
  Pagina 83: 100 registros
  Pagina 84: 100 registros
  Pagina 85: 100 registros
  Pagina 86: 100 registros
  Pagina 87: 100 registros
  Pagina 88: 100 registros
  Pagina 89: 100 registros
  Pagina 90: 100 registros
  Pagina 91: 100 registros
  Pagina 92: 100 registros
  Pagina 93: 100 registros
  Pagina 94: 100 registros
  Pagina 95: 100 registros
  Pagina 96: 100 registros
  Pagina 97: 100 registros
  Pagina 98: 100 registros
  Pagina 99: 100 registros
  Pagina 100: 100 registros
  Pagina 101: 100 registros
  Pagina 102: 100 registros
  Pagina 103: 100 registros
  Pagina 104: 100 registros
  Pagina 105: 100 registros
  Pagina 106: 100 registros
  Pagina 107: 100 registros
  Pagina 108: 100 registros
  Pagina 109: 100 registros
  Pagina 110: 100 registros
  Pagina 111: 100 registros
  Pagina 112: 100 registros
  Pagina 113: 100 registros
  Pagina 114: 100 registros
  Pagina 115: 100 registros
  Pagina 116: 100 registros
  Pagina 117: 100 registros
  Pagina 118: 100 registros
  Pagina 119: 100 registros
  Pagina 120: 100 registros
  Pagina 121: 100 registros
  Pagina 122: 100 registros
  Pagina 123: 100 registros
  Pagina 124: 100 registros
  Pagina 125: 100 registros
  Pagina 126: 100 registros
  Pagina 127: 100 registros
  Aviso: erro na pagina 128: HTTPSConnectionPool(host='api.datajuri.com.br', port=443): Read timed out. (read timeout=120)
Total bruto da API: 12700 tarefas
Apos filtro (mes atual em diante): 670 tarefas
Backup salvo em: atividades_datajuri.csv
Carregados 670 registro(s) da API.
Dashboard salvo em: dashboard_prazos.html
Abra esse arquivo no navegador para visualizar.
=== 18/08/2026 10:15 ===
Autenticando na API...
Traceback (most recent call last):
  File "/Library/Frameworks/Python.framework/Versions/3.14/lib/python3.14/site-packages/urllib3/connection.py", line 204, in _new_conn
    sock = connection.create_connection(
        (self._dns_host, self.port),
    ...<2 lines>...
        socket_options=self.socket_options,
    )
  File "/Library/Frameworks/Python.framework/Versions/3.14/lib/python3.14/site-packages/urllib3/util/connection.py", line 60, in create_connection
    for res in socket.getaddrinfo(host, port, family, socket.SOCK_STREAM):
               ~~~~~~~~~~~~~~~~~~^^^^^^^^^^^^^^^^^^^^^^^^^^^^^^^^^^^^^^^^
  File "/Library/Frameworks/Python.framework/Versions/3.14/lib/python3.14/socket.py", line 987, in getaddrinfo
    for res in _socket.getaddrinfo(host, port, family, type, proto, flags):
               ~~~~~~~~~~~~~~~~~~~^^^^^^^^^^^^^^^^^^^^^^^^^^^^^^^^^^^^^^^^
socket.gaierror: [Errno 8] nodename nor servname provided, or not known

The above exception was the direct cause of the following exception:

Traceback (most recent call last):
  File "/Library/Frameworks/Python.framework/Versions/3.14/lib/python3.14/site-packages/urllib3/connectionpool.py", line 788, in urlopen
    response = self._make_request(
        conn,
    ...<10 lines>...
        **response_kw,
    )
  File "/Library/Frameworks/Python.framework/Versions/3.14/lib/python3.14/site-packages/urllib3/connectionpool.py", line 488, in _make_request
    raise new_e
  File "/Library/Frameworks/Python.framework/Versions/3.14/lib/python3.14/site-packages/urllib3/connectionpool.py", line 464, in _make_request
    self._validate_conn(conn)
    ~~~~~~~~~~~~~~~~~~~^^^^^^
  File "/Library/Frameworks/Python.framework/Versions/3.14/lib/python3.14/site-packages/urllib3/connectionpool.py", line 1106, in _validate_conn
    conn.connect()
    ~~~~~~~~~~~~^^
  File "/Library/Frameworks/Python.framework/Versions/3.14/lib/python3.14/site-packages/urllib3/connection.py", line 759, in connect
    self.sock = sock = self._new_conn()
                       ~~~~~~~~~~~~~~^^
  File "/Library/Frameworks/Python.framework/Versions/3.14/lib/python3.14/site-packages/urllib3/connection.py", line 211, in _new_conn
    raise NameResolutionError(self.host, self, e) from e
urllib3.exceptions.NameResolutionError: HTTPSConnection(host='api.datajuri.com.br', port=443): Failed to resolve 'api.datajuri.com.br' ([Errno 8] nodename nor servname provided, or not known)

The above exception was the direct cause of the following exception:

Traceback (most recent call last):
  File "/Library/Frameworks/Python.framework/Versions/3.14/lib/python3.14/site-packages/requests/adapters.py", line 696, in send
    resp = conn.urlopen(
        method=request.method,
    ...<9 lines>...
        chunked=chunked,
    )
  File "/Library/Frameworks/Python.framework/Versions/3.14/lib/python3.14/site-packages/urllib3/connectionpool.py", line 842, in urlopen
    retries = retries.increment(
        method, url, error=new_e, _pool=self, _stacktrace=sys.exc_info()[2]
    )
  File "/Library/Frameworks/Python.framework/Versions/3.14/lib/python3.14/site-packages/urllib3/util/retry.py", line 543, in increment
    raise MaxRetryError(_pool, url, reason) from reason  # type: ignore[arg-type]
    ^^^^^^^^^^^^^^^^^^^^^^^^^^^^^^^^^^^^^^^^^^^^^^^^^^^
urllib3.exceptions.MaxRetryError: HTTPSConnectionPool(host='api.datajuri.com.br', port=443): Max retries exceeded with url: /oauth/token (Caused by NameResolutionError("HTTPSConnection(host='api.datajuri.com.br', port=443): Failed to resolve 'api.datajuri.com.br' ([Errno 8] nodename nor servname provided, or not known)"))

During handling of the above exception, another exception occurred:

Traceback (most recent call last):
  File "/Users/victormiranda/Documentos/datajuri/gerar_dashboard_prazos_v13.py", line 1191, in <module>
    registros = carregar_registros()
  File "/Users/victormiranda/Documentos/datajuri/gerar_dashboard_prazos_v13.py", line 86, in carregar_registros
    token = obter_token(creds)
  File "/Users/victormiranda/Documentos/datajuri/gerar_dashboard_prazos_v13.py", line 72, in obter_token
    resp = requests.post(AUTH_URL, headers=headers, data=data, timeout=120)
  File "/Library/Frameworks/Python.framework/Versions/3.14/lib/python3.14/site-packages/requests/api.py", line 134, in post
    return request("post", url, data=data, json=json, **kwargs)
  File "/Library/Frameworks/Python.framework/Versions/3.14/lib/python3.14/site-packages/requests/api.py", line 71, in request
    return session.request(method=method, url=url, **kwargs)
           ~~~~~~~~~~~~~~~^^^^^^^^^^^^^^^^^^^^^^^^^^^^^^^^^^
  File "/Library/Frameworks/Python.framework/Versions/3.14/lib/python3.14/site-packages/requests/sessions.py", line 651, in request
    resp = self.send(prep, **send_kwargs)
  File "/Library/Frameworks/Python.framework/Versions/3.14/lib/python3.14/site-packages/requests/sessions.py", line 784, in send
    r = adapter.send(request, **kwargs)
  File "/Library/Frameworks/Python.framework/Versions/3.14/lib/python3.14/site-packages/requests/adapters.py", line 729, in send
    raise ConnectionError(e, request=request)
requests.exceptions.ConnectionError: HTTPSConnectionPool(host='api.datajuri.com.br', port=443): Max retries exceeded with url: /oauth/token (Caused by NameResolutionError("HTTPSConnection(host='api.datajuri.com.br', port=443): Failed to resolve 'api.datajuri.com.br' ([Errno 8] nodename nor servname provided, or not known)"))
=== 18/08/2026 17:08 ===
Autenticando na API...
Traceback (most recent call last):
  File "/Library/Frameworks/Python.framework/Versions/3.14/lib/python3.14/site-packages/urllib3/connection.py", line 204, in _new_conn
    sock = connection.create_connection(
        (self._dns_host, self.port),
    ...<2 lines>...
        socket_options=self.socket_options,
    )
  File "/Library/Frameworks/Python.framework/Versions/3.14/lib/python3.14/site-packages/urllib3/util/connection.py", line 60, in create_connection
    for res in socket.getaddrinfo(host, port, family, socket.SOCK_STREAM):
               ~~~~~~~~~~~~~~~~~~^^^^^^^^^^^^^^^^^^^^^^^^^^^^^^^^^^^^^^^^
  File "/Library/Frameworks/Python.framework/Versions/3.14/lib/python3.14/socket.py", line 987, in getaddrinfo
    for res in _socket.getaddrinfo(host, port, family, type, proto, flags):
               ~~~~~~~~~~~~~~~~~~~^^^^^^^^^^^^^^^^^^^^^^^^^^^^^^^^^^^^^^^^
socket.gaierror: [Errno 8] nodename nor servname provided, or not known

The above exception was the direct cause of the following exception:

Traceback (most recent call last):
  File "/Library/Frameworks/Python.framework/Versions/3.14/lib/python3.14/site-packages/urllib3/connectionpool.py", line 788, in urlopen
    response = self._make_request(
        conn,
    ...<10 lines>...
        **response_kw,
    )
  File "/Library/Frameworks/Python.framework/Versions/3.14/lib/python3.14/site-packages/urllib3/connectionpool.py", line 488, in _make_request
    raise new_e
  File "/Library/Frameworks/Python.framework/Versions/3.14/lib/python3.14/site-packages/urllib3/connectionpool.py", line 464, in _make_request
    self._validate_conn(conn)
    ~~~~~~~~~~~~~~~~~~~^^^^^^
  File "/Library/Frameworks/Python.framework/Versions/3.14/lib/python3.14/site-packages/urllib3/connectionpool.py", line 1106, in _validate_conn
    conn.connect()
    ~~~~~~~~~~~~^^
  File "/Library/Frameworks/Python.framework/Versions/3.14/lib/python3.14/site-packages/urllib3/connection.py", line 759, in connect
    self.sock = sock = self._new_conn()
                       ~~~~~~~~~~~~~~^^
  File "/Library/Frameworks/Python.framework/Versions/3.14/lib/python3.14/site-packages/urllib3/connection.py", line 211, in _new_conn
    raise NameResolutionError(self.host, self, e) from e
urllib3.exceptions.NameResolutionError: HTTPSConnection(host='api.datajuri.com.br', port=443): Failed to resolve 'api.datajuri.com.br' ([Errno 8] nodename nor servname provided, or not known)

The above exception was the direct cause of the following exception:

Traceback (most recent call last):
  File "/Library/Frameworks/Python.framework/Versions/3.14/lib/python3.14/site-packages/requests/adapters.py", line 696, in send
    resp = conn.urlopen(
        method=request.method,
    ...<9 lines>...
        chunked=chunked,
    )
  File "/Library/Frameworks/Python.framework/Versions/3.14/lib/python3.14/site-packages/urllib3/connectionpool.py", line 842, in urlopen
    retries = retries.increment(
        method, url, error=new_e, _pool=self, _stacktrace=sys.exc_info()[2]
    )
  File "/Library/Frameworks/Python.framework/Versions/3.14/lib/python3.14/site-packages/urllib3/util/retry.py", line 543, in increment
    raise MaxRetryError(_pool, url, reason) from reason  # type: ignore[arg-type]
    ^^^^^^^^^^^^^^^^^^^^^^^^^^^^^^^^^^^^^^^^^^^^^^^^^^^
urllib3.exceptions.MaxRetryError: HTTPSConnectionPool(host='api.datajuri.com.br', port=443): Max retries exceeded with url: /oauth/token (Caused by NameResolutionError("HTTPSConnection(host='api.datajuri.com.br', port=443): Failed to resolve 'api.datajuri.com.br' ([Errno 8] nodename nor servname provided, or not known)"))

During handling of the above exception, another exception occurred:

Traceback (most recent call last):
  File "/Users/victormiranda/Documentos/datajuri/gerar_dashboard_prazos_v13.py", line 1191, in <module>
    registros = carregar_registros()
  File "/Users/victormiranda/Documentos/datajuri/gerar_dashboard_prazos_v13.py", line 86, in carregar_registros
    token = obter_token(creds)
  File "/Users/victormiranda/Documentos/datajuri/gerar_dashboard_prazos_v13.py", line 72, in obter_token
    resp = requests.post(AUTH_URL, headers=headers, data=data, timeout=120)
  File "/Library/Frameworks/Python.framework/Versions/3.14/lib/python3.14/site-packages/requests/api.py", line 134, in post
    return request("post", url, data=data, json=json, **kwargs)
  File "/Library/Frameworks/Python.framework/Versions/3.14/lib/python3.14/site-packages/requests/api.py", line 71, in request
    return session.request(method=method, url=url, **kwargs)
           ~~~~~~~~~~~~~~~^^^^^^^^^^^^^^^^^^^^^^^^^^^^^^^^^^
  File "/Library/Frameworks/Python.framework/Versions/3.14/lib/python3.14/site-packages/requests/sessions.py", line 651, in request
    resp = self.send(prep, **send_kwargs)
  File "/Library/Frameworks/Python.framework/Versions/3.14/lib/python3.14/site-packages/requests/sessions.py", line 784, in send
    r = adapter.send(request, **kwargs)
  File "/Library/Frameworks/Python.framework/Versions/3.14/lib/python3.14/site-packages/requests/adapters.py", line 729, in send
    raise ConnectionError(e, request=request)
requests.exceptions.ConnectionError: HTTPSConnectionPool(host='api.datajuri.com.br', port=443): Max retries exceeded with url: /oauth/token (Caused by NameResolutionError("HTTPSConnection(host='api.datajuri.com.br', port=443): Failed to resolve 'api.datajuri.com.br' ([Errno 8] nodename nor servname provided, or not known)"))
=== 19/08/2026 10:04 ===
Autenticando na API...
Traceback (most recent call last):
  File "/Library/Frameworks/Python.framework/Versions/3.14/lib/python3.14/site-packages/urllib3/connection.py", line 204, in _new_conn
    sock = connection.create_connection(
        (self._dns_host, self.port),
    ...<2 lines>...
        socket_options=self.socket_options,
    )
  File "/Library/Frameworks/Python.framework/Versions/3.14/lib/python3.14/site-packages/urllib3/util/connection.py", line 60, in create_connection
    for res in socket.getaddrinfo(host, port, family, socket.SOCK_STREAM):
               ~~~~~~~~~~~~~~~~~~^^^^^^^^^^^^^^^^^^^^^^^^^^^^^^^^^^^^^^^^
  File "/Library/Frameworks/Python.framework/Versions/3.14/lib/python3.14/socket.py", line 987, in getaddrinfo
    for res in _socket.getaddrinfo(host, port, family, type, proto, flags):
               ~~~~~~~~~~~~~~~~~~~^^^^^^^^^^^^^^^^^^^^^^^^^^^^^^^^^^^^^^^^
socket.gaierror: [Errno 8] nodename nor servname provided, or not known

The above exception was the direct cause of the following exception:

Traceback (most recent call last):
  File "/Library/Frameworks/Python.framework/Versions/3.14/lib/python3.14/site-packages/urllib3/connectionpool.py", line 788, in urlopen
    response = self._make_request(
        conn,
    ...<10 lines>...
        **response_kw,
    )
  File "/Library/Frameworks/Python.framework/Versions/3.14/lib/python3.14/site-packages/urllib3/connectionpool.py", line 488, in _make_request
    raise new_e
  File "/Library/Frameworks/Python.framework/Versions/3.14/lib/python3.14/site-packages/urllib3/connectionpool.py", line 464, in _make_request
    self._validate_conn(conn)
    ~~~~~~~~~~~~~~~~~~~^^^^^^
  File "/Library/Frameworks/Python.framework/Versions/3.14/lib/python3.14/site-packages/urllib3/connectionpool.py", line 1106, in _validate_conn
    conn.connect()
    ~~~~~~~~~~~~^^
  File "/Library/Frameworks/Python.framework/Versions/3.14/lib/python3.14/site-packages/urllib3/connection.py", line 759, in connect
    self.sock = sock = self._new_conn()
                       ~~~~~~~~~~~~~~^^
  File "/Library/Frameworks/Python.framework/Versions/3.14/lib/python3.14/site-packages/urllib3/connection.py", line 211, in _new_conn
    raise NameResolutionError(self.host, self, e) from e
urllib3.exceptions.NameResolutionError: HTTPSConnection(host='api.datajuri.com.br', port=443): Failed to resolve 'api.datajuri.com.br' ([Errno 8] nodename nor servname provided, or not known)

The above exception was the direct cause of the following exception:

Traceback (most recent call last):
  File "/Library/Frameworks/Python.framework/Versions/3.14/lib/python3.14/site-packages/requests/adapters.py", line 696, in send
    resp = conn.urlopen(
        method=request.method,
    ...<9 lines>...
        chunked=chunked,
    )
  File "/Library/Frameworks/Python.framework/Versions/3.14/lib/python3.14/site-packages/urllib3/connectionpool.py", line 842, in urlopen
    retries = retries.increment(
        method, url, error=new_e, _pool=self, _stacktrace=sys.exc_info()[2]
    )
  File "/Library/Frameworks/Python.framework/Versions/3.14/lib/python3.14/site-packages/urllib3/util/retry.py", line 543, in increment
    raise MaxRetryError(_pool, url, reason) from reason  # type: ignore[arg-type]
    ^^^^^^^^^^^^^^^^^^^^^^^^^^^^^^^^^^^^^^^^^^^^^^^^^^^
urllib3.exceptions.MaxRetryError: HTTPSConnectionPool(host='api.datajuri.com.br', port=443): Max retries exceeded with url: /oauth/token (Caused by NameResolutionError("HTTPSConnection(host='api.datajuri.com.br', port=443): Failed to resolve 'api.datajuri.com.br' ([Errno 8] nodename nor servname provided, or not known)"))

During handling of the above exception, another exception occurred:

Traceback (most recent call last):
  File "/Users/victormiranda/Documentos/datajuri/gerar_dashboard_prazos_v13.py", line 1191, in <module>
    registros = carregar_registros()
  File "/Users/victormiranda/Documentos/datajuri/gerar_dashboard_prazos_v13.py", line 86, in carregar_registros
    token = obter_token(creds)
  File "/Users/victormiranda/Documentos/datajuri/gerar_dashboard_prazos_v13.py", line 72, in obter_token
    resp = requests.post(AUTH_URL, headers=headers, data=data, timeout=120)
  File "/Library/Frameworks/Python.framework/Versions/3.14/lib/python3.14/site-packages/requests/api.py", line 134, in post
    return request("post", url, data=data, json=json, **kwargs)
  File "/Library/Frameworks/Python.framework/Versions/3.14/lib/python3.14/site-packages/requests/api.py", line 71, in request
    return session.request(method=method, url=url, **kwargs)
           ~~~~~~~~~~~~~~~^^^^^^^^^^^^^^^^^^^^^^^^^^^^^^^^^^
  File "/Library/Frameworks/Python.framework/Versions/3.14/lib/python3.14/site-packages/requests/sessions.py", line 651, in request
    resp = self.send(prep, **send_kwargs)
  File "/Library/Frameworks/Python.framework/Versions/3.14/lib/python3.14/site-packages/requests/sessions.py", line 784, in send
    r = adapter.send(request, **kwargs)
  File "/Library/Frameworks/Python.framework/Versions/3.14/lib/python3.14/site-packages/requests/adapters.py", line 729, in send
    raise ConnectionError(e, request=request)
requests.exceptions.ConnectionError: HTTPSConnectionPool(host='api.datajuri.com.br', port=443): Max retries exceeded with url: /oauth/token (Caused by NameResolutionError("HTTPSConnection(host='api.datajuri.com.br', port=443): Failed to resolve 'api.datajuri.com.br' ([Errno 8] nodename nor servname provided, or not known)"))
=== 19/08/2026 17:10 ===
Autenticando na API...
Traceback (most recent call last):
  File "/Library/Frameworks/Python.framework/Versions/3.14/lib/python3.14/site-packages/urllib3/connection.py", line 204, in _new_conn
    sock = connection.create_connection(
        (self._dns_host, self.port),
    ...<2 lines>...
        socket_options=self.socket_options,
    )
  File "/Library/Frameworks/Python.framework/Versions/3.14/lib/python3.14/site-packages/urllib3/util/connection.py", line 60, in create_connection
    for res in socket.getaddrinfo(host, port, family, socket.SOCK_STREAM):
               ~~~~~~~~~~~~~~~~~~^^^^^^^^^^^^^^^^^^^^^^^^^^^^^^^^^^^^^^^^
  File "/Library/Frameworks/Python.framework/Versions/3.14/lib/python3.14/socket.py", line 987, in getaddrinfo
    for res in _socket.getaddrinfo(host, port, family, type, proto, flags):
               ~~~~~~~~~~~~~~~~~~~^^^^^^^^^^^^^^^^^^^^^^^^^^^^^^^^^^^^^^^^
socket.gaierror: [Errno 8] nodename nor servname provided, or not known

The above exception was the direct cause of the following exception:

Traceback (most recent call last):
  File "/Library/Frameworks/Python.framework/Versions/3.14/lib/python3.14/site-packages/urllib3/connectionpool.py", line 788, in urlopen
    response = self._make_request(
        conn,
    ...<10 lines>...
        **response_kw,
    )
  File "/Library/Frameworks/Python.framework/Versions/3.14/lib/python3.14/site-packages/urllib3/connectionpool.py", line 488, in _make_request
    raise new_e
  File "/Library/Frameworks/Python.framework/Versions/3.14/lib/python3.14/site-packages/urllib3/connectionpool.py", line 464, in _make_request
    self._validate_conn(conn)
    ~~~~~~~~~~~~~~~~~~~^^^^^^
  File "/Library/Frameworks/Python.framework/Versions/3.14/lib/python3.14/site-packages/urllib3/connectionpool.py", line 1106, in _validate_conn
    conn.connect()
    ~~~~~~~~~~~~^^
  File "/Library/Frameworks/Python.framework/Versions/3.14/lib/python3.14/site-packages/urllib3/connection.py", line 759, in connect
    self.sock = sock = self._new_conn()
                       ~~~~~~~~~~~~~~^^
  File "/Library/Frameworks/Python.framework/Versions/3.14/lib/python3.14/site-packages/urllib3/connection.py", line 211, in _new_conn
    raise NameResolutionError(self.host, self, e) from e
urllib3.exceptions.NameResolutionError: HTTPSConnection(host='api.datajuri.com.br', port=443): Failed to resolve 'api.datajuri.com.br' ([Errno 8] nodename nor servname provided, or not known)

The above exception was the direct cause of the following exception:

Traceback (most recent call last):
  File "/Library/Frameworks/Python.framework/Versions/3.14/lib/python3.14/site-packages/requests/adapters.py", line 696, in send
    resp = conn.urlopen(
        method=request.method,
    ...<9 lines>...
        chunked=chunked,
    )
  File "/Library/Frameworks/Python.framework/Versions/3.14/lib/python3.14/site-packages/urllib3/connectionpool.py", line 842, in urlopen
    retries = retries.increment(
        method, url, error=new_e, _pool=self, _stacktrace=sys.exc_info()[2]
    )
  File "/Library/Frameworks/Python.framework/Versions/3.14/lib/python3.14/site-packages/urllib3/util/retry.py", line 543, in increment
    raise MaxRetryError(_pool, url, reason) from reason  # type: ignore[arg-type]
    ^^^^^^^^^^^^^^^^^^^^^^^^^^^^^^^^^^^^^^^^^^^^^^^^^^^
urllib3.exceptions.MaxRetryError: HTTPSConnectionPool(host='api.datajuri.com.br', port=443): Max retries exceeded with url: /oauth/token (Caused by NameResolutionError("HTTPSConnection(host='api.datajuri.com.br', port=443): Failed to resolve 'api.datajuri.com.br' ([Errno 8] nodename nor servname provided, or not known)"))

During handling of the above exception, another exception occurred:

Traceback (most recent call last):
  File "/Users/victormiranda/Documentos/datajuri/gerar_dashboard_prazos_v13.py", line 1191, in <module>
    registros = carregar_registros()
  File "/Users/victormiranda/Documentos/datajuri/gerar_dashboard_prazos_v13.py", line 86, in carregar_registros
    token = obter_token(creds)
  File "/Users/victormiranda/Documentos/datajuri/gerar_dashboard_prazos_v13.py", line 72, in obter_token
    resp = requests.post(AUTH_URL, headers=headers, data=data, timeout=120)
  File "/Library/Frameworks/Python.framework/Versions/3.14/lib/python3.14/site-packages/requests/api.py", line 134, in post
    return request("post", url, data=data, json=json, **kwargs)
  File "/Library/Frameworks/Python.framework/Versions/3.14/lib/python3.14/site-packages/requests/api.py", line 71, in request
    return session.request(method=method, url=url, **kwargs)
           ~~~~~~~~~~~~~~~^^^^^^^^^^^^^^^^^^^^^^^^^^^^^^^^^^
  File "/Library/Frameworks/Python.framework/Versions/3.14/lib/python3.14/site-packages/requests/sessions.py", line 651, in request
    resp = self.send(prep, **send_kwargs)
  File "/Library/Frameworks/Python.framework/Versions/3.14/lib/python3.14/site-packages/requests/sessions.py", line 784, in send
    r = adapter.send(request, **kwargs)
  File "/Library/Frameworks/Python.framework/Versions/3.14/lib/python3.14/site-packages/requests/adapters.py", line 729, in send
    raise ConnectionError(e, request=request)
requests.exceptions.ConnectionError: HTTPSConnectionPool(host='api.datajuri.com.br', port=443): Max retries exceeded with url: /oauth/token (Caused by NameResolutionError("HTTPSConnection(host='api.datajuri.com.br', port=443): Failed to resolve 'api.datajuri.com.br' ([Errno 8] nodename nor servname provided, or not known)"))
=== 20/08/2026 10:02 ===
Autenticando na API...
Buscando tarefas (prazos)...
  Pagina 1: 100 registros
  Pagina 2: 100 registros
  Pagina 3: 100 registros
  Pagina 4: 100 registros
  Pagina 5: 100 registros
  Pagina 6: 100 registros
  Pagina 7: 100 registros
  Pagina 8: 100 registros
  Pagina 9: 100 registros
  Pagina 10: 100 registros
  Pagina 11: 100 registros
  Pagina 12: 100 registros
  Pagina 13: 100 registros
  Pagina 14: 100 registros
  Pagina 15: 100 registros
  Pagina 16: 100 registros
  Pagina 17: 100 registros
  Pagina 18: 100 registros
  Pagina 19: 100 registros
  Pagina 20: 100 registros
  Pagina 21: 100 registros
  Pagina 22: 100 registros
  Pagina 23: 100 registros
  Pagina 24: 100 registros
  Pagina 25: 100 registros
  Pagina 26: 100 registros
  Pagina 27: 100 registros
  Pagina 28: 100 registros
  Aviso: erro na pagina 29: HTTPSConnectionPool(host='api.datajuri.com.br', port=443): Read timed out.
Total bruto da API: 2800 tarefas
Apos filtro (mes atual em diante): 591 tarefas
Backup salvo em: atividades_datajuri.csv
Carregados 591 registro(s) da API.
Dashboard salvo em: dashboard_prazos.html
Abra esse arquivo no navegador para visualizar.
=== 20/08/2026 17:00 ===
Autenticando na API...
Buscando tarefas (prazos)...
  Pagina 1: 100 registros
  Pagina 2: 100 registros
  Pagina 3: 100 registros
  Pagina 4: 100 registros
  Pagina 5: 100 registros
  Pagina 6: 100 registros
  Pagina 7: 100 registros
  Pagina 8: 100 registros
  Pagina 9: 100 registros
  Pagina 10: 100 registros
  Pagina 11: 100 registros
  Pagina 12: 100 registros
  Pagina 13: 100 registros
  Pagina 14: 100 registros
  Pagina 15: 100 registros
  Pagina 16: 100 registros
  Pagina 17: 100 registros
  Pagina 18: 100 registros
  Pagina 19: 100 registros
  Pagina 20: 100 registros
  Pagina 21: 100 registros
  Pagina 22: 100 registros
  Pagina 23: 100 registros
  Pagina 24: 100 registros
  Pagina 25: 100 registros
  Pagina 26: 100 registros
  Pagina 27: 100 registros
  Pagina 28: 100 registros
  Pagina 29: 100 registros
  Pagina 30: 100 registros
  Pagina 31: 100 registros
  Pagina 32: 100 registros
  Pagina 33: 100 registros
  Pagina 34: 100 registros
  Pagina 35: 100 registros
  Pagina 36: 100 registros
  Pagina 37: 100 registros
  Pagina 38: 100 registros
  Pagina 39: 100 registros
  Pagina 40: 100 registros
  Pagina 41: 100 registros
  Pagina 42: 100 registros
  Pagina 43: 100 registros
  Pagina 44: 100 registros
  Pagina 45: 100 registros
  Pagina 46: 100 registros
  Pagina 47: 100 registros
  Pagina 48: 100 registros
  Pagina 49: 100 registros
  Pagina 50: 100 registros
  Pagina 51: 100 registros
  Pagina 52: 100 registros
  Pagina 53: 100 registros
  Pagina 54: 100 registros
  Pagina 55: 100 registros
  Pagina 56: 100 registros
  Pagina 57: 100 registros
  Pagina 58: 100 registros
  Pagina 59: 100 registros
  Pagina 60: 100 registros
  Pagina 61: 100 registros
  Pagina 62: 100 registros
  Pagina 63: 100 registros
  Pagina 64: 100 registros
  Pagina 65: 100 registros
  Pagina 66: 100 registros
  Pagina 67: 100 registros
  Pagina 68: 100 registros
  Pagina 69: 100 registros
  Pagina 70: 100 registros
  Pagina 71: 100 registros
  Pagina 72: 100 registros
  Pagina 73: 100 registros
  Pagina 74: 100 registros
  Pagina 75: 100 registros
  Pagina 76: 100 registros
  Pagina 77: 100 registros
  Pagina 78: 100 registros
  Pagina 79: 100 registros
  Pagina 80: 100 registros
  Pagina 81: 100 registros
  Pagina 82: 100 registros
  Pagina 83: 100 registros
  Pagina 84: 100 registros
  Pagina 85: 100 registros
  Pagina 86: 100 registros
  Pagina 87: 100 registros
  Pagina 88: 100 registros
  Pagina 89: 100 registros
  Pagina 90: 100 registros
  Pagina 91: 100 registros
  Pagina 92: 100 registros
  Pagina 93: 100 registros
  Pagina 94: 100 registros
  Pagina 95: 100 registros
  Pagina 96: 100 registros
  Pagina 97: 100 registros
  Pagina 98: 100 registros
  Pagina 99: 100 registros
  Pagina 100: 100 registros
  Pagina 101: 100 registros
  Pagina 102: 100 registros
  Pagina 103: 100 registros
  Pagina 104: 100 registros
  Pagina 105: 100 registros
  Pagina 106: 100 registros
  Pagina 107: 100 registros
  Pagina 108: 100 registros
  Pagina 109: 100 registros
  Pagina 110: 100 registros
  Pagina 111: 100 registros
  Pagina 112: 100 registros
  Pagina 113: 100 registros
  Pagina 114: 100 registros
  Pagina 115: 100 registros
  Pagina 116: 100 registros
  Pagina 117: 100 registros
  Pagina 118: 100 registros
  Pagina 119: 100 registros
  Pagina 120: 100 registros
  Pagina 121: 100 registros
  Pagina 122: 100 registros
  Pagina 123: 100 registros
  Pagina 124: 100 registros
  Pagina 125: 100 registros
  Pagina 126: 100 registros
  Pagina 127: 100 registros
  Pagina 128: 100 registros
  Pagina 129: 100 registros
  Pagina 130: 100 registros
  Pagina 131: 100 registros
  Pagina 132: 100 registros
  Pagina 133: 100 registros
  Pagina 134: 100 registros
  Pagina 135: 100 registros
  Pagina 136: 100 registros
  Pagina 137: 100 registros
  Pagina 138: 100 registros
  Pagina 139: 100 registros
  Pagina 140: 100 registros
  Pagina 141: 100 registros
  Pagina 142: 100 registros
  Pagina 143: 100 registros
  Pagina 144: 100 registros
  Pagina 145: 100 registros
  Pagina 146: 100 registros
  Pagina 147: 100 registros
  Pagina 148: 100 registros
  Pagina 149: 100 registros
  Pagina 150: 100 registros
  Pagina 151: 100 registros
  Pagina 152: 100 registros
  Pagina 153: 100 registros
  Pagina 154: 100 registros
  Pagina 155: 100 registros
  Pagina 156: 100 registros
  Pagina 157: 100 registros
  Pagina 158: 100 registros
  Pagina 159: 100 registros
  Pagina 160: 100 registros
  Pagina 161: 100 registros
  Pagina 162: 100 registros
  Pagina 163: 100 registros
  Pagina 164: 100 registros
  Pagina 165: 100 registros
  Pagina 166: 100 registros
  Pagina 167: 100 registros
  Pagina 168: 100 registros
  Pagina 169: 100 registros
  Pagina 170: 100 registros
  Pagina 171: 100 registros
  Pagina 172: 100 registros
  Pagina 173: 100 registros
  Pagina 174: 100 registros
  Pagina 175: 100 registros
  Pagina 176: 100 registros
  Pagina 177: 100 registros
  Pagina 178: 100 registros
  Pagina 179: 100 registros
  Pagina 180: 100 registros
  Pagina 181: 100 registros
  Pagina 182: 100 registros
  Pagina 183: 100 registros
  Pagina 184: 100 registros
  Pagina 185: 100 registros
  Pagina 186: 100 registros
  Pagina 187: 100 registros
  Pagina 188: 100 registros
  Pagina 189: 100 registros
  Pagina 190: 100 registros
  Pagina 191: 100 registros
  Pagina 192: 100 registros
  Pagina 193: 100 registros
  Pagina 194: 100 registros
  Pagina 195: 100 registros
  Pagina 196: 100 registros
  Pagina 197: 100 registros
  Pagina 198: 100 registros
  Pagina 199: 100 registros
  Pagina 200: 100 registros
  Pagina 201: 100 registros
  Pagina 202: 100 registros
  Pagina 203: 100 registros
  Pagina 204: 100 registros
  Pagina 205: 100 registros
  Pagina 206: 100 registros
  Pagina 207: 100 registros
  Pagina 208: 100 registros
  Pagina 209: 100 registros
  Pagina 210: 100 registros
  Pagina 211: 100 registros
  Pagina 212: 100 registros
  Pagina 213: 100 registros
  Pagina 214: 100 registros
  Pagina 215: 100 registros
  Pagina 216: 100 registros
  Pagina 217: 100 registros
  Pagina 218: 100 registros
  Pagina 219: 100 registros
  Pagina 220: 100 registros
  Pagina 221: 100 registros
  Pagina 222: 100 registros
  Pagina 223: 100 registros
  Pagina 224: 100 registros
  Pagina 225: 100 registros
  Pagina 226: 100 registros
  Pagina 227: 100 registros
  Pagina 228: 100 registros
  Pagina 229: 100 registros
  Pagina 230: 100 registros
  Pagina 231: 100 registros
  Pagina 232: 100 registros
  Pagina 233: 100 registros
  Pagina 234: 100 registros
  Pagina 235: 100 registros
  Pagina 236: 100 registros
  Pagina 237: 43 registros
Total bruto da API: 23643 tarefas
Apos filtro (mes atual em diante): 717 tarefas
Backup salvo em: atividades_datajuri.csv
Carregados 717 registro(s) da API.
Dashboard salvo em: dashboard_prazos.html
Abra esse arquivo no navegador para visualizar.
=== 21/08/2026 10:06 ===
Autenticando na API...
Buscando tarefas (prazos)...
  Pagina 1: 100 registros
  Pagina 2: 100 registros
  Pagina 3: 100 registros
  Pagina 4: 100 registros
  Pagina 5: 100 registros
  Pagina 6: 100 registros
  Pagina 7: 100 registros
  Pagina 8: 100 registros
  Pagina 9: 100 registros
  Pagina 10: 100 registros
  Pagina 11: 100 registros
  Pagina 12: 100 registros
  Pagina 13: 100 registros
  Pagina 14: 100 registros
  Pagina 15: 100 registros
  Pagina 16: 100 registros
  Pagina 17: 100 registros
  Pagina 18: 100 registros
  Pagina 19: 100 registros
  Pagina 20: 100 registros
  Pagina 21: 100 registros
  Pagina 22: 100 registros
  Pagina 23: 100 registros
  Pagina 24: 100 registros
  Pagina 25: 100 registros
  Pagina 26: 100 registros
  Pagina 27: 100 registros
  Pagina 28: 100 registros
  Pagina 29: 100 registros
  Pagina 30: 100 registros
  Pagina 31: 100 registros
  Pagina 32: 100 registros
  Pagina 33: 100 registros
  Pagina 34: 100 registros
  Pagina 35: 100 registros
  Pagina 36: 100 registros
  Pagina 37: 100 registros
  Pagina 38: 100 registros
  Pagina 39: 100 registros
  Pagina 40: 100 registros
  Pagina 41: 100 registros
  Pagina 42: 100 registros
  Pagina 43: 100 registros
  Pagina 44: 100 registros
  Pagina 45: 100 registros
  Pagina 46: 100 registros
  Pagina 47: 100 registros
  Pagina 48: 100 registros
  Pagina 49: 100 registros
  Pagina 50: 100 registros
  Pagina 51: 100 registros
  Pagina 52: 100 registros
  Pagina 53: 100 registros
  Pagina 54: 100 registros
  Pagina 55: 100 registros
  Pagina 56: 100 registros
  Pagina 57: 100 registros
  Pagina 58: 100 registros
  Pagina 59: 100 registros
  Pagina 60: 100 registros
  Pagina 61: 100 registros
  Pagina 62: 100 registros
  Pagina 63: 100 registros
  Pagina 64: 100 registros
  Pagina 65: 100 registros
  Pagina 66: 100 registros
  Pagina 67: 100 registros
  Pagina 68: 100 registros
  Pagina 69: 100 registros
  Pagina 70: 100 registros
  Pagina 71: 100 registros
  Pagina 72: 100 registros
  Pagina 73: 100 registros
  Pagina 74: 100 registros
  Pagina 75: 100 registros
  Pagina 76: 100 registros
  Pagina 77: 100 registros
  Pagina 78: 100 registros
  Pagina 79: 100 registros
  Pagina 80: 100 registros
  Pagina 81: 100 registros
  Pagina 82: 100 registros
  Pagina 83: 100 registros
  Pagina 84: 100 registros
  Pagina 85: 100 registros
  Pagina 86: 100 registros
  Pagina 87: 100 registros
  Pagina 88: 100 registros
  Pagina 89: 100 registros
  Pagina 90: 100 registros
  Pagina 91: 100 registros
  Pagina 92: 100 registros
  Pagina 93: 100 registros
  Pagina 94: 100 registros
  Pagina 95: 100 registros
  Pagina 96: 100 registros
  Pagina 97: 100 registros
  Pagina 98: 100 registros
  Pagina 99: 100 registros
  Pagina 100: 100 registros
  Pagina 101: 100 registros
  Pagina 102: 100 registros
  Pagina 103: 100 registros
  Pagina 104: 100 registros
  Pagina 105: 100 registros
  Pagina 106: 100 registros
  Pagina 107: 100 registros
  Pagina 108: 100 registros
  Pagina 109: 100 registros
  Pagina 110: 100 registros
  Pagina 111: 100 registros
  Pagina 112: 100 registros
  Pagina 113: 100 registros
  Pagina 114: 100 registros
  Pagina 115: 100 registros
  Pagina 116: 100 registros
  Pagina 117: 100 registros
  Pagina 118: 100 registros
  Pagina 119: 100 registros
  Pagina 120: 100 registros
  Pagina 121: 100 registros
  Pagina 122: 100 registros
  Pagina 123: 100 registros
  Pagina 124: 100 registros
  Pagina 125: 100 registros
  Pagina 126: 100 registros
  Pagina 127: 100 registros
  Pagina 128: 100 registros
  Pagina 129: 100 registros
  Pagina 130: 100 registros
  Pagina 131: 100 registros
  Pagina 132: 100 registros
  Pagina 133: 100 registros
  Pagina 134: 100 registros
  Pagina 135: 100 registros
  Pagina 136: 100 registros
  Pagina 137: 100 registros
  Pagina 138: 100 registros
  Pagina 139: 100 registros
  Pagina 140: 100 registros
  Pagina 141: 100 registros
  Pagina 142: 100 registros
  Pagina 143: 100 registros
  Pagina 144: 100 registros
  Pagina 145: 100 registros
  Pagina 146: 100 registros
  Pagina 147: 100 registros
  Pagina 148: 100 registros
  Pagina 149: 100 registros
  Pagina 150: 100 registros
  Pagina 151: 100 registros
  Pagina 152: 100 registros
  Pagina 153: 100 registros
  Pagina 154: 100 registros
  Pagina 155: 100 registros
  Pagina 156: 100 registros
  Pagina 157: 100 registros
  Pagina 158: 100 registros
  Pagina 159: 100 registros
  Pagina 160: 100 registros
  Pagina 161: 100 registros
  Pagina 162: 100 registros
  Pagina 163: 100 registros
  Pagina 164: 100 registros
  Pagina 165: 100 registros
  Pagina 166: 100 registros
  Pagina 167: 100 registros
  Pagina 168: 100 registros
  Pagina 169: 100 registros
  Pagina 170: 100 registros
  Pagina 171: 100 registros
  Pagina 172: 100 registros
  Pagina 173: 100 registros
  Pagina 174: 100 registros
  Pagina 175: 100 registros
  Pagina 176: 100 registros
  Pagina 177: 100 registros
  Pagina 178: 100 registros
  Pagina 179: 100 registros
  Pagina 180: 100 registros
  Pagina 181: 100 registros
  Pagina 182: 100 registros
  Pagina 183: 100 registros
  Pagina 184: 100 registros
  Pagina 185: 100 registros
  Pagina 186: 100 registros
  Pagina 187: 100 registros
  Pagina 188: 100 registros
  Pagina 189: 100 registros
  Pagina 190: 100 registros
  Pagina 191: 100 registros
  Pagina 192: 100 registros
  Pagina 193: 100 registros
  Pagina 194: 100 registros
  Pagina 195: 100 registros
  Pagina 196: 100 registros
  Pagina 197: 100 registros
  Pagina 198: 100 registros
  Pagina 199: 100 registros
  Pagina 200: 100 registros
  Pagina 201: 100 registros
  Pagina 202: 100 registros
  Pagina 203: 100 registros
  Pagina 204: 100 registros
  Pagina 205: 100 registros
  Pagina 206: 100 registros
  Pagina 207: 100 registros
  Pagina 208: 100 registros
  Pagina 209: 100 registros
  Pagina 210: 100 registros
  Pagina 211: 100 registros
  Pagina 212: 100 registros
  Pagina 213: 100 registros
  Pagina 214: 100 registros
  Pagina 215: 100 registros
  Pagina 216: 100 registros
  Pagina 217: 100 registros
  Pagina 218: 100 registros
  Pagina 219: 100 registros
  Pagina 220: 100 registros
  Pagina 221: 100 registros
  Pagina 222: 100 registros
  Pagina 223: 100 registros
  Pagina 224: 100 registros
  Pagina 225: 100 registros
  Pagina 226: 100 registros
  Pagina 227: 100 registros
  Pagina 228: 100 registros
  Pagina 229: 100 registros
  Pagina 230: 100 registros
  Pagina 231: 100 registros
  Pagina 232: 100 registros
  Pagina 233: 100 registros
  Pagina 234: 100 registros
  Pagina 235: 100 registros
  Pagina 236: 100 registros
  Pagina 237: 58 registros
Total bruto da API: 23658 tarefas
Apos filtro (mes atual em diante): 731 tarefas
Backup salvo em: atividades_datajuri.csv
Carregados 731 registro(s) da API.
Dashboard salvo em: dashboard_prazos.html
Abra esse arquivo no navegador para visualizar.
=== 21/08/2026 17:02 ===
Autenticando na API...
Buscando tarefas (prazos)...
  Pagina 1: 100 registros
  Pagina 2: 100 registros
  Pagina 3: 100 registros
  Pagina 4: 100 registros
  Pagina 5: 100 registros
  Pagina 6: 100 registros
  Pagina 7: 100 registros
  Pagina 8: 100 registros
  Pagina 9: 100 registros
  Pagina 10: 100 registros
  Pagina 11: 100 registros
  Pagina 12: 100 registros
  Pagina 13: 100 registros
  Pagina 14: 100 registros
  Pagina 15: 100 registros
  Pagina 16: 100 registros
  Pagina 17: 100 registros
  Pagina 18: 100 registros
  Pagina 19: 100 registros
  Pagina 20: 100 registros
  Pagina 21: 100 registros
  Pagina 22: 100 registros
  Pagina 23: 100 registros
  Pagina 24: 100 registros
  Pagina 25: 100 registros
  Pagina 26: 100 registros
  Pagina 27: 100 registros
  Pagina 28: 100 registros
  Pagina 29: 100 registros
  Pagina 30: 100 registros
  Pagina 31: 100 registros
  Pagina 32: 100 registros
  Pagina 33: 100 registros
  Pagina 34: 100 registros
  Pagina 35: 100 registros
  Pagina 36: 100 registros
  Pagina 37: 100 registros
  Pagina 38: 100 registros
  Pagina 39: 100 registros
  Pagina 40: 100 registros
  Pagina 41: 100 registros
  Pagina 42: 100 registros
  Pagina 43: 100 registros
  Pagina 44: 100 registros
  Pagina 45: 100 registros
  Pagina 46: 100 registros
  Pagina 47: 100 registros
  Pagina 48: 100 registros
  Pagina 49: 100 registros
  Pagina 50: 100 registros
  Pagina 51: 100 registros
  Pagina 52: 100 registros
  Pagina 53: 100 registros
  Pagina 54: 100 registros
  Pagina 55: 100 registros
  Pagina 56: 100 registros
  Pagina 57: 100 registros
  Pagina 58: 100 registros
  Pagina 59: 100 registros
  Pagina 60: 100 registros
  Pagina 61: 100 registros
  Pagina 62: 100 registros
  Pagina 63: 100 registros
  Pagina 64: 100 registros
  Pagina 65: 100 registros
  Pagina 66: 100 registros
  Pagina 67: 100 registros
  Pagina 68: 100 registros
  Pagina 69: 100 registros
  Pagina 70: 100 registros
  Pagina 71: 100 registros
  Pagina 72: 100 registros
  Pagina 73: 100 registros
  Pagina 74: 100 registros
  Pagina 75: 100 registros
  Pagina 76: 100 registros
  Pagina 77: 100 registros
  Pagina 78: 100 registros
  Pagina 79: 100 registros
  Pagina 80: 100 registros
  Pagina 81: 100 registros
  Pagina 82: 100 registros
  Pagina 83: 100 registros
  Pagina 84: 100 registros
  Pagina 85: 100 registros
  Pagina 86: 100 registros
  Pagina 87: 100 registros
  Pagina 88: 100 registros
  Pagina 89: 100 registros
  Pagina 90: 100 registros
  Pagina 91: 100 registros
  Pagina 92: 100 registros
  Pagina 93: 100 registros
  Pagina 94: 100 registros
  Pagina 95: 100 registros
  Pagina 96: 100 registros
  Pagina 97: 100 registros
  Pagina 98: 100 registros
  Pagina 99: 100 registros
  Pagina 100: 100 registros
  Pagina 101: 100 registros
  Pagina 102: 100 registros
  Pagina 103: 100 registros
  Pagina 104: 100 registros
  Pagina 105: 100 registros
  Pagina 106: 100 registros
  Pagina 107: 100 registros
  Pagina 108: 100 registros
  Pagina 109: 100 registros
  Pagina 110: 100 registros
  Pagina 111: 100 registros
  Pagina 112: 100 registros
  Pagina 113: 100 registros
  Pagina 114: 100 registros
  Pagina 115: 100 registros
  Pagina 116: 100 registros
  Pagina 117: 100 registros
  Pagina 118: 100 registros
  Pagina 119: 100 registros
  Pagina 120: 100 registros
  Pagina 121: 100 registros
  Pagina 122: 100 registros
  Pagina 123: 100 registros
  Pagina 124: 100 registros
  Pagina 125: 100 registros
  Pagina 126: 100 registros
  Pagina 127: 100 registros
  Pagina 128: 100 registros
  Pagina 129: 100 registros
  Pagina 130: 100 registros
  Pagina 131: 100 registros
  Pagina 132: 100 registros
  Pagina 133: 100 registros
  Pagina 134: 100 registros
  Pagina 135: 100 registros
  Pagina 136: 100 registros
  Pagina 137: 100 registros
  Pagina 138: 100 registros
  Pagina 139: 100 registros
  Pagina 140: 100 registros
  Pagina 141: 100 registros
  Pagina 142: 100 registros
  Pagina 143: 100 registros
  Pagina 144: 100 registros
  Pagina 145: 100 registros
  Pagina 146: 100 registros
  Pagina 147: 100 registros
  Pagina 148: 100 registros
  Pagina 149: 100 registros
  Pagina 150: 100 registros
  Pagina 151: 100 registros
  Pagina 152: 100 registros
  Pagina 153: 100 registros
  Pagina 154: 100 registros
  Pagina 155: 100 registros
  Pagina 156: 100 registros
  Pagina 157: 100 registros
  Pagina 158: 100 registros
  Pagina 159: 100 registros
  Pagina 160: 100 registros
  Pagina 161: 100 registros
  Pagina 162: 100 registros
  Pagina 163: 100 registros
  Pagina 164: 100 registros
  Pagina 165: 100 registros
  Pagina 166: 100 registros
  Pagina 167: 100 registros
  Pagina 168: 100 registros
  Pagina 169: 100 registros
  Pagina 170: 100 registros
  Pagina 171: 100 registros
  Pagina 172: 100 registros
  Pagina 173: 100 registros
  Pagina 174: 100 registros
  Pagina 175: 100 registros
  Pagina 176: 100 registros
  Pagina 177: 100 registros
  Pagina 178: 100 registros
  Pagina 179: 100 registros
  Pagina 180: 100 registros
  Pagina 181: 100 registros
  Pagina 182: 100 registros
  Pagina 183: 100 registros
  Pagina 184: 100 registros
  Pagina 185: 100 registros
  Pagina 186: 100 registros
  Pagina 187: 100 registros
  Pagina 188: 100 registros
  Pagina 189: 100 registros
  Pagina 190: 100 registros
  Pagina 191: 100 registros
  Pagina 192: 100 registros
  Pagina 193: 100 registros
  Pagina 194: 100 registros
  Pagina 195: 100 registros
  Pagina 196: 100 registros
  Pagina 197: 100 registros
  Pagina 198: 100 registros
  Pagina 199: 100 registros
  Pagina 200: 100 registros
  Pagina 201: 100 registros
  Pagina 202: 100 registros
  Pagina 203: 100 registros
  Pagina 204: 100 registros
  Pagina 205: 100 registros
  Pagina 206: 100 registros
  Pagina 207: 100 registros
  Pagina 208: 100 registros
  Pagina 209: 100 registros
  Pagina 210: 100 registros
  Pagina 211: 100 registros
  Pagina 212: 100 registros
  Pagina 213: 100 registros
  Pagina 214: 100 registros
  Pagina 215: 100 registros
  Pagina 216: 100 registros
  Pagina 217: 100 registros
  Pagina 218: 100 registros
  Pagina 219: 100 registros
  Pagina 220: 100 registros
  Pagina 221: 100 registros
  Pagina 222: 100 registros
  Pagina 223: 100 registros
  Pagina 224: 100 registros
  Pagina 225: 100 registros
  Pagina 226: 100 registros
  Pagina 227: 100 registros
  Pagina 228: 100 registros
  Pagina 229: 100 registros
  Pagina 230: 100 registros
  Pagina 231: 100 registros
  Pagina 232: 100 registros
  Pagina 233: 100 registros
  Pagina 234: 100 registros
  Pagina 235: 100 registros
  Pagina 236: 100 registros
  Pagina 237: 100 registros
  Pagina 238: 8 registros
Total bruto da API: 23708 tarefas
Apos filtro (mes atual em diante): 780 tarefas
Backup salvo em: atividades_datajuri.csv
Carregados 780 registro(s) da API.
Dashboard salvo em: dashboard_prazos.html
Abra esse arquivo no navegador para visualizar.
=== 22/08/2026 10:00 ===
Autenticando na API...
Buscando tarefas (prazos)...
  Pagina 1: 100 registros
  Pagina 2: 100 registros
  Pagina 3: 100 registros
  Pagina 4: 100 registros
  Pagina 5: 100 registros
  Pagina 6: 100 registros
  Pagina 7: 100 registros
  Pagina 8: 100 registros
  Pagina 9: 100 registros
  Pagina 10: 100 registros
  Pagina 11: 100 registros
  Pagina 12: 100 registros
  Pagina 13: 100 registros
  Pagina 14: 100 registros
  Pagina 15: 100 registros
  Pagina 16: 100 registros
  Pagina 17: 100 registros
  Pagina 18: 100 registros
  Pagina 19: 100 registros
  Pagina 20: 100 registros
  Pagina 21: 100 registros
  Pagina 22: 100 registros
  Pagina 23: 100 registros
  Pagina 24: 100 registros
  Pagina 25: 100 registros
  Pagina 26: 100 registros
  Pagina 27: 100 registros
  Pagina 28: 100 registros
  Pagina 29: 100 registros
  Pagina 30: 100 registros
  Pagina 31: 100 registros
  Pagina 32: 100 registros
  Pagina 33: 100 registros
  Pagina 34: 100 registros
  Pagina 35: 100 registros
  Pagina 36: 100 registros
  Pagina 37: 100 registros
  Pagina 38: 100 registros
  Pagina 39: 100 registros
  Pagina 40: 100 registros
  Pagina 41: 100 registros
  Pagina 42: 100 registros
  Pagina 43: 100 registros
  Pagina 44: 100 registros
  Pagina 45: 100 registros
  Pagina 46: 100 registros
  Pagina 47: 100 registros
  Pagina 48: 100 registros
  Pagina 49: 100 registros
  Pagina 50: 100 registros
  Pagina 51: 100 registros
  Pagina 52: 100 registros
  Pagina 53: 100 registros
  Pagina 54: 100 registros
  Pagina 55: 100 registros
  Pagina 56: 100 registros
  Pagina 57: 100 registros
  Pagina 58: 100 registros
  Pagina 59: 100 registros
  Pagina 60: 100 registros
  Pagina 61: 100 registros
  Pagina 62: 100 registros
  Pagina 63: 100 registros
  Pagina 64: 100 registros
  Pagina 65: 100 registros
  Pagina 66: 100 registros
  Pagina 67: 100 registros
  Pagina 68: 100 registros
  Pagina 69: 100 registros
  Pagina 70: 100 registros
  Pagina 71: 100 registros
  Pagina 72: 100 registros
  Pagina 73: 100 registros
  Pagina 74: 100 registros
  Pagina 75: 100 registros
  Pagina 76: 100 registros
  Pagina 77: 100 registros
  Pagina 78: 100 registros
  Pagina 79: 100 registros
  Pagina 80: 100 registros
  Pagina 81: 100 registros
  Pagina 82: 100 registros
  Pagina 83: 100 registros
  Pagina 84: 100 registros
  Pagina 85: 100 registros
  Pagina 86: 100 registros
  Pagina 87: 100 registros
  Pagina 88: 100 registros
  Pagina 89: 100 registros
  Pagina 90: 100 registros
  Pagina 91: 100 registros
  Pagina 92: 100 registros
  Pagina 93: 100 registros
  Pagina 94: 100 registros
  Pagina 95: 100 registros
  Pagina 96: 100 registros
  Pagina 97: 100 registros
  Pagina 98: 100 registros
  Pagina 99: 100 registros
  Pagina 100: 100 registros
  Pagina 101: 100 registros
  Pagina 102: 100 registros
  Pagina 103: 100 registros
  Pagina 104: 100 registros
  Pagina 105: 100 registros
  Pagina 106: 100 registros
  Pagina 107: 100 registros
  Pagina 108: 100 registros
  Pagina 109: 100 registros
  Pagina 110: 100 registros
  Pagina 111: 100 registros
  Pagina 112: 100 registros
  Pagina 113: 100 registros
  Pagina 114: 100 registros
  Pagina 115: 100 registros
  Pagina 116: 100 registros
  Pagina 117: 100 registros
  Pagina 118: 100 registros
  Pagina 119: 100 registros
  Pagina 120: 100 registros
  Pagina 121: 100 registros
  Pagina 122: 100 registros
  Pagina 123: 100 registros
  Pagina 124: 100 registros
  Pagina 125: 100 registros
  Pagina 126: 100 registros
  Pagina 127: 100 registros
  Pagina 128: 100 registros
  Pagina 129: 100 registros
  Pagina 130: 100 registros
  Pagina 131: 100 registros
  Pagina 132: 100 registros
  Pagina 133: 100 registros
  Pagina 134: 100 registros
  Pagina 135: 100 registros
  Pagina 136: 100 registros
  Pagina 137: 100 registros
  Pagina 138: 100 registros
  Pagina 139: 100 registros
  Pagina 140: 100 registros
  Pagina 141: 100 registros
  Pagina 142: 100 registros
  Pagina 143: 100 registros
  Pagina 144: 100 registros
  Pagina 145: 100 registros
  Pagina 146: 100 registros
  Pagina 147: 100 registros
  Pagina 148: 100 registros
  Pagina 149: 100 registros
  Pagina 150: 100 registros
  Pagina 151: 100 registros
  Pagina 152: 100 registros
  Pagina 153: 100 registros
  Pagina 154: 100 registros
  Pagina 155: 100 registros
  Pagina 156: 100 registros
  Pagina 157: 100 registros
  Pagina 158: 100 registros
  Pagina 159: 100 registros
  Pagina 160: 100 registros
  Pagina 161: 100 registros
  Pagina 162: 100 registros
  Pagina 163: 100 registros
  Pagina 164: 100 registros
  Pagina 165: 100 registros
  Pagina 166: 100 registros
  Pagina 167: 100 registros
  Pagina 168: 100 registros
  Pagina 169: 100 registros
  Pagina 170: 100 registros
  Pagina 171: 100 registros
  Pagina 172: 100 registros
  Pagina 173: 100 registros
  Pagina 174: 100 registros
  Pagina 175: 100 registros
  Pagina 176: 100 registros
  Pagina 177: 100 registros
  Pagina 178: 100 registros
  Pagina 179: 100 registros
  Pagina 180: 100 registros
  Pagina 181: 100 registros
  Pagina 182: 100 registros
  Pagina 183: 100 registros
  Pagina 184: 100 registros
  Pagina 185: 100 registros
  Pagina 186: 100 registros
  Pagina 187: 100 registros
  Pagina 188: 100 registros
  Pagina 189: 100 registros
  Pagina 190: 100 registros
  Pagina 191: 100 registros
  Pagina 192: 100 registros
  Pagina 193: 100 registros
  Pagina 194: 100 registros
  Pagina 195: 100 registros
  Pagina 196: 100 registros
  Pagina 197: 100 registros
  Pagina 198: 100 registros
  Pagina 199: 100 registros
  Pagina 200: 100 registros
  Pagina 201: 100 registros
  Pagina 202: 100 registros
  Pagina 203: 100 registros
  Pagina 204: 100 registros
  Pagina 205: 100 registros
  Pagina 206: 100 registros
  Pagina 207: 100 registros
  Pagina 208: 100 registros
  Pagina 209: 100 registros
  Pagina 210: 100 registros
  Pagina 211: 100 registros
  Pagina 212: 100 registros
  Pagina 213: 100 registros
  Pagina 214: 100 registros
  Pagina 215: 100 registros
  Pagina 216: 100 registros
  Pagina 217: 100 registros
  Pagina 218: 100 registros
  Pagina 219: 100 registros
  Pagina 220: 100 registros
  Pagina 221: 100 registros
  Pagina 222: 100 registros
  Pagina 223: 100 registros
  Pagina 224: 100 registros
  Pagina 225: 100 registros
  Pagina 226: 100 registros
  Pagina 227: 100 registros
  Pagina 228: 100 registros
  Pagina 229: 100 registros
  Pagina 230: 100 registros
  Pagina 231: 100 registros
  Pagina 232: 100 registros
  Pagina 233: 100 registros
  Pagina 234: 100 registros
  Pagina 235: 100 registros
  Pagina 236: 100 registros
  Pagina 237: 100 registros
  Pagina 238: 9 registros
Total bruto da API: 23709 tarefas
Apos filtro (mes atual em diante): 781 tarefas
Backup salvo em: atividades_datajuri.csv
Carregados 781 registro(s) da API.
Dashboard salvo em: dashboard_prazos.html
Abra esse arquivo no navegador para visualizar.
=== 22/08/2026 17:00 ===
Autenticando na API...
Buscando tarefas (prazos)...
  Pagina 1: 100 registros
  Pagina 2: 100 registros
  Pagina 3: 100 registros
  Pagina 4: 100 registros
  Pagina 5: 100 registros
  Pagina 6: 100 registros
  Pagina 7: 100 registros
  Pagina 8: 100 registros
  Pagina 9: 100 registros
  Pagina 10: 100 registros
  Pagina 11: 100 registros
  Pagina 12: 100 registros
  Pagina 13: 100 registros
  Pagina 14: 100 registros
  Pagina 15: 100 registros
  Pagina 16: 100 registros
  Pagina 17: 100 registros
  Pagina 18: 100 registros
  Pagina 19: 100 registros
  Pagina 20: 100 registros
  Pagina 21: 100 registros
  Pagina 22: 100 registros
  Pagina 23: 100 registros
  Pagina 24: 100 registros
  Pagina 25: 100 registros
  Pagina 26: 100 registros
  Pagina 27: 100 registros
  Pagina 28: 100 registros
  Pagina 29: 100 registros
  Pagina 30: 100 registros
  Pagina 31: 100 registros
  Pagina 32: 100 registros
  Pagina 33: 100 registros
  Pagina 34: 100 registros
  Pagina 35: 100 registros
  Pagina 36: 100 registros
  Pagina 37: 100 registros
  Pagina 38: 100 registros
  Pagina 39: 100 registros
  Pagina 40: 100 registros
  Pagina 41: 100 registros
  Pagina 42: 100 registros
  Pagina 43: 100 registros
  Pagina 44: 100 registros
  Pagina 45: 100 registros
  Pagina 46: 100 registros
  Pagina 47: 100 registros
  Pagina 48: 100 registros
  Pagina 49: 100 registros
  Pagina 50: 100 registros
  Pagina 51: 100 registros
  Pagina 52: 100 registros
  Pagina 53: 100 registros
  Pagina 54: 100 registros
  Pagina 55: 100 registros
  Pagina 56: 100 registros
  Pagina 57: 100 registros
  Pagina 58: 100 registros
  Pagina 59: 100 registros
  Pagina 60: 100 registros
  Pagina 61: 100 registros
  Pagina 62: 100 registros
  Pagina 63: 100 registros
  Pagina 64: 100 registros
  Pagina 65: 100 registros
  Pagina 66: 100 registros
  Pagina 67: 100 registros
  Pagina 68: 100 registros
  Pagina 69: 100 registros
  Pagina 70: 100 registros
  Pagina 71: 100 registros
  Pagina 72: 100 registros
  Pagina 73: 100 registros
  Pagina 74: 100 registros
  Pagina 75: 100 registros
  Pagina 76: 100 registros
  Pagina 77: 100 registros
  Pagina 78: 100 registros
  Pagina 79: 100 registros
  Pagina 80: 100 registros
  Pagina 81: 100 registros
  Pagina 82: 100 registros
  Pagina 83: 100 registros
  Pagina 84: 100 registros
  Pagina 85: 100 registros
  Pagina 86: 100 registros
  Pagina 87: 100 registros
  Pagina 88: 100 registros
  Pagina 89: 100 registros
  Pagina 90: 100 registros
  Pagina 91: 100 registros
  Pagina 92: 100 registros
  Pagina 93: 100 registros
  Pagina 94: 100 registros
  Pagina 95: 100 registros
  Pagina 96: 100 registros
  Pagina 97: 100 registros
  Pagina 98: 100 registros
  Pagina 99: 100 registros
  Pagina 100: 100 registros
  Pagina 101: 100 registros
  Pagina 102: 100 registros
  Pagina 103: 100 registros
  Pagina 104: 100 registros
  Pagina 105: 100 registros
  Pagina 106: 100 registros
  Pagina 107: 100 registros
  Pagina 108: 100 registros
  Pagina 109: 100 registros
  Pagina 110: 100 registros
  Pagina 111: 100 registros
  Pagina 112: 100 registros
  Pagina 113: 100 registros
  Pagina 114: 100 registros
  Pagina 115: 100 registros
  Pagina 116: 100 registros
  Pagina 117: 100 registros
  Pagina 118: 100 registros
  Pagina 119: 100 registros
  Pagina 120: 100 registros
  Pagina 121: 100 registros
  Pagina 122: 100 registros
  Pagina 123: 100 registros
  Pagina 124: 100 registros
  Pagina 125: 100 registros
  Pagina 126: 100 registros
  Pagina 127: 100 registros
  Pagina 128: 100 registros
  Pagina 129: 100 registros
  Pagina 130: 100 registros
  Pagina 131: 100 registros
  Pagina 132: 100 registros
  Pagina 133: 100 registros
  Pagina 134: 100 registros
  Pagina 135: 100 registros
  Pagina 136: 100 registros
  Pagina 137: 100 registros
  Pagina 138: 100 registros
  Pagina 139: 100 registros
  Pagina 140: 100 registros
  Pagina 141: 100 registros
  Pagina 142: 100 registros
  Pagina 143: 100 registros
  Pagina 144: 100 registros
  Pagina 145: 100 registros
  Pagina 146: 100 registros
  Pagina 147: 100 registros
  Pagina 148: 100 registros
  Pagina 149: 100 registros
  Pagina 150: 100 registros
  Pagina 151: 100 registros
  Pagina 152: 100 registros
  Pagina 153: 100 registros
  Pagina 154: 100 registros
  Pagina 155: 100 registros
  Pagina 156: 100 registros
  Pagina 157: 100 registros
  Pagina 158: 100 registros
  Pagina 159: 100 registros
  Pagina 160: 100 registros
  Pagina 161: 100 registros
  Pagina 162: 100 registros
  Pagina 163: 100 registros
  Pagina 164: 100 registros
  Pagina 165: 100 registros
  Pagina 166: 100 registros
  Pagina 167: 100 registros
  Pagina 168: 100 registros
  Pagina 169: 100 registros
  Pagina 170: 100 registros
  Pagina 171: 100 registros
  Pagina 172: 100 registros
  Pagina 173: 100 registros
  Pagina 174: 100 registros
  Pagina 175: 100 registros
  Pagina 176: 100 registros
  Pagina 177: 100 registros
  Pagina 178: 100 registros
  Pagina 179: 100 registros
  Pagina 180: 100 registros
  Pagina 181: 100 registros
  Pagina 182: 100 registros
  Pagina 183: 100 registros
  Pagina 184: 100 registros
  Pagina 185: 100 registros
  Pagina 186: 100 registros
  Pagina 187: 100 registros
  Pagina 188: 100 registros
  Pagina 189: 100 registros
  Pagina 190: 100 registros
  Pagina 191: 100 registros
  Pagina 192: 100 registros
  Pagina 193: 100 registros
  Pagina 194: 100 registros
  Pagina 195: 100 registros
  Pagina 196: 100 registros
  Pagina 197: 100 registros
  Pagina 198: 100 registros
  Pagina 199: 100 registros
  Pagina 200: 100 registros
  Pagina 201: 100 registros
  Pagina 202: 100 registros
  Pagina 203: 100 registros
  Pagina 204: 100 registros
  Pagina 205: 100 registros
  Pagina 206: 100 registros
  Pagina 207: 100 registros
  Pagina 208: 100 registros
  Pagina 209: 100 registros
  Pagina 210: 100 registros
  Pagina 211: 100 registros
  Pagina 212: 100 registros
  Pagina 213: 100 registros
  Pagina 214: 100 registros
  Pagina 215: 100 registros
  Pagina 216: 100 registros
  Pagina 217: 100 registros
  Pagina 218: 100 registros
  Pagina 219: 100 registros
  Pagina 220: 100 registros
  Pagina 221: 100 registros
  Pagina 222: 100 registros
  Pagina 223: 100 registros
  Pagina 224: 100 registros
  Pagina 225: 100 registros
  Pagina 226: 100 registros
  Pagina 227: 100 registros
  Pagina 228: 100 registros
  Pagina 229: 100 registros
  Pagina 230: 100 registros
  Pagina 231: 100 registros
  Pagina 232: 100 registros
  Pagina 233: 100 registros
  Pagina 234: 100 registros
  Pagina 235: 100 registros
  Pagina 236: 100 registros
  Pagina 237: 100 registros
  Pagina 238: 9 registros
Total bruto da API: 23709 tarefas
Apos filtro (mes atual em diante): 781 tarefas
Backup salvo em: atividades_datajuri.csv
Carregados 781 registro(s) da API.
Dashboard salvo em: dashboard_prazos.html
Abra esse arquivo no navegador para visualizar.
=== 23/08/2026 10:09 ===
Autenticando na API...
Buscando tarefas (prazos)...
  Pagina 1: 100 registros
  Pagina 2: 100 registros
  Pagina 3: 100 registros
  Pagina 4: 100 registros
  Pagina 5: 100 registros
  Pagina 6: 100 registros
  Pagina 7: 100 registros
  Pagina 8: 100 registros
  Pagina 9: 100 registros
  Pagina 10: 100 registros
  Pagina 11: 100 registros
  Pagina 12: 100 registros
  Pagina 13: 100 registros
  Pagina 14: 100 registros
  Pagina 15: 100 registros
  Pagina 16: 100 registros
  Pagina 17: 100 registros
  Pagina 18: 100 registros
  Pagina 19: 100 registros
  Pagina 20: 100 registros
  Pagina 21: 100 registros
  Pagina 22: 100 registros
  Pagina 23: 100 registros
  Pagina 24: 100 registros
  Pagina 25: 100 registros
  Pagina 26: 100 registros
  Pagina 27: 100 registros
  Pagina 28: 100 registros
  Pagina 29: 100 registros
  Pagina 30: 100 registros
  Pagina 31: 100 registros
  Pagina 32: 100 registros
  Pagina 33: 100 registros
  Pagina 34: 100 registros
  Pagina 35: 100 registros
  Pagina 36: 100 registros
  Pagina 37: 100 registros
  Pagina 38: 100 registros
  Pagina 39: 100 registros
  Aviso: erro na pagina 40: ('Connection aborted.', ConnectionResetError(54, 'Connection reset by peer'))
Total bruto da API: 3900 tarefas
Apos filtro (mes atual em diante): 682 tarefas
Backup salvo em: atividades_datajuri.csv
Carregados 682 registro(s) da API.
Dashboard salvo em: dashboard_prazos.html
Abra esse arquivo no navegador para visualizar.
=== 23/08/2026 17:05 ===
Autenticando na API...
Buscando tarefas (prazos)...
  Aviso: erro na pagina 1: HTTPSConnectionPool(host='api.datajuri.com.br', port=443): Read timed out. (read timeout=120)
Total bruto da API: 0 tarefas
Apos filtro (mes atual em diante): 0 tarefas
Carregados 0 registro(s) da API.
Dashboard salvo em: dashboard_prazos.html
Abra esse arquivo no navegador para visualizar.
=== 24/08/2026 10:00 ===
Autenticando na API...
Buscando tarefas (prazos)...
  Pagina 1: 100 registros
  Pagina 2: 100 registros
  Pagina 3: 100 registros
  Pagina 4: 100 registros
  Pagina 5: 100 registros
  Pagina 6: 100 registros
  Pagina 7: 100 registros
  Pagina 8: 100 registros
  Pagina 9: 100 registros
  Pagina 10: 100 registros
  Pagina 11: 100 registros
  Pagina 12: 100 registros
  Pagina 13: 100 registros
  Pagina 14: 100 registros
  Pagina 15: 100 registros
  Pagina 16: 100 registros
  Pagina 17: 100 registros
  Pagina 18: 100 registros
  Pagina 19: 100 registros
  Pagina 20: 100 registros
  Pagina 21: 100 registros
  Pagina 22: 100 registros
  Pagina 23: 100 registros
  Pagina 24: 100 registros
  Pagina 25: 100 registros
  Pagina 26: 100 registros
  Pagina 27: 100 registros
  Pagina 28: 100 registros
  Pagina 29: 100 registros
  Pagina 30: 100 registros
  Pagina 31: 100 registros
  Pagina 32: 100 registros
  Pagina 33: 100 registros
  Pagina 34: 100 registros
  Pagina 35: 100 registros
  Pagina 36: 100 registros
  Pagina 37: 100 registros
  Pagina 38: 100 registros
  Pagina 39: 100 registros
  Pagina 40: 100 registros
  Pagina 41: 100 registros
  Pagina 42: 100 registros
  Pagina 43: 100 registros
  Pagina 44: 100 registros
  Pagina 45: 100 registros
  Pagina 46: 100 registros
  Pagina 47: 100 registros
  Pagina 48: 100 registros
  Pagina 49: 100 registros
  Pagina 50: 100 registros
  Pagina 51: 100 registros
  Pagina 52: 100 registros
  Pagina 53: 100 registros
  Pagina 54: 100 registros
  Pagina 55: 100 registros
  Pagina 56: 100 registros
  Pagina 57: 100 registros
  Pagina 58: 100 registros
  Pagina 59: 100 registros
  Pagina 60: 100 registros
  Pagina 61: 100 registros
  Pagina 62: 100 registros
  Pagina 63: 100 registros
  Pagina 64: 100 registros
  Pagina 65: 100 registros
  Pagina 66: 100 registros
  Pagina 67: 100 registros
  Pagina 68: 100 registros
  Pagina 69: 100 registros
  Pagina 70: 100 registros
  Pagina 71: 100 registros
  Pagina 72: 100 registros
  Pagina 73: 100 registros
  Pagina 74: 100 registros
  Pagina 75: 100 registros
  Pagina 76: 100 registros
  Pagina 77: 100 registros
  Pagina 78: 100 registros
  Pagina 79: 100 registros
  Pagina 80: 100 registros
  Pagina 81: 100 registros
  Pagina 82: 100 registros
  Pagina 83: 100 registros
  Pagina 84: 100 registros
  Pagina 85: 100 registros
  Pagina 86: 100 registros
  Pagina 87: 100 registros
  Pagina 88: 100 registros
  Pagina 89: 100 registros
  Pagina 90: 100 registros
  Pagina 91: 100 registros
  Pagina 92: 100 registros
  Pagina 93: 100 registros
  Pagina 94: 100 registros
  Pagina 95: 100 registros
  Pagina 96: 100 registros
  Pagina 97: 100 registros
  Pagina 98: 100 registros
  Pagina 99: 100 registros
  Pagina 100: 100 registros
  Pagina 101: 100 registros
  Pagina 102: 100 registros
  Pagina 103: 100 registros
  Pagina 104: 100 registros
  Pagina 105: 100 registros
  Pagina 106: 100 registros
  Pagina 107: 100 registros
  Pagina 108: 100 registros
  Pagina 109: 100 registros
  Pagina 110: 100 registros
  Pagina 111: 100 registros
  Pagina 112: 100 registros
  Pagina 113: 100 registros
  Pagina 114: 100 registros
  Pagina 115: 100 registros
  Pagina 116: 100 registros
  Pagina 117: 100 registros
  Pagina 118: 100 registros
  Pagina 119: 100 registros
  Pagina 120: 100 registros
  Pagina 121: 100 registros
  Pagina 122: 100 registros
  Pagina 123: 100 registros
  Pagina 124: 100 registros
  Pagina 125: 100 registros
  Pagina 126: 100 registros
  Pagina 127: 100 registros
  Pagina 128: 100 registros
  Pagina 129: 100 registros
  Pagina 130: 100 registros
  Pagina 131: 100 registros
  Pagina 132: 100 registros
  Pagina 133: 100 registros
  Pagina 134: 100 registros
  Pagina 135: 100 registros
  Pagina 136: 100 registros
  Pagina 137: 100 registros
  Pagina 138: 100 registros
  Pagina 139: 100 registros
  Pagina 140: 100 registros
  Pagina 141: 100 registros
  Pagina 142: 100 registros
  Pagina 143: 100 registros
  Pagina 144: 100 registros
  Pagina 145: 100 registros
  Pagina 146: 100 registros
  Pagina 147: 100 registros
  Pagina 148: 100 registros
  Pagina 149: 100 registros
  Pagina 150: 100 registros
  Pagina 151: 100 registros
  Pagina 152: 100 registros
  Pagina 153: 100 registros
  Pagina 154: 100 registros
  Pagina 155: 100 registros
  Pagina 156: 100 registros
  Pagina 157: 100 registros
  Pagina 158: 100 registros
  Pagina 159: 100 registros
  Pagina 160: 100 registros
  Pagina 161: 100 registros
  Pagina 162: 100 registros
  Pagina 163: 100 registros
  Pagina 164: 100 registros
  Pagina 165: 100 registros
  Pagina 166: 100 registros
  Pagina 167: 100 registros
  Pagina 168: 100 registros
  Pagina 169: 100 registros
  Pagina 170: 100 registros
  Pagina 171: 100 registros
  Pagina 172: 100 registros
  Pagina 173: 100 registros
  Pagina 174: 100 registros
  Pagina 175: 100 registros
  Pagina 176: 100 registros
  Pagina 177: 100 registros
  Pagina 178: 100 registros
  Pagina 179: 100 registros
  Pagina 180: 100 registros
  Pagina 181: 100 registros
  Pagina 182: 100 registros
  Pagina 183: 100 registros
  Pagina 184: 100 registros
  Pagina 185: 100 registros
  Pagina 186: 100 registros
  Pagina 187: 100 registros
  Pagina 188: 100 registros
  Pagina 189: 100 registros
  Pagina 190: 100 registros
  Pagina 191: 100 registros
  Pagina 192: 100 registros
  Pagina 193: 100 registros
  Pagina 194: 100 registros
  Pagina 195: 100 registros
  Pagina 196: 100 registros
  Pagina 197: 100 registros
  Pagina 198: 100 registros
  Pagina 199: 100 registros
  Pagina 200: 100 registros
  Pagina 201: 100 registros
  Pagina 202: 100 registros
  Pagina 203: 100 registros
  Pagina 204: 100 registros
  Pagina 205: 100 registros
  Pagina 206: 100 registros
  Pagina 207: 100 registros
  Pagina 208: 100 registros
  Pagina 209: 100 registros
  Pagina 210: 100 registros
  Pagina 211: 100 registros
  Pagina 212: 100 registros
  Pagina 213: 100 registros
  Pagina 214: 100 registros
  Pagina 215: 100 registros
  Pagina 216: 100 registros
  Pagina 217: 100 registros
  Pagina 218: 100 registros
  Pagina 219: 100 registros
  Pagina 220: 100 registros
  Pagina 221: 100 registros
  Pagina 222: 100 registros
  Pagina 223: 100 registros
  Pagina 224: 100 registros
  Pagina 225: 100 registros
  Pagina 226: 100 registros
  Pagina 227: 100 registros
  Pagina 228: 100 registros
  Pagina 229: 100 registros
  Pagina 230: 100 registros
  Pagina 231: 100 registros
  Pagina 232: 100 registros
  Pagina 233: 100 registros
  Pagina 234: 100 registros
  Pagina 235: 100 registros
  Pagina 236: 100 registros
  Pagina 237: 100 registros
  Pagina 238: 9 registros
Total bruto da API: 23709 tarefas
Apos filtro (mes atual em diante): 781 tarefas
Backup salvo em: atividades_datajuri.csv
Carregados 781 registro(s) da API.
Dashboard salvo em: dashboard_prazos.html
Abra esse arquivo no navegador para visualizar.
=== 24/08/2026 17:00 ===
Autenticando na API...
Buscando tarefas (prazos)...
  Pagina 1: 100 registros
  Pagina 2: 100 registros
  Pagina 3: 100 registros
  Pagina 4: 100 registros
  Pagina 5: 100 registros
  Pagina 6: 100 registros
  Pagina 7: 100 registros
  Pagina 8: 100 registros
  Pagina 9: 100 registros
  Pagina 10: 100 registros
  Pagina 11: 100 registros
  Pagina 12: 100 registros
  Pagina 13: 100 registros
  Pagina 14: 100 registros
  Pagina 15: 100 registros
  Pagina 16: 100 registros
  Pagina 17: 100 registros
  Pagina 18: 100 registros
  Pagina 19: 100 registros
  Pagina 20: 100 registros
  Pagina 21: 100 registros
  Pagina 22: 100 registros
  Pagina 23: 100 registros
  Pagina 24: 100 registros
  Pagina 25: 100 registros
  Pagina 26: 100 registros
  Pagina 27: 100 registros
  Pagina 28: 100 registros
  Pagina 29: 100 registros
  Pagina 30: 100 registros
  Pagina 31: 100 registros
  Pagina 32: 100 registros
  Pagina 33: 100 registros
  Pagina 34: 100 registros
  Pagina 35: 100 registros
  Pagina 36: 100 registros
  Pagina 37: 100 registros
  Pagina 38: 100 registros
  Pagina 39: 100 registros
  Pagina 40: 100 registros
  Pagina 41: 100 registros
  Pagina 42: 100 registros
  Pagina 43: 100 registros
  Pagina 44: 100 registros
  Pagina 45: 100 registros
  Pagina 46: 100 registros
  Pagina 47: 100 registros
  Pagina 48: 100 registros
  Pagina 49: 100 registros
  Pagina 50: 100 registros
  Pagina 51: 100 registros
  Pagina 52: 100 registros
  Pagina 53: 100 registros
  Pagina 54: 100 registros
  Pagina 55: 100 registros
  Pagina 56: 100 registros
  Pagina 57: 100 registros
  Pagina 58: 100 registros
  Pagina 59: 100 registros
  Pagina 60: 100 registros
  Pagina 61: 100 registros
  Pagina 62: 100 registros
  Pagina 63: 100 registros
  Pagina 64: 100 registros
  Pagina 65: 100 registros
  Pagina 66: 100 registros
  Pagina 67: 100 registros
  Pagina 68: 100 registros
  Pagina 69: 100 registros
  Pagina 70: 100 registros
  Pagina 71: 100 registros
  Pagina 72: 100 registros
  Pagina 73: 100 registros
  Pagina 74: 100 registros
  Pagina 75: 100 registros
  Pagina 76: 100 registros
  Pagina 77: 100 registros
  Pagina 78: 100 registros
  Pagina 79: 100 registros
  Pagina 80: 100 registros
  Pagina 81: 100 registros
  Pagina 82: 100 registros
  Pagina 83: 100 registros
  Pagina 84: 100 registros
  Pagina 85: 100 registros
  Pagina 86: 100 registros
  Pagina 87: 100 registros
  Pagina 88: 100 registros
  Pagina 89: 100 registros
  Pagina 90: 100 registros
  Pagina 91: 100 registros
  Pagina 92: 100 registros
  Pagina 93: 100 registros
  Pagina 94: 100 registros
  Pagina 95: 100 registros
  Pagina 96: 100 registros
  Pagina 97: 100 registros
  Pagina 98: 100 registros
  Pagina 99: 100 registros
  Pagina 100: 100 registros
  Pagina 101: 100 registros
  Pagina 102: 100 registros
  Pagina 103: 100 registros
  Pagina 104: 100 registros
  Pagina 105: 100 registros
  Pagina 106: 100 registros
  Pagina 107: 100 registros
  Pagina 108: 100 registros
  Pagina 109: 100 registros
  Pagina 110: 100 registros
  Pagina 111: 100 registros
  Pagina 112: 100 registros
  Pagina 113: 100 registros
  Pagina 114: 100 registros
  Pagina 115: 100 registros
  Pagina 116: 100 registros
  Pagina 117: 100 registros
  Pagina 118: 100 registros
  Pagina 119: 100 registros
  Pagina 120: 100 registros
  Pagina 121: 100 registros
  Pagina 122: 100 registros
  Pagina 123: 100 registros
  Pagina 124: 100 registros
  Pagina 125: 100 registros
  Pagina 126: 100 registros
  Pagina 127: 100 registros
  Pagina 128: 100 registros
  Pagina 129: 100 registros
  Pagina 130: 100 registros
  Pagina 131: 100 registros
  Pagina 132: 100 registros
  Pagina 133: 100 registros
  Pagina 134: 100 registros
  Pagina 135: 100 registros
  Pagina 136: 100 registros
  Pagina 137: 100 registros
  Pagina 138: 100 registros
  Pagina 139: 100 registros
  Pagina 140: 100 registros
  Pagina 141: 100 registros
  Pagina 142: 100 registros
  Pagina 143: 100 registros
  Pagina 144: 100 registros
  Pagina 145: 100 registros
  Pagina 146: 100 registros
  Pagina 147: 100 registros
  Pagina 148: 100 registros
  Pagina 149: 100 registros
  Pagina 150: 100 registros
  Pagina 151: 100 registros
  Pagina 152: 100 registros
  Pagina 153: 100 registros
  Pagina 154: 100 registros
  Pagina 155: 100 registros
  Pagina 156: 100 registros
  Pagina 157: 100 registros
  Pagina 158: 100 registros
  Pagina 159: 100 registros
  Pagina 160: 100 registros
  Pagina 161: 100 registros
  Pagina 162: 100 registros
  Pagina 163: 100 registros
  Pagina 164: 100 registros
  Pagina 165: 100 registros
  Pagina 166: 100 registros
  Pagina 167: 100 registros
  Pagina 168: 100 registros
  Pagina 169: 100 registros
  Pagina 170: 100 registros
  Pagina 171: 100 registros
  Pagina 172: 100 registros
  Pagina 173: 100 registros
  Pagina 174: 100 registros
  Pagina 175: 100 registros
  Pagina 176: 100 registros
  Pagina 177: 100 registros
  Pagina 178: 100 registros
  Pagina 179: 100 registros
  Pagina 180: 100 registros
  Pagina 181: 100 registros
  Pagina 182: 100 registros
  Pagina 183: 100 registros
  Pagina 184: 100 registros
  Pagina 185: 100 registros
  Pagina 186: 100 registros
  Pagina 187: 100 registros
  Pagina 188: 100 registros
  Pagina 189: 100 registros
  Pagina 190: 100 registros
  Pagina 191: 100 registros
  Pagina 192: 100 registros
  Pagina 193: 100 registros
  Pagina 194: 100 registros
  Pagina 195: 100 registros
  Pagina 196: 100 registros
  Pagina 197: 100 registros
  Pagina 198: 100 registros
  Pagina 199: 100 registros
  Pagina 200: 100 registros
  Pagina 201: 100 registros
  Pagina 202: 100 registros
  Pagina 203: 100 registros
  Pagina 204: 100 registros
  Pagina 205: 100 registros
  Pagina 206: 100 registros
  Pagina 207: 100 registros
  Pagina 208: 100 registros
  Pagina 209: 100 registros
  Pagina 210: 100 registros
  Pagina 211: 100 registros
  Pagina 212: 100 registros
  Pagina 213: 100 registros
  Pagina 214: 100 registros
  Pagina 215: 100 registros
  Pagina 216: 100 registros
  Pagina 217: 100 registros
  Pagina 218: 100 registros
  Pagina 219: 100 registros
  Pagina 220: 100 registros
  Pagina 221: 100 registros
  Pagina 222: 100 registros
  Pagina 223: 100 registros
  Pagina 224: 100 registros
  Pagina 225: 100 registros
  Pagina 226: 100 registros
  Pagina 227: 100 registros
  Pagina 228: 100 registros
  Pagina 229: 100 registros
  Pagina 230: 100 registros
  Pagina 231: 100 registros
  Pagina 232: 100 registros
  Pagina 233: 100 registros
  Pagina 234: 100 registros
  Pagina 235: 100 registros
  Pagina 236: 100 registros
  Pagina 237: 100 registros
  Pagina 238: 31 registros
Total bruto da API: 23731 tarefas
Apos filtro (mes atual em diante): 803 tarefas
Backup salvo em: atividades_datajuri.csv
Carregados 803 registro(s) da API.
Dashboard salvo em: dashboard_prazos.html
Abra esse arquivo no navegador para visualizar.
=== 25/08/2026 10:00 ===
Autenticando na API...
Buscando tarefas (prazos)...
  Pagina 1: 100 registros
  Pagina 2: 100 registros
  Pagina 3: 100 registros
  Pagina 4: 100 registros
  Pagina 5: 100 registros
  Pagina 6: 100 registros
  Pagina 7: 100 registros
  Pagina 8: 100 registros
  Pagina 9: 100 registros
  Pagina 10: 100 registros
  Pagina 11: 100 registros
  Pagina 12: 100 registros
  Pagina 13: 100 registros
  Pagina 14: 100 registros
  Pagina 15: 100 registros
  Pagina 16: 100 registros
  Pagina 17: 100 registros
  Pagina 18: 100 registros
  Pagina 19: 100 registros
  Pagina 20: 100 registros
  Pagina 21: 100 registros
  Pagina 22: 100 registros
  Pagina 23: 100 registros
  Pagina 24: 100 registros
  Pagina 25: 100 registros
  Pagina 26: 100 registros
  Pagina 27: 100 registros
  Pagina 28: 100 registros
  Pagina 29: 100 registros
  Pagina 30: 100 registros
  Pagina 31: 100 registros
  Pagina 32: 100 registros
  Pagina 33: 100 registros
  Pagina 34: 100 registros
  Pagina 35: 100 registros
  Pagina 36: 100 registros
  Pagina 37: 100 registros
  Pagina 38: 100 registros
  Pagina 39: 100 registros
  Pagina 40: 100 registros
  Pagina 41: 100 registros
  Pagina 42: 100 registros
  Pagina 43: 100 registros
  Pagina 44: 100 registros
  Pagina 45: 100 registros
  Pagina 46: 100 registros
  Pagina 47: 100 registros
  Pagina 48: 100 registros
  Pagina 49: 100 registros
  Pagina 50: 100 registros
  Pagina 51: 100 registros
  Pagina 52: 100 registros
  Pagina 53: 100 registros
  Pagina 54: 100 registros
  Pagina 55: 100 registros
  Pagina 56: 100 registros
  Pagina 57: 100 registros
  Pagina 58: 100 registros
  Pagina 59: 100 registros
  Pagina 60: 100 registros
  Pagina 61: 100 registros
  Pagina 62: 100 registros
  Pagina 63: 100 registros
  Pagina 64: 100 registros
  Pagina 65: 100 registros
  Pagina 66: 100 registros
  Pagina 67: 100 registros
  Pagina 68: 100 registros
  Pagina 69: 100 registros
  Pagina 70: 100 registros
  Pagina 71: 100 registros
  Pagina 72: 100 registros
  Pagina 73: 100 registros
  Pagina 74: 100 registros
  Pagina 75: 100 registros
  Pagina 76: 100 registros
  Pagina 77: 100 registros
  Pagina 78: 100 registros
  Pagina 79: 100 registros
  Pagina 80: 100 registros
  Pagina 81: 100 registros
  Pagina 82: 100 registros
  Pagina 83: 100 registros
  Pagina 84: 100 registros
  Pagina 85: 100 registros
  Pagina 86: 100 registros
  Pagina 87: 100 registros
  Pagina 88: 100 registros
  Pagina 89: 100 registros
  Pagina 90: 100 registros
  Pagina 91: 100 registros
  Pagina 92: 100 registros
  Pagina 93: 100 registros
  Pagina 94: 100 registros
  Pagina 95: 100 registros
  Pagina 96: 100 registros
  Pagina 97: 100 registros
  Pagina 98: 100 registros
  Pagina 99: 100 registros
  Pagina 100: 100 registros
  Pagina 101: 100 registros
  Pagina 102: 100 registros
  Pagina 103: 100 registros
  Pagina 104: 100 registros
  Pagina 105: 100 registros
  Pagina 106: 100 registros
  Pagina 107: 100 registros
  Pagina 108: 100 registros
  Pagina 109: 100 registros
  Pagina 110: 100 registros
  Pagina 111: 100 registros
  Pagina 112: 100 registros
  Pagina 113: 100 registros
  Pagina 114: 100 registros
  Pagina 115: 100 registros
  Pagina 116: 100 registros
  Pagina 117: 100 registros
  Pagina 118: 100 registros
  Pagina 119: 100 registros
  Pagina 120: 100 registros
  Pagina 121: 100 registros
  Pagina 122: 100 registros
  Pagina 123: 100 registros
  Pagina 124: 100 registros
  Pagina 125: 100 registros
  Pagina 126: 100 registros
  Pagina 127: 100 registros
  Pagina 128: 100 registros
  Pagina 129: 100 registros
  Pagina 130: 100 registros
  Pagina 131: 100 registros
  Pagina 132: 100 registros
  Pagina 133: 100 registros
  Pagina 134: 100 registros
  Pagina 135: 100 registros
  Pagina 136: 100 registros
  Pagina 137: 100 registros
  Pagina 138: 100 registros
  Pagina 139: 100 registros
  Pagina 140: 100 registros
  Pagina 141: 100 registros
  Pagina 142: 100 registros
  Pagina 143: 100 registros
  Pagina 144: 100 registros
  Pagina 145: 100 registros
  Pagina 146: 100 registros
  Pagina 147: 100 registros
  Pagina 148: 100 registros
  Pagina 149: 100 registros
  Pagina 150: 100 registros
  Pagina 151: 100 registros
  Pagina 152: 100 registros
  Pagina 153: 100 registros
  Pagina 154: 100 registros
  Pagina 155: 100 registros
  Pagina 156: 100 registros
  Pagina 157: 100 registros
  Pagina 158: 100 registros
  Pagina 159: 100 registros
  Pagina 160: 100 registros
  Pagina 161: 100 registros
  Pagina 162: 100 registros
  Pagina 163: 100 registros
  Pagina 164: 100 registros
  Pagina 165: 100 registros
  Pagina 166: 100 registros
  Pagina 167: 100 registros
  Pagina 168: 100 registros
  Pagina 169: 100 registros
  Pagina 170: 100 registros
  Pagina 171: 100 registros
  Pagina 172: 100 registros
  Pagina 173: 100 registros
  Pagina 174: 100 registros
  Pagina 175: 100 registros
  Pagina 176: 100 registros
  Pagina 177: 100 registros
  Pagina 178: 100 registros
  Pagina 179: 100 registros
  Pagina 180: 100 registros
  Pagina 181: 100 registros
  Pagina 182: 100 registros
  Pagina 183: 100 registros
  Pagina 184: 100 registros
  Pagina 185: 100 registros
  Pagina 186: 100 registros
  Pagina 187: 100 registros
  Pagina 188: 100 registros
  Pagina 189: 100 registros
  Pagina 190: 100 registros
  Pagina 191: 100 registros
  Pagina 192: 100 registros
  Pagina 193: 100 registros
  Pagina 194: 100 registros
  Pagina 195: 100 registros
  Pagina 196: 100 registros
  Pagina 197: 100 registros
  Pagina 198: 100 registros
  Pagina 199: 100 registros
  Pagina 200: 100 registros
  Pagina 201: 100 registros
  Pagina 202: 100 registros
  Pagina 203: 100 registros
  Pagina 204: 100 registros
  Pagina 205: 100 registros
  Pagina 206: 100 registros
  Pagina 207: 100 registros
  Pagina 208: 100 registros
  Pagina 209: 100 registros
  Pagina 210: 100 registros
  Pagina 211: 100 registros
  Pagina 212: 100 registros
  Pagina 213: 100 registros
  Pagina 214: 100 registros
  Pagina 215: 100 registros
  Pagina 216: 100 registros
  Pagina 217: 100 registros
  Pagina 218: 100 registros
  Pagina 219: 100 registros
  Pagina 220: 100 registros
  Pagina 221: 100 registros
  Pagina 222: 100 registros
  Pagina 223: 100 registros
  Pagina 224: 100 registros
  Pagina 225: 100 registros
  Pagina 226: 100 registros
  Pagina 227: 100 registros
  Pagina 228: 100 registros
  Pagina 229: 100 registros
  Pagina 230: 100 registros
  Pagina 231: 100 registros
  Pagina 232: 100 registros
  Pagina 233: 100 registros
  Pagina 234: 100 registros
  Pagina 235: 100 registros
  Pagina 236: 100 registros
  Pagina 237: 100 registros
  Pagina 238: 32 registros
Total bruto da API: 23732 tarefas
Apos filtro (mes atual em diante): 807 tarefas
Backup salvo em: atividades_datajuri.csv
Carregados 807 registro(s) da API.
Dashboard salvo em: dashboard_prazos.html
Abra esse arquivo no navegador para visualizar.
=== 25/08/2026 17:00 ===
Autenticando na API...
Buscando tarefas (prazos)...
  Pagina 1: 100 registros
  Pagina 2: 100 registros
  Pagina 3: 100 registros
  Pagina 4: 100 registros
  Pagina 5: 100 registros
  Pagina 6: 100 registros
  Pagina 7: 100 registros
  Pagina 8: 100 registros
  Pagina 9: 100 registros
  Pagina 10: 100 registros
  Pagina 11: 100 registros
  Pagina 12: 100 registros
  Pagina 13: 100 registros
  Pagina 14: 100 registros
  Pagina 15: 100 registros
  Pagina 16: 100 registros
  Pagina 17: 100 registros
  Pagina 18: 100 registros
  Pagina 19: 100 registros
  Pagina 20: 100 registros
  Pagina 21: 100 registros
  Pagina 22: 100 registros
  Pagina 23: 100 registros
  Pagina 24: 100 registros
  Pagina 25: 100 registros
  Pagina 26: 100 registros
  Pagina 27: 100 registros
  Pagina 28: 100 registros
  Pagina 29: 100 registros
  Pagina 30: 100 registros
  Pagina 31: 100 registros
  Pagina 32: 100 registros
  Pagina 33: 100 registros
  Pagina 34: 100 registros
  Pagina 35: 100 registros
  Pagina 36: 100 registros
  Pagina 37: 100 registros
  Pagina 38: 100 registros
  Pagina 39: 100 registros
  Pagina 40: 100 registros
  Pagina 41: 100 registros
  Pagina 42: 100 registros
  Pagina 43: 100 registros
  Pagina 44: 100 registros
  Pagina 45: 100 registros
  Pagina 46: 100 registros
  Pagina 47: 100 registros
  Pagina 48: 100 registros
  Pagina 49: 100 registros
  Pagina 50: 100 registros
  Pagina 51: 100 registros
  Pagina 52: 100 registros
  Pagina 53: 100 registros
  Pagina 54: 100 registros
  Pagina 55: 100 registros
  Pagina 56: 100 registros
  Pagina 57: 100 registros
  Pagina 58: 100 registros
  Pagina 59: 100 registros
  Pagina 60: 100 registros
  Pagina 61: 100 registros
  Pagina 62: 100 registros
  Pagina 63: 100 registros
  Pagina 64: 100 registros
  Pagina 65: 100 registros
  Pagina 66: 100 registros
  Pagina 67: 100 registros
  Pagina 68: 100 registros
  Pagina 69: 100 registros
  Pagina 70: 100 registros
  Pagina 71: 100 registros
  Pagina 72: 100 registros
  Pagina 73: 100 registros
  Pagina 74: 100 registros
  Pagina 75: 100 registros
  Pagina 76: 100 registros
  Pagina 77: 100 registros
  Pagina 78: 100 registros
  Pagina 79: 100 registros
  Pagina 80: 100 registros
  Pagina 81: 100 registros
  Pagina 82: 100 registros
  Pagina 83: 100 registros
  Pagina 84: 100 registros
  Pagina 85: 100 registros
  Pagina 86: 100 registros
  Pagina 87: 100 registros
  Pagina 88: 100 registros
  Pagina 89: 100 registros
  Pagina 90: 100 registros
  Pagina 91: 100 registros
  Pagina 92: 100 registros
  Pagina 93: 100 registros
  Pagina 94: 100 registros
  Pagina 95: 100 registros
  Pagina 96: 100 registros
  Pagina 97: 100 registros
  Pagina 98: 100 registros
  Pagina 99: 100 registros
  Pagina 100: 100 registros
  Pagina 101: 100 registros
  Pagina 102: 100 registros
  Pagina 103: 100 registros
  Pagina 104: 100 registros
  Pagina 105: 100 registros
  Pagina 106: 100 registros
  Pagina 107: 100 registros
  Pagina 108: 100 registros
  Pagina 109: 100 registros
  Pagina 110: 100 registros
  Pagina 111: 100 registros
  Pagina 112: 100 registros
  Pagina 113: 100 registros
  Pagina 114: 100 registros
  Pagina 115: 100 registros
  Pagina 116: 100 registros
  Pagina 117: 100 registros
  Pagina 118: 100 registros
  Pagina 119: 100 registros
  Pagina 120: 100 registros
  Pagina 121: 100 registros
  Pagina 122: 100 registros
  Pagina 123: 100 registros
  Pagina 124: 100 registros
  Pagina 125: 100 registros
  Pagina 126: 100 registros
  Pagina 127: 100 registros
  Pagina 128: 100 registros
  Pagina 129: 100 registros
  Pagina 130: 100 registros
  Pagina 131: 100 registros
  Pagina 132: 100 registros
  Pagina 133: 100 registros
  Pagina 134: 100 registros
  Pagina 135: 100 registros
  Pagina 136: 100 registros
  Pagina 137: 100 registros
  Pagina 138: 100 registros
  Pagina 139: 100 registros
  Pagina 140: 100 registros
  Pagina 141: 100 registros
  Pagina 142: 100 registros
  Pagina 143: 100 registros
  Pagina 144: 100 registros
  Pagina 145: 100 registros
  Pagina 146: 100 registros
  Pagina 147: 100 registros
  Pagina 148: 100 registros
  Pagina 149: 100 registros
  Pagina 150: 100 registros
  Pagina 151: 100 registros
  Pagina 152: 100 registros
  Pagina 153: 100 registros
  Pagina 154: 100 registros
  Pagina 155: 100 registros
  Pagina 156: 100 registros
  Pagina 157: 100 registros
  Pagina 158: 100 registros
  Pagina 159: 100 registros
  Pagina 160: 100 registros
  Pagina 161: 100 registros
  Pagina 162: 100 registros
  Pagina 163: 100 registros
  Pagina 164: 100 registros
  Pagina 165: 100 registros
  Pagina 166: 100 registros
  Pagina 167: 100 registros
  Pagina 168: 100 registros
  Pagina 169: 100 registros
  Pagina 170: 100 registros
  Pagina 171: 100 registros
  Pagina 172: 100 registros
  Pagina 173: 100 registros
  Pagina 174: 100 registros
  Pagina 175: 100 registros
  Pagina 176: 100 registros
  Pagina 177: 100 registros
  Pagina 178: 100 registros
  Pagina 179: 100 registros
  Pagina 180: 100 registros
  Pagina 181: 100 registros
  Pagina 182: 100 registros
  Pagina 183: 100 registros
  Pagina 184: 100 registros
  Pagina 185: 100 registros
  Pagina 186: 100 registros
  Pagina 187: 100 registros
  Pagina 188: 100 registros
  Pagina 189: 100 registros
  Pagina 190: 100 registros
  Pagina 191: 100 registros
  Pagina 192: 100 registros
  Pagina 193: 100 registros
  Pagina 194: 100 registros
  Pagina 195: 100 registros
  Pagina 196: 100 registros
  Pagina 197: 100 registros
  Pagina 198: 100 registros
  Pagina 199: 100 registros
  Pagina 200: 100 registros
  Pagina 201: 100 registros
  Pagina 202: 100 registros
  Pagina 203: 100 registros
  Pagina 204: 100 registros
  Pagina 205: 100 registros
  Pagina 206: 100 registros
  Pagina 207: 100 registros
  Pagina 208: 100 registros
  Pagina 209: 100 registros
  Pagina 210: 100 registros
  Pagina 211: 100 registros
  Pagina 212: 100 registros
  Pagina 213: 100 registros
  Pagina 214: 100 registros
  Pagina 215: 100 registros
  Pagina 216: 100 registros
  Pagina 217: 100 registros
  Pagina 218: 100 registros
  Pagina 219: 100 registros
  Pagina 220: 100 registros
  Pagina 221: 100 registros
  Pagina 222: 100 registros
  Pagina 223: 100 registros
  Pagina 224: 100 registros
  Pagina 225: 100 registros
  Pagina 226: 100 registros
  Pagina 227: 100 registros
  Pagina 228: 100 registros
  Pagina 229: 100 registros
  Pagina 230: 100 registros
  Pagina 231: 100 registros
  Pagina 232: 100 registros
  Pagina 233: 100 registros
  Pagina 234: 100 registros
  Pagina 235: 100 registros
  Pagina 236: 100 registros
  Pagina 237: 100 registros
  Pagina 238: 45 registros
Total bruto da API: 23745 tarefas
Apos filtro (mes atual em diante): 820 tarefas
Backup salvo em: atividades_datajuri.csv
Carregados 820 registro(s) da API.
Dashboard salvo em: dashboard_prazos.html
Abra esse arquivo no navegador para visualizar.
=== 26/08/2026 10:03 ===
Autenticando na API...
Traceback (most recent call last):
  File "/Library/Frameworks/Python.framework/Versions/3.14/lib/python3.14/site-packages/urllib3/connection.py", line 204, in _new_conn
    sock = connection.create_connection(
        (self._dns_host, self.port),
    ...<2 lines>...
        socket_options=self.socket_options,
    )
  File "/Library/Frameworks/Python.framework/Versions/3.14/lib/python3.14/site-packages/urllib3/util/connection.py", line 60, in create_connection
    for res in socket.getaddrinfo(host, port, family, socket.SOCK_STREAM):
               ~~~~~~~~~~~~~~~~~~^^^^^^^^^^^^^^^^^^^^^^^^^^^^^^^^^^^^^^^^
  File "/Library/Frameworks/Python.framework/Versions/3.14/lib/python3.14/socket.py", line 987, in getaddrinfo
    for res in _socket.getaddrinfo(host, port, family, type, proto, flags):
               ~~~~~~~~~~~~~~~~~~~^^^^^^^^^^^^^^^^^^^^^^^^^^^^^^^^^^^^^^^^
socket.gaierror: [Errno 8] nodename nor servname provided, or not known

The above exception was the direct cause of the following exception:

Traceback (most recent call last):
  File "/Library/Frameworks/Python.framework/Versions/3.14/lib/python3.14/site-packages/urllib3/connectionpool.py", line 788, in urlopen
    response = self._make_request(
        conn,
    ...<10 lines>...
        **response_kw,
    )
  File "/Library/Frameworks/Python.framework/Versions/3.14/lib/python3.14/site-packages/urllib3/connectionpool.py", line 488, in _make_request
    raise new_e
  File "/Library/Frameworks/Python.framework/Versions/3.14/lib/python3.14/site-packages/urllib3/connectionpool.py", line 464, in _make_request
    self._validate_conn(conn)
    ~~~~~~~~~~~~~~~~~~~^^^^^^
  File "/Library/Frameworks/Python.framework/Versions/3.14/lib/python3.14/site-packages/urllib3/connectionpool.py", line 1106, in _validate_conn
    conn.connect()
    ~~~~~~~~~~~~^^
  File "/Library/Frameworks/Python.framework/Versions/3.14/lib/python3.14/site-packages/urllib3/connection.py", line 759, in connect
    self.sock = sock = self._new_conn()
                       ~~~~~~~~~~~~~~^^
  File "/Library/Frameworks/Python.framework/Versions/3.14/lib/python3.14/site-packages/urllib3/connection.py", line 211, in _new_conn
    raise NameResolutionError(self.host, self, e) from e
urllib3.exceptions.NameResolutionError: HTTPSConnection(host='api.datajuri.com.br', port=443): Failed to resolve 'api.datajuri.com.br' ([Errno 8] nodename nor servname provided, or not known)

The above exception was the direct cause of the following exception:

Traceback (most recent call last):
  File "/Library/Frameworks/Python.framework/Versions/3.14/lib/python3.14/site-packages/requests/adapters.py", line 696, in send
    resp = conn.urlopen(
        method=request.method,
    ...<9 lines>...
        chunked=chunked,
    )
  File "/Library/Frameworks/Python.framework/Versions/3.14/lib/python3.14/site-packages/urllib3/connectionpool.py", line 842, in urlopen
    retries = retries.increment(
        method, url, error=new_e, _pool=self, _stacktrace=sys.exc_info()[2]
    )
  File "/Library/Frameworks/Python.framework/Versions/3.14/lib/python3.14/site-packages/urllib3/util/retry.py", line 543, in increment
    raise MaxRetryError(_pool, url, reason) from reason  # type: ignore[arg-type]
    ^^^^^^^^^^^^^^^^^^^^^^^^^^^^^^^^^^^^^^^^^^^^^^^^^^^
urllib3.exceptions.MaxRetryError: HTTPSConnectionPool(host='api.datajuri.com.br', port=443): Max retries exceeded with url: /oauth/token (Caused by NameResolutionError("HTTPSConnection(host='api.datajuri.com.br', port=443): Failed to resolve 'api.datajuri.com.br' ([Errno 8] nodename nor servname provided, or not known)"))

During handling of the above exception, another exception occurred:

Traceback (most recent call last):
  File "/Users/victormiranda/Documentos/datajuri/gerar_dashboard_prazos_v13.py", line 1191, in <module>
    registros = carregar_registros()
  File "/Users/victormiranda/Documentos/datajuri/gerar_dashboard_prazos_v13.py", line 86, in carregar_registros
    token = obter_token(creds)
  File "/Users/victormiranda/Documentos/datajuri/gerar_dashboard_prazos_v13.py", line 72, in obter_token
    resp = requests.post(AUTH_URL, headers=headers, data=data, timeout=120)
  File "/Library/Frameworks/Python.framework/Versions/3.14/lib/python3.14/site-packages/requests/api.py", line 134, in post
    return request("post", url, data=data, json=json, **kwargs)
  File "/Library/Frameworks/Python.framework/Versions/3.14/lib/python3.14/site-packages/requests/api.py", line 71, in request
    return session.request(method=method, url=url, **kwargs)
           ~~~~~~~~~~~~~~~^^^^^^^^^^^^^^^^^^^^^^^^^^^^^^^^^^
  File "/Library/Frameworks/Python.framework/Versions/3.14/lib/python3.14/site-packages/requests/sessions.py", line 651, in request
    resp = self.send(prep, **send_kwargs)
  File "/Library/Frameworks/Python.framework/Versions/3.14/lib/python3.14/site-packages/requests/sessions.py", line 784, in send
    r = adapter.send(request, **kwargs)
  File "/Library/Frameworks/Python.framework/Versions/3.14/lib/python3.14/site-packages/requests/adapters.py", line 729, in send
    raise ConnectionError(e, request=request)
requests.exceptions.ConnectionError: HTTPSConnectionPool(host='api.datajuri.com.br', port=443): Max retries exceeded with url: /oauth/token (Caused by NameResolutionError("HTTPSConnection(host='api.datajuri.com.br', port=443): Failed to resolve 'api.datajuri.com.br' ([Errno 8] nodename nor servname provided, or not known)"))
=== 26/08/2026 17:00 ===
Autenticando na API...
Buscando tarefas (prazos)...
  Pagina 1: 100 registros
  Pagina 2: 100 registros
  Pagina 3: 100 registros
  Pagina 4: 100 registros
  Pagina 5: 100 registros
  Pagina 6: 100 registros
  Pagina 7: 100 registros
  Pagina 8: 100 registros
  Pagina 9: 100 registros
  Pagina 10: 100 registros
  Pagina 11: 100 registros
  Pagina 12: 100 registros
  Pagina 13: 100 registros
  Pagina 14: 100 registros
  Pagina 15: 100 registros
  Pagina 16: 100 registros
  Pagina 17: 100 registros
  Pagina 18: 100 registros
  Pagina 19: 100 registros
  Pagina 20: 100 registros
  Pagina 21: 100 registros
  Pagina 22: 100 registros
  Pagina 23: 100 registros
  Pagina 24: 100 registros
  Pagina 25: 100 registros
  Pagina 26: 100 registros
  Pagina 27: 100 registros
  Pagina 28: 100 registros
  Pagina 29: 100 registros
  Pagina 30: 100 registros
  Pagina 31: 100 registros
  Pagina 32: 100 registros
  Pagina 33: 100 registros
  Aviso: erro na pagina 34: HTTPSConnectionPool(host='api.datajuri.com.br', port=443): Read timed out.
Total bruto da API: 3300 tarefas
Apos filtro (mes atual em diante): 712 tarefas
Backup salvo em: atividades_datajuri.csv
Carregados 712 registro(s) da API.
Dashboard salvo em: dashboard_prazos.html
Abra esse arquivo no navegador para visualizar.
=== 27/08/2026 10:20 ===
Autenticando na API...
Traceback (most recent call last):
  File "/Library/Frameworks/Python.framework/Versions/3.14/lib/python3.14/site-packages/urllib3/connection.py", line 204, in _new_conn
    sock = connection.create_connection(
        (self._dns_host, self.port),
    ...<2 lines>...
        socket_options=self.socket_options,
    )
  File "/Library/Frameworks/Python.framework/Versions/3.14/lib/python3.14/site-packages/urllib3/util/connection.py", line 60, in create_connection
    for res in socket.getaddrinfo(host, port, family, socket.SOCK_STREAM):
               ~~~~~~~~~~~~~~~~~~^^^^^^^^^^^^^^^^^^^^^^^^^^^^^^^^^^^^^^^^
  File "/Library/Frameworks/Python.framework/Versions/3.14/lib/python3.14/socket.py", line 987, in getaddrinfo
    for res in _socket.getaddrinfo(host, port, family, type, proto, flags):
               ~~~~~~~~~~~~~~~~~~~^^^^^^^^^^^^^^^^^^^^^^^^^^^^^^^^^^^^^^^^
socket.gaierror: [Errno 8] nodename nor servname provided, or not known

The above exception was the direct cause of the following exception:

Traceback (most recent call last):
  File "/Library/Frameworks/Python.framework/Versions/3.14/lib/python3.14/site-packages/urllib3/connectionpool.py", line 788, in urlopen
    response = self._make_request(
        conn,
    ...<10 lines>...
        **response_kw,
    )
  File "/Library/Frameworks/Python.framework/Versions/3.14/lib/python3.14/site-packages/urllib3/connectionpool.py", line 488, in _make_request
    raise new_e
  File "/Library/Frameworks/Python.framework/Versions/3.14/lib/python3.14/site-packages/urllib3/connectionpool.py", line 464, in _make_request
    self._validate_conn(conn)
    ~~~~~~~~~~~~~~~~~~~^^^^^^
  File "/Library/Frameworks/Python.framework/Versions/3.14/lib/python3.14/site-packages/urllib3/connectionpool.py", line 1106, in _validate_conn
    conn.connect()
    ~~~~~~~~~~~~^^
  File "/Library/Frameworks/Python.framework/Versions/3.14/lib/python3.14/site-packages/urllib3/connection.py", line 759, in connect
    self.sock = sock = self._new_conn()
                       ~~~~~~~~~~~~~~^^
  File "/Library/Frameworks/Python.framework/Versions/3.14/lib/python3.14/site-packages/urllib3/connection.py", line 211, in _new_conn
    raise NameResolutionError(self.host, self, e) from e
urllib3.exceptions.NameResolutionError: HTTPSConnection(host='api.datajuri.com.br', port=443): Failed to resolve 'api.datajuri.com.br' ([Errno 8] nodename nor servname provided, or not known)

The above exception was the direct cause of the following exception:

Traceback (most recent call last):
  File "/Library/Frameworks/Python.framework/Versions/3.14/lib/python3.14/site-packages/requests/adapters.py", line 696, in send
    resp = conn.urlopen(
        method=request.method,
    ...<9 lines>...
        chunked=chunked,
    )
  File "/Library/Frameworks/Python.framework/Versions/3.14/lib/python3.14/site-packages/urllib3/connectionpool.py", line 842, in urlopen
    retries = retries.increment(
        method, url, error=new_e, _pool=self, _stacktrace=sys.exc_info()[2]
    )
  File "/Library/Frameworks/Python.framework/Versions/3.14/lib/python3.14/site-packages/urllib3/util/retry.py", line 543, in increment
    raise MaxRetryError(_pool, url, reason) from reason  # type: ignore[arg-type]
    ^^^^^^^^^^^^^^^^^^^^^^^^^^^^^^^^^^^^^^^^^^^^^^^^^^^
urllib3.exceptions.MaxRetryError: HTTPSConnectionPool(host='api.datajuri.com.br', port=443): Max retries exceeded with url: /oauth/token (Caused by NameResolutionError("HTTPSConnection(host='api.datajuri.com.br', port=443): Failed to resolve 'api.datajuri.com.br' ([Errno 8] nodename nor servname provided, or not known)"))

During handling of the above exception, another exception occurred:

Traceback (most recent call last):
  File "/Users/victormiranda/Documentos/datajuri/gerar_dashboard_prazos_v13.py", line 1191, in <module>
    registros = carregar_registros()
  File "/Users/victormiranda/Documentos/datajuri/gerar_dashboard_prazos_v13.py", line 86, in carregar_registros
    token = obter_token(creds)
  File "/Users/victormiranda/Documentos/datajuri/gerar_dashboard_prazos_v13.py", line 72, in obter_token
    resp = requests.post(AUTH_URL, headers=headers, data=data, timeout=120)
  File "/Library/Frameworks/Python.framework/Versions/3.14/lib/python3.14/site-packages/requests/api.py", line 134, in post
    return request("post", url, data=data, json=json, **kwargs)
  File "/Library/Frameworks/Python.framework/Versions/3.14/lib/python3.14/site-packages/requests/api.py", line 71, in request
    return session.request(method=method, url=url, **kwargs)
           ~~~~~~~~~~~~~~~^^^^^^^^^^^^^^^^^^^^^^^^^^^^^^^^^^
  File "/Library/Frameworks/Python.framework/Versions/3.14/lib/python3.14/site-packages/requests/sessions.py", line 651, in request
    resp = self.send(prep, **send_kwargs)
  File "/Library/Frameworks/Python.framework/Versions/3.14/lib/python3.14/site-packages/requests/sessions.py", line 784, in send
    r = adapter.send(request, **kwargs)
  File "/Library/Frameworks/Python.framework/Versions/3.14/lib/python3.14/site-packages/requests/adapters.py", line 729, in send
    raise ConnectionError(e, request=request)
requests.exceptions.ConnectionError: HTTPSConnectionPool(host='api.datajuri.com.br', port=443): Max retries exceeded with url: /oauth/token (Caused by NameResolutionError("HTTPSConnection(host='api.datajuri.com.br', port=443): Failed to resolve 'api.datajuri.com.br' ([Errno 8] nodename nor servname provided, or not known)"))
=== 27/08/2026 17:29 ===
Autenticando na API...
Traceback (most recent call last):
  File "/Library/Frameworks/Python.framework/Versions/3.14/lib/python3.14/site-packages/urllib3/connection.py", line 204, in _new_conn
    sock = connection.create_connection(
        (self._dns_host, self.port),
    ...<2 lines>...
        socket_options=self.socket_options,
    )
  File "/Library/Frameworks/Python.framework/Versions/3.14/lib/python3.14/site-packages/urllib3/util/connection.py", line 60, in create_connection
    for res in socket.getaddrinfo(host, port, family, socket.SOCK_STREAM):
               ~~~~~~~~~~~~~~~~~~^^^^^^^^^^^^^^^^^^^^^^^^^^^^^^^^^^^^^^^^
  File "/Library/Frameworks/Python.framework/Versions/3.14/lib/python3.14/socket.py", line 987, in getaddrinfo
    for res in _socket.getaddrinfo(host, port, family, type, proto, flags):
               ~~~~~~~~~~~~~~~~~~~^^^^^^^^^^^^^^^^^^^^^^^^^^^^^^^^^^^^^^^^
socket.gaierror: [Errno 8] nodename nor servname provided, or not known

The above exception was the direct cause of the following exception:

Traceback (most recent call last):
  File "/Library/Frameworks/Python.framework/Versions/3.14/lib/python3.14/site-packages/urllib3/connectionpool.py", line 788, in urlopen
    response = self._make_request(
        conn,
    ...<10 lines>...
        **response_kw,
    )
  File "/Library/Frameworks/Python.framework/Versions/3.14/lib/python3.14/site-packages/urllib3/connectionpool.py", line 488, in _make_request
    raise new_e
  File "/Library/Frameworks/Python.framework/Versions/3.14/lib/python3.14/site-packages/urllib3/connectionpool.py", line 464, in _make_request
    self._validate_conn(conn)
    ~~~~~~~~~~~~~~~~~~~^^^^^^
  File "/Library/Frameworks/Python.framework/Versions/3.14/lib/python3.14/site-packages/urllib3/connectionpool.py", line 1106, in _validate_conn
    conn.connect()
    ~~~~~~~~~~~~^^
  File "/Library/Frameworks/Python.framework/Versions/3.14/lib/python3.14/site-packages/urllib3/connection.py", line 759, in connect
    self.sock = sock = self._new_conn()
                       ~~~~~~~~~~~~~~^^
  File "/Library/Frameworks/Python.framework/Versions/3.14/lib/python3.14/site-packages/urllib3/connection.py", line 211, in _new_conn
    raise NameResolutionError(self.host, self, e) from e
urllib3.exceptions.NameResolutionError: HTTPSConnection(host='api.datajuri.com.br', port=443): Failed to resolve 'api.datajuri.com.br' ([Errno 8] nodename nor servname provided, or not known)

The above exception was the direct cause of the following exception:

Traceback (most recent call last):
  File "/Library/Frameworks/Python.framework/Versions/3.14/lib/python3.14/site-packages/requests/adapters.py", line 696, in send
    resp = conn.urlopen(
        method=request.method,
    ...<9 lines>...
        chunked=chunked,
    )
  File "/Library/Frameworks/Python.framework/Versions/3.14/lib/python3.14/site-packages/urllib3/connectionpool.py", line 842, in urlopen
    retries = retries.increment(
        method, url, error=new_e, _pool=self, _stacktrace=sys.exc_info()[2]
    )
  File "/Library/Frameworks/Python.framework/Versions/3.14/lib/python3.14/site-packages/urllib3/util/retry.py", line 543, in increment
    raise MaxRetryError(_pool, url, reason) from reason  # type: ignore[arg-type]
    ^^^^^^^^^^^^^^^^^^^^^^^^^^^^^^^^^^^^^^^^^^^^^^^^^^^
urllib3.exceptions.MaxRetryError: HTTPSConnectionPool(host='api.datajuri.com.br', port=443): Max retries exceeded with url: /oauth/token (Caused by NameResolutionError("HTTPSConnection(host='api.datajuri.com.br', port=443): Failed to resolve 'api.datajuri.com.br' ([Errno 8] nodename nor servname provided, or not known)"))

During handling of the above exception, another exception occurred:

Traceback (most recent call last):
  File "/Users/victormiranda/Documentos/datajuri/gerar_dashboard_prazos_v13.py", line 1191, in <module>
    registros = carregar_registros()
  File "/Users/victormiranda/Documentos/datajuri/gerar_dashboard_prazos_v13.py", line 86, in carregar_registros
    token = obter_token(creds)
  File "/Users/victormiranda/Documentos/datajuri/gerar_dashboard_prazos_v13.py", line 72, in obter_token
    resp = requests.post(AUTH_URL, headers=headers, data=data, timeout=120)
  File "/Library/Frameworks/Python.framework/Versions/3.14/lib/python3.14/site-packages/requests/api.py", line 134, in post
    return request("post", url, data=data, json=json, **kwargs)
  File "/Library/Frameworks/Python.framework/Versions/3.14/lib/python3.14/site-packages/requests/api.py", line 71, in request
    return session.request(method=method, url=url, **kwargs)
           ~~~~~~~~~~~~~~~^^^^^^^^^^^^^^^^^^^^^^^^^^^^^^^^^^
  File "/Library/Frameworks/Python.framework/Versions/3.14/lib/python3.14/site-packages/requests/sessions.py", line 651, in request
    resp = self.send(prep, **send_kwargs)
  File "/Library/Frameworks/Python.framework/Versions/3.14/lib/python3.14/site-packages/requests/sessions.py", line 784, in send
    r = adapter.send(request, **kwargs)
  File "/Library/Frameworks/Python.framework/Versions/3.14/lib/python3.14/site-packages/requests/adapters.py", line 729, in send
    raise ConnectionError(e, request=request)
requests.exceptions.ConnectionError: HTTPSConnectionPool(host='api.datajuri.com.br', port=443): Max retries exceeded with url: /oauth/token (Caused by NameResolutionError("HTTPSConnection(host='api.datajuri.com.br', port=443): Failed to resolve 'api.datajuri.com.br' ([Errno 8] nodename nor servname provided, or not known)"))
=== 28/08/2026 10:00 ===
Autenticando na API...
Traceback (most recent call last):
  File "/Library/Frameworks/Python.framework/Versions/3.14/lib/python3.14/site-packages/urllib3/connection.py", line 204, in _new_conn
    sock = connection.create_connection(
        (self._dns_host, self.port),
    ...<2 lines>...
        socket_options=self.socket_options,
    )
  File "/Library/Frameworks/Python.framework/Versions/3.14/lib/python3.14/site-packages/urllib3/util/connection.py", line 60, in create_connection
    for res in socket.getaddrinfo(host, port, family, socket.SOCK_STREAM):
               ~~~~~~~~~~~~~~~~~~^^^^^^^^^^^^^^^^^^^^^^^^^^^^^^^^^^^^^^^^
  File "/Library/Frameworks/Python.framework/Versions/3.14/lib/python3.14/socket.py", line 987, in getaddrinfo
    for res in _socket.getaddrinfo(host, port, family, type, proto, flags):
               ~~~~~~~~~~~~~~~~~~~^^^^^^^^^^^^^^^^^^^^^^^^^^^^^^^^^^^^^^^^
socket.gaierror: [Errno 8] nodename nor servname provided, or not known

The above exception was the direct cause of the following exception:

Traceback (most recent call last):
  File "/Library/Frameworks/Python.framework/Versions/3.14/lib/python3.14/site-packages/urllib3/connectionpool.py", line 788, in urlopen
    response = self._make_request(
        conn,
    ...<10 lines>...
        **response_kw,
    )
  File "/Library/Frameworks/Python.framework/Versions/3.14/lib/python3.14/site-packages/urllib3/connectionpool.py", line 488, in _make_request
    raise new_e
  File "/Library/Frameworks/Python.framework/Versions/3.14/lib/python3.14/site-packages/urllib3/connectionpool.py", line 464, in _make_request
    self._validate_conn(conn)
    ~~~~~~~~~~~~~~~~~~~^^^^^^
  File "/Library/Frameworks/Python.framework/Versions/3.14/lib/python3.14/site-packages/urllib3/connectionpool.py", line 1106, in _validate_conn
    conn.connect()
    ~~~~~~~~~~~~^^
  File "/Library/Frameworks/Python.framework/Versions/3.14/lib/python3.14/site-packages/urllib3/connection.py", line 759, in connect
    self.sock = sock = self._new_conn()
                       ~~~~~~~~~~~~~~^^
  File "/Library/Frameworks/Python.framework/Versions/3.14/lib/python3.14/site-packages/urllib3/connection.py", line 211, in _new_conn
    raise NameResolutionError(self.host, self, e) from e
urllib3.exceptions.NameResolutionError: HTTPSConnection(host='api.datajuri.com.br', port=443): Failed to resolve 'api.datajuri.com.br' ([Errno 8] nodename nor servname provided, or not known)

The above exception was the direct cause of the following exception:

Traceback (most recent call last):
  File "/Library/Frameworks/Python.framework/Versions/3.14/lib/python3.14/site-packages/requests/adapters.py", line 696, in send
    resp = conn.urlopen(
        method=request.method,
    ...<9 lines>...
        chunked=chunked,
    )
  File "/Library/Frameworks/Python.framework/Versions/3.14/lib/python3.14/site-packages/urllib3/connectionpool.py", line 842, in urlopen
    retries = retries.increment(
        method, url, error=new_e, _pool=self, _stacktrace=sys.exc_info()[2]
    )
  File "/Library/Frameworks/Python.framework/Versions/3.14/lib/python3.14/site-packages/urllib3/util/retry.py", line 543, in increment
    raise MaxRetryError(_pool, url, reason) from reason  # type: ignore[arg-type]
    ^^^^^^^^^^^^^^^^^^^^^^^^^^^^^^^^^^^^^^^^^^^^^^^^^^^
urllib3.exceptions.MaxRetryError: HTTPSConnectionPool(host='api.datajuri.com.br', port=443): Max retries exceeded with url: /oauth/token (Caused by NameResolutionError("HTTPSConnection(host='api.datajuri.com.br', port=443): Failed to resolve 'api.datajuri.com.br' ([Errno 8] nodename nor servname provided, or not known)"))

During handling of the above exception, another exception occurred:

Traceback (most recent call last):
  File "/Users/victormiranda/Documentos/datajuri/gerar_dashboard_prazos_v13.py", line 1191, in <module>
    registros = carregar_registros()
  File "/Users/victormiranda/Documentos/datajuri/gerar_dashboard_prazos_v13.py", line 86, in carregar_registros
    token = obter_token(creds)
  File "/Users/victormiranda/Documentos/datajuri/gerar_dashboard_prazos_v13.py", line 72, in obter_token
    resp = requests.post(AUTH_URL, headers=headers, data=data, timeout=120)
  File "/Library/Frameworks/Python.framework/Versions/3.14/lib/python3.14/site-packages/requests/api.py", line 134, in post
    return request("post", url, data=data, json=json, **kwargs)
  File "/Library/Frameworks/Python.framework/Versions/3.14/lib/python3.14/site-packages/requests/api.py", line 71, in request
    return session.request(method=method, url=url, **kwargs)
           ~~~~~~~~~~~~~~~^^^^^^^^^^^^^^^^^^^^^^^^^^^^^^^^^^
  File "/Library/Frameworks/Python.framework/Versions/3.14/lib/python3.14/site-packages/requests/sessions.py", line 651, in request
    resp = self.send(prep, **send_kwargs)
  File "/Library/Frameworks/Python.framework/Versions/3.14/lib/python3.14/site-packages/requests/sessions.py", line 784, in send
    r = adapter.send(request, **kwargs)
  File "/Library/Frameworks/Python.framework/Versions/3.14/lib/python3.14/site-packages/requests/adapters.py", line 729, in send
    raise ConnectionError(e, request=request)
requests.exceptions.ConnectionError: HTTPSConnectionPool(host='api.datajuri.com.br', port=443): Max retries exceeded with url: /oauth/token (Caused by NameResolutionError("HTTPSConnection(host='api.datajuri.com.br', port=443): Failed to resolve 'api.datajuri.com.br' ([Errno 8] nodename nor servname provided, or not known)"))
=== 28/08/2026 17:00 ===
Autenticando na API...
Buscando tarefas (prazos)...
  Pagina 1: 100 registros
  Pagina 2: 100 registros
  Pagina 3: 100 registros
  Pagina 4: 100 registros
  Pagina 5: 100 registros
  Pagina 6: 100 registros
  Pagina 7: 100 registros
  Pagina 8: 100 registros
  Pagina 9: 100 registros
  Pagina 10: 100 registros
  Pagina 11: 100 registros
  Pagina 12: 100 registros
  Pagina 13: 100 registros
  Pagina 14: 100 registros
  Pagina 15: 100 registros
  Pagina 16: 100 registros
  Pagina 17: 100 registros
  Pagina 18: 100 registros
  Pagina 19: 100 registros
  Pagina 20: 100 registros
  Pagina 21: 100 registros
  Pagina 22: 100 registros
  Pagina 23: 100 registros
  Pagina 24: 100 registros
  Pagina 25: 100 registros
  Pagina 26: 100 registros
  Pagina 27: 100 registros
  Pagina 28: 100 registros
  Pagina 29: 100 registros
  Pagina 30: 100 registros
  Pagina 31: 100 registros
  Pagina 32: 100 registros
  Pagina 33: 100 registros
  Pagina 34: 100 registros
  Pagina 35: 100 registros
  Pagina 36: 100 registros
  Pagina 37: 100 registros
  Pagina 38: 100 registros
  Pagina 39: 100 registros
  Pagina 40: 100 registros
  Pagina 41: 100 registros
  Pagina 42: 100 registros
  Pagina 43: 100 registros
  Pagina 44: 100 registros
  Pagina 45: 100 registros
  Pagina 46: 100 registros
  Pagina 47: 100 registros
  Pagina 48: 100 registros
  Pagina 49: 100 registros
  Pagina 50: 100 registros
  Pagina 51: 100 registros
  Pagina 52: 100 registros
  Pagina 53: 100 registros
  Pagina 54: 100 registros
  Pagina 55: 100 registros
  Pagina 56: 100 registros
  Pagina 57: 100 registros
  Pagina 58: 100 registros
  Pagina 59: 100 registros
  Pagina 60: 100 registros
  Pagina 61: 100 registros
  Pagina 62: 100 registros
  Pagina 63: 100 registros
  Pagina 64: 100 registros
  Pagina 65: 100 registros
  Pagina 66: 100 registros
  Pagina 67: 100 registros
  Pagina 68: 100 registros
  Pagina 69: 100 registros
  Pagina 70: 100 registros
  Pagina 71: 100 registros
  Pagina 72: 100 registros
  Pagina 73: 100 registros
  Pagina 74: 100 registros
  Pagina 75: 100 registros
  Pagina 76: 100 registros
  Pagina 77: 100 registros
  Pagina 78: 100 registros
  Pagina 79: 100 registros
  Pagina 80: 100 registros
  Pagina 81: 100 registros
  Pagina 82: 100 registros
  Pagina 83: 100 registros
  Pagina 84: 100 registros
  Pagina 85: 100 registros
  Pagina 86: 100 registros
  Pagina 87: 100 registros
  Pagina 88: 100 registros
  Pagina 89: 100 registros
  Pagina 90: 100 registros
  Pagina 91: 100 registros
  Pagina 92: 100 registros
  Pagina 93: 100 registros
  Pagina 94: 100 registros
  Pagina 95: 100 registros
  Pagina 96: 100 registros
  Pagina 97: 100 registros
  Pagina 98: 100 registros
  Pagina 99: 100 registros
  Pagina 100: 100 registros
  Pagina 101: 100 registros
  Pagina 102: 100 registros
  Pagina 103: 100 registros
  Pagina 104: 100 registros
  Pagina 105: 100 registros
  Pagina 106: 100 registros
  Pagina 107: 100 registros
  Pagina 108: 100 registros
  Pagina 109: 100 registros
  Pagina 110: 100 registros
  Pagina 111: 100 registros
  Pagina 112: 100 registros
  Pagina 113: 100 registros
  Pagina 114: 100 registros
  Pagina 115: 100 registros
  Pagina 116: 100 registros
  Pagina 117: 100 registros
  Pagina 118: 100 registros
  Pagina 119: 100 registros
  Pagina 120: 100 registros
  Pagina 121: 100 registros
  Pagina 122: 100 registros
  Pagina 123: 100 registros
  Pagina 124: 100 registros
  Pagina 125: 100 registros
  Pagina 126: 100 registros
  Pagina 127: 100 registros
  Pagina 128: 100 registros
  Pagina 129: 100 registros
  Pagina 130: 100 registros
  Pagina 131: 100 registros
  Pagina 132: 100 registros
  Pagina 133: 100 registros
  Pagina 134: 100 registros
  Pagina 135: 100 registros
  Pagina 136: 100 registros
  Pagina 137: 100 registros
  Pagina 138: 100 registros
  Pagina 139: 100 registros
  Pagina 140: 100 registros
  Pagina 141: 100 registros
  Pagina 142: 100 registros
  Pagina 143: 100 registros
  Pagina 144: 100 registros
  Pagina 145: 100 registros
  Pagina 146: 100 registros
  Pagina 147: 100 registros
  Pagina 148: 100 registros
  Pagina 149: 100 registros
  Pagina 150: 100 registros
  Pagina 151: 100 registros
  Pagina 152: 100 registros
  Pagina 153: 100 registros
  Pagina 154: 100 registros
  Pagina 155: 100 registros
  Pagina 156: 100 registros
  Pagina 157: 100 registros
  Pagina 158: 100 registros
  Pagina 159: 100 registros
  Pagina 160: 100 registros
  Pagina 161: 100 registros
  Pagina 162: 100 registros
  Pagina 163: 100 registros
  Pagina 164: 100 registros
  Pagina 165: 100 registros
  Pagina 166: 100 registros
  Pagina 167: 100 registros
  Pagina 168: 100 registros
  Pagina 169: 100 registros
  Pagina 170: 100 registros
  Pagina 171: 100 registros
  Pagina 172: 100 registros
  Pagina 173: 100 registros
  Pagina 174: 100 registros
  Pagina 175: 100 registros
  Pagina 176: 100 registros
  Pagina 177: 100 registros
  Pagina 178: 100 registros
  Pagina 179: 100 registros
  Pagina 180: 100 registros
  Pagina 181: 100 registros
  Pagina 182: 100 registros
  Pagina 183: 100 registros
  Pagina 184: 100 registros
  Pagina 185: 100 registros
  Pagina 186: 100 registros
  Pagina 187: 100 registros
  Pagina 188: 100 registros
  Pagina 189: 100 registros
  Pagina 190: 100 registros
  Pagina 191: 100 registros
  Pagina 192: 100 registros
  Pagina 193: 100 registros
  Pagina 194: 100 registros
  Pagina 195: 100 registros
  Pagina 196: 100 registros
  Pagina 197: 100 registros
  Pagina 198: 100 registros
  Pagina 199: 100 registros
  Pagina 200: 100 registros
  Pagina 201: 100 registros
  Pagina 202: 100 registros
  Pagina 203: 100 registros
  Pagina 204: 100 registros
  Pagina 205: 100 registros
  Pagina 206: 100 registros
  Pagina 207: 100 registros
  Pagina 208: 100 registros
  Pagina 209: 100 registros
  Pagina 210: 100 registros
  Pagina 211: 100 registros
  Pagina 212: 100 registros
  Pagina 213: 100 registros
  Pagina 214: 100 registros
  Pagina 215: 100 registros
  Pagina 216: 100 registros
  Pagina 217: 100 registros
  Pagina 218: 100 registros
  Pagina 219: 100 registros
  Pagina 220: 100 registros
  Pagina 221: 100 registros
  Pagina 222: 100 registros
  Pagina 223: 100 registros
  Pagina 224: 100 registros
  Pagina 225: 100 registros
  Pagina 226: 100 registros
  Pagina 227: 100 registros
  Pagina 228: 100 registros
  Pagina 229: 100 registros
  Pagina 230: 100 registros
  Pagina 231: 100 registros
  Pagina 232: 100 registros
  Pagina 233: 100 registros
  Pagina 234: 100 registros
  Pagina 235: 100 registros
  Pagina 236: 100 registros
  Pagina 237: 100 registros
  Pagina 238: 100 registros
  Pagina 239: 47 registros
Total bruto da API: 23847 tarefas
Apos filtro (mes atual em diante): 922 tarefas
Backup salvo em: atividades_datajuri.csv
Carregados 922 registro(s) da API.
Dashboard salvo em: dashboard_prazos.html
Abra esse arquivo no navegador para visualizar.
=== 29/08/2026 10:00 ===
Autenticando na API...
Traceback (most recent call last):
  File "/Library/Frameworks/Python.framework/Versions/3.14/lib/python3.14/site-packages/urllib3/connection.py", line 204, in _new_conn
    sock = connection.create_connection(
        (self._dns_host, self.port),
    ...<2 lines>...
        socket_options=self.socket_options,
    )
  File "/Library/Frameworks/Python.framework/Versions/3.14/lib/python3.14/site-packages/urllib3/util/connection.py", line 60, in create_connection
    for res in socket.getaddrinfo(host, port, family, socket.SOCK_STREAM):
               ~~~~~~~~~~~~~~~~~~^^^^^^^^^^^^^^^^^^^^^^^^^^^^^^^^^^^^^^^^
  File "/Library/Frameworks/Python.framework/Versions/3.14/lib/python3.14/socket.py", line 987, in getaddrinfo
    for res in _socket.getaddrinfo(host, port, family, type, proto, flags):
               ~~~~~~~~~~~~~~~~~~~^^^^^^^^^^^^^^^^^^^^^^^^^^^^^^^^^^^^^^^^
socket.gaierror: [Errno 8] nodename nor servname provided, or not known

The above exception was the direct cause of the following exception:

Traceback (most recent call last):
  File "/Library/Frameworks/Python.framework/Versions/3.14/lib/python3.14/site-packages/urllib3/connectionpool.py", line 788, in urlopen
    response = self._make_request(
        conn,
    ...<10 lines>...
        **response_kw,
    )
  File "/Library/Frameworks/Python.framework/Versions/3.14/lib/python3.14/site-packages/urllib3/connectionpool.py", line 488, in _make_request
    raise new_e
  File "/Library/Frameworks/Python.framework/Versions/3.14/lib/python3.14/site-packages/urllib3/connectionpool.py", line 464, in _make_request
    self._validate_conn(conn)
    ~~~~~~~~~~~~~~~~~~~^^^^^^
  File "/Library/Frameworks/Python.framework/Versions/3.14/lib/python3.14/site-packages/urllib3/connectionpool.py", line 1106, in _validate_conn
    conn.connect()
    ~~~~~~~~~~~~^^
  File "/Library/Frameworks/Python.framework/Versions/3.14/lib/python3.14/site-packages/urllib3/connection.py", line 759, in connect
    self.sock = sock = self._new_conn()
                       ~~~~~~~~~~~~~~^^
  File "/Library/Frameworks/Python.framework/Versions/3.14/lib/python3.14/site-packages/urllib3/connection.py", line 211, in _new_conn
    raise NameResolutionError(self.host, self, e) from e
urllib3.exceptions.NameResolutionError: HTTPSConnection(host='api.datajuri.com.br', port=443): Failed to resolve 'api.datajuri.com.br' ([Errno 8] nodename nor servname provided, or not known)

The above exception was the direct cause of the following exception:

Traceback (most recent call last):
  File "/Library/Frameworks/Python.framework/Versions/3.14/lib/python3.14/site-packages/requests/adapters.py", line 696, in send
    resp = conn.urlopen(
        method=request.method,
    ...<9 lines>...
        chunked=chunked,
    )
  File "/Library/Frameworks/Python.framework/Versions/3.14/lib/python3.14/site-packages/urllib3/connectionpool.py", line 842, in urlopen
    retries = retries.increment(
        method, url, error=new_e, _pool=self, _stacktrace=sys.exc_info()[2]
    )
  File "/Library/Frameworks/Python.framework/Versions/3.14/lib/python3.14/site-packages/urllib3/util/retry.py", line 543, in increment
    raise MaxRetryError(_pool, url, reason) from reason  # type: ignore[arg-type]
    ^^^^^^^^^^^^^^^^^^^^^^^^^^^^^^^^^^^^^^^^^^^^^^^^^^^
urllib3.exceptions.MaxRetryError: HTTPSConnectionPool(host='api.datajuri.com.br', port=443): Max retries exceeded with url: /oauth/token (Caused by NameResolutionError("HTTPSConnection(host='api.datajuri.com.br', port=443): Failed to resolve 'api.datajuri.com.br' ([Errno 8] nodename nor servname provided, or not known)"))

During handling of the above exception, another exception occurred:

Traceback (most recent call last):
  File "/Users/victormiranda/Documentos/datajuri/gerar_dashboard_prazos_v13.py", line 1191, in <module>
    registros = carregar_registros()
  File "/Users/victormiranda/Documentos/datajuri/gerar_dashboard_prazos_v13.py", line 86, in carregar_registros
    token = obter_token(creds)
  File "/Users/victormiranda/Documentos/datajuri/gerar_dashboard_prazos_v13.py", line 72, in obter_token
    resp = requests.post(AUTH_URL, headers=headers, data=data, timeout=120)
  File "/Library/Frameworks/Python.framework/Versions/3.14/lib/python3.14/site-packages/requests/api.py", line 134, in post
    return request("post", url, data=data, json=json, **kwargs)
  File "/Library/Frameworks/Python.framework/Versions/3.14/lib/python3.14/site-packages/requests/api.py", line 71, in request
    return session.request(method=method, url=url, **kwargs)
           ~~~~~~~~~~~~~~~^^^^^^^^^^^^^^^^^^^^^^^^^^^^^^^^^^
  File "/Library/Frameworks/Python.framework/Versions/3.14/lib/python3.14/site-packages/requests/sessions.py", line 651, in request
    resp = self.send(prep, **send_kwargs)
  File "/Library/Frameworks/Python.framework/Versions/3.14/lib/python3.14/site-packages/requests/sessions.py", line 784, in send
    r = adapter.send(request, **kwargs)
  File "/Library/Frameworks/Python.framework/Versions/3.14/lib/python3.14/site-packages/requests/adapters.py", line 729, in send
    raise ConnectionError(e, request=request)
requests.exceptions.ConnectionError: HTTPSConnectionPool(host='api.datajuri.com.br', port=443): Max retries exceeded with url: /oauth/token (Caused by NameResolutionError("HTTPSConnection(host='api.datajuri.com.br', port=443): Failed to resolve 'api.datajuri.com.br' ([Errno 8] nodename nor servname provided, or not known)"))
=== 29/08/2026 17:00 ===
Autenticando na API...
Buscando tarefas (prazos)...
  Pagina 1: 100 registros
  Pagina 2: 100 registros
  Pagina 3: 100 registros
  Pagina 4: 100 registros
  Pagina 5: 100 registros
  Pagina 6: 100 registros
  Pagina 7: 100 registros
  Pagina 8: 100 registros
  Pagina 9: 100 registros
  Pagina 10: 100 registros
  Pagina 11: 100 registros
  Pagina 12: 100 registros
  Pagina 13: 100 registros
  Pagina 14: 100 registros
  Pagina 15: 100 registros
  Pagina 16: 100 registros
  Pagina 17: 100 registros
  Pagina 18: 100 registros
  Pagina 19: 100 registros
  Pagina 20: 100 registros
  Pagina 21: 100 registros
  Pagina 22: 100 registros
  Pagina 23: 100 registros
  Pagina 24: 100 registros
  Pagina 25: 100 registros
  Pagina 26: 100 registros
  Pagina 27: 100 registros
  Pagina 28: 100 registros
  Pagina 29: 100 registros
  Pagina 30: 100 registros
  Pagina 31: 100 registros
  Pagina 32: 100 registros
  Pagina 33: 100 registros
  Pagina 34: 100 registros
  Pagina 35: 100 registros
  Pagina 36: 100 registros
  Pagina 37: 100 registros
  Pagina 38: 100 registros
  Pagina 39: 100 registros
  Pagina 40: 100 registros
  Pagina 41: 100 registros
  Pagina 42: 100 registros
  Pagina 43: 100 registros
  Pagina 44: 100 registros
  Pagina 45: 100 registros
  Pagina 46: 100 registros
  Pagina 47: 100 registros
  Pagina 48: 100 registros
  Pagina 49: 100 registros
  Pagina 50: 100 registros
  Pagina 51: 100 registros
  Pagina 52: 100 registros
  Pagina 53: 100 registros
  Pagina 54: 100 registros
  Pagina 55: 100 registros
  Pagina 56: 100 registros
  Pagina 57: 100 registros
  Pagina 58: 100 registros
  Pagina 59: 100 registros
  Pagina 60: 100 registros
  Pagina 61: 100 registros
  Pagina 62: 100 registros
  Pagina 63: 100 registros
  Pagina 64: 100 registros
  Pagina 65: 100 registros
  Pagina 66: 100 registros
  Pagina 67: 100 registros
  Pagina 68: 100 registros
  Pagina 69: 100 registros
  Pagina 70: 100 registros
  Pagina 71: 100 registros
  Pagina 72: 100 registros
  Pagina 73: 100 registros
  Pagina 74: 100 registros
  Pagina 75: 100 registros
  Pagina 76: 100 registros
  Pagina 77: 100 registros
  Pagina 78: 100 registros
  Pagina 79: 100 registros
  Pagina 80: 100 registros
  Pagina 81: 100 registros
  Pagina 82: 100 registros
  Pagina 83: 100 registros
  Pagina 84: 100 registros
  Pagina 85: 100 registros
  Pagina 86: 100 registros
  Pagina 87: 100 registros
  Pagina 88: 100 registros
  Pagina 89: 100 registros
  Pagina 90: 100 registros
  Pagina 91: 100 registros
  Pagina 92: 100 registros
  Pagina 93: 100 registros
  Pagina 94: 100 registros
  Pagina 95: 100 registros
  Pagina 96: 100 registros
  Pagina 97: 100 registros
  Pagina 98: 100 registros
  Pagina 99: 100 registros
  Pagina 100: 100 registros
  Pagina 101: 100 registros
  Pagina 102: 100 registros
  Pagina 103: 100 registros
  Pagina 104: 100 registros
  Pagina 105: 100 registros
  Pagina 106: 100 registros
  Pagina 107: 100 registros
  Pagina 108: 100 registros
  Pagina 109: 100 registros
  Pagina 110: 100 registros
  Pagina 111: 100 registros
  Pagina 112: 100 registros
  Pagina 113: 100 registros
  Pagina 114: 100 registros
  Pagina 115: 100 registros
  Pagina 116: 100 registros
  Pagina 117: 100 registros
  Pagina 118: 100 registros
  Pagina 119: 100 registros
  Pagina 120: 100 registros
  Pagina 121: 100 registros
  Pagina 122: 100 registros
  Pagina 123: 100 registros
  Pagina 124: 100 registros
  Pagina 125: 100 registros
  Pagina 126: 100 registros
  Pagina 127: 100 registros
  Pagina 128: 100 registros
  Pagina 129: 100 registros
  Pagina 130: 100 registros
  Pagina 131: 100 registros
  Pagina 132: 100 registros
  Pagina 133: 100 registros
  Pagina 134: 100 registros
  Pagina 135: 100 registros
  Pagina 136: 100 registros
  Pagina 137: 100 registros
  Pagina 138: 100 registros
  Pagina 139: 100 registros
  Pagina 140: 100 registros
  Pagina 141: 100 registros
  Pagina 142: 100 registros
  Pagina 143: 100 registros
  Pagina 144: 100 registros
  Pagina 145: 100 registros
  Pagina 146: 100 registros
  Pagina 147: 100 registros
  Pagina 148: 100 registros
  Pagina 149: 100 registros
  Pagina 150: 100 registros
  Pagina 151: 100 registros
  Pagina 152: 100 registros
  Pagina 153: 100 registros
  Pagina 154: 100 registros
  Pagina 155: 100 registros
  Pagina 156: 100 registros
  Pagina 157: 100 registros
  Pagina 158: 100 registros
  Pagina 159: 100 registros
  Pagina 160: 100 registros
  Pagina 161: 100 registros
  Pagina 162: 100 registros
  Pagina 163: 100 registros
  Pagina 164: 100 registros
  Pagina 165: 100 registros
  Pagina 166: 100 registros
  Pagina 167: 100 registros
  Pagina 168: 100 registros
  Pagina 169: 100 registros
  Pagina 170: 100 registros
  Pagina 171: 100 registros
  Pagina 172: 100 registros
  Pagina 173: 100 registros
  Pagina 174: 100 registros
  Pagina 175: 100 registros
  Pagina 176: 100 registros
  Pagina 177: 100 registros
  Pagina 178: 100 registros
  Pagina 179: 100 registros
  Pagina 180: 100 registros
  Pagina 181: 100 registros
  Pagina 182: 100 registros
  Pagina 183: 100 registros
  Pagina 184: 100 registros
  Pagina 185: 100 registros
  Pagina 186: 100 registros
  Pagina 187: 100 registros
  Pagina 188: 100 registros
  Pagina 189: 100 registros
  Pagina 190: 100 registros
  Pagina 191: 100 registros
  Pagina 192: 100 registros
  Pagina 193: 100 registros
  Pagina 194: 100 registros
  Pagina 195: 100 registros
  Pagina 196: 100 registros
  Pagina 197: 100 registros
  Pagina 198: 100 registros
  Pagina 199: 100 registros
  Pagina 200: 100 registros
  Pagina 201: 100 registros
  Pagina 202: 100 registros
  Pagina 203: 100 registros
  Pagina 204: 100 registros
  Pagina 205: 100 registros
  Pagina 206: 100 registros
  Pagina 207: 100 registros
  Pagina 208: 100 registros
  Pagina 209: 100 registros
  Pagina 210: 100 registros
  Pagina 211: 100 registros
  Pagina 212: 100 registros
  Pagina 213: 100 registros
  Pagina 214: 100 registros
  Pagina 215: 100 registros
  Pagina 216: 100 registros
  Pagina 217: 100 registros
  Pagina 218: 100 registros
  Pagina 219: 100 registros
  Pagina 220: 100 registros
  Pagina 221: 100 registros
  Pagina 222: 100 registros
  Pagina 223: 100 registros
  Pagina 224: 100 registros
  Pagina 225: 100 registros
  Pagina 226: 100 registros
  Pagina 227: 100 registros
  Pagina 228: 100 registros
  Pagina 229: 100 registros
  Pagina 230: 100 registros
  Pagina 231: 100 registros
  Pagina 232: 100 registros
  Pagina 233: 100 registros
  Pagina 234: 100 registros
  Pagina 235: 100 registros
  Pagina 236: 100 registros
  Pagina 237: 100 registros
  Pagina 238: 100 registros
  Pagina 239: 47 registros
Total bruto da API: 23847 tarefas
Apos filtro (mes atual em diante): 922 tarefas
Backup salvo em: atividades_datajuri.csv
Carregados 922 registro(s) da API.
Dashboard salvo em: dashboard_prazos.html
Abra esse arquivo no navegador para visualizar.
=== 30/08/2026 10:08 ===
Autenticando na API...
Buscando tarefas (prazos)...
  Pagina 1: 100 registros
  Pagina 2: 100 registros
  Pagina 3: 100 registros
  Pagina 4: 100 registros
  Pagina 5: 100 registros
  Pagina 6: 100 registros
  Pagina 7: 100 registros
  Pagina 8: 100 registros
  Pagina 9: 100 registros
  Pagina 10: 100 registros
  Pagina 11: 100 registros
  Pagina 12: 100 registros
  Pagina 13: 100 registros
  Pagina 14: 100 registros
  Pagina 15: 100 registros
  Pagina 16: 100 registros
  Pagina 17: 100 registros
  Pagina 18: 100 registros
  Pagina 19: 100 registros
  Pagina 20: 100 registros
  Pagina 21: 100 registros
  Pagina 22: 100 registros
  Pagina 23: 100 registros
  Pagina 24: 100 registros
  Pagina 25: 100 registros
  Pagina 26: 100 registros
  Pagina 27: 100 registros
  Pagina 28: 100 registros
  Pagina 29: 100 registros
  Pagina 30: 100 registros
  Pagina 31: 100 registros
  Pagina 32: 100 registros
  Pagina 33: 100 registros
  Pagina 34: 100 registros
  Pagina 35: 100 registros
  Pagina 36: 100 registros
  Pagina 37: 100 registros
  Pagina 38: 100 registros
  Pagina 39: 100 registros
  Pagina 40: 100 registros
  Pagina 41: 100 registros
  Pagina 42: 100 registros
  Pagina 43: 100 registros
  Pagina 44: 100 registros
  Aviso: erro na pagina 45: HTTPSConnectionPool(host='api.datajuri.com.br', port=443): Read timed out.
Total bruto da API: 4400 tarefas
Apos filtro (mes atual em diante): 826 tarefas
Backup salvo em: atividades_datajuri.csv
Carregados 826 registro(s) da API.
Dashboard salvo em: dashboard_prazos.html
Abra esse arquivo no navegador para visualizar.
=== 30/08/2026 17:00 ===
Autenticando na API...
Buscando tarefas (prazos)...
  Pagina 1: 100 registros
  Pagina 2: 100 registros
  Pagina 3: 100 registros
  Pagina 4: 100 registros
  Pagina 5: 100 registros
  Pagina 6: 100 registros
  Pagina 7: 100 registros
  Pagina 8: 100 registros
  Pagina 9: 100 registros
  Pagina 10: 100 registros
  Pagina 11: 100 registros
  Pagina 12: 100 registros
  Pagina 13: 100 registros
  Pagina 14: 100 registros
  Pagina 15: 100 registros
  Pagina 16: 100 registros
  Pagina 17: 100 registros
  Pagina 18: 100 registros
  Pagina 19: 100 registros
  Pagina 20: 100 registros
  Pagina 21: 100 registros
  Pagina 22: 100 registros
  Pagina 23: 100 registros
  Pagina 24: 100 registros
  Pagina 25: 100 registros
  Pagina 26: 100 registros
  Pagina 27: 100 registros
  Pagina 28: 100 registros
  Pagina 29: 100 registros
  Pagina 30: 100 registros
  Pagina 31: 100 registros
  Pagina 32: 100 registros
  Pagina 33: 100 registros
  Pagina 34: 100 registros
  Pagina 35: 100 registros
  Pagina 36: 100 registros
  Pagina 37: 100 registros
  Pagina 38: 100 registros
  Pagina 39: 100 registros
  Pagina 40: 100 registros
  Pagina 41: 100 registros
  Pagina 42: 100 registros
  Pagina 43: 100 registros
  Pagina 44: 100 registros
  Pagina 45: 100 registros
  Pagina 46: 100 registros
  Pagina 47: 100 registros
  Pagina 48: 100 registros
  Pagina 49: 100 registros
  Pagina 50: 100 registros
  Pagina 51: 100 registros
  Pagina 52: 100 registros
  Pagina 53: 100 registros
  Pagina 54: 100 registros
  Pagina 55: 100 registros
  Pagina 56: 100 registros
  Pagina 57: 100 registros
  Pagina 58: 100 registros
  Pagina 59: 100 registros
  Pagina 60: 100 registros
  Pagina 61: 100 registros
  Pagina 62: 100 registros
  Pagina 63: 100 registros
  Pagina 64: 100 registros
  Pagina 65: 100 registros
  Pagina 66: 100 registros
  Pagina 67: 100 registros
  Pagina 68: 100 registros
  Pagina 69: 100 registros
  Pagina 70: 100 registros
  Pagina 71: 100 registros
  Pagina 72: 100 registros
  Pagina 73: 100 registros
  Pagina 74: 100 registros
  Pagina 75: 100 registros
  Pagina 76: 100 registros
  Pagina 77: 100 registros
  Pagina 78: 100 registros
  Pagina 79: 100 registros
  Pagina 80: 100 registros
  Pagina 81: 100 registros
  Pagina 82: 100 registros
  Pagina 83: 100 registros
  Pagina 84: 100 registros
  Pagina 85: 100 registros
  Pagina 86: 100 registros
  Pagina 87: 100 registros
  Pagina 88: 100 registros
  Pagina 89: 100 registros
  Pagina 90: 100 registros
  Pagina 91: 100 registros
  Pagina 92: 100 registros
  Pagina 93: 100 registros
  Pagina 94: 100 registros
  Pagina 95: 100 registros
  Pagina 96: 100 registros
  Pagina 97: 100 registros
  Pagina 98: 100 registros
  Pagina 99: 100 registros
  Pagina 100: 100 registros
  Pagina 101: 100 registros
  Pagina 102: 100 registros
  Pagina 103: 100 registros
  Pagina 104: 100 registros
  Pagina 105: 100 registros
  Pagina 106: 100 registros
  Pagina 107: 100 registros
  Pagina 108: 100 registros
  Pagina 109: 100 registros
  Pagina 110: 100 registros
  Pagina 111: 100 registros
  Pagina 112: 100 registros
  Pagina 113: 100 registros
  Pagina 114: 100 registros
  Pagina 115: 100 registros
  Pagina 116: 100 registros
  Pagina 117: 100 registros
  Pagina 118: 100 registros
  Pagina 119: 100 registros
  Pagina 120: 100 registros
  Pagina 121: 100 registros
  Pagina 122: 100 registros
  Pagina 123: 100 registros
  Pagina 124: 100 registros
  Pagina 125: 100 registros
  Pagina 126: 100 registros
  Pagina 127: 100 registros
  Pagina 128: 100 registros
  Pagina 129: 100 registros
  Pagina 130: 100 registros
  Pagina 131: 100 registros
  Pagina 132: 100 registros
  Pagina 133: 100 registros
  Pagina 134: 100 registros
  Pagina 135: 100 registros
  Pagina 136: 100 registros
  Pagina 137: 100 registros
  Pagina 138: 100 registros
  Pagina 139: 100 registros
  Pagina 140: 100 registros
  Pagina 141: 100 registros
  Pagina 142: 100 registros
  Pagina 143: 100 registros
  Pagina 144: 100 registros
  Pagina 145: 100 registros
  Pagina 146: 100 registros
  Pagina 147: 100 registros
  Pagina 148: 100 registros
  Pagina 149: 100 registros
  Pagina 150: 100 registros
  Pagina 151: 100 registros
  Pagina 152: 100 registros
  Pagina 153: 100 registros
  Pagina 154: 100 registros
  Pagina 155: 100 registros
  Pagina 156: 100 registros
  Pagina 157: 100 registros
  Pagina 158: 100 registros
  Pagina 159: 100 registros
  Pagina 160: 100 registros
  Pagina 161: 100 registros
  Pagina 162: 100 registros
  Pagina 163: 100 registros
  Pagina 164: 100 registros
  Pagina 165: 100 registros
  Pagina 166: 100 registros
  Pagina 167: 100 registros
  Pagina 168: 100 registros
  Pagina 169: 100 registros
  Pagina 170: 100 registros
  Pagina 171: 100 registros
  Pagina 172: 100 registros
  Pagina 173: 100 registros
  Pagina 174: 100 registros
  Pagina 175: 100 registros
  Pagina 176: 100 registros
  Pagina 177: 100 registros
  Pagina 178: 100 registros
  Pagina 179: 100 registros
  Pagina 180: 100 registros
  Pagina 181: 100 registros
  Pagina 182: 100 registros
  Pagina 183: 100 registros
  Pagina 184: 100 registros
  Pagina 185: 100 registros
  Pagina 186: 100 registros
  Pagina 187: 100 registros
  Pagina 188: 100 registros
  Pagina 189: 100 registros
  Pagina 190: 100 registros
  Pagina 191: 100 registros
  Pagina 192: 100 registros
  Pagina 193: 100 registros
  Pagina 194: 100 registros
  Pagina 195: 100 registros
  Pagina 196: 100 registros
  Pagina 197: 100 registros
  Pagina 198: 100 registros
  Pagina 199: 100 registros
  Pagina 200: 100 registros
  Pagina 201: 100 registros
  Pagina 202: 100 registros
  Pagina 203: 100 registros
  Pagina 204: 100 registros
  Pagina 205: 100 registros
  Pagina 206: 100 registros
  Pagina 207: 100 registros
  Pagina 208: 100 registros
  Pagina 209: 100 registros
  Pagina 210: 100 registros
  Pagina 211: 100 registros
  Pagina 212: 100 registros
  Pagina 213: 100 registros
  Pagina 214: 100 registros
  Pagina 215: 100 registros
  Pagina 216: 100 registros
  Pagina 217: 100 registros
  Pagina 218: 100 registros
  Pagina 219: 100 registros
  Pagina 220: 100 registros
  Pagina 221: 100 registros
  Pagina 222: 100 registros
  Pagina 223: 100 registros
  Pagina 224: 100 registros
  Pagina 225: 100 registros
  Pagina 226: 100 registros
  Pagina 227: 100 registros
  Pagina 228: 100 registros
  Pagina 229: 100 registros
  Pagina 230: 100 registros
  Pagina 231: 100 registros
  Pagina 232: 100 registros
  Pagina 233: 100 registros
  Pagina 234: 100 registros
  Pagina 235: 100 registros
  Pagina 236: 100 registros
  Pagina 237: 100 registros
  Pagina 238: 100 registros
  Pagina 239: 47 registros
Total bruto da API: 23847 tarefas
Apos filtro (mes atual em diante): 922 tarefas
Backup salvo em: atividades_datajuri.csv
Carregados 922 registro(s) da API.
Dashboard salvo em: dashboard_prazos.html
Abra esse arquivo no navegador para visualizar.
=== 31/08/2026 10:00 - Iniciando atualizacao automatica ===
Traceback (most recent call last):
  File "/Users/victormiranda/Documentos/datajuri/gerar_dashboard_prazos_v13.py", line 7, in <module>
    import requests
ModuleNotFoundError: No module named 'requests'
[OK] Arquivo web_app/index.html sincronizado com sucesso.
=== 31/08/2026 10:00 - Concluido ===
=== 31/08/2026 17:00 - Iniciando atualizacao automatica ===
Traceback (most recent call last):
  File "/Users/victormiranda/Documentos/datajuri/gerar_dashboard_prazos_v13.py", line 7, in <module>
    import requests
ModuleNotFoundError: No module named 'requests'
[OK] Arquivo web_app/index.html sincronizado com sucesso.
=== 31/08/2026 17:00 - Concluido ===
=== 01/09/2026 10:00 - Iniciando atualizacao automatica ===
Traceback (most recent call last):
  File "/Users/victormiranda/Documentos/datajuri/gerar_dashboard_prazos_v13.py", line 7, in <module>
    import requests
ModuleNotFoundError: No module named 'requests'
[OK] Arquivo web_app/index.html sincronizado com sucesso.
=== 01/09/2026 10:00 - Concluido ===
=== 01/09/2026 17:04 - Iniciando atualizacao automatica ===
Traceback (most recent call last):
  File "/Users/victormiranda/Documentos/datajuri/gerar_dashboard_prazos_v13.py", line 7, in <module>
    import requests
ModuleNotFoundError: No module named 'requests'
[OK] Arquivo web_app/index.html sincronizado com sucesso.
=== 01/09/2026 17:04 - Concluido ===
=== 02/09/2026 10:00 - Iniciando atualizacao automatica ===
Traceback (most recent call last):
  File "/Users/victormiranda/Documentos/datajuri/gerar_dashboard_prazos_v13.py", line 7, in <module>
    import requests
ModuleNotFoundError: No module named 'requests'
[OK] Arquivo web_app/index.html sincronizado com sucesso.
=== 02/09/2026 10:00 - Concluido ===
=== 02/09/2026 17:00 - Iniciando atualizacao automatica ===
Traceback (most recent call last):
  File "/Users/victormiranda/Documentos/datajuri/gerar_dashboard_prazos_v13.py", line 7, in <module>
    import requests
ModuleNotFoundError: No module named 'requests'
[OK] Arquivo web_app/index.html sincronizado com sucesso.
=== 02/09/2026 17:00 - Concluido ===
