pasta,cliente.nome,adverso.nome,faseAtual.instancia,status,natureza,assunto
4011032-35.2026.8.26.0482,Pacaembu Construtora S/A,Condomínio Residencial Bela Vista,Primeira Instância,Ativo,Cível,Obrigação de Fazer / Não Fazer
14152.163515/2026-38,Pacaembu Araraquara 271 - Empreendimento Imobiliario Ltda,MPT - Gerência Regional do Trabalho de Araraquara/SP,,Ativo,Procedimento Administrativo,Instalações Sanitárias
0009114-93.2026.8.16.0045,Pacaembu Arapongas 2 - Empreendimento Imobiliarios Ltda.,Adriana Alencar Miranda,Primeira Instância,Aguardando Citação,Cível,Vícios Construtivos e muro de arrimo
0009091-50.2026.8.16.0045,Pacaembu Arapongas 2 - Empreendimento Imobiliarios Ltda.,Alexandre Vicente da Silva,Primeira Instância,Aguardando Citação,Cível,Vícios Construtivos e muro de arrimo
1003064-97.2026.8.13.0342,Pacaembu Construtora S/A,Caroline Costa Lopes,Primeira Instância,Ativo,Cível,Erro na Entrega do Imóvel
0009115-78.2026.8.16.0045,Pacaembu Arapongas 2 - Empreendimento Imobiliarios Ltda.,Adriana Domingos dos Santos,Primeira Instância,Aguardando Citação,Cível,Vícios Construtivos e muro de arrimo
4023348-89.2026.8.26.0576,Vida Nova Dignidade 2 Empreendimento Imobiliário ltda,Marcia Cristina dos Santos Conceicao,,Ativo,Cível,Ação de Cobrança
4023086-42.2026.8.26.0576,Pacaembu Construtora S/A,Maria Aparecida Caetano,Primeira Instância,Aguardando Citação,Cível,Vícios Construtivos
0007458-04.2026.8.16.0045,Pacaembu Arapongas 1 - Empreendimento Imobiliário Ltda.,Renata dos Reis Joaquim,Primeira Instância,Ativo,Cível,Vícios Construtivos e muro de arrimo
0009093-20.2026.8.16.0045,Pacaembu Arapongas 2 - Empreendimento Imobiliarios Ltda.,Beatriz Aparecida Marques Borges,Primeira Instância,Aguardando Citação,Cível,Vícios Construtivos e muro de arrimo
4010128-11.2026.8.26.0451,Pacaembu Construtora S/A,Diego Antony da Silva Ricucci,Primeira Instância,Aguardando Citação,Cível,Talude
0212-26,Pacaembu Construtora S/A,Tatiani Paulino Francisco,,Ativo,,Renegociação de Dívidas
0211-26,Pacaembu Construtora S/A,Paulo Sergio Belori Poli,,Ativo,,Segunda via de boleto
0210-26,Pacaembu Construtora S/A,Leticia Stefani Rodrigues de Paiva,,Ativo,,Negativação indevida
0209-26,Vida Nova Londrina - Empreendimento Imobiliário Ltda.,Instituto Brasileiro do Meio Ambiente - IBMA,,Ativo,,Taxa de Controle e Fiscalização Ambiental
0009221-40.2026.8.16.0045,Pacaembu Arapongas 2 - Empreendimento Imobiliarios Ltda.,Geovani de Almeida de Albuquerque,Primeira Instância,Ativo,Cível,Vícios Construtivos e muro de arrimo
0009094-05.2026.8.16.0045,Pacaembu Arapongas 2 - Empreendimento Imobiliarios Ltda.,Benito Simon,Primeira Instância,Ativo,Cível,Vícios Construtivos e muro de arrimo
0009098-42.2026.8.16.0045,Pacaembu Arapongas 2 - Empreendimento Imobiliarios Ltda.,José Orlando Braga,Primeira Instância,Ativo,Cível,Vícios Construtivos e muro de arrimo
0011469-67.2026.5.15.0041,Pacaembu Construtora S/A,Carla Priscila de Oliveira,Primeira Instância,Aguardando Notificação,Trabalhista,
0011288-85.2026.5.15.0067,Pacaembu Construtora S/A,Ygor Natan Almeida de Lima,Primeira Instância,Ativo,Trabalhista,
0009092-35.2026.8.16.0045,Pacaembu Arapongas 2 - Empreendimento Imobiliarios Ltda.,Ana Carolina Souza Borges,Primeira Instância,Ativo,Cível,Vícios Construtivos e muro de arrimo
0009089-80.2026.8.16.0045,Pacaembu Arapongas 2 - Empreendimento Imobiliarios Ltda.,Joceval Cerqueira,Primeira Instância,Ativo,Cível,Vícios Construtivos e muro de arrimo
0009381-65.2026.8.16.0045,Pacaembu Construtora S/A,Ivan Jesus Sevilla Moreno,Primeira Instância,Ativo,Cível,Vícios Construtivos e muro de arrimo
0007059-72.2026.8.16.0045,Pacaembu Construtora S/A,Gabriel Lopes Capitanio,Primeira Instância,Ativo,Cível,
0009380-80.2026.8.16.0045,Pacaembu Arapongas 2 - Empreendimento Imobiliarios Ltda.,João Victor Lapa Feitosa,Primeira Instância,Ativo,Cível,Vícios Construtivos e muro de arrimo
0009375-58.2026.8.16.0045,Pacaembu Arapongas 2 - Empreendimento Imobiliarios Ltda.,Waldineia Pacheco dos Santos,Primeira Instância,Ativo,Cível,Vícios Construtivos e muro de arrimo
0009215-33.2026.8.16.0045,Pacaembu Arapongas 1 - Empreendimento Imobiliário Ltda.,José Aparecido dos Santos,Primeira Instância,Ativo,Cível,Vícios Construtivos e muro de arrimo
0009112-26.2026.8.16.0045,Pacaembu Arapongas 2 - Empreendimento Imobiliarios Ltda.,Vanderlei Lobo da Silva,Primeira Instância,Ativo,Cível,Vícios Construtivos e muro de arrimo
0009088-95.2026.8.16.0045,Pacaembu Arapongas 1 - Empreendimento Imobiliário Ltda.,Camila Maria de Oliveira,Primeira Instância,Ativo,Cível,Vícios Construtivos
0009223-10.2026.8.16.0045,Pacaembu Arapongas 2 - Empreendimento Imobiliarios Ltda.,Jennifer Mayara Carneiro Rosas,Primeira Instância,Aguardando Citação,Cível,Vícios Construtivos e muro de arrimo
0009226-62.2026.8.16.0045,Pacaembu Arapongas 2 - Empreendimento Imobiliarios Ltda.,Mario Francisco de Souza,Primeira Instância,Aguardando Citação,Cível,Vícios Construtivos e muro de arrimo
0009225-77.2026.8.16.0045,Pacaembu Arapongas 2 - Empreendimento Imobiliarios Ltda.,Rosicleia Freitas Mauricio,Primeira Instância,Ativo,Cível,Vícios Construtivos e muro de arrimo
0009217-03.2026.8.16.0045,Pacaembu Construtora S/A,Johnatan Viriato Merquires,Primeira Instância,Ativo,Cível,Vícios Construtivos e muro de arrimo
0009220-55.2026.8.16.0045,Pacaembu Arapongas 1 - Empreendimento Imobiliário Ltda.,Juan Carlos Gomes de Moraes,Primeira Instância,Aguardando Citação,Cível,Vícios Construtivos e muro de arrimo
1010950-64.2026.8.26.0576,Pacaembu São José do Rio Preto 429 - Empreendimento Imobiliário Ltda,Procuradoria Geral do Município de São José do Rio Preto,Primeira Instância,Ativo,Tributário,Mandado de Segurança
4004643-70.2026.8.26.0664,Pacaembu Construtora S/A,Silvana Venancio,Primeira Instância,Aguardando Citação,Cível,Vícios Construtivos
1003028-79.2025.8.11.0040,Pacaembu Construtora S/A,RPS Incorporacoes Ltda.,Segunda Instância,Ativo,Cível,Ação Reipersecutória
0009097-57.2026.8.16.0045,Pacaembu Arapongas 2 - Empreendimento Imobiliarios Ltda.,Gabrielle Silvestre Fagundes da Silva,Primeira Instância,Ativo,Cível,Vícios Construtivos e muro de arrimo
0009099-27.2026.8.16.0045,Pacaembu Arapongas 2 - Empreendimento Imobiliarios Ltda.,Lucas Oliveira Duarte Silva,Primeira Instância,Aguardando Citação,Cível,Vícios Construtivos
0001396-21.2026.8.16.0053,Pacaembu Construtora S/A,Bianca Guimarães Ribeiro,Primeira Instância,Aguardando Citação,Cível,Vícios Construtivos e muro de arrimo
0208-26,Pacaembu Construtora S/A,Larissa Costa da Silva,,Ativo,,Envio de boletos
1039415-79.2026.8.11.0001,,Isabella Costa Cavassani,Primeira Instância,Ativo,Cível,Negativação indevida
0204-26,Pacaembu Construtora S/A,Abigail da Silva Bento,,Ativo,,Vícios Construtivos
0205-26,Pacaembu Construtora S/A,Antoniel Messias Imbriani,,Ativo,,Vícios Construtivos
0206-26,Pacaembu Construtora S/A,Andreia Martins Martinez,,Ativo,,Cobrança indevida
0207-26,Pacaembu Construtora S/A,Defensoria Pública do Estado de São Paulo,,Ativo,,Informações contratuais
0011142-22.2026.5.15.0042,Pacaembu Construtora S/A,Fabio Fernando Martins Alves,Primeira Instância,Ativo,Trabalhista,
0010944-68.2026.5.15.0079,Pacaembu Construtora S/A,Adriana Florinda Mutti,Primeira Instância,Ativo,Trabalhista,
0007034-59.2026.8.16.0045,Pacaembu Construtora S/A,João Marcos Aceti de Souza,Segunda Instância,Ativo,Cível,Vícios Construtivos e muro de arrimo
4023425-66.2025.8.26.0016,Pacaembu Tatuí Caguassu - Empreendimento Imobiliário Ltda.,M8 Soluções e Serviços de Apoio a Edifícios Ltda.,Primeira Instância,Ativo,Cível,Restituição de caução
1038445-79.2026.8.11.0001,Pacaembu Construtora S/A,Jorge Alexandre Hurpia dos Santos,Primeira Instância,Ativo,Cível,Obrigação de Fazer / Não Fazer
1032023-65.2026.8.11.0041,Pacaembu Construtora S/A,Marcos Micael Proença de Oliveira,Primeira Instância,Ativo,Cível,Ação de Rescisão Contratual
0013072-24.2025.8.16.0045,Pacaembu Arapongas 2 - Empreendimento Imobiliarios Ltda.,Wender Diego Benedicto,Segunda Instância,Aguardando Citação,Cível,Vícios Construtivos e muro de arrimo
4009904-49.2026.8.26.0071,Pacaembu Assis 370 - Empreendimento Imobiliário Ltda.,Sermov Vigilancia e Seguranca Patrimonial Ltda,Primeira Instância,Aguardando Citação,Cível,Restituição de caução
4009953-17.2026.8.26.0451,Pacaembu Piracicaba Incorporadora Ltda.,Maria Clara Palomares dos Santos,Primeira Instância,Ativo,Cível,
0203-26,Pacaembu Construtora S/A,Defensoria Pública do Estado de São Paulo,,Ativo,,Metragem de imóvel
001482.2026.15.001/4-34,Pacaembu Piratininga 464 - Empreendimento Imobiliario LTDA,Ministério Público do Trabalho,,Ativo,Procedimento Administrativo,
0000689-73.2026.5.05.0291,Pacaembu Construtora S/A,Silvio Queiroz da Silva Junior,Primeira Instância,Ativo,Trabalhista,
4009814-65.2026.8.26.0451,Pacaembu Piracicaba Incorporadora Ltda.,Elaine Pereira da Silva,Primeira Instância,Ativo,Cível,Vícios Construtivos
4009948-29.2025.8.26.0451,Pacaembu Construtora S/A,Jose Alexsandro da Silva,Primeira Instância,Ativo,Cível,Caixa de Esgoto
0010598-06.2026.5.15.0019,Pacaembu Construtora S/A,Camille Vitória Véras Ferreira,Primeira Instância,Ativo,Trabalhista,
0202-26,Pacaembu Construtora S/A,Carlos Eduardo Lonsoni Pimentel,,Ativo,,Descumprimento Contratual
0201-26,Pacaembu Construtora S/A,Alexandre Luis Alicrim Matos,,Ativo,,Cobrança indevida
0200-26,PACAEMBU BRASILIA RESERVA DO PARQUE ADM GERAL EMPREENDIMENTO IMOBILIARIO LTDA,Gh2 Consultoria Financeira Ltda,,Ativo,,Descumprimento de obrigação contratual
0199-26,PACAEMBU BRASILIA RESERVA DO PARQUE ADM GERAL EMPREENDIMENTO IMOBILIARIO LTDA,Ello Cred Correspondente Ltda,,Ativo,,Descumprimento de obrigação contratual
0198-26,PACAEMBU BRASILIA RESERVA DO PARQUE ADM GERAL EMPREENDIMENTO IMOBILIARIO LTDA,Albane Assessoria Imobiliario Ltda,,Ativo,,Descumprimento de obrigação contratual
0197-26,Pacaembu Ponta Grossa 456 - Empreendimento Imobiliario LTDA,Sonia Lucia Lemes Pereira,,Ativo,,Negativação indevida
0196-26,Pacaembu Itapetininga Cristovao Colombo,Prefeitura de Itapetininga,,Ativo,,Troca de Lâmpadas
0195-26,Haus Compra e Venda de Bens Imóveis Ltda.,Prefeitura de São José do Rio Preto,,Ativo,,Limpeza de Terreno
0194-26,Haus Compra e Venda de Bens Imóveis Ltda.,Prefeitura de São José do Rio Preto,,Ativo,,Limpeza de Terreno
0193-26,Pacaembu Construtora S/A,Prefeitura de Itapetininga,,Ativo,,Troca de Lâmpadas
0000544-19.2026.5.22.0105,Vida Nova Cuiabá II - Empreendimento Imobiliário Ltda,Marcos Vinicius Dutra dos Santos,Primeira Instância,Ativo,Trabalhista,
0000543-34.2026.5.22.0105,Vida Nova Cuiabá II - Empreendimento Imobiliário Ltda,Jose Francisco de Brito,Primeira Instância,Ativo,Trabalhista,
4004454-04.2026.8.26.0079,Pacaembu Construtora S/A,Maria Catiele Santos Lopes,Primeira Instância,Ativo,Cível,Ação de Rescisão Contratual
0192-26,Pacaembu Construtora S/A,Pauliana Braz de Azevedo Gonçalves,,Ativo,,Negativação indevida
4007002-80.2026.8.26.0344,Pacaembu Construtora S/A,Franciane Gregorio Camargo,Primeira Instância,Encerrado,Cível,
4018146-34.2026.8.26.0576,Pacaembu Construtora S/A,Debora Ester Rodrigues Pereira,Primeira Instância,Aguardando Citação,Cível,Vícios Construtivos
0008647-17.2026.8.16.0045,Pacaembu Arapongas 2 - Empreendimento Imobiliarios Ltda.,Regiane Cristina Aldivino,Primeira Instância,Aguardando Citação,Cível,Vícios Construtivos e muro de arrimo
0191-26,Pacaembu Tatuí Caguassu - Empreendimento Imobiliário Ltda.,Prefeitura Municipal de Tatui,,Ativo,,Limpeza de Terreno
0190-26,Pacaembu Leme Flora I 385 - Empreendimento Imobiliário LTDA,Paula Miranda Silvestre,,Ativo,,Rescisão Contratual
0189-26,Pacaembu Sinop Tivoli 568 e 569 - Empreendimento Imobiliário Ltda,Gleice da Cunha Seibel,,Ativo,,Devolução de sinal
5007676-21.2025.4.03.6109,Pacaembu Piracicaba Incorporadora Ltda.,João Davi de Oliveira,Primeira Instância,Ativo,Cível,Ação de Rescisão Contratual
4007953-44.2026.8.26.0451,Pacaembu Piracicaba Com Viva - Empreendimento Imobiliário Ltda.,Jose Maria Mendes Barbosa,Primeira Instância,Ativo,Cível,Vícios Construtivos e muro de arrimo
5002101-26.2026.4.03.6326,Pacaembu Construtora S/A,Braz Constantino Alves,Primeira Instância,Aguardando Citação,Cível,Vícios Construtivos
4001535-66.2026.8.26.0071,Pacaembu Construtora S/A,Ayram Tagori Thomaz Do Nascimento,Primeira Instância,Ativo,Cível,Obrigação de Fazer / Não Fazer
1001798-75.2026.8.13.0342,Pacaembu Ituiutaba 422 - Empreendimento Imobiliário LTDA,Gisaine Aparecida Dias,Primeira Instância,Ativo,Cível,Caixa de Esgoto
0007810-59.2026.8.16.0045,Pacaembu Arapongas 2 - Empreendimento Imobiliarios Ltda.,Tatiane Rubio,Primeira Instância,Aguardando Citação,Cível,Vícios Construtivos e muro de arrimo
0007808-89.2026.8.16.0045,Pacaembu Arapongas 2 - Empreendimento Imobiliarios Ltda.,Natalia Carvalho da Silva,Primeira Instância,Aguardando Citação,Cível,Vícios Construtivos e muro de arrimo
0007517-89.2026.8.16.0045,Pacaembu Arapongas 2 - Empreendimento Imobiliarios Ltda.,Adriano Abrantes da Silva,Primeira Instância,Aguardando Citação,Cível,Vícios Construtivos e muro de arrimo
0188-26,Pacaembu Construtora S/A,Prefeitura do Município de Itapetininga,,Ativo,,Troca de Lampada
0187-26,Pacaembu Bauru Azevedo - Empreendimento Imobiliário Ltda.,Leticia da Silva Ferreira,,Ativo,,Renegociação de dívidas - unidade habitacional M01.Q19.L14
0186-26,Pacaembu Avaré São Rogério III - 229 Empreendimentos Imobiliários Ltda.,Thamires Klein Pereira,,Ativo,,Resolução e devolução do sinal - unidade habitacional M02.QM.L31
0185-26,Pacaembu Bauru Azevedo - Empreendimento Imobiliário Ltda.,Jhonny de Oliveira Barbosa,,Ativo,,"Resolução contratual - lote 17, quadra 27"
0184-26,Pacaembu Construtora S/A,Taina dos Santos Lopes,,Ativo,,Devolução de sinal
0183-26,Pacaembu Construtora S/A,Jhonny de Oliveira Barbosa,,Ativo,,Rescisão Contratual
14152.133473/2026-19,Pacaembu Avaré São Rogério III - 229 Empreendimentos Imobiliários Ltda.,MTE - Avaré,,Ativo,Procedimento Administrativo,
14152.133488/2026-79,Pacaembu Avaré São Rogério III - 229 Empreendimentos Imobiliários Ltda.,MTE - Avaré,,Ativo,Procedimento Administrativo,
14152.133489/2026-13,Pacaembu Avaré São Rogério III - 229 Empreendimentos Imobiliários Ltda.,MTE - Avaré,,Ativo,Procedimento Administrativo,
14152.133477/2026-99,Pacaembu Avaré São Rogério III - 229 Empreendimentos Imobiliários Ltda.,MTE - Avaré,,Ativo,Procedimento Administrativo,
14152.133506/2026-12,Pacaembu Avaré São Rogério III - 229 Empreendimentos Imobiliários Ltda.,MTE - Avaré,,Ativo,Procedimento Administrativo,
4011032-35.2026.8.26.0482,Pacaembu Construtora S/A,Condomínio Residencial Bela Vista,Primeira Instância,Ativo,Cível,Obrigação de Fazer / Não Fazer
14152.163515/2026-38,Pacaembu Araraquara 271 - Empreendimento Imobiliario Ltda,MPT - Gerência Regional do Trabalho de Araraquara/SP,,Ativo,Procedimento Administrativo,Instalações Sanitárias
0009114-93.2026.8.16.0045,Pacaembu Arapongas 2 - Empreendimento Imobiliarios Ltda.,Adriana Alencar Miranda,Primeira Instância,Aguardando Citação,Cível,Vícios Construtivos e muro de arrimo
0009091-50.2026.8.16.0045,Pacaembu Arapongas 2 - Empreendimento Imobiliarios Ltda.,Alexandre Vicente da Silva,Primeira Instância,Aguardando Citação,Cível,Vícios Construtivos e muro de arrimo
1003064-97.2026.8.13.0342,Pacaembu Construtora S/A,Caroline Costa Lopes,Primeira Instância,Ativo,Cível,Erro na Entrega do Imóvel
0009115-78.2026.8.16.0045,Pacaembu Arapongas 2 - Empreendimento Imobiliarios Ltda.,Adriana Domingos dos Santos,Primeira Instância,Aguardando Citação,Cível,Vícios Construtivos e muro de arrimo
4023348-89.2026.8.26.0576,Vida Nova Dignidade 2 Empreendimento Imobiliário ltda,Marcia Cristina dos Santos Conceicao,,Ativo,Cível,Ação de Cobrança
4023086-42.2026.8.26.0576,Pacaembu Construtora S/A,Maria Aparecida Caetano,Primeira Instância,Aguardando Citação,Cível,Vícios Construtivos
0007458-04.2026.8.16.0045,Pacaembu Arapongas 1 - Empreendimento Imobiliário Ltda.,Renata dos Reis Joaquim,Primeira Instância,Ativo,Cível,Vícios Construtivos e muro de arrimo
0009093-20.2026.8.16.0045,Pacaembu Arapongas 2 - Empreendimento Imobiliarios Ltda.,Beatriz Aparecida Marques Borges,Primeira Instância,Aguardando Citação,Cível,Vícios Construtivos e muro de arrimo
4010128-11.2026.8.26.0451,Pacaembu Construtora S/A,Diego Antony da Silva Ricucci,Primeira Instância,Aguardando Citação,Cível,Talude
0212-26,Pacaembu Construtora S/A,Tatiani Paulino Francisco,,Ativo,,Renegociação de Dívidas
0211-26,Pacaembu Construtora S/A,Paulo Sergio Belori Poli,,Ativo,,Segunda via de boleto
0210-26,Pacaembu Construtora S/A,Leticia Stefani Rodrigues de Paiva,,Ativo,,Negativação indevida
0209-26,Vida Nova Londrina - Empreendimento Imobiliário Ltda.,Instituto Brasileiro do Meio Ambiente - IBMA,,Ativo,,Taxa de Controle e Fiscalização Ambiental
0009221-40.2026.8.16.0045,Pacaembu Arapongas 2 - Empreendimento Imobiliarios Ltda.,Geovani de Almeida de Albuquerque,Primeira Instância,Ativo,Cível,Vícios Construtivos e muro de arrimo
0009094-05.2026.8.16.0045,Pacaembu Arapongas 2 - Empreendimento Imobiliarios Ltda.,Benito Simon,Primeira Instância,Ativo,Cível,Vícios Construtivos e muro de arrimo
0009098-42.2026.8.16.0045,Pacaembu Arapongas 2 - Empreendimento Imobiliarios Ltda.,José Orlando Braga,Primeira Instância,Ativo,Cível,Vícios Construtivos e muro de arrimo
0011469-67.2026.5.15.0041,Pacaembu Construtora S/A,Carla Priscila de Oliveira,Primeira Instância,Aguardando Notificação,Trabalhista,
0011288-85.2026.5.15.0067,Pacaembu Construtora S/A,Ygor Natan Almeida de Lima,Primeira Instância,Ativo,Trabalhista,
0009092-35.2026.8.16.0045,Pacaembu Arapongas 2 - Empreendimento Imobiliarios Ltda.,Ana Carolina Souza Borges,Primeira Instância,Ativo,Cível,Vícios Construtivos e muro de arrimo
0009089-80.2026.8.16.0045,Pacaembu Arapongas 2 - Empreendimento Imobiliarios Ltda.,Joceval Cerqueira,Primeira Instância,Ativo,Cível,Vícios Construtivos e muro de arrimo
0009381-65.2026.8.16.0045,Pacaembu Construtora S/A,Ivan Jesus Sevilla Moreno,Primeira Instância,Ativo,Cível,Vícios Construtivos e muro de arrimo
0007059-72.2026.8.16.0045,Pacaembu Construtora S/A,Gabriel Lopes Capitanio,Primeira Instância,Ativo,Cível,
0009380-80.2026.8.16.0045,Pacaembu Arapongas 2 - Empreendimento Imobiliarios Ltda.,João Victor Lapa Feitosa,Primeira Instância,Ativo,Cível,Vícios Construtivos e muro de arrimo
0009375-58.2026.8.16.0045,Pacaembu Arapongas 2 - Empreendimento Imobiliarios Ltda.,Waldineia Pacheco dos Santos,Primeira Instância,Ativo,Cível,Vícios Construtivos e muro de arrimo
0009215-33.2026.8.16.0045,Pacaembu Arapongas 1 - Empreendimento Imobiliário Ltda.,José Aparecido dos Santos,Primeira Instância,Ativo,Cível,Vícios Construtivos e muro de arrimo
0009112-26.2026.8.16.0045,Pacaembu Arapongas 2 - Empreendimento Imobiliarios Ltda.,Vanderlei Lobo da Silva,Primeira Instância,Ativo,Cível,Vícios Construtivos e muro de arrimo
0009088-95.2026.8.16.0045,Pacaembu Arapongas 1 - Empreendimento Imobiliário Ltda.,Camila Maria de Oliveira,Primeira Instância,Ativo,Cível,Vícios Construtivos
0009223-10.2026.8.16.0045,Pacaembu Arapongas 2 - Empreendimento Imobiliarios Ltda.,Jennifer Mayara Carneiro Rosas,Primeira Instância,Aguardando Citação,Cível,Vícios Construtivos e muro de arrimo
0009226-62.2026.8.16.0045,Pacaembu Arapongas 2 - Empreendimento Imobiliarios Ltda.,Mario Francisco de Souza,Primeira Instância,Aguardando Citação,Cível,Vícios Construtivos e muro de arrimo
0009225-77.2026.8.16.0045,Pacaembu Arapongas 2 - Empreendimento Imobiliarios Ltda.,Rosicleia Freitas Mauricio,Primeira Instância,Ativo,Cível,Vícios Construtivos e muro de arrimo
0009217-03.2026.8.16.0045,Pacaembu Construtora S/A,Johnatan Viriato Merquires,Primeira Instância,Ativo,Cível,Vícios Construtivos e muro de arrimo
0009220-55.2026.8.16.0045,Pacaembu Arapongas 1 - Empreendimento Imobiliário Ltda.,Juan Carlos Gomes de Moraes,Primeira Instância,Aguardando Citação,Cível,Vícios Construtivos e muro de arrimo
1010950-64.2026.8.26.0576,Pacaembu São José do Rio Preto 429 - Empreendimento Imobiliário Ltda,Procuradoria Geral do Município de São José do Rio Preto,Primeira Instância,Ativo,Tributário,Mandado de Segurança
4004643-70.2026.8.26.0664,Pacaembu Construtora S/A,Silvana Venancio,Primeira Instância,Aguardando Citação,Cível,Vícios Construtivos
1003028-79.2025.8.11.0040,Pacaembu Construtora S/A,RPS Incorporacoes Ltda.,Segunda Instância,Ativo,Cível,Ação Reipersecutória
0009097-57.2026.8.16.0045,Pacaembu Arapongas 2 - Empreendimento Imobiliarios Ltda.,Gabrielle Silvestre Fagundes da Silva,Primeira Instância,Ativo,Cível,Vícios Construtivos e muro de arrimo
0009099-27.2026.8.16.0045,Pacaembu Arapongas 2 - Empreendimento Imobiliarios Ltda.,Lucas Oliveira Duarte Silva,Primeira Instância,Aguardando Citação,Cível,Vícios Construtivos
0001396-21.2026.8.16.0053,Pacaembu Construtora S/A,Bianca Guimarães Ribeiro,Primeira Instância,Aguardando Citação,Cível,Vícios Construtivos e muro de arrimo
0208-26,Pacaembu Construtora S/A,Larissa Costa da Silva,,Ativo,,Envio de boletos
1039415-79.2026.8.11.0001,,Isabella Costa Cavassani,Primeira Instância,Ativo,Cível,Negativação indevida
0204-26,Pacaembu Construtora S/A,Abigail da Silva Bento,,Ativo,,Vícios Construtivos
0205-26,Pacaembu Construtora S/A,Antoniel Messias Imbriani,,Ativo,,Vícios Construtivos
0206-26,Pacaembu Construtora S/A,Andreia Martins Martinez,,Ativo,,Cobrança indevida
0207-26,Pacaembu Construtora S/A,Defensoria Pública do Estado de São Paulo,,Ativo,,Informações contratuais
0011142-22.2026.5.15.0042,Pacaembu Construtora S/A,Fabio Fernando Martins Alves,Primeira Instância,Ativo,Trabalhista,
0010944-68.2026.5.15.0079,Pacaembu Construtora S/A,Adriana Florinda Mutti,Primeira Instância,Ativo,Trabalhista,
0007034-59.2026.8.16.0045,Pacaembu Construtora S/A,João Marcos Aceti de Souza,Segunda Instância,Ativo,Cível,Vícios Construtivos e muro de arrimo
4023425-66.2025.8.26.0016,Pacaembu Tatuí Caguassu - Empreendimento Imobiliário Ltda.,M8 Soluções e Serviços de Apoio a Edifícios Ltda.,Primeira Instância,Ativo,Cível,Restituição de caução
1038445-79.2026.8.11.0001,Pacaembu Construtora S/A,Jorge Alexandre Hurpia dos Santos,Primeira Instância,Ativo,Cível,Obrigação de Fazer / Não Fazer
1032023-65.2026.8.11.0041,Pacaembu Construtora S/A,Marcos Micael Proença de Oliveira,Primeira Instância,Ativo,Cível,Ação de Rescisão Contratual
0013072-24.2025.8.16.0045,Pacaembu Arapongas 2 - Empreendimento Imobiliarios Ltda.,Wender Diego Benedicto,Segunda Instância,Aguardando Citação,Cível,Vícios Construtivos e muro de arrimo
4009904-49.2026.8.26.0071,Pacaembu Assis 370 - Empreendimento Imobiliário Ltda.,Sermov Vigilancia e Seguranca Patrimonial Ltda,Primeira Instância,Aguardando Citação,Cível,Restituição de caução
4009953-17.2026.8.26.0451,Pacaembu Piracicaba Incorporadora Ltda.,Maria Clara Palomares dos Santos,Primeira Instância,Ativo,Cível,
0203-26,Pacaembu Construtora S/A,Defensoria Pública do Estado de São Paulo,,Ativo,,Metragem de imóvel
001482.2026.15.001/4-34,Pacaembu Piratininga 464 - Empreendimento Imobiliario LTDA,Ministério Público do Trabalho,,Ativo,Procedimento Administrativo,
0000689-73.2026.5.05.0291,Pacaembu Construtora S/A,Silvio Queiroz da Silva Junior,Primeira Instância,Ativo,Trabalhista,
4009814-65.2026.8.26.0451,Pacaembu Piracicaba Incorporadora Ltda.,Elaine Pereira da Silva,Primeira Instância,Ativo,Cível,Vícios Construtivos
4009948-29.2025.8.26.0451,Pacaembu Construtora S/A,Jose Alexsandro da Silva,Primeira Instância,Ativo,Cível,Caixa de Esgoto
0010598-06.2026.5.15.0019,Pacaembu Construtora S/A,Camille Vitória Véras Ferreira,Primeira Instância,Ativo,Trabalhista,
0202-26,Pacaembu Construtora S/A,Carlos Eduardo Lonsoni Pimentel,,Ativo,,Descumprimento Contratual
0201-26,Pacaembu Construtora S/A,Alexandre Luis Alicrim Matos,,Ativo,,Cobrança indevida
0200-26,PACAEMBU BRASILIA RESERVA DO PARQUE ADM GERAL EMPREENDIMENTO IMOBILIARIO LTDA,Gh2 Consultoria Financeira Ltda,,Ativo,,Descumprimento de obrigação contratual
0199-26,PACAEMBU BRASILIA RESERVA DO PARQUE ADM GERAL EMPREENDIMENTO IMOBILIARIO LTDA,Ello Cred Correspondente Ltda,,Ativo,,Descumprimento de obrigação contratual
0198-26,PACAEMBU BRASILIA RESERVA DO PARQUE ADM GERAL EMPREENDIMENTO IMOBILIARIO LTDA,Albane Assessoria Imobiliario Ltda,,Ativo,,Descumprimento de obrigação contratual
0197-26,Pacaembu Ponta Grossa 456 - Empreendimento Imobiliario LTDA,Sonia Lucia Lemes Pereira,,Ativo,,Negativação indevida
0196-26,Pacaembu Itapetininga Cristovao Colombo,Prefeitura de Itapetininga,,Ativo,,Troca de Lâmpadas
0195-26,Haus Compra e Venda de Bens Imóveis Ltda.,Prefeitura de São José do Rio Preto,,Ativo,,Limpeza de Terreno
0194-26,Haus Compra e Venda de Bens Imóveis Ltda.,Prefeitura de São José do Rio Preto,,Ativo,,Limpeza de Terreno
0193-26,Pacaembu Construtora S/A,Prefeitura de Itapetininga,,Ativo,,Troca de Lâmpadas
0000544-19.2026.5.22.0105,Vida Nova Cuiabá II - Empreendimento Imobiliário Ltda,Marcos Vinicius Dutra dos Santos,Primeira Instância,Ativo,Trabalhista,
0000543-34.2026.5.22.0105,Vida Nova Cuiabá II - Empreendimento Imobiliário Ltda,Jose Francisco de Brito,Primeira Instância,Ativo,Trabalhista,
4004454-04.2026.8.26.0079,Pacaembu Construtora S/A,Maria Catiele Santos Lopes,Primeira Instância,Ativo,Cível,Ação de Rescisão Contratual
0192-26,Pacaembu Construtora S/A,Pauliana Braz de Azevedo Gonçalves,,Ativo,,Negativação indevida
4007002-80.2026.8.26.0344,Pacaembu Construtora S/A,Franciane Gregorio Camargo,Primeira Instância,Encerrado,Cível,
4018146-34.2026.8.26.0576,Pacaembu Construtora S/A,Debora Ester Rodrigues Pereira,Primeira Instância,Aguardando Citação,Cível,Vícios Construtivos
0008647-17.2026.8.16.0045,Pacaembu Arapongas 2 - Empreendimento Imobiliarios Ltda.,Regiane Cristina Aldivino,Primeira Instância,Aguardando Citação,Cível,Vícios Construtivos e muro de arrimo
0191-26,Pacaembu Tatuí Caguassu - Empreendimento Imobiliário Ltda.,Prefeitura Municipal de Tatui,,Ativo,,Limpeza de Terreno
0190-26,Pacaembu Leme Flora I 385 - Empreendimento Imobiliário LTDA,Paula Miranda Silvestre,,Ativo,,Rescisão Contratual
0189-26,Pacaembu Sinop Tivoli 568 e 569 - Empreendimento Imobiliário Ltda,Gleice da Cunha Seibel,,Ativo,,Devolução de sinal
5007676-21.2025.4.03.6109,Pacaembu Piracicaba Incorporadora Ltda.,João Davi de Oliveira,Primeira Instância,Ativo,Cível,Ação de Rescisão Contratual
4007953-44.2026.8.26.0451,Pacaembu Piracicaba Com Viva - Empreendimento Imobiliário Ltda.,Jose Maria Mendes Barbosa,Primeira Instância,Ativo,Cível,Vícios Construtivos e muro de arrimo
5002101-26.2026.4.03.6326,Pacaembu Construtora S/A,Braz Constantino Alves,Primeira Instância,Aguardando Citação,Cível,Vícios Construtivos
4001535-66.2026.8.26.0071,Pacaembu Construtora S/A,Ayram Tagori Thomaz Do Nascimento,Primeira Instância,Ativo,Cível,Obrigação de Fazer / Não Fazer
1001798-75.2026.8.13.0342,Pacaembu Ituiutaba 422 - Empreendimento Imobiliário LTDA,Gisaine Aparecida Dias,Primeira Instância,Ativo,Cível,Caixa de Esgoto
0007810-59.2026.8.16.0045,Pacaembu Arapongas 2 - Empreendimento Imobiliarios Ltda.,Tatiane Rubio,Primeira Instância,Aguardando Citação,Cível,Vícios Construtivos e muro de arrimo
0007808-89.2026.8.16.0045,Pacaembu Arapongas 2 - Empreendimento Imobiliarios Ltda.,Natalia Carvalho da Silva,Primeira Instância,Aguardando Citação,Cível,Vícios Construtivos e muro de arrimo
0007517-89.2026.8.16.0045,Pacaembu Arapongas 2 - Empreendimento Imobiliarios Ltda.,Adriano Abrantes da Silva,Primeira Instância,Aguardando Citação,Cível,Vícios Construtivos e muro de arrimo
0188-26,Pacaembu Construtora S/A,Prefeitura do Município de Itapetininga,,Ativo,,Troca de Lampada
0187-26,Pacaembu Bauru Azevedo - Empreendimento Imobiliário Ltda.,Leticia da Silva Ferreira,,Ativo,,Renegociação de dívidas - unidade habitacional M01.Q19.L14
0186-26,Pacaembu Avaré São Rogério III - 229 Empreendimentos Imobiliários Ltda.,Thamires Klein Pereira,,Ativo,,Resolução e devolução do sinal - unidade habitacional M02.QM.L31
0185-26,Pacaembu Bauru Azevedo - Empreendimento Imobiliário Ltda.,Jhonny de Oliveira Barbosa,,Ativo,,"Resolução contratual - lote 17, quadra 27"
0184-26,Pacaembu Construtora S/A,Taina dos Santos Lopes,,Ativo,,Devolução de sinal
0183-26,Pacaembu Construtora S/A,Jhonny de Oliveira Barbosa,,Ativo,,Rescisão Contratual
14152.133473/2026-19,Pacaembu Avaré São Rogério III - 229 Empreendimentos Imobiliários Ltda.,MTE - Avaré,,Ativo,Procedimento Administrativo,
14152.133488/2026-79,Pacaembu Avaré São Rogério III - 229 Empreendimentos Imobiliários Ltda.,MTE - Avaré,,Ativo,Procedimento Administrativo,
14152.133489/2026-13,Pacaembu Avaré São Rogério III - 229 Empreendimentos Imobiliários Ltda.,MTE - Avaré,,Ativo,Procedimento Administrativo,
14152.133477/2026-99,Pacaembu Avaré São Rogério III - 229 Empreendimentos Imobiliários Ltda.,MTE - Avaré,,Ativo,Procedimento Administrativo,
14152.133506/2026-12,Pacaembu Avaré São Rogério III - 229 Empreendimentos Imobiliários Ltda.,MTE - Avaré,,Ativo,Procedimento Administrativo,
14152.133461/2026-86,Pacaembu Avaré São Rogério III - 229 Empreendimentos Imobiliários Ltda.,MTE - Avaré,,Ativo,Procedimento Administrativo,
14152.133462/2026-21,Pacaembu Avaré São Rogério III - 229 Empreendimentos Imobiliários Ltda.,MTE - Avaré,,Ativo,Procedimento Administrativo,
4009855-08.2026.8.26.0071,Salto de Pirapora Empreendimento Imobiliário,M8 Soluções e Serviços de Apoio a Edifícios Ltda.,Primeira Instância,Aguardando Citação,Cível,Ação de Cobrança
0000546-95.2026.5.22.0102,Pacaembu Construtora S/A,Claudemir Ferreira dos Santos,Primeira Instância,Ativo,Trabalhista,
4009900-70.2025.8.26.0451,Pacaembu Construtora S/A,Nilvania dos Santos Luz,Segunda Instância,Aguardando Citação,Cível,Caixa de Esgoto
0011390-34.2026.5.15.0059,Pacaembu Construtora S/A,Júlio César de Oliveira da Conceição,Primeira Instância,Ativo,Trabalhista,
4001900-17.2026.8.26.0073,Pacaembu Avaré São Rogério III - 229 Empreendimentos Imobiliários Ltda.,Thamires Klein Pereira,Primeira Instância,Ativo,Cível,Ação de Rescisão Contratual
0010914-61.2026.5.15.0005,Pacaembu Construtora S/A,Laerte Rocha Souza,Primeira Instância,Ativo,Trabalhista,
0010859-16.2026.5.15.0101,Pacaembu Construtora S/A,Alex Travain da Costa Junior,Primeira Instância,Ativo,Trabalhista,
0000499-24.2026.5.22.0102,Pacaembu Construtora S/A,Claudemir Ferreira dos Santos,Primeira Instância,Ativo,Trabalhista,
4012637-25.2026.8.26.0576,Pacaembu São José do Rio Preto 429 - Empreendimento Imobiliário Ltda,Fuvia Cristina de Siqueira Trindade,Primeira Instância,Ativo,Cível,Nulidade de Fiança
0010985-14.2026.5.15.0086,Pacaembu Construtora S/A,Gildasio Alves de Cerqueira,Primeira Instância,Ativo,Trabalhista,
0000419-34.2026.5.23.0037,Pacaembu Construtora S/A,Domingos Batista dos Santos,Primeira Instância,Ativo,Trabalhista,
4001653-03.2025.8.26.0451,Pacaembu Piracicaba Incorporadora Ltda.,Gledson Luz da Silva,Primeira Instância,Ativo,Cível,Vícios Construtivos
0181-26,Pacaembu Construtora S/A,Joyce de Almeida Ramos,,Ativo,,Cobrança indevida
0000540-79.2026.5.22.0105,Vida Nova Cuiabá II - Empreendimento Imobiliário Ltda,Carlos Eduardo Santos Sampaio,Primeira Instância,Ativo,Trabalhista,
0007516-07.2026.8.16.0045,Pacaembu Arapongas 2 - Empreendimento Imobiliarios Ltda.,Gilmar dos Santos Souza,Primeira Instância,Aguardando Citação,Cível,Vícios Construtivos e muro de arrimo
0007816-66.2026.8.16.0045,Pacaembu Arapongas 2 - Empreendimento Imobiliarios Ltda.,Valdinei da Silva Fernandes,Primeira Instância,Aguardando Citação,Cível,Vícios Construtivos e muro de arrimo
0000535-39.2026.5.23.0005,Pacaembu Construtora S/A,Leandro Clementino de Lima,Primeira Instância,Ativo,Trabalhista,
0180-26,Pacaembu Construtora S/A,Nelson Fagiolli e outros,,Ativo,,Intervenção em área vizinha
0179-26,Pacaembu Construtora S/A,Francisco Sheuber Brantes,,Ativo,,Intervenção em área vizinha
0178-26,Pacaembu Construtora S/A,Juliete Cristina Hilario Ribeiro,,Ativo,,Desconto em Folha
1037852-07.2025.8.26.0506,Poá Empreendimento Imobiliário Ltda,Prefeitura Municipal de Ribeirão Preto,Primeira Instância,Ativo,Tributário,Execução Fiscal - IPTU
1014639-40.2025.8.26.0451,Pacaembu Piracicaba Incorporadora Ltda.,Larissa Cristina Garcia da Silva,Primeira Instância,Ativo,Cível,Vícios Construtivos
1051361-39.2024.8.26.0506,Poá Empreendimento Imobiliário Ltda,Prefeitura Municipal de Ribeirão Preto,Primeira Instância,Ativo,Tributário,Execução Fiscal - IPTU
0177-26,Pacaembu Construtora S/A,Prefeitura do Município de Itapetininga,,Ativo,,Troca de Lampada
0176-26,Pacaembu Construtora S/A,Prefeitura do Município de Itapetininga,,Ativo,,Troca de Lampada
4007206-90.2026.8.26.0032,Pacaembu Araçatuba I - Empreendimento Imobiliário LTDA,Daulistania da Silva Cutrim,Primeira Instância,Ativo,Cível,Ação de Cobrança
0175-26,Pacaembu Construtora S/A,Fernanda Jesuíno Lima,,Ativo,,Pró-soluto
4007623-43.2026.8.26.0032,Pacaembu Construtora S/A,Ednaldo de Souza,Primeira Instância,Ativo,Cível,Inexistência de Débito
0174-26,Pacaembu Construtora S/A,Suelen Stefani da Silva Gomes,,Ativo,,Envio de boletos
0173-26,Pacaembu Construtora S/A,Joyce Kelli Nunes de Souza,,Ativo,,Pró-soluto
0172-26,Pacaembu São José do Rio Preto - Empreendimento Imobiliário Ltda.,Prefeitura de São José do Rio Preto,,Ativo,,Limpeza de Terreno
0171-26,Pacaembu Construtora S/A,Adrielly Maria Apolinário Prado,,Ativo,,Bloqueio de conta bancária
0007463-26.2026.8.16.0045,Pacaembu Construtora S/A,Thayna Nogueira Candido da Silva,Primeira Instância,Aguardando Citação,Cível,Vícios Construtivos e muro de arrimo
0055812-90.2025.8.16.0014,Pacaembu Construtora S/A,Arnaldo Freire,Segunda Instância,Aguardando Citação,Cível,Vícios Construtivos e muro de arrimo
0170-26,Pacaembu Piratininga 464 - Empreendimento Imobiliario LTDA,Leandro Aparecido Tamarozzi Ribeiro,,Ativo,,Resolução - Unidade habitacional Q10.L41
0000537-15.2026.5.23.0003,Pacaembu Construtora S/A,Flavio Santos da Purificação,Primeira Instância,Ativo,Trabalhista,
0000682-85.2026.5.09.0092,Pacaembu Cianorte 463 - Empreendimento Imobiliário Ltda.,Francielio Lopes Bezerra,Primeira Instância,Ativo,Trabalhista,
0000660-85.2026.5.23.0076,Pacaembu Construtora S/A,Wilson Paz Bezerra,Primeira Instância,Ativo,Trabalhista,
0007461-56.2026.8.16.0045,Pacaembu Arapongas 2 - Empreendimento Imobiliarios Ltda.,Nayara de Souza Freitas,Primeira Instância,Aguardando Citação,Cível,Vícios Construtivos e muro de arrimo
4006952-24.2026.8.26.0451,Pacaembu Piracicaba Com Viva - Empreendimento Imobiliário Ltda.,Ana Carolina Alves Silva,Primeira Instância,Ativo,Cível,Vícios Construtivos e muro de arrimo
0169-26,Pacaembu Presidente Prudente - Empreendimento Imobiliário Ltda.,Pedro Rodrigo da Silva,,Ativo,,Informações do contrato e envio de boletos
0168-26,Pacaembu Uberlandia 360 - Empreendimento Imobiliario Ltda,Francislaine Cristina Ferreira,,Ativo,,Devolução de sinal
0167-26,Pacaembu Tatuí Caguassu - Empreendimento Imobiliário Ltda.,Prefeitura Municipal de Tatui,,Ativo,,Limpeza de Terreno
0166-26,Pacaembu Tatuí Caguassu - Empreendimento Imobiliário Ltda.,Prefeitura Municipal de Tatui,,Ativo,,Limpeza de Terreno
0165-26,Pacaembu Tatuí Caguassu - Empreendimento Imobiliário Ltda.,Prefeitura Municipal de Tatui,,Ativo,,Limpeza de Terreno
0164-26,Pacaembu Tatuí Caguassu - Empreendimento Imobiliário Ltda.,Prefeitura Municipal de Tatui,,Ativo,,Limpeza de Terreno
0163-26,Pacaembu Tatuí Caguassu - Empreendimento Imobiliário Ltda.,Prefeitura Municipal de Tatui,,Ativo,,Limpeza de Terreno
1005854-71.2025.4.01.3603,Pacaembu Sinop 449 - Empreendimento Imobiliario LTDA,Luciele Goulart Alkamim,Primeira Instância,Ativo,Cível,Ação de Rescisão Contratual
4000819-06.2026.8.26.0664,Haus Compra e Venda de Bens Imóveis Ltda.,Fernando Louredo da Silva,Primeira Instância,Aguardando Citação,Cível,Ação de Rescisão Contratual
1015212-78.2025.8.26.0451,Pacaembu Piracicaba Incorporadora Ltda.,Rodrigo de Arruda Fernandes do Rosario,Primeira Instância,Ativo,Cível,Vícios Construtivos
0162-26,Pacaembu Construtora S/A,Wellington José Cruz,,Ativo,,Vícios Construtivos
0161-26,Pacaembu Balsamo 469 - Empreendimento Imobiliario Ltda,Naithielle Cristina de Oliveira Silva,,Ativo,,Resolução - Unidade habitacional M01.QL.L11
1015585-12.2025.8.26.0451,Pacaembu Piracicaba Incorporadora Ltda.,Adriana Maria Spinosi Alves,Primeira Instância,Ativo,Cível,Vícios Construtivos
0160-26,Pacaembu Construtora S/A,Jayne de Souza dos Santos,,Ativo,,Dívida desconhecida
1009949-95.2025.8.26.0344,Pacaembu Marilia Gigantao 2 - 448 - Empreendimento Imobiliario LTDA,Edna da Silva Andrade,Primeira Instância,Ativo,Cível,Vícios Construtivos
0010453-45.2026.5.03.0063,Pacaembu Construtora S/A,Humberto Mauro Lopes Martins,Primeira Instância,Ativo,Trabalhista,
0010450-42.2026.5.03.0176,Pacaembu Construtora S/A,Robson Carlos Pereira Silva,Primeira Instância,Ativo,Trabalhista,
4002220-49.2026.8.26.0079,Vida Nova Botucatu - Empreendimento Imobiliário Ltda.,Selma Sueli Ribeiro,Primeira Instância,Ativo,Cível,Negativação indevida
0013996-35.2025.8.16.0045,Pacaembu Construtora S/A,Jose Lucas Aparecido Ferreira de Araujo,Primeira Instância,Ativo,Cível,Vícios Construtivos
0015261-72.2025.8.16.0045,Pacaembu Construtora S/A,Clayton Fagundes Catarino,Primeira Instância,Ativo,Cível,Vícios Construtivos e muro de arrimo
0011716-91.2025.8.16.0045,Pacaembu Arapongas 2 - Empreendimento Imobiliarios Ltda.,Marcos Renan Ferreira,Primeira Instância,Ativo,Cível,Vícios Construtivos e muro de arrimo
1001836-70.2026.4.01.3603,Pacaembu Sinop 449 - Empreendimento Imobiliario LTDA,Thainara da Costa,Primeira Instância,Aguardando Citação,Cível,Ação de Rescisão Contratual - Alienação Fiduciária
0159-26,Pacaembu Construtora S/A,Tribunal de Justiça do Estado de São Paulo,,Ativo,,Solicitação de informações
0158-26,Pacaembu São José do Rio Preto 429 - Empreendimento Imobiliário Ltda,Rafaela Trindade da Silva,,Ativo,,Rescisão Contratual
0010360-23.2026.5.15.0104,Pacaembu Construtora S/A,Sandra Aparecida Formagi,Primeira Instância,Ativo,Trabalhista,
1008298-28.2026.8.11.0015,Pacaembu Sinop 449 - Empreendimento Imobiliario LTDA,Rafaela Fernanda Alves da Silva,Primeira Instância,Aguardando Citação,Cível,Devolução de sinal
0157-26,Pacaembu Arapongas 563 - Empreendimento Imobiliário Ltda.,Arena Participações Societárias Ltda.,,Ativo,,Permissão de funcionário sem integração no canteiro.
1003021-68.2026.8.26.0482,Alto Alegre Empreendimentos imobiliários Ltda,Diretor Chefe da Secretaria de Finanças de Presidente Prudente,Primeira Instância,Ativo,Cível,Cobrança indevida - ITBI
0156-26,Pacaembu Construtora S/A,Tribunal de Justiça do Estado de São Paulo,,Ativo,,Solicitação de Documentos
5026486-57.2025.4.04.7001,Pacaembu Arapongas 2 - Empreendimento Imobiliarios Ltda.,Ricardo Luiz Fabri Filho,Primeira Instância,Ativo,Cível,Vícios Construtivos e muro de arrimo
0155-26,Pacaembu Construtora S/A,Fernando Gabriel Silva Lima,,Ativo,,Inadimplemento
4002115-04.2026.8.26.0037,Pacaembu Araraquara 271 - Empreendimento Imobiliario Ltda,Ana Claudia Ramalho dos Santos Magalhães,Primeira Instância,Ativo,Cível,Cobrança indevida - ITBI
5000198-28.2026.4.03.6108,Pacaembu Construtora S/A,Alessandra Costa Souza,Primeira Instância,Aguardando Citação,Cível,Ação de Rescisão Contratual
4010400-34.2026.8.26.0506,Poá Empreendimento Imobiliário Ltda,Maria Isabel Pereira,Primeira Instância,Ativo,Cível,Ação de Resolução Contratual
5000085-80.2026.4.03.6106,Pacaembu Construtora S/A,Matheus Leal de Sousa,Primeira Instância,Aguardando Citação,Cível,Ação de Rescisão Contratual
0010714-43.2026.5.15.0041,Pacaembu Construtora S/A,Rodrigo Ribeiro Duarte,Primeira Instância,Ativo,Trabalhista,
0153-26,Vida Nova Tatuí III Empreendimento Imobiliário Ltda.,Prefeitura Municipal de Tatui,,Ativo,,Limpeza de Terreno
0154-26,Vida Nova Botucatu - Empreendimento Imobiliário Ltda.,Prefeitura Municipal de Botucatu,,Ativo,,Limpeza de Terreno
0152-26,Pacaembu Ituiutaba 422 - Empreendimento Imobiliário LTDA,Lorrayne Francisca Severina Silva,,Ativo,,Taxa de obra
0151-26,Pacaembu Construtora S/A,Helder Pereira,,Ativo,,Ressarcimento de possíveis despesas decorrentes da transferência.
4000096-23.2026.8.26.0458,Pacaembu Bauru Azevedo 2 - Empreendimento Imobiliário Ltda,Eliana Cristina dos Santos,,Extinto sem Resolução,Cível,Indenização por Danos Morais
5000118-92.2026.4.03.6131,Pacaembu Construtora S/A,Paulina Britzig,Primeira Instância,Aguardando Citação,Cível,Cancelamento Unilateral do Contrato
5000974-59.2026.4.03.6324,Pacaembu Papa Empreendimento Imobiliário Ltda,Mariana da Silva Oliveira,Primeira Instância,Aguardando Citação,Cível,Rescisão Contratual
0150-26,Pacaembu Ituiutaba 422 - Empreendimento Imobiliário LTDA,Debora Alves Correa,,Ativo,,Parcela do Pró-soluto
4004335-67.2026.8.26.0071,Pacaembu Construtora S/A,Fernando Henrique de Souza,Primeira Instância,Aguardando Citação,Cível,Negativação indevida
0149-26,Pacaembu Construtora S/A,Larissa de Souza Nunes,,Ativo,,Rescisão Contratual - UH
5004990-23.2026.4.04.7005,Pacaembu Construtora S/A,Priscila de Lima Ferreira,Primeira Instância,Aguardando Citação,Cível,Ação de Rescisão Contratual
1001013-16.2026.8.13.0342,Pacaembu Ituiutaba 422 - Empreendimento Imobiliário LTDA,Maria Alice Medeiros,Primeira Instância,Ativo,Cível,Vícios Construtivos
0013995-50.2025.8.16.0045,Pacaembu Construtora S/A,Tamires Aparecida da Silva,Primeira Instância,Aguardando Citação,Cível,Vícios Construtivos
4001390-66.2026.8.26.0408,Pacaembu Construtora S/A,Sheila Aparecida Goulart,Primeira Instância,Ativo,Cível,Ação de Revisão Contratual
4012913-56.2026.8.26.0576,Pacaembu Construtora S/A,Raisa Debora Caroline da Silva,Primeira Instância,Ativo,Cível,Vícios Construtivos
0148-26,Brasília Reserva do Parque Condomínio 01 - Empreendimento imobiliário Ltda.,Caroline Silva Batista,,Ativo,,Distrato - Unidade habitacional M01.TC.L712
4005811-67.2026.8.26.0451,Pacaembu Piracicaba Incorporadora Ltda.,Maurizia Francisco de Amaral,Segunda Instância,Aguardando Citação,Cível,Vícios Construtivos
4002621-48.2026.8.26.0079,Pacaembu Construtora S/A,Fernanda Cristina da Silva Galhardo,Primeira Instância,Ativo,Cível,Inexistência de Débito
0001176-38.2026.8.16.0048,Pacaembu Assis Chateaubriand 357 e 358 - Empreendimento Imobiliário Ltda.,Ana Paula Klauck,Primeira Instância,Aguardando Citação,Cível,Indenização por Danos Morais e Materiais
4008712-55.2025.8.26.0576,Pacaembu Construtora S/A,Antonio Gomes dos Reis,Primeira Instância,Ativo,Cível,Vícios Construtivos
1014633-33.2025.8.26.0451,Pacaembu Piracicaba Incorporadora Ltda.,Cristiane de Matos Lemos Rodrigues,Primeira Instância,Ativo,Cível,Caixa de Esgoto
0147-26,Vida Nova Cuiabá II - Empreendimento Imobiliário Ltda,WRI Construções Ltda.,,Ativo,,"Abandono do canteiro, não pagamento de verbas trabalhistas e rescisórias."
1014124-05.2025.8.26.0451,Pacaembu Piracicaba Incorporadora Ltda.,Otavio Jose Pereira,Primeira Instância,Ativo,Cível,Vícios Construtivos
5001204-67.2026.4.03.6109,Pacaembu Piracicaba Com Viva - Empreendimento Imobiliário Ltda.,Wesley Luan dos Santos Silva,Primeira Instância,Aguardando Citação,Cível,Ação de Rescisão Contratual
4000470-60.2026.8.26.0451,Pacaembu Construtora S/A,Cristiano Conceicao Neto,Primeira Instância,Aguardando Citação,Cível,Vícios Construtivos e muro de arrimo
0000054-96.2026.8.16.0045,Pacaembu Construtora S/A,Maria Aparecida do Nascimento,Primeira Instância,Ativo,Cível,Vícios Construtivos e muro de arrimo
4004877-12.2026.8.26.0451,Pacaembu Piracicaba Com Viva - Empreendimento Imobiliário Ltda.,Yara Regina Araujo Richter,Segunda Instância,Ativo,Cível,Vícios Construtivos
1001692-13.2026.8.26.0032,Vida Nova Araçatuba 330 - Empreendimento Imobiliário Ltda.,Secretaria da Fazenda do Município de Araçatuba,Primeira Instância,Ativo,Tributário,Mandado de Segurança
0000052-29.2026.8.16.0045,Pacaembu Construtora S/A,Eliene Camargo Thosmo,Primeira Instância,Ativo,Cível,Vícios Construtivos e muro de arrimo
0002611-56.2026.8.16.0045,Pacaembu Construtora S/A,Ana Livia Tiburcio de Moraes,Primeira Instância,Ativo,Cível,Vícios Construtivos e muro de arrimo
4006068-92.2026.8.26.0451,Pacaembu Piracicaba Com Viva - Empreendimento Imobiliário Ltda.,Wesley Rocha Coutinho,Primeira Instância,Ativo,Cível,Vícios Construtivos
0017826-09.2025.8.16.0045,Pacaembu Arapongas 1 - Empreendimento Imobiliário Ltda.,Elibelto Aparecido Geraldo,Segunda Instância,Aguardando Citação,Cível,Ação de Rescisão Contratual
0000091-26.2026.8.16.0045,Pacaembu Arapongas 2 - Empreendimento Imobiliarios Ltda.,Victor Henrique Martins Diniz,Primeira Instância,Ativo,Cível,Vícios Construtivos e muro de arrimo
0006381-57.2026.8.16.0045,Pacaembu Arapongas 2 - Empreendimento Imobiliarios Ltda.,Cirineu da Silva,Primeira Instância,Aguardando Citação,Cível,Vícios Construtivos e muro de arrimo
0004713-51.2026.8.16.0045,Pacaembu Arapongas 2 - Empreendimento Imobiliarios Ltda.,Elisangela de Lima Catarina,Primeira Instância,Aguardando Citação,Cível,Vícios Construtivos e muro de arrimo
0001047-42.2026.8.16.0045,Pacaembu Arapongas 2 - Empreendimento Imobiliarios Ltda.,Emanuele Schelen do Nascimento,Primeira Instância,Ativo,Cível,Vícios Construtivos e muro de arrimo
0004714-36.2026.8.16.0045,Pacaembu Arapongas 2 - Empreendimento Imobiliarios Ltda.,Francielly Santos Gomes,Primeira Instância,Aguardando Citação,Cível,Vícios Construtivos e muro de arrimo
0001041-35.2026.8.16.0045,Pacaembu Arapongas 2 - Empreendimento Imobiliarios Ltda.,Caio Gabriel de Oliveira,Primeira Instância,Aguardando Citação,Cível,Vícios Construtivos e muro de arrimo
0002615-93.2026.8.16.0045,Pacaembu Construtora S/A,Eloina Alves Sofias,Primeira Instância,Ativo,Cível,Vícios Construtivos e muro de arrimo
0000553-40.2026.5.09.0655,Pacaembu Assis Chateaubriand 357 e 358 - Empreendimento Imobiliário Ltda.,Marlize Padilha da Silva,Primeira Instância,Ativo,Trabalhista,
0146-26,Pacaembu Itapetininga Cristovao Colombo,Prefeitura do Município de Itapetininga,,Ativo,,Construção de Muro
0145-26,Pacaembu Itapetininga Cristovao Colombo,Prefeitura do Município de Itapetininga,,Ativo,,Limpeza de Terreno
0144-26,Vida Nova Botucatu - Empreendimento Imobiliário Ltda.,Prefeitura Municipal de Botucatu,,Ativo,,Limpeza de Terreno
0143-26,Vida Nova Barretos III - Empreendimento Imobiliário Ltda.,Niraluz Santana Feitosa,,Ativo,,Cobrança indevida
0142-26,Vida Nova Ponta Grossa - Empreendimento Imobiliário Ltda.,Assistec Parana Ltda.,,Ativo,,Emissão de Termo de Conclusão de Obras
0141-26,Pacaembu Construtora S/A,Prefeitura do Município de Itapetininga,,Ativo,,Buraco na via
0140-26,Pacaembu Construtora S/A,Prefeitura do Município de Itapetininga,,Ativo,,Troca de Lampada
0138-26,Pacaembu Tatuí Nossa Senhora Aparecida 388 - Empreendimentos Imobiliários Ltda.,Carlos da Silva Palma Junior - ME,,Ativo,,Ausência de entrega de equipamento
0139-26,Pacaembu Ponta Grossa 525 - Empreendimento Imobiliário Ltda.,Julia Gabriely França Guimarães,,Ativo,,Renegociação de Dívidas
0137-26,Pacaembu Construtora S/A,Tribunal de Justiça do Estado de São Paulo,,Ativo,,Penhora
0026653-87.2025.8.16.0019,Pacaembu Construtora S/A,Leandro Carneiro de Souza,Segunda Instância,Ativo,Cível,Vícios Construtivos
0003766-94.2026.8.16.0045,Pacaembu Arapongas 2 - Empreendimento Imobiliarios Ltda.,Marcia Benite,Primeira Instância,Aguardando Citação,Cível,Vícios Construtivos
0003733-07.2026.8.16.0045,Pacaembu Arapongas 2 - Empreendimento Imobiliarios Ltda.,Jose Adilson Aparecido da Silva,Primeira Instância,Aguardando Citação,Cível,Vícios Construtivos e muro de arrimo
0003762-57.2026.8.16.0045,Pacaembu Arapongas 1 - Empreendimento Imobiliário Ltda.,Josiane dos Santos,Primeira Instância,Ativo,Cível,Vícios Construtivos e muro de arrimo
0002621-03.2026.8.16.0045,Pacaembu Arapongas 2 - Empreendimento Imobiliarios Ltda.,Heloisa Nobrega,Primeira Instância,Aguardando Citação,Cível,Vícios Construtivos e muro de arrimo
0003769-49.2026.8.16.0045,Pacaembu Arapongas 2 - Empreendimento Imobiliarios Ltda.,Simone Veras Dias da Silva,Primeira Instância,Aguardando Citação,Cível,Vícios Construtivos
0001044-87.2026.8.16.0045,Pacaembu Arapongas 2 - Empreendimento Imobiliarios Ltda.,Ednei Ribeiro da Silva,Primeira Instância,Ativo,Cível,Vícios Construtivos e muro de arrimo
0003723-60.2026.8.16.0045,Pacaembu Arapongas 2 - Empreendimento Imobiliarios Ltda.,Ivan Carlos da Silva,Primeira Instância,Aguardando Citação,Cível,Vícios Construtivos e muro de arrimo
0003718-38.2026.8.16.0045,Pacaembu Arapongas 2 - Empreendimento Imobiliarios Ltda.,Isabel Cristina de Oliveira Floriano,Primeira Instância,Aguardando Citação,Cível,Vícios Construtivos e muro de arrimo
0001025-81.2026.8.16.0045,Pacaembu Arapongas 2 - Empreendimento Imobiliarios Ltda.,Natali Aparecida Sarto da Silva,Segunda Instância,Aguardando Citação,Cível,Vícios Construtivos e muro de arrimo
0002612-41.2026.8.16.0045,Pacaembu Arapongas 2 - Empreendimento Imobiliarios Ltda.,Diego Rossi,Primeira Instância,Aguardando Citação,Cível,Vícios Construtivos e muro de arrimo
0136-26,Pacaembu Construtora S/A,Marcelo de Souza Prado,,Ativo,,Renegociação de Dívidas
0135-26,Pacaembu Construtora S/A,Matheus Henrique Silva Do Nascimento,,Ativo,,Dúvidas contratuais
0134-26,Pacaembu Construtora S/A,João Paulo Ribeiro Sobrinho,,Ativo,,Recusa nos reparos
0002616-78.2026.8.16.0045,Pacaembu Arapongas 1 - Empreendimento Imobiliário Ltda.,Eliana Ribeiro Alves,Segunda Instância,Aguardando Citação,Cível,Vícios Construtivos e muro de arrimo
0133-26,Pacaembu Construtora S/A,Luana Moreira,,Ativo,,Rescisão Contratual
0000452-03.2026.5.09.0655,Pacaembu Assis Chateaubriand 357 e 358 - Empreendimento Imobiliário Ltda.,Raimundo Nonato Sousa da Silva,Primeira Instância,Ativo,Trabalhista,
0006547-06.2025.8.26.0576,Urban Fortes Empreendimentos Imobiliários I Spe ltda,Cristiana Luiza Martins de Azevedo,Primeira Instância,Ativo,Cível,Vícios Construtivos
4023418-74.2025.8.26.0016,Pacaembu Presidente Prudente III - Empreendimento Imobiliário Ltda.,M8 Soluções e Serviços de Apoio a Edifícios Ltda.,Primeira Instância,Ativo,Cível,Ação de Cobrança
4023419-59.2025.8.26.0016,Vida Nova Salto de Pirapora - Empreendimento Imobiliário Ltda.,M8 Soluções e Serviços de Apoio a Edifícios Ltda.,Primeira Instância,Ativo,Cível,Ação de Cobrança
0001079-47.2026.8.16.0045,Pacaembu Arapongas 2 - Empreendimento Imobiliarios Ltda.,Isaque Antunes,Primeira Instância,Ativo,Cível,Vícios Construtivos e muro de arrimo
0001024-96.2026.8.16.0045,Pacaembu Arapongas 2 - Empreendimento Imobiliarios Ltda.,Marcia Cristina da Silva,Primeira Instância,Ativo,Cível,Vícios Construtivos e muro de arrimo
1037662-28.2025.8.26.0576,Pacaembu Construtora S/A,Selma Efigênia Ramalho,Primeira Instância,Ativo,Cível,Vícios Construtivos
0132-26,Pacaembu Piracicaba Incorporadora Ltda.,Marcos Sampaio Rodrigues,,Ativo,,Vícios Construtivos
0003767-79.2026.8.16.0045,Pacaembu Arapongas 1 - Empreendimento Imobiliário Ltda.,Miriam de Souza Ferreira,Segunda Instância,Aguardando Citação,Cível,Vícios Construtivos e muro de arrimo
0003727-97.2026.8.16.0045,Pacaembu Arapongas 2 - Empreendimento Imobiliarios Ltda.,Jean Verino Bealliere,Primeira Instância,Ativo,Cível,Vícios Construtivos e muro de arrimo
0003765-12.2026.8.16.0045,Pacaembu Arapongas 1 - Empreendimento Imobiliário Ltda.,Katia Regina Mendonça Lima Maciel,Primeira Instância,Ativo,Cível,Vícios Construtivos
0000053-14.2026.8.16.0045,Pacaembu Construtora S/A,Heloisa do Nascimento de Sales,Primeira Instância,Ativo,Cível,Vícios Construtivos
5006596-98.2026.4.04.7001,Pacaembu Construtora S/A,Ailton Mendes Cabral Filho,Primeira Instância,Aguardando Citação,Cível,Rescisão Contratual
0003729-67.2026.8.16.0045,Pacaembu Arapongas 2 - Empreendimento Imobiliarios Ltda.,Jean Mirteau Bazelais,Primeira Instância,Ativo,Cível,Vícios Construtivos e muro de arrimo
0016270-31.2026.8.16.0014,Pacaembu Construtora S/A,Giovane Bueno Martins,Primeira Instância,Aguardando Citação,Cível,Vícios Construtivos
0003770-34.2026.8.16.0045,Pacaembu Arapongas 2 - Empreendimento Imobiliarios Ltda.,Zaquel Gonçalves Soares,Primeira Instância,Ativo,Cível,Vícios Construtivos e muro de arrimo
4004131-47.2026.8.26.0451,Pacaembu Piracicaba Incorporadora Ltda.,Juan Matheus de Oliveira Rodrigues,Primeira Instância,Aguardando Citação,Cível,Negativação indevida
0014367-96.2025.8.16.0045,Pacaembu Arapongas 1 - Empreendimento Imobiliário Ltda.,Cassia Aguiar Pinto,Primeira Instância,Extinto sem Resolução,Cível,Vícios Construtivos e muro de arrimo
0014026-70.2025.8.16.0045,Pacaembu Construtora S/A,Adryan Ferreira do Carmo,Primeira Instância,Aguardando Citação,Cível,
0014037-02.2025.8.16.0045,Pacaembu Construtora S/A,Nathan Carvalho Caldarelli,Primeira Instância,Encerrado,Cível,Vícios Construtivos
0014016-26.2025.8.16.0045,Pacaembu Construtora S/A,Elaine de Souza Teodoro,Primeira Instância,Extinto sem Resolução,Cível,Vícios Construtivos e muro de arrimo
0002619-33.2026.8.16.0045,Pacaembu Construtora S/A,Gian Carlos de Oliveira,Primeira Instância,Aguardando Citação,Cível,Vícios Construtivos
0003763-42.2026.8.16.0045,Pacaembu Construtora S/A,Mauro Gonçalves Cardoso,Segunda Instância,Ativo,Cível,Vícios Construtivos
0017325-55.2025.8.16.0045,Pacaembu Arapongas 2 - Empreendimento Imobiliarios Ltda.,Francielle de Souza dos Santos,Segunda Instância,Ativo,Cível,Vícios Construtivos e muro de arrimo
0014152-23.2025.8.16.0045,Pacaembu Construtora S/A,Valter de Lima Gonçalves,Segunda Instância,Aguardando Citação,Cível,Vícios Construtivos e muro de arrimo
0014029-25.2025.8.16.0045,Pacaembu Construtora S/A,Edigar de Souza,Primeira Instância,Extinto sem Resolução,Cível,Vícios Construtivos e muro de arrimo
0013036-79.2025.8.16.0045,Pacaembu Construtora S/A,Jeferson Pereira dos Santos Passos,Primeira Instância,Aguardando Citação,Cível,Vícios Construtivos
4000146-49.2026.8.26.0458,Pacaembu Bauru Azevedo 2 - Empreendimento Imobiliário Ltda,Mariana Oliveira de Almeida,Primeira Instância,Ativo,Cível,Devolução do Sinal
0016268-61.2026.8.16.0014,Pacaembu Construtora S/A,Arlete Pereira dos Santos,Primeira Instância,Ativo,Cível,Vícios Construtivos
0000446-93.2026.5.09.0655,Pacaembu Assis Chateaubriand 357 e 358 - Empreendimento Imobiliário Ltda.,Raimundo Nonato Sousa da Silva,Primeira Instância,Ativo,Trabalhista,
0131-26,Pacaembu Marilia Altos do Palmital 379 - Empreendimento Imobiliario LTDA,Prefeitura do Município de Marília,,Ativo,,Inscrição de dívida ativa
0130-26,Pacaembu Construtora S/A,Leonel Adriano Antunes,,Ativo,,Devolução de Entrada
0129-26,Pacaembu Construtora S/A,Prefeitura Municipal de Piratininga,,Ativo,,Obstrução de via pública
0014153-08.2025.8.16.0045,Pacaembu Construtora S/A,David Sampaio Inoue Vicente,Segunda Instância,Ativo,Cível,Vícios Construtivos e muro de arrimo
0014023-18.2025.8.16.0045,Pacaembu Construtora S/A,Joziane de Souza,Primeira Instância,Extinto sem Resolução,Cível,Vícios Construtivos
0001040-50.2026.8.16.0045,Pacaembu Arapongas 1 - Empreendimento Imobiliário Ltda.,Stefany Sena Brito,Primeira Instância,Ativo,Cível,Vícios Construtivos
0014039-69.2025.8.16.0045,Pacaembu Construtora S/A,Geovana Morais Valerio,Primeira Instância,Ativo,Cível,Vícios Construtivos
0014025-85.2025.8.16.0045,Pacaembu Construtora S/A,Erica Aline de Oliveira,Primeira Instância,Ativo,Cível,Vícios Construtivos
4011408-64.2025.8.26.0576,Pacaembu Água Santa - Empreendimento Imobiliário Ltda.,Aline Vetorazo Alvarenga,Primeira Instância,Ativo,Cível,Vícios Construtivos
0128-26,Pacaembu Construtora S/A,Celia Regina Serafim,,Ativo,,Cobrança indevida
4004632-35.2025.8.26.0451,Pacaembu Piracicaba Incorporadora Ltda.,Zelia Pereira da Silva,Primeira Instância,Ativo,Cível,Caixa de Esgoto
4001831-64.2026.8.26.0079,Pacaembu Construtora S/A,Georgia Charlene Silva,Primeira Instância,Ativo,Cível,Muro de Arrimo
4002416-58.2026.8.26.0066,Pacaembu Construtora S/A,Valeria Cristina Pereira Ribeiro,Primeira Instância,Ativo,Cível,Retenção das chaves
0127-26,Pacaembu Construtora S/A,Luciana Maria Ferreira,,Ativo,,Negativação indevida
0126-26,Pacaembu Construtora S/A,Adriano Leal,,Arquivado,,Cancelamento de cartão de crédito
0125-26,Vida Nova Cuiabá - Empreendimento Imobiliário Ltda.,Manda Chuva Serviços Elétricos e Hidráulicos Ltda.,,Ativo,,"Abandono do canteiro, não pagamento de verbas trabalhistas e rescisórias."
0124-26,Pacaembu Avaré São Rogerio IV 249 - Empreendimento Imobiliário Ltda.,Hugo Henrique Guedes Barboz,,Ativo,,Distrato - Unidade habitacional M01.QD.L20
0123-26,Pacaembu Construtora S/A,Ministério Público do Estado de São Paulo,,Ativo,,Interdição de Via Pública
0122-26,Vida Nova Trindade - Empreendimento Imobiliário Ltda.,Tribunal de Justiça do Estado de Goias,,Ativo,,Envio de Documentação
5000745-15.2025.4.03.6331,Vida Nova Araçatuba 380 - Empreendimento Imobiliário Ltda.,Luciana Pereira Mercado,Primeira Instância,Ativo,Cível,Rescisão do Contrato de Compra e Venda
0121-26,Vida Nova Araçatuba 380 - Empreendimento Imobiliário Ltda.,Ecopower Eficiencia Energetica Ltda.,,Ativo,,Apresentação incompleta de documentação trabalhista.
01120-26,Pacaembu Avaré São Rogério III - 229 Empreendimentos Imobiliários Ltda.,A.A. De Souza Instalações Eletricas Ltda,,Ativo,,Afastamento de colaborador para apuração de conduta irregular.
0119-26,Pacaembu Avaré São Rogério III - 229 Empreendimentos Imobiliários Ltda.,LL Delgado Gestao,,Ativo,,Resposta à B.O por suposta conduta irregular
5003895-67.2026.4.04.7001,Pacaembu Arapongas 563 - Empreendimento Imobiliário Ltda.,Juliana de Cassia Baptistone,Primeira Instância,Ativo,Cível,Ação de Rescisão Contratual
0014199-94.2025.8.16.0045,Pacaembu Arapongas 1 - Empreendimento Imobiliário Ltda.,Ana Paula de Oliveira,Segunda Instância,Ativo,Cível,Vícios Construtivos e muro de arrimo
2026/003841,Débora Cristina Colombo,CRECI - Conselho Regional de Corretores de Imóveis,,Ativo,Cível Administrativo,Exercício ilegal da profissão
0014040-54.2025.8.16.0045,Pacaembu Construtora S/A,Wesley Giovani Zimbermann,Segunda Instância,Ativo,Cível,Vícios Construtivos
0014043-09.2025.8.16.0045,Pacaembu Construtora S/A,Rafaela Roberta dos Santos,Segunda Instância,Ativo,Cível,Vícios Construtivos
4002128-71.2026.8.26.0079,Pacaembu Construtora S/A,Matheus Godoy Ribeiro,Primeira Instância,Ativo,Cível,Ação de Rescisão Contratual
0118-26,Pacaembu Construtora S/A,Rodrigo Alexandre de Souza,,Ativo,,Atraso nos boletos de cobrança
0117-26,PRATAGY EMPREENDIMENTOS IMOBILIARIO,CEMIG - Companhia Energética de Minas Gerais,,Ativo,,Obrigação de fazer no contrato de prestação de serviços
4002062-39.2025.8.26.0625,Pacaembu Taubate - Empreendimento Imobiliário LTDA,Geovane Marcondes da Silva,Primeira Instância,Ativo,Cível,Ação de Rescisão Contratual
0010311-91.2026.5.15.0100,Pacaembu Construtora S/A,Daniel da Silva Cerqueira,Primeira Instância,Ativo,Trabalhista,
0116-26,Vida Nova Itapetininga III - Empreendimento Imobiliário Ltda,Prefeitura de Itapetininga,,Ativo,,Construção de Muro
0115-26,Vida Nova Itapetininga III - Empreendimento Imobiliário Ltda,Prefeitura de Itapetininga,,Ativo,,Limpeza de Terreno
0114-26,Vida Nova Itapetininga III - Empreendimento Imobiliário Ltda,Prefeitura de Itapetininga,,Ativo,,Limpeza de Terreno
0113-26,Pacaembu Itapetininga Cristovao Colombo,Prefeitura de Itapetininga,,Ativo,,Limpeza de Terreno
0112-26,Pacaembu Itapetininga Cristovao Colombo,Prefeitura de Itapetininga,,Ativo,,Construção de Muro
0002351-76.2026.8.16.0045,Pacaembu Construtora S/A,Taisa Maria da Silva,Segunda Instância,Ativo,Cível,Vícios Construtivos e muro de arrimo
0111-26,Pacaembu São José do Rio Preto,Raisa Debora Caroline da Silva,,Ativo,,Vícios Construtivos
0110-26,Pacaembu Construtora S/A,Tribunal de Justiça do Estado de São Paulo,,Ativo,,Reconhecimento/Dissolução
0000220-23.2026.5.22.0107,Pacaembu Construtora S/A,Wanderley Ribeiro de Sousa,Primeira Instância,Ativo,Trabalhista,
0109-26,Reserva do Parque Holding Ltda.,AB Participações e Administração de Bens Ltda.,,Ativo,,Obrigação de pagamento de taxa referente à compensação ambiental do projeto de Brasília
0000276-53.2026.5.23.0002,Pacaembu Construtora S/A,Francisco Carlos de Sousa,Primeira Instância,Ativo,Trabalhista,
0000388-91.2026.5.23.0076,Pacaembu Construtora S/A,Adilson Rocha Bezerra,Primeira Instância,Ativo,Trabalhista,
0108-26,Pacaembu Construtora S/A,Ana Luiza de Souza,,Ativo,,Entrega do Imóvel
0107-26,Pacaembu Construtora S/A,Leandro da Silva Assunção,,Ativo,,
0106-26,Reserva do Parque Holding Ltda.,AB Participações e Administração de Bens Ltda.,,Ativo,,"A notificante AB invocou seu direito à exploração da energia fotovoltáica no projeto de Brasília, conforme cláusula 3.3. item II da alínea ""b''''''''''''''''''''''''''''''''''''''''''''''''''''''''''''''''."
0105-26,Pacaembu Bauru Azevedo 2 - Empreendimento Imobiliário Ltda,David Jean de Oliveira Fernandes,,Ativo,,Distrato - Unidade habitacional M02.Q08.L21
1014547-62.2025.8.26.0451,Pacaembu Piracicaba Incorporadora Ltda.,Jessica Mariane Lopes de Sousa,Primeira Instância,Ativo,Cível,Vícios Construtivos
0104-26,Pacaembu Ituiutaba 422 - Empreendimento Imobiliário LTDA,Jarbas Luiz dos Reis,,Ativo,,Devolução de entrada
5026425-02.2025.4.04.7001,Pacaembu Arapongas 2 - Empreendimento Imobiliarios Ltda.,Alexandra Araujo de Sousa,Primeira Instância,Ativo,Cível,Vícios Construtivos e muro de arrimo
0000303-15.2026.5.23.0009,Pacaembu Construtora S/A,Marcos Danilo da Silva Camara,Primeira Instância,Ativo,Trabalhista,
0134957-43.2025.8.16.0000,Pacaembu Construtora S/A,Des. Pres. do TJPR,Segunda Instância,Ativo,Cível,Isenção da Taxa de Averbação
0103-26,Pacaembu Cedral I - Empreendimento Imobiliário Ltda,Maria Ivanete da Conceição Santos,,Ativo,,Juros abusivos
0102-26,Pacaembu Construtora S/A,Juliana Marta Silvestre dos Santos,,Ativo,,Muro de Arrimo
5004289-21.2025.8.13.0342,Haus Compra e Venda de Bens Imóveis Ltda.,Plinio Garcia Chaves,Primeira Instância,Ativo - não Pacaembu,Cível,Débito
4004264-69.2025.8.26.0566,Vida Nova Sao Carlos - Empreendimento Imobiliario LTDA,Havelange dos Santos Cruz,Segunda Instância,Ativo,Cível,Inexistência e inexigibilidade de débito
4002737-98.2026.8.26.0032,Pacaembu Araçatuba I - Empreendimento Imobiliário LTDA,Giovanna Campos Conceição,Segunda Instância,Ativo,Cível,Ação de Revisão Contratual
0000394-97.2026.5.09.0655,Pacaembu Construtora S/A,Raimundo Nonato de Melo Júnior,Primeira Instância,Ativo,Trabalhista,
0014021-48.2025.8.16.0045,Pacaembu Construtora S/A,Lucilene Andreia da Silva,Primeira Instância,Ativo,Cível,Vícios Construtivos
0000085-19.2026.8.16.0045,Pacaembu Arapongas 1 - Empreendimento Imobiliário Ltda.,Michele Carvalho da Silva,Primeira Instância,Ativo,Cível,Vícios Construtivos e muro de arrimo
0001080-32.2026.8.16.0045,Pacaembu Arapongas 1 - Empreendimento Imobiliário Ltda.,Jorge Marcelo dos Santos,Primeira Instância,Ativo,Cível,Vícios Construtivos e muro de arrimo
0101-26,Pacaembu Construtora S/A,Defesa Civil de Piratininga,,Ativo,,Manutenção bacia de contenção
0100-26,Pacaembu Construtora S/A,Prefeitura Municipal de Piratininga,,Ativo,,Assoreamento do barramento
0097-26,Pacaembu Araraquara 271 - Empreendimento Imobiliario Ltda,Asset Bank II Fundo de Investimento em Direitos Creditórios,,Ativo,,Sustação de Protesto
0099-26,Pacaembu Construtora S/A,Anderson Martins Pereira de Sousa,,Ativo,,Vícios Construtivos
0014017-11.2025.8.16.0045,Pacaembu Construtora S/A,Sabrina Cristina de Araujo,Primeira Instância,Ativo,Cível,Vícios Construtivos
0098-26,Pacaembu Construtora S/A,Cristiane Cardozo da Silva Ivanauskos,,Ativo,,Vícios Construtivos
0014159-15.2025.8.16.0045,Pacaembu Construtora S/A,Aline Berti de Oliveira,Segunda Instância,Aguardando Citação,Cível Administrativo,Vícios Construtivos e muro de arrimo
0001042-20.2026.8.16.0045,Pacaembu Arapongas 1 - Empreendimento Imobiliário Ltda.,Donizete Carlos dos Santos,Primeira Instância,Aguardando Citação,Cível,Vícios Construtivos e muro de arrimo
0014027-55.2025.8.16.0045,Pacaembu Construtora S/A,Thalita Pacheco de Souza,Primeira Instância,Ativo,Cível,Vícios Construtivos e muro de arrimo
0001023-14.2026.8.16.0045,Pacaembu Arapongas 2 - Empreendimento Imobiliarios Ltda.,Julio Cesar Teixeira,Primeira Instância,Ativo,Cível,Vícios Construtivos e muro de arrimo
4007561-20.2026.8.26.0576,Pacaembu Construtora S/A,Suelen Alves Gomes,Primeira Instância,Encerrado,Cível,Acidente de Trânsito
4003370-16.2026.8.26.0451,Pacaembu Piracicaba Com Viva - Empreendimento Imobiliário Ltda.,Julio Cesar de Jesuz Cruz,Primeira Instância,Ativo,Cível,Vícios Construtivos e muro de arrimo
4004419-68.2026.8.26.0071,Pacaembu Bauru Azevedo 2 - Empreendimento Imobiliário Ltda,IDP2 Engenharia e Comercio Ltda,Primeira Instância,Ativo,Cível,Descumprimento Contratual
0010245-61.2026.5.03.0063,Pacaembu Construtora S/A,Brenda Menezes Freitas,Primeira Instância,Ativo,Trabalhista,
4005151-49.2026.8.26.0071,Pacaembu Araraquara 271 - Empreendimento Imobiliario Ltda,Central Midia Servicos de Publicidade Ltda,Primeira Instância,Arquivado,Cível,Sustação de Protesto
0096-26,Pacaembu Tatuí Caguassu - Empreendimento Imobiliário Ltda.,Prefeitura Municipal de Tatui,,Ativo,,Limpeza de terreno
0095-26,Vida Nova Tatuí III Empreendimento Imobiliário Ltda.,Prefeitura Municipal de Tatui,,Ativo,,Limpeza de terreno
0094-26,Pacaembu Tatuí Caguassu - Empreendimento Imobiliário Ltda.,Prefeitura Municipal de Tatui,,Ativo,,Limpeza de terreno
0093-26,Pacaembu Tatuí Caguassu - Empreendimento Imobiliário Ltda.,Prefeitura Municipal de Tatui,,Ativo,,Limpeza de calçada
0092-26,Pacaembu Tatuí Caguassu - Empreendimento Imobiliário Ltda.,Prefeitura Municipal de Tatui,,Ativo,,Limpeza de calçada
0091-26,Pacaembu Votuporanga 465 - Empreendimento Imobiliário LTDA,Camilla Maria dos Santos Silva,,Ativo,,Distrato - Unidade habitacional M01.QNO 22.14-16.L07
4009890-26.2025.8.26.0451,Pacaembu Construtora S/A,Josivan de Souza Lopes,Segunda Instância,Ativo,Cível,Caixa de Esgoto
5026509-03.2025.4.04.7001,Pacaembu Arapongas 2 - Empreendimento Imobiliarios Ltda.,Sandra Pereira da Silva,Segunda Instância,Ativo,Cível,Vícios Construtivos e muro de arrimo
5026428-54.2025.4.04.7001,Pacaembu Arapongas 2 - Empreendimento Imobiliarios Ltda.,Cintia Gabrielle da Conceicao Lima,Primeira Instância,Ativo,Cível,Vícios Construtivos e muro de arrimo
0000091-93.2026.5.08.0111,Pacaembu Construtora S/A,Benigno Reis de Oliveira,Primeira Instância,Ativo,Trabalhista,
0016272-98.2026.8.16.0014,Pacaembu Construtora S/A,Eliana Aparecida dos Santos,Primeira Instância,Ativo,Cível,Vícios Construtivos
0014022-33.2025.8.16.0045,Pacaembu Construtora S/A,Wesley de Brito Dutra,Primeira Instância,Ativo,Cível,Vícios Construtivos
0000084-34.2026.8.16.0045,Pacaembu Construtora S/A,Matheus William Artão Lopes,Primeira Instância,Ativo,Cível,Vícios Construtivos e muro de arrimo
0013994-65.2025.8.16.0045,Pacaembu Construtora S/A,Franciane Dias Lemes,Primeira Instância,Ativo,Cível,Vícios Construtivos
0090-26,Haus Compra e Venda de Bens Imóveis Ltda.,Prefeitura Municipal de São José do Rio Preto,,Ativo,,Limpeza de Terreno
0089-26,Haus Compra e Venda de Bens Imóveis Ltda.,Prefeitura Municipal de São José do Rio Preto,,Ativo,,Limpeza de Terreno
0088-26,Haus Compra e Venda de Bens Imóveis Ltda.,Prefeitura Municipal de Ribeirão Preto,,Ativo,,Inexistência de Passeio Publico
0014461-44.2025.8.16.0045,Pacaembu Construtora S/A,Andre Henrique de Oliveira,Segunda Instância,Ativo,Cível,Vícios Construtivos e muro de arrimo
0087-26,Haus Compra e Venda de Bens Imóveis Ltda.,Prefeitura Municipal de Ribeirão Preto,,Ativo,,Inexistência de Passeio Publico
0086-26,Poá Empreendimento Imobiliário Ltda,Prefeitura Municipal de Ribeirão Preto,,Ativo,,Inexistência de Muro/Mureta.
0085-26,Poá Empreendimento Imobiliário Ltda,Prefeitura Municipal de Ribeirão Preto,,Ativo,,Inexistência de Muro/Mureta.
0084-26,Haus Compra e Venda de Bens Imóveis Ltda.,Prefeitura Municipal de Ribeirão Preto,,Ativo,,Inexistência de Passeio Público
0083-26,Haus Compra e Venda de Bens Imóveis Ltda.,Prefeitura Municipal de Ribeirão Preto,,Ativo,,Inexistência de Passeio Público
0082-26,Haus Compra e Venda de Bens Imóveis Ltda.,Prefeitura Municipal de São José do Rio Preto,,Ativo,,Limpeza de Terreno
0081-26,Haus Compra e Venda de Bens Imóveis Ltda.,Prefeitura Municipal de São José do Rio Preto,,Ativo,,Limpeza de Terreno
0080-26,Pacaembu Construtora S/A,Prefeitura do Município de Itapetininga,,Ativo,,Troca de Lampada
4002862-03.2026.8.26.0344,Pacaembu Construtora S/A,Jeferson Henrique Camilo,Primeira Instância,Ativo,Cível,Vícios Construtivos
4005519-95.2026.8.26.0576,Urban Fortes Empreendimentos Imobiliários I Spe ltda,Rafael Fabrega Rodrigues,Primeira Instância,Ativo,Cível,Clausulas Abusivas
0010004-37.2026.5.15.0004,Pacaembu Construtora S/A,Narcelo Oliveira da Silva,Primeira Instância,Encerrado,Trabalhista,
4007580-26.2026.8.26.0576,Pacaembu Construtora S/A,Mateus Aparecido Marcal Pereira,Primeira Instância,Ativo,Cível,Vícios Construtivos
5340416-87.2025.8.09.0149,Pacaembu Construtora S/A,Maykon Oliveira de Paula,Primeira Instância,Aguardando Citação,Cível,Vícios Construtivos
0070-26,Pacaembu Construtora S/A,Luciana Renata Pereira Silva,,Ativo,,Desnível
0071-26,Pacaembu Construtora S/A,Jorge Luiz de Oliveira Santos Junior,,Ativo,,Parcelas pró-soluto
0079-26,Poá Empreendimento Imobiliário Ltda,Prefeitura Municipal de Ribeirão Preto,,Ativo,,Limpeza de Terreno
0078-26,Poá Empreendimento Imobiliário Ltda,Prefeitura Municipal de Ribeirão Preto,,Ativo,,Limpeza de Terreno
0077-26,Poá Empreendimento Imobiliário Ltda,Prefeitura Municipal de Ribeirão Preto,,Ativo,,Limpeza de Terreno
0076-26,Haus Compra e Venda de Bens Imóveis Ltda.,Prefeitura Municipal de São José do Rio Preto,,Ativo,,Limpeza de Terreno
0075-26,Poá Empreendimento Imobiliário Ltda,Prefeitura Municipal de Ribeirão Preto,,Ativo,,Limpeza de Terreno
0074-26,Poá Empreendimento Imobiliário Ltda,Prefeitura Municipal de Ribeirão Preto,,Ativo,,Limpeza de Terreno
0073-26,Poá Empreendimento Imobiliário Ltda,Prefeitura Municipal de Ribeirão Preto,,Ativo,,Limpeza de Terreno
0072-26,Poá Empreendimento Imobiliário Ltda,Prefeitura Municipal de Ribeirão Preto,,Ativo,,Limpeza de Terreno
0069-26,Vida Nova Cuiabá - Empreendimento Imobiliário Ltda.,Luan Nonato Figueiredo,,Ativo,,Distrato - Unidade habitacional M01.QC.L02
0068-26,Pacaembu Balsamo 469 - Empreendimento Imobiliario Ltda,Igor Anderson da Silva,,Ativo,,Distrato - Unidade habitacional M01.QO.L09
0067-26,Poá Empreendimento Imobiliário Ltda,Prefeitura Municipal de Ribeirão Preto,,Ativo,,Inexistência de Passeio Publico e de Muro/Mureta.
0010024-53.2026.5.15.0028,Pacaembu Catanduva III - Empreendimento Imobiliário Ltda.,Claudio Eurico da Costa,Primeira Instância,Ativo,Trabalhista,
0000315-22.2026.5.23.0076,Pacaembu Construtora S/A,Edson de Souza Nogueira,Primeira Instância,Aguardando Notificação,Trabalhista,
0066-26,Pacaembu Construtora S/A,Juscelino Alves Pereira,,Ativo,,Renegociação de Dívidas
0012628-53.2025.5.15.0082,Pacaembu São José do Rio Preto 405 - Empreendimento Imobiliário Ltda.,Fernanda Carolina Silva,Primeira Instância,Ativo,Trabalhista,
0065-26,Pacaembu Ponta Grossa 456 - Empreendimento Imobiliario LTDA,Prefeitura de Ponta Grossa,,Ativo,,Descarte irregular de resíduos
0064-26,Pacaembu Ponta Grossa 525 - Empreendimento Imobiliário Ltda.,Prefeitura de Ponta Grossa,,Ativo,,Descarte irregular de resíduos
0063-26,Pacaembu Taubate - Empreendimento Imobiliário LTDA,Tiago Patrick Lobato dos Santos,,Ativo,,Taxa de Evolução de Obra/Revisional
4009896-33.2025.8.26.0451,Pacaembu Construtora S/A,Celiene Brito dos Santos,Primeira Instância,Ativo,Cível,Caixa de Esgoto
0062-26,Pacaembu Construtora S/A,Tribunal de Justiça do Estado de São Paulo,,Ativo,,Determinação Judicial (depósito)
2026/021354,Natalia Rodrigues de Oliveira,CRECI - Conselho Regional de Corretores de Imóveis,,Ativo,Cível Administrativo,Exercício ilegal da profissão
0061-26,Pacaembu Avaré São Rogério III - 229 Empreendimentos Imobiliários Ltda.,Hugo Henrique Guedes Barboz,,Ativo,,Retenção de Valores
0060-26,Pacaembu Construtora S/A,Romério Neres de Brito,,Ativo,,Cobrança indevida
0059-26,Pacaembu Construtora S/A,Rosa Pires Ferreira,,Ativo,,Renegociação de Dívidas
4009952-66.2025.8.26.0451,Pacaembu Construtora S/A,Cicero Candido da Silva,Segunda Instância,Aguardando Citação,Cível,Vícios Construtivos
0058-26,Pacaembu Construtora S/A,Raul Piloto Parreira Junior,,Ativo,,Defeito de Peça (Compressor )
0011272-18.2025.5.15.0019,Pacaembu Araçatuba I - Empreendimento Imobiliário LTDA,Ismar Silva Machado de Oliveira Junior,Primeira Instância,Ativo,Trabalhista,
0000306-60.2026.5.23.0076,Pacaembu Construtora S/A,Helio Antonio Nogueira Lima,Primeira Instância,Aguardando Notificação,Trabalhista,
0000161-80.2026.5.08.0121,Pacaembu Construtora S/A,Michel Muniz dos Santos,Primeira Instância,Ativo,Trabalhista,
0010338-87.2026.5.15.0031,Pacaembu Construtora S/A,Adriano Chagas da Conceição,Primeira Instância,Ativo,Trabalhista,
1038720-66.2025.8.26.0576,Pacaembu Construtora S/A,Lurdinei Pereira Abreu,Primeira Instância,Ativo,Cível,Vícios Construtivos
1000364-84.2026.5.02.0026,Pacaembu Construtora S/A,Eric Souto Costa Coelho da Silva,Primeira Instância,Encerrado,Trabalhista,
4004952-64.2026.8.26.0576,Pacaembu Construtora S/A,Ana Paula Maldonado,Primeira Instância,Ativo,Cível,Vícios Construtivos e muro de arrimo
4000505-90.2026.8.26.0072,Pacaembu Construtora S/A,Nadia Lucia Ribeiro,Primeira Instância,Ativo,Cível,Vícios Construtivos
4003982-64.2026.8.26.0576,Pacaembu Construtora S/A,Alessandra Osmarina de Mello,Primeira Instância,Ativo,Cível,Vícios Construtivos e muro de arrimo
4003482-95.2026.8.26.0576,Pacaembu Construtora S/A,Silvana Alves,Primeira Instância,Ativo,Cível,Vícios Construtivos e muro de arrimo
4001517-69.2026.8.26.0451,Pacaembu Piracicaba Com Viva - Empreendimento Imobiliário Ltda.,Rikewlly Pereira de Lima,Primeira Instância,Ativo,Cível,Indenização por Danos Morais e Materiais
0056-26,Vida Nova Cuiabá - Empreendimento Imobiliário Ltda.,Matheus Henrique Silva Do Nascimento,,Ativo,,Cobrança indevida - IPTU
6003228-69.2025.4.06.3824,Pacaembu Ituiutaba 422 - Empreendimento Imobiliário LTDA,Rayelle Cardoso da Silva,Primeira Instância,Ativo,Cível,Descumprimento Contratual
0057-26,Pacaembu Construtora S/A,Vitoria da Silva Souza,,Ativo,,Renegociação de Dívidas
4000097-08.2026.8.26.0458,Pacaembu Bauru Azevedo 2 - Empreendimento Imobiliário Ltda,Eliana Cristina dos Santos,Primeira Instância,Ativo,Cível,Aumento do valor de sinal
4002485-06.2026.8.26.0482,Pacaembu Construtora S/A,Fabiano Alves da Silva,Segunda Instância,Ativo,Cível,Vícios Construtivos e muro de arrimo
4002298-91.2026.8.26.0451,Pacaembu Piracicaba Incorporadora Ltda.,Danielle Cardoso de Barros,Primeira Instância,Aguardando Citação,Cível,Vícios Construtivos
4009951-81.2025.8.26.0451,Pacaembu Construtora S/A,Tales Vinicius de Oliveira,Segunda Instância,Ativo,Cível,Vícios Construtivos
4004730-96.2026.8.26.0576,Pacaembu Construtora S/A,Domingos dos Anjos Pereira,Primeira Instância,Ativo,Cível,Vícios Construtivos e muro de arrimo
4002231-29.2026.8.26.0451,Pacaembu Piracicaba Com Viva - Empreendimento Imobiliário Ltda.,Luiz Carlos Bonifacio Junior,Primeira Instância,Ativo,Cível,Vícios Construtivos
4001518-54.2026.8.26.0451,Pacaembu Construtora S/A,Luciana Renata Pereira Silva,Primeira Instância,Aguardando Citação,Cível,Vícios Construtivos
1014135-34.2025.8.26.0451,Pacaembu Construtora S/A,Rutilene Santos de Sa,Primeira Instância,Ativo,Cível,Caixa de Esgoto
4005127-58.2026.8.26.0576,Pacaembu Construtora S/A,Luis Ferreira de Lima,Primeira Instância,Aguardando Citação,Cível,Vícios Construtivos
0013033-27.2025.8.16.0045,Pacaembu Construtora S/A,Ivan Carlos Pegorer,Segunda Instância,Ativo,Cível,Vícios Construtivos e muro de arrimo
0000214-82.2026.5.23.0076,Pacaembu Construtora S/A,Cleber Sa Araujo,Primeira Instância,Ativo,Trabalhista,
0000023-62.2026.5.09.0129,Pacaembu Construtora S/A,Hugo Mauricio Yamasaki,Primeira Instância,Ativo,Trabalhista,
0055-26,Pacaembu Construtora S/A,Jefferson William de Oliveira Souza,,Ativo,,Renegociação de Dívidas
0054-26,Pacaembu Construtora S/A,Taís Aparecida da Silva dos Santos,,Ativo,,Concessão do Subsídio Estadual
0010303-39.2026.5.15.0028,Pacaembu Construtora S/A,Gilmar Saturnino,Primeira Instância,Encerrado,Trabalhista,
0053-26,Gold Land Botucatu - Empreendimentos Imobiliarios LTDA,Prefeitura Municipal de Botucatu,,Ativo,,Cobrança de IPTU
0051-26,Pacaembu Construtora S/A,Lo Ruama Justa Brasil Pereira,,Ativo,,Renegociação de Dívidas
4009888-56.2025.8.26.0451,Pacaembu Construtora S/A,Maria Eduarda Rodrigues da Silva,Segunda Instância,Ativo,Cível,Caixa de Esgoto
1014608-20.2025.8.26.0451,Pacaembu Construtora S/A,Jeferson Velozo Rodrigues,Primeira Instância,Aguardando Citação,Cível,Caixa de Esgoto
0014012-86.2025.8.16.0045,Pacaembu Construtora S/A,Douglas da Silva Ferreiro,Segunda Instância,Ativo,Cível,Vícios Construtivos
1034913-38.2025.8.26.0576,Pacaembu Construtora S/A,Janaina Ermelinda de Almeida,Primeira Instância,Ativo,Cível,Vícios Construtivos
0014038-84.2025.8.16.0045,Pacaembu Construtora S/A,Vitória Luciano Carrascal Cruz,Primeira Instância,Ativo,Cível,Vícios Construtivos e muro de arrimo
4003462-07.2026.8.26.0576,Pacaembu Construtora S/A,Edmara Antonia da Silva,Primeira Instância,Ativo,Cível,Vícios Construtivos e muro de arrimo
4004661-64.2026.8.26.0576,Pacaembu Construtora S/A,Jully Graciely da Conceição Batista,Primeira Instância,Ativo,Cível,Vícios Construtivos e muro de arrimo
4011057-91.2025.8.26.0576,Pacaembu Construtora S/A,Luiza Idaides Alves Silva,Primeira Instância,Ativo,Cível,Vícios Construtivos
1009834-19.2026.8.11.0001,Pacaembu Construtora S/A,Syndel Costa Conceição,Primeira Instância,Ativo,Cível,Obrigação de Fazer / Não Fazer
0014198-12.2025.8.16.0045,Pacaembu Construtora S/A,Ademilson Sales da Costa,Primeira Instância,Ativo,Cível,Vícios Construtivos e muro de arrimo
0052-26,Pacaembu Construtora S/A,Prefeitura do Município de Itapetininga,,Ativo,,
0049-26,Associação de Adquirentes do Empreendimento Fenhouse Rio Preto,Camarero e Ferreira Advocacia,,Ativo,,Envio de documentos Técnicos
0050-26,Pacaembu Bauru Azevedo - Empreendimento Imobiliário Ltda.,Prefeitura Municipal de Bauru,,Ativo,,Reparos nas Instalações de Iluminação Pública
0047-26,Pacaembu Construtora S/A,E.w. Araraquara I - Empreendimento Imobiliário LTDA,,Ativo,,Emissário de Esgoto
4023416-07.2025.8.26.0016,Pacaembu Ourinhos Constante 2 - Empreendimento Imobiliário,M8 Soluções e Serviços de Apoio a Edifícios Ltda.,Primeira Instância,Ativo,Cível,Ação de Cobrança
4001829-58.2026.8.26.0576,Pacaembu Construtora S/A,Arthur Emanuel da Silva,Primeira Instância,Ativo,Cível,Vícios Construtivos
1012747-96.2025.8.26.0451,Pacaembu Piracicaba Incorporadora Ltda.,Marcia Maria Veiga,Primeira Instância,Ativo,Cível,Caixa de Esgoto
4004788-02.2026.8.26.0576,Pacaembu Construtora S/A,Derio garcia,Primeira Instância,Ativo,Cível,Vícios Construtivos e muro de arrimo
0014200-79.2025.8.16.0045,Pacaembu Arapongas 1 - Empreendimento Imobiliário Ltda.,Bruna Aparecida dos Santos,Primeira Instância,Ativo,Cível,Vícios Construtivos e muro de arrimo
4004922-29.2026.8.26.0576,Pacaembu Construtora S/A,Elisabete Ataide da Silva Domingues,Primeira Instância,Ativo,Cível,Vícios Construtivos e muro de arrimo
4002074-56.2026.8.26.0451,Pacaembu Piracicaba Com Viva - Empreendimento Imobiliário Ltda.,Luis Henrique Cesario Pereira,Primeira Instância,Ativo,Cível,Vícios Construtivos e muro de arrimo
0016640-48.2025.8.16.0045,Pacaembu Arapongas 2 - Empreendimento Imobiliarios Ltda.,Evanete Rossi,Primeira Instância,Ativo,Cível,Vícios Construtivos
0014157-45.2025.8.16.0045,Pacaembu Construtora S/A,Erika Beatriz Aldivino Rosa,Primeira Instância,Ativo,Cível,Vícios Construtivos e muro de arrimo
0000088-71.2026.8.16.0045,Pacaembu Arapongas 1 - Empreendimento Imobiliário Ltda.,Renan Carlos Martins Ferreira,Primeira Instância,Ativo,Cível,Vícios Construtivos e muro de arrimo
0000086-04.2026.8.16.0045,Pacaembu Arapongas 1 - Empreendimento Imobiliário Ltda.,Nalanda Suellem Oliveira da Silva,Primeira Instância,Ativo,Cível,Vícios Construtivos e muro de arrimo
0010485-20.2026.5.15.0062,Pacaembu Construtora S/A,Hermann Rotterdan Nogueira de Mattos,Primeira Instância,Ativo,Trabalhista,
0000147-48.2026.5.23.0002,Pacaembu Construtora S/A,Francisco Carlos de Sousa,Primeira Instância,Ativo,Trabalhista,
0000090-41.2026.8.16.0045,Pacaembu Arapongas 2 - Empreendimento Imobiliarios Ltda.,Tracy Patricia de Souza Paulino,Primeira Instância,Ativo,Cível,Vícios Construtivos e muro de arrimo
0000083-49.2026.8.16.0045,Pacaembu Arapongas 1 - Empreendimento Imobiliário Ltda.,Maria Aparecida dos Santos,Primeira Instância,Ativo,Cível,Vícios Construtivos e muro de arrimo
4004537-81.2026.8.26.0576,Pacaembu Construtora S/A,Ivanilton Fernandes Oliveira,Primeira Instância,Ativo,Cível,Vícios Construtivos
0048-26,Pacaembu Tatuí Caguassu - Empreendimento Imobiliário Ltda.,Prefeitura Municipal de Tatui,,Ativo,,Limpeza de Terreno
1526423-67.2025.8.26.0576,Urban Fortes Empreendimentos Imobiliários I Spe ltda,Município São José do Rio Preto,Primeira Instância,Aguardando Citação,Cível,
4004150-66.2026.8.26.0576,Pacaembu Construtora S/A,Andressa Vieira Vechiatto,Primeira Instância,Ativo,Cível,Vícios Construtivos e muro de arrimo
0075433-73.2025.8.16.0014,Pacaembu Construtora S/A,Paulo Sergio Santos da Silva,Primeira Instância,Ativo,Cível,Vícios Construtivos e muro de arrimo
4010620-37.2025.8.26.0451,Pacaembu Piracicaba Incorporadora Ltda.,Simone Medeiro Ferreira,Primeira Instância,Ativo,Cível,Vícios Construtivos
0010245-08.2026.5.15.0102,Pacaembu Construtora S/A,Douglas Gonçalves de Moura,Primeira Instância,Ativo,Trabalhista,
0010502-13.2026.5.15.0044,Pacaembu Construtora S/A,Antonio Sergio Sousa Vieira,Primeira Instância,Ativo,Trabalhista,
0000148-33.2026.5.23.0002,Pacaembu Construtora S/A,Geraldo Ferreira de Oliveira,Primeira Instância,Ativo,Trabalhista,
0000332-48.2026.8.16.0126,Pacaembu Palotina 384 - Empreendimento Imobiliário Ltda,Gabriel Zanella Schneider,Primeira Instância,Ativo,Cível,Ação de Rescisão Contratual
0000102-03.2026.5.05.0016,Pacaembu Construtora S/A,Flavio Santos da Purificação,Primeira Instância,Encerrado,Trabalhista,
4000172-38.2026.8.26.0073,Pacaembu Avaré São Rogério III - 229 Empreendimentos Imobiliários Ltda.,Leonilda Alves Coutinho,Primeira Instância,Ativo,Cível,Devolução de sinal
1000289-30.2026.5.02.0322,Pacaembu Construtora S/A,Valdemir Miranda Monteiro,Primeira Instância,Ativo,Trabalhista,
1014134-49.2025.8.26.0451,Pacaembu Piracicaba Incorporadora Ltda.,Dhuly Stefani Lourdes da Silveira,Segunda Instância,Aguardando Citação,Cível,Caixa de Esgoto
0046-26,Pacaembu Bauru Azevedo - Empreendimento Imobiliário Ltda.,Monica Cristina Pinheiro,,Ativo,,
1014751-09.2025.8.26.0451,Pacaembu Piracicaba Incorporadora Ltda.,Maria das Graças Caires Ribeiro,Primeira Instância,Ativo,Cível,Vícios Construtivos
0013048-93.2025.8.16.0045,Pacaembu Construtora S/A,Cleuton Carvalho Reis,Primeira Instância,Ativo,Cível,Vícios Construtivos e muro de arrimo
0000178-45.2026.5.09.0653,Pacaembu Construtora S/A,Luis Antonio de Faria,Primeira Instância,Ativo,Trabalhista,
4000753-96.2026.8.26.0576,Pacaembu Construtora S/A,Debora Ester Rodrigues Pereira,Primeira Instância,Aguardando Citação,Cível,Vícios Construtivos
4000816-24.2026.8.26.0576,Pacaembu Construtora S/A,Fabio Ryan Pereira Gonçalves,Primeira Instância,Aguardando Citação,Cível,Vícios Construtivos
4000835-30.2026.8.26.0576,Pacaembu Construtora S/A,Nilton Fabio da Silva,Segunda Instância,Ativo,Cível,Vícios Construtivos
4000862-13.2026.8.26.0576,Pacaembu Construtora S/A,Gabriel Fernando dos Santos Damasceno,Primeira Instância,Ativo,Cível,Vícios Construtivos
4001669-33.2026.8.26.0576,Pacaembu Construtora S/A,Driele Regina da Silva,Primeira Instância,Ativo,Cível,Vícios Construtivos
4002732-93.2026.8.26.0576,Pacaembu Construtora S/A,Jessica Vitoria Dias Fernandes,Primeira Instância,Aguardando Citação,Cível,Vícios Construtivos
0045-26,Vida Nova Araçatuba 380 - Empreendimento Imobiliário Ltda.,Giovanna Campos Conceição,,Ativo,,
0044-26,Pacaembu Construtora S/A,Paloma Cristina Silva Oliveira,,Ativo,,Renegociação de Dívidas
0043-26,Pacaembu Construtora S/A,Prefeitura do Município de Itapetininga,,Ativo,,Troca de Lâmpadas
0042-26,Pacaembu Construtora S/A,Pedro de Almeida de Oliveira,,Ativo,,Boletos/Retenção de chaves
0041-26,Pacaembu Sinop 449 - Empreendimento Imobiliario LTDA,Leticia Ferreira Conti,,Ativo,,Devolução de Sinal
1005402-12.2025.8.26.0344,Wilson de Almeida Junior,Ricardo Cadasquevis dos Santos,Primeira Instância,Ativo - não Pacaembu,Cível,Adjudicação Compulsória
0040-26,Vida Nova Cuiabá - Empreendimento Imobiliário Ltda.,Dinorah Silveira de Vasconcelos da Silva Farias,,Ativo,,Vícios Construtivos
0039-26,Pacaembu Construtora S/A,Tribunal de Justiça do Estado de São Paulo,,Ativo,,Solicitação de documentos
0038-26,Pacaembu Construtora S/A,Ana Laura Botelho Silva,,Ativo,,Devolução de sinal
4000233-26.2026.8.26.0451,Pacaembu Piracicaba Com Viva - Empreendimento Imobiliário Ltda.,Marcio Alves de Paula,Primeira Instância,Ativo,Cível,Vícios Construtivos
1051963-64.2023.8.26.0506,Poá Empreendimento Imobiliário Ltda,Município de Ribeirão Preto,Primeira Instância,Ativo,Tributário,Execução Fiscal - IPTU
1024252-97.2025.8.26.0576,Urban Fortes Empreendimentos Imobiliários I Spe ltda,Cristian Nunes de Azevedo,Primeira Instância,Ativo,Cível,Obrigação de Fazer / Não Fazer
0037-26,Pacaembu Construtora S/A,Tribunal de Justiça do Estado de São Paulo,,Ativo,,Desconto - pensão alimentícia
1014854-16.2025.8.26.0451,Pacaembu Piracicaba Com Viva - Empreendimento Imobiliário Ltda.,João Victor Ferreira Rodrigues,Primeira Instância,Ativo,Cível,Vícios Construtivos
0036-26,Pacaembu Araraquara 271 - Empreendimento Imobiliario Ltda,"DLX TRANSPORTE, SERVICOS E LOCACAO LTDA",,Ativo,,Descumprimento de obrigação contratual
0035-26,Vida Nova Primavera do Leste 394 - Empreendimento Imobiliário Ltda,Nutribem Refeições Ltda,,Ativo,,Descumprimento de obrigação contratual
0034-26,Pacaembu Bauru Azevedo 2 - Empreendimento Imobiliário Ltda,ERP Construção LTDA.,,Ativo,,Pendências documentais
0033-26,Pacaembu Bauru Azevedo 2 - Empreendimento Imobiliário Ltda,A. Batista Longo,,Ativo,,Pendências documentais
0032-26,Vida Nova Primavera do Leste 394 - Empreendimento Imobiliário Ltda,HF Restaurante Ltda,,Ativo,,Ausência de Pagamento de Adiantamento
1500890-72.2026.8.26.0576,Haus Compra e Venda de Bens Imóveis Ltda.,Prefeitura de São José do Rio Preto,Primeira Instância,Ativo,Tributário,Execução Fiscal
1031250-81.2025.8.26.0576,Urban Fortes Empreendimentos Imobiliários I Spe ltda,Sueli Maria Marilhano,Primeira Instância,Ativo,Cível,Cobrança de IPTU
0000091-07.2026.5.23.0037,Pacaembu Construtora S/A,Darlan da Silva Aguiar,Primeira Instância,Ativo,Trabalhista,
4000023-48.2026.8.26.0071,Pacaembu Bauru Azevedo - Empreendimento Imobiliário Ltda.,Adriana Greyze da Silva,Primeira Instância,Ativo,Cível,Ação de Revisão Contratual
0000647-53.2025.8.16.0048,Pacaembu Assis Chateaubriand 357 e 358 - Empreendimento Imobiliário Ltda.,Claudinei Custodio,Primeira Instância,Ativo,Cível,Indenização por Danos Morais e Materiais
0031-26,Pacaembu Sinop 449 - Empreendimento Imobiliario LTDA,Margarethe da Silva Lourenço,,Ativo,,Devolução de Sinal
0030-26,Pacaembu Construtora S/A,Thomaz Barros do Nascimento de Morais,,Ativo,,Solicitação de Distrato
0016130-43.2026.5.16.0015,Pacaembu Construtora S/A,Geovaldo de Jesus Diniz Camara,Primeira Instância,Ativo,Trabalhista,
0029-26,Pacaembu Construtora S/A,Jorddy Carlos Ribeiro,,Ativo,,Renegociação de Dívidas
0028-26,Pacaembu Construtora S/A,Ney Titze,,Ativo,,Cobrança indevida
4003972-71.2025.8.26.0344,Pacaembu Construtora S/A,Eduardo Kaue do Nascimento da Silva,Primeira Instância,Ativo,Cível,Ação de Revisão Contratual
1116458-06.2025.8.11.0041,Vida Nova Cuiabá II - Empreendimento Imobiliário Ltda,Lucas Lourenço do Carmo,Segunda Instância,Ativo,Cível,Rescisão Contratual
0000081-63.2026.5.23.0036,Pacaembu Construtora S/A,Alison Fernando de Souza Leite,Primeira Instância,Ativo,Trabalhista,
0010162-89.2026.5.15.0005,Pacaembu Construtora S/A,Letícia Fernandes da Silva,Primeira Instância,Aguardando Notificação,Trabalhista,
1033834-24.2025.8.26.0576,Pacaembu Construtora S/A,Biakarine Marcelino Gonçalves de Souza,Primeira Instância,Ativo,Cível,Vícios Construtivos
0010164-81.2026.5.15.0030,Pacaembu Construtora S/A,Rafaela Basseto,Primeira Instância,Aguardando Notificação,Trabalhista,
4001869-40.2026.8.26.0576,Pacaembu Construtora S/A,Jhonny Eduardo Martiniano,Primeira Instância,Ativo,Cível,Vícios Construtivos
0014155-75.2025.8.16.0045,Pacaembu Construtora S/A,Gisele Ane Silva Martins,Segunda Instância,Ativo,Cível,Vícios Construtivos e muro de arrimo
0027-26,Pacaembu Construtora S/A,Haryne Ucha Campos Gonçalves,,Ativo,,Vícios Construtivos
0026-26,Pacaembu Construtora S/A,Gabryela Petroli Silva,,Ativo,,Renegociação de Dívidas
0025-26,Pacaembu Construtora S/A,Lais Martins de Melo,,Ativo,,Vícios Construtivos
4009898-03.2025.8.26.0451,Pacaembu Construtora S/A,Roberta Silva do Nascimento de Souza,Primeira Instância,Ativo,Cível,Caixa de Esgoto
4001637-28.2026.8.26.0576,Pacaembu Construtora S/A,Ellen Paula Rodrigues de Amorim,Primeira Instância,Ativo,Cível,Vícios Construtivos
4000185-67.2026.8.26.0451,Pacaembu Construtora S/A,Lilian Pires Antonio,Primeira Instância,Ativo,Cível,Caixa de Esgoto
5026469-21.2025.4.04.7001,Pacaembu Arapongas 2 - Empreendimento Imobiliarios Ltda.,Misael dos Santos Leite,Primeira Instância,Ativo,Cível,Vícios Construtivos e muro de arrimo
0024-26,Pacaembu Construtora S/A,Josiane Cristina Soares,,Ativo,,Taxa de obra
0023-26,Pacaembu Construtora S/A,Bianca Rafaela da Silva Cavalcanti,,Ativo,,Parcelas pro-soluto
4018960-14.2025.8.26.0016,Pacaembu Assis 370 - Empreendimento Imobiliário Ltda.,M8 Soluções e Serviços de Apoio a Edifícios Ltda.,Primeira Instância,Ativo,Cível,Ação de Cobrança
4009950-96.2025.8.26.0451,Pacaembu Construtora S/A,Glaucimar Ramos dos Santos,Primeira Instância,Ativo,Cível,Caixa de Esgoto
4000345-92.2026.8.26.0451,Pacaembu Piracicaba Com Viva - Empreendimento Imobiliário Ltda.,Leandro Benedicto Garcia Costa,Primeira Instância,Ativo,Cível,Vícios Construtivos
4008435-26.2025.8.26.0451,Pacaembu Piracicaba Com Viva - Empreendimento Imobiliário Ltda.,Jhessica Campos Sepulveda,Primeira Instância,Ativo,Cível,Vícios Construtivos
4002480-90.2026.8.26.0576,Pacaembu Piracicaba Com Viva - Empreendimento Imobiliário Ltda.,Réu desconhecido,Primeira Instância,Ativo,Cível,Reintegração de posse
4000995-42.2026.8.26.0451,Pacaembu Piracicaba Com Viva - Empreendimento Imobiliário Ltda.,Réu desconhecido,Segunda Instância,Ativo,Cível,Reintegração de posse
4001000-64.2026.8.26.0451,Pacaembu Piracicaba Com Viva - Empreendimento Imobiliário Ltda.,Réu desconhecido,Segunda Instância,Ativo,Cível,Reintegração de posse
4000998-94.2026.8.26.0451,Pacaembu Piracicaba Com Viva - Empreendimento Imobiliário Ltda.,Réu desconhecido,Primeira Instância,Ativo,Cível,Reintegração de posse
4009865-13.2025.8.26.0451,Pacaembu Construtora S/A,Luciana Santos Cardoso,Primeira Instância,Ativo,Cível,Vícios Construtivos
4009903-25.2025.8.26.0451,Pacaembu Construtora S/A,Daniele Fernanda dos Santos,Primeira Instância,Ativo,Cível,Caixa de Esgoto
0013070-54.2025.8.16.0045,Pacaembu Arapongas 2 - Empreendimento Imobiliarios Ltda.,Damiao Cosme de Jesus Silva,Segunda Instância,Ativo,Cível,Vícios Construtivos e muro de arrimo
0021-26,Vida Nova Ponta Grossa - Empreendimento Imobiliário Ltda.,William Rafael Meira Govea,,Ativo,,Inadimplemento
4008185-42.2026.8.26.0100,Vida Nova Primavera do Leste 394 - Empreendimento Imobiliário Ltda,Paiva & Rodrigues Construtora Ltda,Primeira Instância,Ativo,Cível,Tutela Cautelar de Arresto
0000092-82.2026.5.11.0018,Pacaembu Construtora S/A,Edson de Souza Nogueira,Primeira Instância,Ativo,Trabalhista,
0000059-22.2026.5.11.0009,Pacaembu Construtora S/A,Helio Antonio Nogueira Lima,Primeira Instância,Encerrado,Trabalhista,
0016084-87.2026.5.16.0004,Pacaembu Construtora S/A,Marcos Danilo da Silva Camara,Primeira Instância,Encerrado,Trabalhista,
0010091-26.2026.5.15.0090,Pacaembu Construtora S/A,Sergio Silva dos Santos,Primeira Instância,Ativo,Trabalhista,
0020-26,Pacaembu Sorriso Santo Angelo 492 e 493 - Empreendimento Imobiliário Ltda.,Secretaria Municipal da Fazenda de Sorriso/MT,,Ativo,,Encaminhamento de matrículas
0019-26,Pacaembu Construtora S/A,Graziele Vicente Marques,,Ativo,,Parcelas Pró Soluto
4011241-34.2025.8.26.0451,Pacaembu Piracicaba Com Viva - Empreendimento Imobiliário Ltda.,Juliana Cesario Pereira,Primeira Instância,Ativo,Cível,Vícios Construtivos
0012986-53.2025.8.16.0045,Pacaembu Arapongas 2 - Empreendimento Imobiliarios Ltda.,Ana Rita Mesquita Cortinove,Primeira Instância,Ativo,Cível,Vícios Construtivos e muro de arrimo
0014429-39.2025.8.16.0045,Pacaembu Arapongas 2 - Empreendimento Imobiliarios Ltda.,Fabio de Paula Gonçalves,Primeira Instância,Ativo,Cível,Vícios Construtivos e muro de arrimo
0014018-93.2025.8.16.0045,Pacaembu Construtora S/A,Viviane Aline dos Santos Pinto,Primeira Instância,Ativo,Cível,Vícios Construtivos
1000286-87.2026.8.26.0506,Pacaembu Ribeirão Preto 386 - Empreendimento Imobiliário Ltda.,Município de Ribeirão Preto,Segunda Instância,Ativo,Tributário,Mandado de Segurança
0018-26,Vida Nova Tatuí III Empreendimento Imobiliário Ltda.,Prefeitura Municipal de Tatui,,Ativo,,Limpeza de Terreno
0004316-26.2025.8.16.0045,Pacaembu Construtora S/A,Benoval da Silva Pereira,Segunda Instância,Ativo,Cível,Vícios Construtivos
4007643-48.2025.8.26.0071,Pacaembu Bauru Azevedo 2 - Empreendimento Imobiliário Ltda,Miucha de Abreu Bianchi,Primeira Instância,Ativo,Cível,Vícios Construtivos
0010099-87.2026.5.15.0062,Pacaembu Construtora S/A,Andreia Soares de Araujo,Primeira Instância,Ativo,Trabalhista,
0010054-60.2026.5.15.0005,Pacaembu Construtora S/A,Laerte Rocha Souza,Primeira Instância,Ativo,Trabalhista,
0017-26,Pacaembu Avaré São Rogério III - 229 Empreendimentos Imobiliários Ltda.,Tribunal de Justiça do Estado de São Paulo,,Ativo,,Solicitação de documentos (contratos)
0016-26,Pacaembu Ponta Grossa 525 - Empreendimento Imobiliário Ltda.,Jadson Marlon Ribeiro Martins,,Ativo,,Parcela de sinal - Voucher
0015-26,Pacaembu Lucas do Rio Verde 452 - Empreendimento Imobiliario LTDA,Moises Vitorio de Moura,,Ativo,,Devolução de sinal
0014-26,Pacaembu Construtora S/A,Lindsey Dayane Campos da Silva,,Ativo,,Pensão Alimentícia/Desconto em folha
0013-26,Pacaembu Ribeirão Preto 386 - Empreendimento Imobiliário Ltda.,Emive Patrulha 24 Horas Ltda.,,Ativo,,Emissão de notas fiscais com CNPJ incorreto
0012-26,Pacaembu Leme Flora I 385 - Empreendimento Imobiliário LTDA,Paula Miranda Silvestre,,Ativo,,Solicitação de distrato
0011-26,Pacaembu Construtora S/A,Guilherme Tomazoti Pimentel,,Ativo,,Entrega de chaves/Cobrança indevida
0010-26,Pacaembu Construtora S/A,Weny Rafaela Anjos da Silva,,Ativo,,Renegociação de Dívidas
0009-26,Pacaembu Construtora S/A,Jennyfer Kauane Junqueira Lucio,,Ativo,,Parcelas Pró Soluto
0008-26,Pacaembu Lera 446 - Empreendimento Imobiliário Ltda,Tamires Maria Ventura Mauricio,,Ativo,,Parcelas do contrato
0007-26,Pacaembu Construtora S/A,Condomínio Residencial Vida Nova Franca II,,Ativo,,Desligamento de hidrômetro
0000173-57.2026.8.16.0045,Pacaembu Arapongas 563 - Empreendimento Imobiliário Ltda.,Prefeitura Municipal de Arapongas,Primeira Instância,Ativo,Tributário,Mandado de Segurança
0010002-22.2026.5.15.0116,Pacaembu Construtora S/A,Geyse Cristina Soares de Oliveira,Primeira Instância,Aguardando Notificação,Trabalhista,
0001634-59.2025.5.23.0076,Pacaembu Construtora S/A,Sebastião Dias Ferreira,Primeira Instância,Encerrado,Trabalhista,
1006528-33.2025.8.26.0624,Haus Compra e Venda de Bens Imóveis Ltda.,Prefeitura Municipal de Tatui,Primeira Instância,Ativo,Tributário,Execução Fiscal - IPTU
0012806-94.2025.5.15.0116,Pacaembu Construtora S/A,Celso Soares de Lima,Primeira Instância,Ativo,Trabalhista,
1532643-81.2025.8.26.0576,Haus Compra e Venda de Bens Imóveis Ltda.,Município São José do Rio Preto,Primeira Instância,Ativo,Tributário,Execução Fiscal - IPTU
14152.266770/2025-51,Pacaembu Construtora S/A,MPT - Gerência Regional do Trabalho de Campinas/SP,,Ativo,Procedimento Administrativo,Preenchimento de Cota
14152.266771/2025-03,Pacaembu Construtora S/A,MPT - Gerência Regional do Trabalho de Campinas/SP,,Ativo,Procedimento Administrativo,Dispensa de Empregado Reabilitado ou PCD
0013175-93.2025.5.15.0082,Pacaembu Construtora S/A,Robson Araújo dos Santos,Primeira Instância,Ativo,Trabalhista,
4008755-89.2025.8.26.0576,Pacaembu Construtora S/A,Paulo Henrique Oliveira Martins,Primeira Instância,Ativo,Cível,Vícios Construtivos e muro de arrimo
0006-26,Pacaembu Construtora S/A,Prefeitura do Município de Itapetininga,,Ativo,,Troca de Lâmpadas
4003850-91.2025.8.26.0624,Pacaembu Tatuí Lagoa Vermelha 367 - Empreendimento Imobiliario Ltda,Dayele Cristina de Sousa Lerci,Primeira Instância,Ativo,Cível,Ação Declaratória de Inexistência Contratual
4012138-75.2025.8.26.0576,Pacaembu Construtora S/A,Ian Rodrigo Cruz,Primeira Instância,Ativo,Cível,Vícios Construtivos
4012133-53.2025.8.26.0576,Pacaembu Construtora S/A,Elcio Norberto de Souza,Primeira Instância,Ativo,Cível,Vícios Construtivos
4023432-58.2025.8.26.0016,Pacaembu Lins III - Empreendimento Imobiliario Spe Ltda,Sermov - Vigilancia e Segurança Patrimonial Ltda.,Primeira Instância,Aguardando Citação,Cível,Ação de Cobrança
4023411-82.2025.8.26.0016,Pacaembu Lins III - Empreendimento Imobiliario Spe Ltda,M8 Soluções e Serviços de Apoio a Edifícios Ltda.,Primeira Instância,Arquivado,Cível,Ação de Cobrança
4012579-56.2025.8.26.0576,Pacaembu Construtora S/A,Renato Ferreira de Souza,Primeira Instância,Ativo,Cível,Vícios Construtivos e muro de arrimo
4012336-15.2025.8.26.0576,Pacaembu Construtora S/A,Irineu Teodosio,Primeira Instância,Ativo,Cível,Vícios Construtivos
0005-26,Pacaembu Construtora S/A,Katia Andrade Ines Silva,,Ativo,,Servidão
0004-26,Vida Nova Trindade - Empreendimento Imobiliário Ltda.,Tribunal de Justiça do Estado de Goias,,Ativo,,Pensão Alimentícia
1016130-82.2025.8.26.0451,Pacaembu Piracicaba Incorporadora Ltda.,Josenilda Correa de Lima,Primeira Instância,Ativo,Cível,Ação de Indenização de Danos Morais e Materiais
0003-26,Vida Nova Cuiabá - Empreendimento Imobiliário Ltda.,Parque do Cerrado - Condomínio Guará,,Ativo,,Saneamento - Resíduos
0002-26,Vida Nova Tatuí III Empreendimento Imobiliário Ltda.,Prefeitura Municipal de Tatui,,Ativo,,Limpeza de Terreno
0001-26,Pacaembu Construtora S/A,Lucas Lemes Limonge,,Ativo,,Vícios construtivos (poste sem tampa e outros)
4008834-84.2025.8.26.0506,Pacaembu Construtora S/A,Iago Sestari Machado,Primeira Instância,Ativo,Cível,Vícios Construtivos
0265-25,Pacaembu São José do Rio Preto 405 - Empreendimento Imobiliário Ltda.,Porta Oito Serviços Imobiliários Ltda,,Ativo,,Vícios Construtivos
0264-25,Pacaembu São José do Rio Preto 336 - Empreendimento Imobiliário Ltda.,Réu desconhecido,,Ativo,,Ocupação de imóvel por terceiros
0014568-88.2025.8.16.0045,Pacaembu Arapongas 2 - Empreendimento Imobiliarios Ltda.,Tania Cristina Martins dos Santos,Primeira Instância,Ativo,Cível,Ação Reparatória de Danos Materiais e Morais
0263-25,Pacaembu Piracicaba Com Viva - Empreendimento Imobiliário Ltda.,Réu desconhecido,,Ativo,,Ocupação de imóvel por terceiros
0262-25,Pacaembu Piracicaba Com Viva - Empreendimento Imobiliário Ltda.,Réu desconhecido,,Ativo,,Ocupação de imóvel por terceiros
0261-25,Pacaembu Piracicaba Com Viva - Empreendimento Imobiliário Ltda.,Réu desconhecido,,Ativo,,Ocupação de imóvel por terceiros
4006547-35.2025.8.26.0576,Pacaembu Água Santa - Empreendimento Imobiliário Ltda.,Raphael Issa,Primeira Instância,Ativo,Cível,Vícios Construtivos
0259-25,Pacaembu Construtora S/A,Prefeitura do Município de Itapetininga,,Ativo,,Iluminação Pública
0260-25,Pacaembu Construtora S/A,Prefeitura do Município de Itapetininga,,Ativo,,Iluminação Pública
0258-25,Pacaembu Construtora S/A,Prefeitura de Itapetininga,,Ativo,,Mau cheiro do esgoto
0001803-73.2025.5.09.0678,Pacaembu Construtora S/A,Antonio Marcos do Nascimento de Jesus,Primeira Instância,Encerrado,Trabalhista,
0257-25,Vida Nova Primavera do Leste 394 - Empreendimento Imobiliário Ltda,Paiva & Rodrigues Construtora Ltda,,Ativo,,Abandono de obra / não pagamento de verbas trabalhistas e rescisórias
0256-25,Vida Nova Tatuí III Empreendimento Imobiliário Ltda.,Prefeitura Municipal de Tatui,,Ativo,,Limpeza de Terreno
0255-25,Pacaembu Construtora S/A,Polícia Civil Estado de São Paulo,,Ativo,,Solicitação de documentos
0254-25,Pacaembu Avaré São Rogério III - 229 Empreendimentos Imobiliários Ltda.,Mauro Januario Batista,,Ativo,,Devolução de sinal
0253-25,Pacaembu Marília Gigantão Empreendimento Imobiliário Ltda,Beatriz Pereira do Nascimento,,Ativo,,Recursos próprios
1002116-20.2025.5.02.0061,Pacaembu Construtora S/A,Mariani Tavares Ferreira,Primeira Instância,Ativo,Trabalhista,
0252-25,Pacaembu Construtora S/A,Saema Serviços de Água e Esgoto do Município de Araras,,Ativo,,Mau cheiro nas mediações da ETE
0016607-58.2025.8.16.0045,Pacaembu Construtora S/A,Marciele Biscaia Mendes,Segunda Instância,Ativo,Cível,Vícios Construtivos
0251-25,Pacaembu Piracicaba Com Viva - Empreendimento Imobiliário Ltda.,Emilyn Lilete Botão,,Ativo,,Regularização de CPF para conclusão do processo de transferência de imóvel
0012157-16.2025.5.15.0089,Pacaembu Construtora S/A,Michel Fernando Prestes,Primeira Instância,Aguardando Notificação,Trabalhista,
0012339-49.2025.5.15.0041,Pacaembu Construtora S/A,Sidney Rogerio Alves Rodrigues,Primeira Instância,Aguardando Notificação,Trabalhista,
0001771-68.2025.5.09.0678,Pacaembu Ponta Grossa 525 - Empreendimento Imobiliário Ltda.,Cezar Carlos Novoxadlo,Primeira Instância,Encerrado,Trabalhista,
0011784-74.2025.5.15.0027,Pacaembu Construtora S/A,Wilame Gonçalves de Souza,Primeira Instância,Ativo,Trabalhista,
4011635-54.2025.8.26.0576,Pacaembu Construtora S/A,Aryell Matos de Amorim,Primeira Instância,Ativo,Cível,Vícios Construtivos
4009955-21.2025.8.26.0451,Pacaembu Construtora S/A,Tatiane Fernandes Faggionato,Primeira Instância,Ativo,Cível,Caixa de Esgoto
0014460-59.2025.8.16.0045,Pacaembu Construtora S/A,Leonardo dos Santos Dantas,Primeira Instância,Ativo,Cível,Vícios Construtivos e muro de arrimo
0013388-37.2025.8.16.0045,Pacaembu Construtora S/A,Glaucia das Graças Palacio Padua,Primeira Instância,Ativo,Cível,Vícios Construtivos e muro de arrimo
0011782-07.2025.5.15.0027,Pacaembu Construtora S/A,Kauan Santos Oliveira,Primeira Instância,Ativo,Trabalhista,
0011781-22.2025.5.15.0027,Pacaembu Construtora S/A,Andre de Morais Oliveira,Primeira Instância,Ativo,Trabalhista,
0011776-97.2025.5.15.0027,Pacaembu Construtora S/A,Diego Michel de Matos Pereira,Primeira Instância,Ativo,Trabalhista,
0011775-15.2025.5.15.0027,Pacaembu Construtora S/A,Andre Pereira de Santana,Primeira Instância,Ativo,Trabalhista,
0011780-37.2025.5.15.0027,Pacaembu Construtora S/A,Wanderson de Morais Oliveira,Primeira Instância,Ativo,Trabalhista,
0011779-52.2025.5.15.0027,Pacaembu Construtora S/A,Rikelmy Alves Nunes,Primeira Instância,Ativo,Trabalhista,
0011777-82.2025.5.15.0027,Pacaembu Construtora S/A,Maecio dos Santos,Primeira Instância,Ativo,Trabalhista,
0011785-59.2025.5.15.0027,Pacaembu Construtora S/A,Kelvy Alves Nunes,Primeira Instância,Ativo,Trabalhista,
0011786-44.2025.5.15.0027,Pacaembu Construtora S/A,José Maria Rodrigues,Primeira Instância,Ativo,Trabalhista,
0016024-73.2025.8.16.0045,Pacaembu Construtora S/A,Elisangela Ribeiro dos Santos Reis,Segunda Instância,Ativo,Cível,Vícios Construtivos
4006842-35.2025.8.26.0071,Pacaembu Bauru Azevedo 2 - Empreendimento Imobiliário Ltda.,Erick Henrique Rodrigues,Segunda Instância,Ativo,Cível,Alienação Fiduciária
0250-25,Pacaembu Araraquara 271 - Empreendimento Imobiliario Ltda,Vintec Soluções em Construções Ltda.,,Ativo,,Rescisão Contratual
0249-25,Pacaembu Construtora S/A,Leticia Pereira Santini,,Ativo,,Renegociação de Dívidas
0248-25,Pacaembu Itapetininga Copacabana 443 - Empreendimento Imobiliário LTDA.,Solution Elétrica e Hidráulica Ltda,,Ativo,,"Ausência de assinatura do contrato, aditivo e distrato"
0002820-06.2025.8.16.0192,Pacaembu Construtora S/A,Marcelo Luiz Dal Molin,Primeira Instância,Ativo,Cível,Indenização por Dano Ambiental
0001335-10.2025.5.23.0003,Pacaembu Construtora S/A,Elvis Luan Almeida Cardim,Primeira Instância,Ativo,Trabalhista,
0247-25,Pacaembu Construtora S/A,Edson Junior Procopio da Silva,,Ativo,,Renegociação de Dívidas
0246-25,Pacaembu Construtora S/A,Prefeitura do Município de Itapetininga,,Ativo,,Iluminação Pública
0013158-30.2025.5.15.0091,Pacaembu Piratininga 464 - Empreendimento Imobiliario LTDA,Rita de Cassia Bamonte,Primeira Instância,Ativo,Trabalhista,
0245-25,Pacaembu Construtora S/A,Brenda Naiara Leite dos Santos,,Ativo,,Ofício Judicial
0244-25,Pacaembu Construtora S/A,César Augusto Pereira dos Santos,,Ativo,,Ofício Judicial
0243-25,Pacaembu Construtora S/A,Eonice da Silva Nascimento,,Ativo,Cível Administrativo,Devolução de sinal
0242-25,Pacaembu Piracicaba Incorporadora Ltda.,Condomínio Vida Nova Piracicaba I,,Ativo,Ambiental,Vícios Construtivos
4009949-14.2025.8.26.0451,Pacaembu Construtora S/A,Igles Dias Bicalho,Primeira Instância,Ativo,Cível,Caixa de Esgoto
4014132-57.2025.8.26.0506,Poá Empreendimento Imobiliário Ltda,Iara Felismina de Oliveira Santos,Primeira Instância,Ativo,Cível,Obrigação de Fazer / Não Fazer
2025/003229,Michelle Oliveira da Silva,CRECI - Conselho Regional de Corretores de Imóveis - 2ª Região,,Ativo,Cível Administrativo,Exercício ilegal da profissão
2025/003230,Jenifer Aparecida de Moraes Martins da Silva,CRECI - Conselho Regional de Corretores de Imóveis - 2ª Região,,Ativo,Cível Administrativo,Exercício ilegal da profissão
0241-25,Pacaembu Construtora S/A,Rafaela Fernanda Alves da Silva,,Ativo,Ambiental,Distrato
0240-25,Pacaembu Construtora S/A,Roger Lins Nellis,,Ativo,,Atraso na entrega do empreendimento
0012064-53.2025.5.15.0089,Pacaembu Bauru Azevedo - Empreendimento Imobiliário Ltda.,Adeilton dos Santos Silva,Primeira Instância,Ativo,Trabalhista,
0001676-51.2025.5.10.0018,Pacaembu Construtora S/A,Maiara dos Santos Souza,Primeira Instância,Ativo,Trabalhista,
0001685-22.2025.5.08.0130,Pacaembu Construtora S/A,Jefferson de Freitas Oliveira,Primeira Instância,Ativo,Trabalhista,
4001773-46.2025.8.26.0451,Pacaembu Piracicaba Incorporadora Ltda.,Keven Silva Mendonça,Primeira Instância,Ativo,Cível,Vícios Construtivos
0003326-26.2025.8.16.0048,Pacaembu Assis Chateaubriand 447 - Empreendimento Imobiliario LTDA,R Cardoso de Moraes Lotes Ltda.,Primeira Instância,Ativo,Cível,Ação de Cobrança
4009947-44.2025.8.26.0451,Pacaembu Construtora S/A,Marcos Charles Nunes Matos,Segunda Instância,Ativo,Cível,Caixa de Esgoto
4009956-06.2025.8.26.0451,Pacaembu Construtora S/A,Rosangela da Silva Aprijo,Primeira Instância,Ativo,Cível,Caixa de Esgoto
0024996-13.2025.8.16.0019,Vida Nova Ponta Grossa - Empreendimento Imobiliário Ltda.,William Rafael Meira Govea,Primeira Instância,Ativo,Cível,Entrega de chaves
4010197-77.2025.8.26.0451,Pacaembu Piracicaba Com Viva - Empreendimento Imobiliário Ltda.,Wenderson Alessandro Abel dos Santos,Primeira Instância,Ativo,Cível,Vícios Construtivos
0016527-42.2025.5.16.0014,Pacaembu Ponta Grossa 456 - Empreendimento Imobiliario LTDA,Francisco Fernandes de Sousa,Primeira Instância,Encerrado,Trabalhista,
0239-25,Pacaembu Construtora S/A,Jhully Gabrieli Hentges Dutra,,Ativo,,Esclarecimentos Contratuais
0238-25,Pacaembu Construtora S/A,Silvia Adriana da Costa Chiconi,,Ativo,,Envio de contratos
0237-25,Pacaembu Construtora S/A,Alex Cleyton da Cunha Souza,,Ativo,,Envio de boletos
0236-25,Pacaembu Construtora S/A,Fabiana Antunes Pereira,,Ativo,Ambiental,Renegociação de Dívidas
0235-25,Pacaembu Construtora S/A,Jefferson Francisco dos Santos,,Ativo,Ambiental,Renegociação de Dívidas
0013387-52.2025.8.16.0045,Pacaembu Construtora S/A,Karla Patricia Romero Bermudez,Segunda Instância,Ativo,Cível,Vícios Construtivos
0013046-26.2025.8.16.0045,Pacaembu Construtora S/A,Renan Carlos Vieira,Segunda Instância,Ativo,Cível,Vícios Construtivos
0012221-82.2025.8.16.0045,Pacaembu Construtora S/A,Edson dos Santos,Primeira Instância,Ativo,Cível,Vícios Construtivos
0001253-82.2025.5.23.0001,Pacaembu Construtora S/A,Cicero Marcos Martins dos Santos,Primeira Instância,Aguardando Notificação,Trabalhista,
4009864-28.2025.8.26.0451,Pacaembu Construtora S/A,Jeremias de Jesus Nascimento,Primeira Instância,Ativo,Cível,Caixa de Esgoto
1014614-27.2025.8.26.0451,Pacaembu Construtora S/A,Talita de Oliveira Lima,Primeira Instância,Ativo,Cível,Caixa de Esgoto
0234-25,Pacaembu Construtora S/A,Lauriane Correa da Cruz,,Ativo,,Vícios Construtivos
0001959-71.2025.5.10.0019,Pacaembu Construtora S/A,Lucas Ferreira dos Santos,Primeira Instância,Ativo,Trabalhista,
4004115-59.2025.8.26.0506,Poá Empreendimento Imobiliário Ltda,Paulo Cesar Vieira Amarante,Primeira Instância,Ativo,Cível,IPTU
0011908-26.2025.5.15.0102,Pacaembu Construtora S/A,Emerson de Oliveira Souza,Primeira Instância,Ativo,Trabalhista,
0011330-60.2025.5.15.0103,Pacaembu Construtora S/A,Iran Barcelos da Silva Santos,Primeira Instância,Encerrado,Trabalhista,
0233-25,Pacaembu Construtora S/A,Carlucia Paz Costa,,Ativo,,Falta de envio de boleto
0232-25,Pacaembu Construtora S/A,Marcos Daniel Anicésio da Silva,,Ativo,,Atraso na entrega do empreendimento
0231-25,Vida Nova Ponta Grossa - Empreendimento Imobiliário Ltda.,Emerson Luis Campos de Paula,,Ativo,,Ocupação de imóvel por terceiros
4001022-10.2025.8.26.0047,Pacaembu Construtora S/A,Keila Fabiana Dutra,Primeira Instância,Arquivado,Cível,Negativação indevida
0230-25,Vida Nova Araçatuba 330 - Empreendimento Imobiliário Ltda.,Empreiteira Campus Ltda,,Ativo,,Repúdio - crime ambiental
1014289-52.2025.8.26.0451,Pacaembu Construtora S/A,Ariane Aparecida Bispo de Franca,Primeira Instância,Ativo,Cível,Caixa de Esgoto
0012548-27.2025.8.16.0045,Pacaembu Construtora S/A,Pamela Cristina da Cruz,Primeira Instância,Ativo,Cível,Vícios Construtivos
202543346,Larissa dos Santos Leite Rappl,Creci Conselho Regional de Corretores de Imóveis 19ª Região,,Ativo,Cível Administrativo,Exercício ilegal da profissão
1034415-55.2025.8.26.0506,Poá Empreendimento Imobiliário Ltda,Adriana Teresa Fava,Primeira Instância,Ativo,Cível,Ação cominatória
1014114-58.2025.8.26.0451,Pacaembu Construtora S/A,Maria Aparecida Batista Coelho,Primeira Instância,Ativo,Cível,Caixa de Esgoto
0229-25,Pacaembu Construtora S/A,Prefeitura do Município de Itapetininga,,Ativo,,Troca de lâmpadas
0228-25,Pacaembu Construtora S/A,Prefeitura do Município de Itapetininga,,Ativo,,Troca de lâmpadas
0227-25,E.w. Araraquara I - Empreendimento Imobiliário LTDA,Engenheira Adna Andrade Gotardo,,Ativo,,
0011300-59.2025.5.15.0027 - 2,Pacaembu Construtora S/A,Wilame Gonçalves de Souza,Primeira Instância,Encerrado,Trabalhista,
0226-25,Vida Nova Cuiabá - Empreendimento Imobiliário Ltda.,Tiago Ribeiro De Oliveira - ME,,Ativo,,Ocorrência de confronto físico
0011300-59.2025.5.15.0027 - 1,Pacaembu Construtora S/A,Kauan Santos Oliveira,Primeira Instância,Encerrado,Trabalhista,
0011299-74.2025.5.15.0027 - 2,Pacaembu Construtora S/A,Wanderson de Morais Oliveira,Primeira Instância,Encerrado,Trabalhista,
0011299-74.2025.5.15.0027 - 1,Pacaembu Construtora S/A,Rikelmy Alves Nunes,Primeira Instância,Encerrado,Trabalhista,
0011310-06.2025.5.15.0027-1,Pacaembu Construtora S/A,Diego Michel de Matos Pereira,Primeira Instância,Encerrado,Trabalhista,
0011297-07.2025.5.15.0027 - 1,Pacaembu Construtora S/A,Adriano de Morais Oliveira,Primeira Instância,Encerrado,Trabalhista,
0011298-89.2025.5.15.0027-1,Pacaembu Construtora S/A,José Maria Rodrigues,Primeira Instância,Encerrado,Trabalhista,
0225-25,Pacaembu Construtora S/A,Jefferson Francisco dos Santos,,Ativo,,Renegociação de Dívidas
0224-25,Pacaembu Assis 371 Empreendimento Imobiliário Ltda.,Sermov - Vigilancia e Segurança Patrimonial Ltda.,,Ativo,,Liberação de caução
0012689-12.2025.5.15.0017,Pacaembu São José do Rio Preto 395 - Empreendimento Imobiliario Ltda,Valdineia Pereira da Silva,Primeira Instância,Ativo,Trabalhista,
0223-25,Pacaembu Assis 371 Empreendimento Imobiliário Ltda.,M8 Soluções e Serviços de Apoio a Edifícios Ltda.,,Ativo,,Liberação de caução
0222-25,Pacaembu Construtora S/A,Construtora Ecovita,,Ativo,,Assoreamento causado por obra de terceiro
0221-25,Pacaembu Construtora S/A,Karina Fernanda Lopes Zanerato,,Ativo,,Renegociação de Dívidas
0220-25,Pacaembu Construtora S/A,Vanessa Francisca Serra,,Ativo,,Devolução de sinal
1019582-16.2025.8.26.0576,Pacaembu Construtora S/A,Michelle de Jesus Medeiros,Segunda Instância,Ativo,Cível,Vícios Construtivos
4003556-73.2025.8.26.0451,Pacaembu Piracicaba Incorporadora Ltda.,Franciele Wust Grance,Primeira Instância,Ativo,Cível,Vícios Construtivos
0219-25,Pacaembu Construtora S/A,Elcio Elizabete Elgon,,Ativo,,Danos áreas vizinha
1014322-42.2025.8.26.0451,Pacaembu Construtora S/A,Jonathan Jardim Ramos da Silva,Primeira Instância,Ativo,Cível,Caixa de Esgoto
0012037-20.2025.5.15.0041,Pacaembu Construtora S/A,Silvestre Roberto Ramos Cotrim,Primeira Instância,Ativo,,
0218-25,Pacaembu Construtora S/A,Gregor de Paula Goncalves,,Ativo,,Vícios Construtivos
0001096-09.2025.5.23.0002,Pacaembu Construtora S/A,Francisco Carlos de Sousa,Primeira Instância,Encerrado,Trabalhista,
4006039-89.2025.8.26.0576,Pacaembu Construtora S/A,Emerson Barbosa Silva,Primeira Instância,Ativo,Cível,Vícios Construtivos
4005963-65.2025.8.26.0576,Pacaembu Construtora S/A,Rosiele Barbosa Silva,Primeira Instância,Ativo,Cível,Vícios Construtivos
4005903-92.2025.8.26.0576,Pacaembu Construtora S/A,Vinicius Henrique Da Silva Teixeira,Primeira Instância,Ativo,Cível,Vícios Construtivos
4005349-60.2025.8.26.0576,Pacaembu São José do Rio Preto 405 - Empreendimento Imobiliário Ltda.,M&A Naves Gestão Administrativa Ltda,Segunda Instância,Ativo,Cível,Alienação Fiduciária
0217-25,Pacaembu Construtora S/A,Daniela Cesarino Morgado Franca,,Ativo,,Dever de informação
0216-25,Pacaembu Construtora S/A,Adriano de Cicco,,Ativo,,Exclusão de dados
4005278-58.2025.8.26.0576,Pacaembu Construtora S/A,Adalgisa Moraes de Andrade,Segunda Instância,Ativo,Cível,Vícios Construtivos
0010711-11.2025.5.15.0078,Salto de Pirapora Empreendimento Imobiliário,Rita de Cassia da Silva,Primeira Instância,Encerrado,Trabalhista,
0215-25,Pacaembu Construtora S/A,Rosana Beatriz Tavares de Souza,,Ativo,,Renegociação de Dívidas
0011927-30.2025.8.16.0045,Pacaembu Construtora S/A,Alitton Antonio Delgado de Oliveira,Segunda Instância,Ativo,Cível,Vícios Construtivos
4005252-60.2025.8.26.0576,Pacaembu Construtora S/A,Josiele Barbosa da Silva,Primeira Instância,Ativo,Cível,Vícios Construtivos
4005238-76.2025.8.26.0576,Pacaembu Construtora S/A,Maria Daniela Barbosa Silva,Primeira Instância,Ativo,Cível,Vícios Construtivos
1005562-39.2025.8.26.0408,Pacaembu Construtora S/A,Janaina Ruiz Cardoso Ribeiro,Primeira Instância,Ativo,Cível,Negativação indevida
0214-25,Pacaembu Construtora S/A,Clélia Yara Bon Engel,,Ativo,,Vícios Construtivos
0213-25,Pacaembu Construtora S/A,Tribunal de Justiça do Estado de São Paulo,,Ativo,,Requerimento de informações
1020443-02.2025.8.26.0576,Pacaembu Construtora S/A,Silvana Goncalves da Silva,Primeira Instância,Ativo,Cível,Vícios Construtivos
1051393-44.2024.8.26.0506,Poá Empreendimento Imobiliário Ltda,Município de Ribeirão Preto,Primeira Instância,Ativo,Tributário,Execução Fiscal - IPTU
0212-25,Vida Nova Primavera do Leste 394 - Empreendimento Imobiliário Ltda,Nutribem Refeições Ltda,,Ativo,,Irregularidade junto à vigilância sanitária
4004020-73.2025.8.26.0071,Vida Nova Primavera do Leste 394 - Empreendimento Imobiliário Ltda,V.J. Caceano - ME,Primeira Instância,Ativo,Cível,Sustação de Protesto
1007712-58.2025.8.26.0451,Pacaembu Piracicaba Incorporadora Ltda.,Natalia Caroline Guedes da Silva,Primeira Instância,Ativo,Cível,Vícios Construtivos
4005228-32.2025.8.26.0576,Pacaembu Construtora S/A,Plinio Damasco Penna Neto,Segunda Instância,Ativo,Cível,Vícios Construtivos
4000895-11.2025.8.26.0132,Pacaembu Construtora S/A,Jackeline Soares de Oliveira,Primeira Instância,Ativo,Cível,Negativação indevida
4001633-12.2025.8.26.0451,Pacaembu Piracicaba Incorporadora Ltda.,Maria José da Silva Bezerra,Primeira Instância,Ativo,Cível,Vícios Construtivos
4005032-62.2025.8.26.0576,Pacaembu Construtora S/A,Valdenice Alves Pereira da Silva,Primeira Instância,Aguardando Citação,Cível,Vícios Construtivos
4005028-25.2025.8.26.0576,Pacaembu Construtora S/A,Altair Fernando de Souza Dias,Primeira Instância,Ativo,Cível,Vícios Construtivos
4004937-32.2025.8.26.0576,Pacaembu Construtora S/A,Jessica Vitoria Dias Fernandes,Primeira Instância,Aguardando Citação,Cível,Vícios Construtivos
0014156-60.2025.8.16.0045,Pacaembu Construtora S/A,Paulo Ricardo Albino de Souza,Segunda Instância,Ativo,Cível,Vícios Construtivos e muro de arrimo
4003694-53.2025.8.26.0576,Pacaembu Construtora S/A,Lucas de Oliveira Broncaneli Carana,Primeira Instância,Ativo,Cível,Vícios Construtivos e muro de arrimo
4004579-67.2025.8.26.0576,Pacaembu São José do Rio Preto 405 - Empreendimento Imobiliário Ltda.,M&A Naves Gestão Administrativa Ltda,Primeira Instância,Ativo,Cível,Anulatória de Leilão extrajudicial
4004578-82.2025.8.26.0576,Pacaembu São José do Rio Preto 405 - Empreendimento Imobiliário Ltda.,M&A Naves Gestão Administrativa Ltda,Segunda Instância,Aguardando Citação,Cível,Alienação Fiduciária
4004576-15.2025.8.26.0576,Pacaembu São José do Rio Preto 405 - Empreendimento Imobiliário Ltda.,M&A Naves Gestão Administrativa Ltda,Primeira Instância,Aguardando Citação,Cível,Alienação Fiduciária
1008799-89.2025.8.26.0664,Pacaembu Votuporanga 366 - Empreendimento Imobiliário Ldta.,Nadia Regina de Paula,Primeira Instância,Ativo,Cível,Ação de Rescisão Contratual
4004575-30.2025.8.26.0576,Pacaembu São José do Rio Preto 405 - Empreendimento Imobiliário Ltda.,M&A Naves Gestão Administrativa Ltda,Primeira Instância,Ativo,Cível,Alienação Fiduciária
0211-25,Pacaembu Construtora S/A,Câmara Municipal da Estância Turística de Barretos,,Ativo,,Execução de calçada
4001000-41.2025.8.26.0664,Pacaembu Construtora S/A,Tania Luci Mendes,Primeira Instância,Ativo,Cível,Vícios Construtivos
4003348-89.2025.8.26.0451,Pacaembu Piracicaba Incorporadora Ltda.,Bruna Caroline da Silva,Primeira Instância,Aguardando Citação,Cível,Vícios Construtivos
4003809-74.2025.8.26.0576,Pacaembu Construtora S/A,Leia Cristina Eugenio,Primeira Instância,Ativo,Cível,Vícios Construtivos
4003804-52.2025.8.26.0576,Pacaembu Construtora S/A,Indaiá Maria de Souza Silva,Primeira Instância,Ativo,Cível,Vícios Construtivos
0210-25,Pacaembu Construtora S/A,Defensoria Pública do Estado de São Paulo,,Ativo,,Entrega de chaves
0001106-50.2025.5.23.0003,Pacaembu Construtora S/A,Leonardo Rodrigues da Silva,Primeira Instância,Aguardando Notificação,Trabalhista,
0001084-13.2025.5.22.0102,Pacaembu Construtora S/A,Ernando Rodrigues Ferreira,Primeira Instância,Ativo,Trabalhista,
0209-25,Vida Nova Tatuí III Empreendimento Imobiliário Ltda.,Prefeitura Municipal de Tatui,,Ativo,,Limpeza de Terreno
1050222-52.2024.8.26.0506,Poá Empreendimento Imobiliário Ltda,Município de Ribeirão Preto,Primeira Instância,Ativo,Tributário,Execução Fiscal - IPTU
0208-25,Pacaembu Construtora S/A,Mickaelen Barros da Silva,,Ativo,,Divergência de valores financiamento
0207-25,Pacaembu Construtora S/A,Carlos Eduardo da Silva,,Ativo,,Vícios Construtivos
000772.2025.03.001/0,Pacaembu Construtora S/A,Ministério Público do Trabalho,,Encerrado,Procedimento Administrativo,
000113.2024.09.004/4,Pacaembu Construtora S/A,Ministério Público do Trabalho,,Encerrado,Procedimento Administrativo,
0206-25,Pacaembu Construtora S/A,Tribunal de Justiça do Mato Grosso,,Ativo,,Pensão Alimentícia
000255.2025.23.000/3,Pacaembu Construtora S/A,Ministério Público do Trabalho,,Encerrado,Procedimento Administrativo,
0012385-72.2025.5.15.0062,Pacaembu Construtora S/A,Ariana Mara Paes Paiva,Primeira Instância,Encerrado,Trabalhista,
14152.197264/2025-12,Pacaembu Construtora S/A,MPT - Gerência Regional do Trabalho de Bauru/SP,,Ativo,Procedimento Administrativo,
86259220158110048,Pacaembu Construtora S/A,MPT - Gerência Regional do Trabalho de Bauru/SP,,Ativo,Procedimento Administrativo,
1008555-63.2025.8.26.0664,Pacaembu Construtora S/A,Superintendencia de Água e Esgoto e Meio Ambiente de Votuporanga,Primeira Instância,Ativo,Cível,Reparação de danos
46206.004893/2018-94,Pacaembu Construtora S/A,MPT - Gerência Regional do Trabalho de Bauru/SP,,Ativo,Procedimento Administrativo,
0205-25,Pacaembu Construtora S/A,Município de Barretos,,Ativo,,Vícios Construtivos
0204-25,Pacaembu Assis 371 Empreendimento Imobiliário Ltda.,Amanda Goulart da Luz,,Ativo,,Juros e Correção Parcelas
0203-25,Pacaembu Construtora S/A,Condomínio Vida Nova Piracicaba V,,Ativo,,Vícios Construtivos
0001112-72.2025.5.09.0124,Pacaembu Construtora S/A,Antonio Carlos do Nascimento de Jesus,Primeira Instância,Encerrado,Trabalhista,
0202-25,Vida Nova Tatuí III Empreendimento Imobiliário Ltda.,Prefeitura Municipal de Tatui,,Ativo,,Lote comercial
0201-25,Pacaembu Sinop 449 - Empreendimento Imobiliario LTDA,Boreal Fernanda Bueno,,Ativo,,Esclarecimentos
0011045-74.2025.5.15.0036,Pacaembu Construtora S/A,Jaqueline Gomes da Silva,Primeira Instância,Encerrado,Trabalhista,
0200-25,Pacaembu Construtora S/A,Bruna de Souza Rodrigues,,Ativo,,Esclarecimentos
0199-25,Pacaembu Construtora S/A,Karolyne Comino Modesto de Souza,,Ativo,,Esclarecimentos
4003689-31.2025.8.26.0576,Pacaembu Construtora S/A,Sonia Pereira de Oliveira,Primeira Instância,Ativo,Cível,Vícios Construtivos
0198-25,Pacaembu Arapongas 1 - Empreendimento Imobiliário Ltda.,Elibelto Aparecido Geraldo,,Ativo,,Rescisão de contrato de AF
0197-25,Pacaembu Votuporanga 366 - Empreendimento Imobiliário Ldta.,Açovia Construção Civil e Comércio de Materiais de Construção Ltda,,Ativo,,Suspensão de pagamento por pendência de documentos.
0196-25,Pacaembu Piratininga 464 - Empreendimento Imobiliario LTDA,Empreiteira House & Construção Civil LTDA.,,Ativo,,Falha no controle de acesso
0195-25,Pacaembu Piratininga 464 - Empreendimento Imobiliario LTDA,"JM Junior Mariano Serviços Administrativos, Segurança e Limpeza LTDA.",,Ativo,,Falha no controle de acesso
0194-25,Pacaembu Marília Gigantão Empreendimento Imobiliário Ltda,Tayane Caroline de Lima Silva,,Ativo,,Recursos Próprios
4001572-54.2025.8.26.0451,Pacaembu Piracicaba Incorporadora Ltda.,Edna Aparecida Beraldo,Primeira Instância,Ativo,Cível,Vícios Construtivos
1060915-95.2024.8.26.0506,Poá Empreendimento Imobiliário Ltda,Município de Ribeirão Preto,Primeira Instância,Ativo,Tributário,Execução Fiscal - IPTU
1014712-12.2025.8.26.0451,Pacaembu Piracicaba Incorporadora Ltda.,Gisele Cristina do Carmo,Primeira Instância,Ativo,Cível,Vícios Construtivos
1051426-34.2024.8.26.0506,Poá Empreendimento Imobiliário Ltda,Município de Ribeirão Preto,Primeira Instância,Ativo,Tributário,Execução Fiscal - IPTU
1052860-58.2024.8.26.0506,Poá Empreendimento Imobiliário Ltda,Município de Ribeirão Preto,Primeira Instância,Ativo,Tributário,Execução Fiscal - IPTU
1014631-63.2025.8.26.0451,Pacaembu Piracicaba Incorporadora Ltda.,Daniele de Matos Rodrigues,Primeira Instância,Ativo,Cível,Caixa de Esgoto
0012990-90.2025.8.16.0045,Pacaembu Arapongas 2 - Empreendimento Imobiliarios Ltda.,Leilaine Ferreira da Silva,Segunda Instância,Ativo,Cível,Vícios Construtivos
0001191-38.2025.5.09.0678,Pacaembu Construtora S/A,Antonio Marcos do Nascimento de Jesus,Primeira Instância,Encerrado,Trabalhista,
0193-25,Pacaembu Construtora S/A,Danilo Correa da Silva,,Ativo,,Informações
14152.152029/2023-41,Pacaembu Construtora S/A,MPT - Gerência Regional do Trabalho de Bauru/SP,,Ativo,Procedimento Administrativo,
14152.152030/2023-76,Pacaembu Construtora S/A,MPT - Gerência Regional do Trabalho de Bauru/SP,,Ativo,Procedimento Administrativo,
0001048-32.2025.5.23.0008,Pacaembu Construtora S/A,Daniel Fernandes Pereira,Primeira Instância,Ativo,Trabalhista,
0006260-63.2025.8.16.0045,Pacaembu Construtora S/A,Márcio Capetulino,Segunda Instância,Ativo,Cível,Vícios Construtivos
0192-25,Pacaembu São José do Rio Preto 336 - Empreendimento Imobiliário Ltda.,Luciano da Silva Fernandes,,Ativo,,Invasão
0191-25,Pacaembu Construtora S/A,Kathulyn Campos da Silva,,Ativo,,Esclarecimentos
0012306-93.2025.5.15.0062,Pacaembu Construtora S/A,Flavya Selleny Alves Figueiredo,Primeira Instância,Ativo,Trabalhista,
14152.152028/2023-05,Pacaembu Construtora S/A,MPT - Gerência Regional do Trabalho de Bauru/SP,,Ativo,Procedimento Administrativo,
0190-25,Pacaembu Construtora S/A,Danitiele Cristina dos Santos Chiavenato,,Ativo,,Esclarecimentos
0189-25,Pacaembu Construtora S/A,Larissa Penasso Amancio da Silva,,Ativo,,Esclarecimentos
0188-25,Pacaembu Construtora S/A,Robson Dongue Rubio,,Ativo,,Esclarecimentos
0187-25,Pacaembu Construtora S/A,Vitoria Laguna Farizato,,Ativo,,Esclarecimentos
0186-25,Pacaembu Construtora S/A,Joedson Henriques Candido da Silva,,Ativo,,Esclarecimentos
0012010-06.2025.5.15.0116,Pacaembu Construtora S/A,Celso Soares de Lima,Primeira Instância,Encerrado,Trabalhista,
0185-25,Pacaembu Construtora S/A,Danilo Oliveira Dias,,Ativo,,Esclarecimentos
0184-25,Pacaembu Construtora S/A,Inara Alice Berti,,Ativo,,Esclarecimentos
0183-25,Pacaembu Construtora S/A,Luiza Guaterina Santos de Assis,,Ativo,,Esclarecimentos
0182-25,Pacaembu Construtora S/A,Eliene Mariano Ribeiro,,Ativo,,Esclarecimentos
0181-25,Pacaembu Construtora S/A,Luana Francisca Estevao Rodrigues,,Ativo,,Esclarecimentos
0180-25,Pacaembu Construtora S/A,Marcia da Silva Costa,,Ativo,,Retenção de chaves
0179-25,Pacaembu Construtora S/A,Talia Fortunatti Granosik,,Ativo,,Esclarecimentos
0178-25,Pacaembu Construtora S/A,Renata Augusta dos Santos Pereira,,Ativo,,Esclarecimentos
0177-25,Pacaembu Construtora S/A,Ana Carolina do Carmo Soares,,Ativo,,Esclarecimentos
0176-25,Pacaembu Construtora S/A,Mayla dos Santos Silva,,Ativo,,Esclarecimentos
0175-25,Pacaembu Construtora S/A,Ana Carolina Santos Almeida,,Ativo,,Esclarecimentos
0174-25,Pacaembu Construtora S/A,Mariana Lehn dos Santos,,Ativo,,Esclarecimentos
1001208-49.2024.8.26.0458,Município de Piratininga,Helder Luiz Julião Rosa,,Ativo - não Pacaembu,Cível,Instituição de Servidão
0173-25,Vida Nova Cuiabá - Empreendimento Imobiliário Ltda.,V.J. Caceano - ME,,Ativo,,Cobrança indevida
1008450-10.2025.8.26.0269,Pacaembu Itapetininga Cristovao Colombo,Prefeitura de Itapetininga,Primeira Instância,Ativo,Tributário,ISS - Imposto Sobre Serviços
0172-25,Pacaembu Construtora S/A,Ingryd Lima Maciel,,Ativo,,Esclarecimentos
0171-25,Pacaembu Construtora S/A,Hairrison Rafael do Carmo Tortela,,Ativo,,Esclarecimentos
0170-25,Pacaembu Construtora S/A,Bruno Henrique Carrasco Moura,,Ativo,,Esclarecimentos
0169-25,Pacaembu Construtora S/A,Adrieli dos Santos Garcia,,Ativo,,Esclarecimentos
0168-25,Pacaembu Construtora S/A,Igor Matheus da Silva,,Ativo,,Esclarecimentos
0167-25,Pacaembu Construtora S/A,Anna Julia Fim de Souza,,Ativo,,Esclarecimentos
0166-25,Pacaembu Construtora S/A,Bruna Laiane Rodrigues de Jesus,,Ativo,,Recursos Próprios
1047026-40.2025.8.26.0506,Pacaembu Construtora S/A,Sonia Aparecida da Silva,Primeira Instância,Ativo,Cível,Vícios Construtivos
0000874-38.2025.5.23.0003,Pacaembu Construtora S/A,Leonardo Rodrigues da Silva,Primeira Instância,Aguardando Notificação,Trabalhista,
0012536-13.2025.8.16.0045,Pacaembu Construtora S/A,Cristoffer Ferreira de Oliveira,Primeira Instância,Ativo,Cível,Vícios Construtivos
0165-25,Pacaembu Construtora S/A,Alexandre Laranjeira Santos,,Ativo,,Devolução de sinal
0164-25,Pacaembu Sinop 423 - Empreendimento Imobiliario LTDA,Conselho Regional de Corretores de Imóveis 19ª Região/mt,,Ativo,,Lista de funcionários
0162-25,Pacaembu Construtora S/A,Sonia Aparecida da Silva,,Ativo,,Vicíos Construtivos
0160-25,Vida Nova Barretos IV - Empreendimento Imobiliário Ltda.,Maria Natalia Ferreira de Abreu,,Ativo,,Entrega de chaves
0011310-06.2025.5.15.0027,Pacaembu Construtora S/A,Andre Pereira de Santana,Primeira Instância,Aguardando Notificação,Trabalhista,
0011297-07.2025.5.15.0027,Pacaembu Construtora S/A,Adão Santos e Mais (1),Primeira Instância,Ativo,Trabalhista,
0011299-74.2025.5.15.0027,Pacaembu Construtora S/A,Maecio dos Santos,Primeira Instância,Encerrado,Trabalhista,
0011311-88.2025.5.15.0027,Pacaembu Construtora S/A,Wellington Francisco Gonçalves de Souza,Primeira Instância,Ativo,Trabalhista,
0011300-59.2025.5.15.0027,Pacaembu Construtora S/A,Andre de Morais Oliveira,Primeira Instância,Aguardando Notificação,Trabalhista,
0011298-89.2025.5.15.0027,Pacaembu Construtora S/A,Kelvy Alves Nunes,Primeira Instância,Encerrado,Trabalhista,
0151-25,Pacaembu Marilia Gigantao 2 - 448 - Empreendimento Imobiliario LTDA,Antonia Liliane Benedito de Andrade Empreiteira,,Ativo,,Descumprimento de Obrigação Contratual
1008978-32.2025.8.26.0079,Pacaembu Construtora S/A,Aref Benyammine El Adass,Primeira Instância,Ativo,Cível,Execução de Título Extrajudicial
1014308-58.2025.8.26.0451,Pacaembu Construtora S/A,Janaine Alves Moreira,Primeira Instância,Ativo,Cível,Caixa de Esgoto
0000966-16.2025.5.23.0003,Pacaembu Construtora S/A,Leonardo Rodrigues da Silva,Primeira Instância,Encerrado,Trabalhista,
0000923-79.2025.5.23.0003,Pacaembu Construtora S/A,Mateus Luz da Silva,Primeira Instância,Encerrado,Trabalhista,
0011585-60.2025.5.15.0089,Pacaembu Construtora S/A,Michel Fernando Prestes,Primeira Instância,Encerrado,Trabalhista,
4001446-04.2025.8.26.0451,Pacaembu Piracicaba Incorporadora Ltda.,Cileudo Lima de Oliveira,Primeira Instância,Ativo,Cível,Vícios Construtivos
1020396-28.2025.8.26.0576,Pacaembu Construtora S/A,Maeli Luiza de Souza,Primeira Instância,Ativo,Cível,Vícios Construtivos
1035925-87.2025.8.26.0576,Pacaembu Água Santa - Empreendimento Imobiliário Ltda.,Guilherme Capatti Cardoso,Primeira Instância,Ativo,Cível,Indenização por Danos Morais
4001836-47.2025.8.26.0071,Pacaembu Construtora S/A,Beatriz Rodrigues de Melo Penholato,Primeira Instância,Ativo,Cível,Cobrança indevida
1001523-22.2025.5.02.0083,Pacaembu Construtora S/A,Iasmin Santos do Rosario,Primeira Instância,Encerrado,Trabalhista,
0159-25,Pacaembu Construtora S/A,Larissa de Sousa Dangelo,,Ativo,,Devolução de sinal
0158-25,Pacaembu Construtora S/A,Tamilde Machado Lopes,,Ativo,,Esclarecimentos
0157-25,Pacaembu Construtora S/A,Amanda Teodoro Rocha,,Ativo,,Esclarecimentos
0156-25,Pacaembu Construtora S/A,Thiago de Almeida Costa,,Ativo,,Esclarecimentos
0155-25,Pacaembu Construtora S/A,Lauana Archanjo Da Silva Oliveira,,Ativo,,Esclarecimentos
0154-25,Pacaembu Construtora S/A,Angelica Jesus Castilho,,Ativo,,Esclarecimentos
1044977-26.2025.8.26.0506,Poá Empreendimento Imobiliário Ltda,Suellen de Freitas,Primeira Instância,Ativo,Cível,Obrigação de Fazer / Não Fazer
0010784-05.2025.5.15.0103,Pacaembu Araçatuba I - Empreendimento Imobiliário LTDA,Fatima Ferreira dos Santos,Primeira Instância,Ativo,Trabalhista,
0012168-04.2025.8.16.0045,Pacaembu Arapongas 2 - Empreendimento Imobiliarios Ltda.,Jesus Ferreira Maciel,Primeira Instância,Arquivado,Cível,Muro de Arrimo
0011124-45.2025.5.03.0082,Pacaembu Construtora S/A,Arley Aparecido da Silva,Primeira Instância,Encerrado,Trabalhista,
0153-25,Pacaembu Araraquara 271 - Empreendimento Imobiliario Ltda,LL Delgado Gestao,,Ativo,,Descumprimento de obrigações
0152-25,Pacaembu Marília Gigantão Empreendimento Imobiliário Ltda,Rio Gesso Ltda.,,Ativo,,Descumprimento de obrigações
1033840-31.2025.8.26.0576,Pacaembu Construtora S/A,Daniel Moraes Gomes da Trindade,Primeira Instância,Ativo,Cível,Vícios Construtivos
1014130-12.2025.8.26.0451,Pacaembu Piracicaba Incorporadora Ltda.,Thiago Duarte Oliveira,Primeira Instância,Ativo,Cível,Caixa de Esgoto
0161-25,Pacaembu Lins III - Empreendimento Imobiliario Spe Ltda,Oficial de Registro de Imóveis da Comarca de Lins,,Ativo,,Cobrança parcela financiamento
0150-25,Pacaembu Ourinhos Constante 2 - Empreendimento Imobiliário,Sara Conceição Faria,,Ativo,,Recursos Próprios
1001209-34.2024.8.26.0458,Município de Piratininga,Manoel da Silva Julião,,Ativo - não Pacaembu,Cível,Desapropriação
1041374-42.2025.8.26.0506,Poá Empreendimento Imobiliário Ltda,Danila Renata de Freitas Gomes de Moura,Primeira Instância,Ativo,Cível,Alienação Fiduciária
1034169-43.2025.8.26.0576,Pacaembu Construtora S/A,Lucas Alves Menezes da Silva,Primeira Instância,Arquivado,Cível,Ação de Rescisão Contratual
4001451-02.2025.8.26.0071,Pacaembu Cafelândia - 364 - Empreendimento Imobiliário Ltda.,CH Xavier Estruturas Metálicas Ltda.,Primeira Instância,Ativo,Cível,Ação de Cobrança
0149-25,Pacaembu Assis Chateaubriand 447 - Empreendimento Imobiliario LTDA,Acb Seguranca e Vigilancia LTDA,,Ativo,,Descumprimento de Obrigação Contratual
1007166-64.2025.8.26.0269,Pacaembu Itapetininga Cristovao Colombo,Prefeitura do Município de Itapetininga,Primeira Instância,Ativo,Tributário,ISS - Imposto Sobre Serviços
1035197-46.2025.8.26.0576,Pacaembu São José do Rio Preto 336 - Empreendimento Imobiliário Ltda.,Réu desconhecido,Primeira Instância,Ativo,Cível,Reintegração de posse
1001991-20.2025.5.02.0201,Pacaembu Construtora S/A,Renata Cristiane da Silva Oliveira,Primeira Instância,Ativo,Trabalhista,
1017721-68.2025.8.26.0196,Pacaembu Construtora S/A,Sandra Maria de Souza,Primeira Instância,Ativo,Cível,Vícios Construtivos
0148-25,Vida Nova Tatuí III Empreendimento Imobiliário Ltda.,Ingrid Elen da Silva,,Ativo,,Recursos Próprios
0147-25,Pacaembu Construtora S/A,Reginaldo Antonio Zanetti,,Ativo,,Penhora de imóvel
0146-25,Pacaembu Sinop 449 - Empreendimento Imobiliario LTDA,Cassielle Santos Oliveira,,Ativo,,Devolução de sinal
1010683-46.2025.8.26.0344,Pacaembu Construtora S/A,Luciano Caprari Pereira,Primeira Instância,Ativo,Cível,Vícios Construtivos
0003499-59.2025.8.16.0045,Pacaembu Construtora S/A,Douglas Henrique de Souza Freire,Primeira Instância,Ativo,Cível,Vícios Construtivos
1520480-69.2025.8.26.0576,Vida Nova Dignidade 2 Empreendimento Imobiliário ltda,Município São José do Rio Preto,Primeira Instância,Ativo,Cível,Execução Fiscal - Licença de Publicidade
0145-25,Pacaembu Construtora S/A,Angelita do Rocio dos Santos,,Ativo,,Envio de documentos
0144-25,Pacaembu Ituiutaba 422 - Empreendimento Imobiliário LTDA,Construtora Tadeu Gonçalves Ltda.,,Ativo,,Abandono de Obra
1000657-35.2025.8.26.0458,Município de Piratininga,Rosa Maria Julião Coimbra,Primeira Instância,Ativo - não Pacaembu,Cível,Instituição de Servidão
0143-25,Pacaembu Construtora S/A,Condomínio Residencial Vida Nova Franca VII,,Ativo,,Descumprimento de obrigação contratual
0142-25,Vida Nova Cuiabá II - Empreendimento Imobiliário Ltda,Unifort Seguranca e Vigilancia Patrimonial Ltda.,,Ativo,,Descumprimento de obrigação contratual
0141-25,Pacaembu Piracicaba Incorporadora Ltda.,Polli Terraplenagem Construções e Empreendimentos,,Ativo,,Notas de faturamento direto pendentes de desconto
0000934-26.2025.5.09.0124,Pacaembu Construtora S/A,Sirino Silvestre Santos Neto,Primeira Instância,Encerrado,Trabalhista,
0007638-79.2025.8.16.0069,Pacaembu Cianorte - Empreendimento Imobiliário Ltda,Adilma dos Santos,Primeira Instância,Arquivado,Cível,Obrigação de Fazer / Não Fazer
0140-25,Pacaembu Construtora S/A,Graciela de Andrade,,Ativo,,Esclarecimentos
0002638-64.2025.8.16.0048,Pacaembu Assis Chateaubriand 447 - Empreendimento Imobiliario LTDA,R Cardoso de Moraes Lotes Ltda.,Primeira Instância,Ativo,Cível,Declaratória de Inexigibilidade de Crédito
0011399-37.2025.5.15.0089,Pacaembu Construtora S/A,Rafael Plakitquen Vicente,Primeira Instância,Ativo,Trabalhista,
0139-25,Gold Land Botucatu - Empreendimentos Imobiliarios LTDA,Procuradoria Municipal de Botucatu,,Ativo,,Atualização de cadastro
1032382-76.2025.8.26.0576,Pacaembu Construtora S/A,Juraci de Souza,Primeira Instância,Ativo,Cível,Vícios Construtivos
1004915-30.2025.8.26.0445,Pacaembu Construtora S/A,Danielle dos Anjos Nascimento,Primeira Instância,Ativo,Cível,Vícios Construtivos
1014175-16.2025.8.26.0451,Pacaembu Piracicaba Com Viva - Empreendimento Imobiliário Ltda.,Wenderson Alessandro Abel dos Santos,Primeira Instância,Arquivado,Cível,Muro de Arrimo
1014106-81.2025.8.26.0451,Pacaembu Construtora S/A,Hellen Ester da Conceicao Ferreira,Primeira Instância,Ativo,Cível,Caixa de Esgoto
0138-25,Vida Nova Tatuí III Empreendimento Imobiliário Ltda.,Prefeitura Municipal de Tatui,,Ativo,,Limpeza de Terreno
1001048-80.2025.8.26.0137,Pacaembu Construtora S/A,Benedita Rodrigues Vilas Boas,Primeira Instância,Ativo,Cível,Inexistência de relação jurídica
4000953-57.2025.8.26.0344,Pacaembu Construtora S/A,Matheus Lourenção Mascaro,Primeira Instância,Arquivado,Cível,Comissão de corretagem
0137-25,Brasilia Reserva do Parque Adm Geral - Empreendimento Imobiliario LTDA,Bert Engenharia LTDA.,,Ativo,,Atraso no cronograma de obras
0136-25,Pacaembu Construtora S/A,Leonel Adriano Antunes,,Ativo,,Devolução de sinal
0015126-40.2025.8.26.0576,Pacaembu São José do Rio Preto - Empreendimento Imobiliário Ltda.,Debora Regina Dias da Silva,Primeira Instância,Arquivado,Cível,Negativação indevida
0135-25,Pacaembu Construtora S/A,Prefeitura de Itapetininga,,Ativo,,Troca de lâmpadas
0011719-71.2025.5.15.0062,Pacaembu Construtora S/A,Simone dos Santos,Primeira Instância,Encerrado,Trabalhista,
2025/091724,Priscilla Cardoso Ferreira,CRECI - Conselho Regional de Corretores de Imóveis - 2ª Região,,Ativo,Cível Administrativo,Facilitação do exercício ilegal da profissão
5048475-19.2025.8.13.0702,Pacaembu Uberlândia - Empreendimento Imobiliário Ltda.,1º Ofício de Registro de Imóveis de Uberlândia,Primeira Instância,Ativo,Tributário,Cobrança de Emolumentos
0134-25,Pacaembu Construtora S/A,Lucas Vitor Rizzato,,Ativo,,Recursos Próprios
1011118-68.2025.8.26.0037,Pacaembu Araraquara 271 - Empreendimento Imobiliario Ltda,Secretario da Fazenda do Município de Araraquara,Primeira Instância,Ativo,Tributário,Cobrança indevida - ITBI
0021898-20.2025.8.16.0019,Pacaembu Construtora S/A,Emmanuel Christoforo,Primeira Instância,Ativo,Cível,Retenção de chave
1016538-62.2025.8.26.0196,Pacaembu Construtora S/A,Watilas Aparecido dos Santos,Primeira Instância,Ativo,Cível,Vícios Construtivos
0000892-33.2025.5.09.0655,Pacaembu Assis Chateaubriand 357 e 358 - Empreendimento Imobiliário Ltda.,Renata Celia Barbosa,Primeira Instância,Encerrado,Trabalhista,
0133-25,Pacaembu Construtora S/A,Fabiana Costa,,Ativo,,Cobrança indevida
0132-25,Pacaembu Votuporanga 366 - Empreendimento Imobiliário Ldta.,MFF Construções Ltda,,Ativo,,Abandono de obra
0131-25,Pacaembu Palotina 384 - Empreendimento Imobiliário Ltda,Lta Obras de Alvenaria Ltda.,,Ativo,,Documentos pendentes
0000849-27.2025.5.09.0678,Pacaembu Ponta Grossa 525 - Empreendimento Imobiliário Ltda.,Diemerson Costa Leite,Primeira Instância,Ativo,Trabalhista,
0001274-32.2025.5.09.0653,Pacaembu Construtora S/A,Paulo Eduardo da Silva Viana,Primeira Instância,Encerrado,Trabalhista,
0011014-81.2025.5.15.0027,Pacaembu Construtora S/A,Claudinei Antonio dos Santos,Primeira Instância,Encerrado,Trabalhista,
0339.0000112/2025,Pacaembu Balsamo 469 - Empreendimento Imobiliario Ltda,Promotoria de Justiça de Mirassol,Instância Administrativa,Ativo,Inquérito Civil,Improbidade Administrativa
0130-25,Pacaembu São José do Rio Preto 336 - Empreendimento Imobiliário Ltda.,Réu desconhecido,,Ativo,,Invasão
1017330-91.2025.8.11.0015,Pacaembu Sinop 423 - Empreendimento Imobiliario LTDA,Letícia Terra Signor Cavalheiro,Primeira Instância,Arquivado,Cível,Devolução de sinal
0129-25,Pacaembu Construtora S/A,RSP Segurança e Vigilância Patrimonial Ltda,,Ativo,,Indícios de Irregularidade nos Documentos Apresentados
1013892-90.2025.8.26.0451,Pacaembu Piracicaba Incorporadora Ltda.,Denilson Aparecido da Silva,Primeira Instância,Ativo,Cível,Vícios Construtivos
1013603-60.2025.8.26.0451,Pacaembu Piracicaba Incorporadora Ltda.,Edilson do Nascimento Silva,Primeira Instância,Arquivado,Cível,Caixa de Esgoto
0128-25,Pacaembu Construtora S/A,Katie Karoline de Brito,,Ativo,,Renegociação de Dívidas
0010768-58.2025.5.15.0036,Pacaembu Construtora S/A,Doroteia Alves Ferracini,Primeira Instância,Encerrado,Trabalhista,
0127-25,Vida Nova Ponta Grossa - Empreendimento Imobiliário Ltda.,Guilherme Alberto da Luz Micaloski,,Ativo,,Esclarecimentos contratuais
0126-25,Pacaembu Construtora S/A,Polícia Civil do Paraná,,Ativo,,Envio de documentos
0125-25,Vida Nova Cuiabá II - Empreendimento Imobiliário Ltda,Ricardo Sebalhos Waltrick,,Ativo,,Taxa de Obra
0124-25,Pacaembu Assis 370 - Empreendimento Imobiliário Ltda.,D A Gesso Ltda ME,,Ativo,,Retenção de caução
0123-25,Pacaembu Sinop 449 - Empreendimento Imobiliario LTDA,Alpha Infraestrutura e Urbanizações Ltda,,Ativo,,Descumprimento das normas de segurança do trabalho
1000559-23.2025.8.26.0370,Atlanta Construções Comercio e Empreendimentos Ltda,Maria da Silva Souza,,Ativo - não Pacaembu,Cível,Usucapião Urbano
1013826-13.2025.8.26.0451,Pacaembu Piracicaba Com Viva - Empreendimento Imobiliário Ltda.,Cleiton Fernandes da Silva,Primeira Instância,Ativo,Cível,Muro de Arrimo
0000436-25.2025.5.19.0261,Pacaembu Construtora S/A,José Angelo Marques da Silva,Primeira Instância,Encerrado,Trabalhista,
0122-25,Poá Empreendimento Imobiliário Ltda,Secretaria de Água e Esgoto de Ribeirão Preto,,Ativo,,Ligação de água clandestina
0003181-58.2025.8.16.0148,Pacaembu Arapongas 2 - Empreendimento Imobiliarios Ltda.,Beatriz Cristina Mateus Lima,Primeira Instância,Ativo,Cível,Inexigibilidade de débito
1010934-38.2025.8.26.0482,Pacaembu Construtora S/A,Daiana Aparecida do Carmo Ruffo,Segunda Instância,Ativo,Cível,Vícios Construtivos
0121-25,Pacaembu Votuporanga 366 - Empreendimento Imobiliário Ldta.,Renova Medição Ltda,,Ativo,,Reembolso de valores
0120-25,Pacaembu Construtora S/A,Rosiane da Silva Oliveira,,Ativo,,Recurso Próprios
0119-25,Pacaembu Construtora S/A,Beatriz Rodrigues de Melo Penholato,,Ativo,,Vícios Construtivos
0118-25,Pacaembu Piracicaba Incorporadora Ltda.,Bruna Daniele Melega da Silva,,Ativo,,Entrega de chaves
1027962-28.2025.8.26.0576,Pacaembu Construtora S/A,Alessandra Bianchi Donizete,Primeira Instância,Ativo,Cível,Vícios Construtivos
1026359-17.2025.8.26.0576,Pacaembu Construtora S/A,Stephanie Parise,Primeira Instância,Ativo,Cível,Vícios Construtivos
1012930-67.2025.8.26.0451,Pacaembu Construtora S/A,Alexandre Rosario Junior,Primeira Instância,Ativo,Cível,Caixa de Esgoto
1012929-82.2025.8.26.0451,Pacaembu Construtora S/A,Aline Joyce Alves da Silva,Primeira Instância,Ativo,Cível,Caixa de Esgoto
0117-25,Pacaembu Assis Chateaubriand 447 - Empreendimento Imobiliario LTDA,Santa Helena Mix Pavimentação e Concreto Ltda,,Ativo,,Retenção de valores
0116-25,Pacaembu Sinop 449 - Empreendimento Imobiliario LTDA,Adriano Bezerra Silva,,Ativo,,Devolução de Sinal
0115-25,Pacaembu Sinop 449 - Empreendimento Imobiliario LTDA,Erivan Santana de Oliveira,,Ativo,,Devolução de Sinal
0006405-22.2025.8.16.0045,Pacaembu Construtora S/A,Leandra Aparecida Borges,Segunda Instância,Ativo,Cível,Vícios Construtivos
0114-25,Pacaembu Construtora S/A,Acucena Tavares Paes De Camargo,,Ativo,,Renegociação de Dívidas
0113-25,Vida Nova Tatuí III Empreendimento Imobiliário Ltda.,Prefeitura Municipal de Tatui,,Ativo,,Limpeza de Terreno
0112-25,Pacaembu Construtora S/A,Viviane Cristina Missias Ferrazzi,,Ativo,,Renegociação de Dívidas
0201.0002657/2024,Pacaembu Construtora S/A,Promotoria de Justiça de Avaré,,Ativo,Inquérito Civil,Cratera
0011572-98.2025.5.15.0012,Pacaembu Piracicaba Incorporadora Ltda.,Valdeci José Campos,Primeira Instância,Ativo,Trabalhista,
0111-25,Pacaembu Construtora S/A,Emerson Diangelys Pereira Da Silva,,Ativo,,Retenção de chaves
0110-25,Pacaembu Lucas do Rio Verde 452 - Empreendimento Imobiliario LTDA,Eleilson Pereira Marques,,Ativo,,Devolução de sinal
1012326-09.2025.8.26.0451,Pacaembu Piracicaba Com Viva - Empreendimento Imobiliário Ltda.,Willian Lopes da Costa,Primeira Instância,Ativo,Cível,Muro de Arrimo
0031841-72.2008.8.26.0506,E.w. Almeida Participacoes e Empreendimentos Imobiliarios,Ministério Público do Estado de São Paulo,Primeira Instância,Ativo - não Pacaembu,Cível,Ação Civil Pública
0109-25,Pacaembu Construtora S/A,Prefeitura de Itapetininga,,Ativo,,Troca de Lâmpadas
0108-25,Pacaembu Sinop 449 - Empreendimento Imobiliario LTDA,Letícia Terra Signor Cavalheiro,,Ativo,,Devolução de sinal
2025/001467,Victor Fernandes Granja,CRECI - Conselho Regional de Corretores de Imóveis - 2ª Região,,Ativo,Cível Administrativo,Exercício ilegal da profissão
2025/001477,Jenifer de Souza Rueda,CRECI - Conselho Regional de Corretores de Imóveis - 2ª Região,,Ativo,Cível Administrativo,Exercício ilegal da profissão
2025/001471,Gabriely dos Santos,CRECI - Conselho Regional de Corretores de Imóveis - 2ª Região,,Ativo,Cível Administrativo,Exercício ilegal da profissão
0000728-88.2025.5.23.0005,Pacaembu Construtora S/A,Sheldon Bolandim Loiola,Primeira Instância,Ativo,Trabalhista,
0107-25,Urban Fortes Empreendimentos Imobiliários I Spe ltda,Luis Fernando Teixeira Silva,,Ativo,,Problema na porta
1024770-87.2025.8.26.0576,Pacaembu Construtora S/A,Isabel Soares da Silva,Segunda Instância,Ativo,Cível,Vícios Construtivos
1022791-90.2025.8.26.0576,Pacaembu Construtora S/A,José Pereira Filho,Primeira Instância,Ativo,Cível,Vícios Construtivos
2025/001363,Victoria de Castro Ventura Pereira,CRECI - Conselho Regional de Corretores de Imóveis - 2ª Região,,Ativo,Cível Administrativo,Exercício ilegal da profissão
2025/001362,Mariane da Silva Adriano,CRECI - Conselho Regional de Corretores de Imóveis - 2ª Região,,Ativo,Cível Administrativo,Exercício ilegal da profissão
2025/001355,Maria Fernanda Pedroso Zamberse Santana,CRECI - Conselho Regional de Corretores de Imóveis - 2ª Região,,Ativo,Cível Administrativo,Exercício ilegal da profissão
2025/001364,Maria Eduarda Gouveia,CRECI - Conselho Regional de Corretores de Imóveis - 2ª Região,,Ativo,Cível Administrativo,Exercício ilegal da profissão
2025/001365,Leonardo Henrique da Silva,CRECI - Conselho Regional de Corretores de Imóveis - 2ª Região,,Ativo,Cível Administrativo,Exercício ilegal da profissão
2025/001358,João Vitor da Conceição Costa,CRECI - Conselho Regional de Corretores de Imóveis - 2ª Região,,Ativo,Cível Administrativo,Exercício ilegal da profissão
2025/001369,Gabriel Guarnetti de Moraes,CRECI - Conselho Regional de Corretores de Imóveis - 2ª Região,,Ativo,Cível Administrativo,Exercício ilegal da profissão
2025/001366,Emerson Elias de Almeida Saraiva,CRECI - Conselho Regional de Corretores de Imóveis - 2ª Região,,Ativo,Cível Administrativo,Exercício ilegal da profissão
2025/001349,Carolina Cavalcante Quoos,CRECI - Conselho Regional de Corretores de Imóveis - 2ª Região,,Ativo,Cível Administrativo,Exercício ilegal da profissão
1003910-30.2025.8.26.0038,Pacaembu Araras 392 - Empreendimento Imobiliario LTDA,Prefeitura Municipal de Araras,Primeira Instância,Ativo,Cível,Aprovação de Projeto
1013916-94.2025.8.26.0071,Pacaembu Bauru Azevedo 2 - Empreendimento Imobiliário Ltda.,José Filho Araújo da Silva,Primeira Instância,Ativo,Cível,Devolução de sinal
1023149-55.2025.8.26.0576,Pacaembu São José do Rio Preto - Empreendimento Imobiliário Ltda.,Joice Cristina de Oliveira Souza,Primeira Instância,Arquivado,Cível,Vícios Construtivos
1011949-38.2025.8.26.0451,Pacaembu Construtora S/A,Matheus dos Santos Pacheco,Primeira Instância,Ativo,Cível,Caixa de Esgoto
1011789-13.2025.8.26.0451,Pacaembu Construtora S/A,Romilda Dinora Pereira,Segunda Instância,Ativo,Cível,Caixa de Esgoto
1011787-43.2025.8.26.0451,Pacaembu Construtora S/A,Delailton Barboza da Silva,Primeira Instância,Aguardando Citação,Cível,Caixa de Esgoto
1010721-28.2025.8.26.0451,Pacaembu Piracicaba Incorporadora Ltda.,Adriele Souza Regis,Primeira Instância,Ativo,Cível,Caixa de Esgoto
1010068-26.2025.8.26.0451,Pacaembu Piracicaba Incorporadora Ltda.,Guilherme de Moraes Alexandre,Primeira Instância,Ativo,Cível,Caixa de Esgoto
1010063-04.2025.8.26.0451,Pacaembu Piracicaba Incorporadora Ltda.,Benicia Maria da Silva,Primeira Instância,Ativo,Cível,Caixa de Esgoto
1009791-10.2025.8.26.0451,Pacaembu Construtora S/A,Richard Ryan Rigo,Primeira Instância,Ativo,Cível,Caixa de Esgoto
1009789-40.2025.8.26.0451,Pacaembu Construtora S/A,Jonas Andrade da Silva,Primeira Instância,Aguardando Citação,Cível,Caixa de Esgoto
1025730-43.2025.8.26.0576,Pacaembu São José do Rio Preto 336 - Empreendimento Imobiliário Ltda.,Réu desconhecido,Primeira Instância,Arquivado,Cível,Reintegração de posse
1506683-51.2024.8.26.0482,Pacaembu Construtora S/A,Guilherme Dias Braghin,Primeira Instância,Ativo,Criminal,Crime Ambiental
0010678-51.2025.5.15.0068,Pacaembu Construtora S/A,Deivid Lemos de Lima,Primeira Instância,Encerrado,Trabalhista,
0010679-36.2025.5.15.0068,Pacaembu Construtora S/A,Tercio dos Santos,Primeira Instância,Encerrado,Trabalhista,
0106-25,Pacaembu Construtora S/A,Larissa Caroline da Silva Olsen,,Ativo,,Poste
0105-25,Pacaembu Construtora S/A,Elaine Aparecida Dias,,Ativo,,Boletos
0104-25,Pacaembu São José do Rio Preto - Empreendimento Imobiliário Ltda.,Ana Francisca Gonçalves,,Ativo,,Boletos
0011100-10.2025.5.15.0041,Pacaembu Construtora S/A,Donizete Aparecido Ribeiro da Silva,Primeira Instância,Ativo,Trabalhista,
0103-25,Pacaembu São José do Rio Preto 336 - Empreendimento Imobiliário Ltda.,Jeremias,,Ativo,,Invasão
1001299-69.2025.8.26.0664,Pacaembu Votuporanga 366 - Empreendimento Imobiliário Ldta.,Anderson Loide da Silva,Primeira Instância,Ativo,Cível,Manutenção de vínculo contratual
0011191-69.2025.5.15.0116,Pacaembu Tatuí Caguassu - Empreendimento Imobiliário Ltda.,Samuel Jose de Sales,Primeira Instância,Encerrado,Trabalhista,
1048636-61.2024.8.26.0576,Urban Fortes Empreendimentos Imobiliários I Spe ltda,Roberto Carlos Calamari Junior,Primeira Instância,Arquivado,Cível,Ação Declaratória - Cobrança IPTU
1009470-72.2025.8.26.0451,Pacaembu Piracicaba Incorporadora Ltda.,Walton da Silva,Primeira Instância,Ativo,Cível,Caixa de Esgoto
1009469-87.2025.8.26.0451,Pacaembu Piracicaba Incorporadora Ltda.,Edna Mendes Pereira,Primeira Instância,Ativo,Cível,Caixa de Esgoto
1006167-55.2025.8.26.0320,Pacaembu Piracicaba Incorporadora Ltda.,Marcos Vinicius Carvalho Filho,Primeira Instância,Ativo,Cível,Vícios Construtivos
0102-25,Pacaembu Tatuí Caguassu - Empreendimento Imobiliário Ltda.,Prefeitura Municipal de Tatui,,Ativo,,Limpeza de Terreno
0101-25,Pacaembu Sinop 449 - Empreendimento Imobiliario LTDA,Denise Adriana da Silva,,Ativo,,Compra e Venda
0010869-90.2025.5.15.0070,Pacaembu Construtora S/A,Daniel Silva Barreto,Primeira Instância,Ativo,Trabalhista,
1009330-38.2025.8.26.0451,Pacaembu Construtora S/A,Anderson da Silva,Segunda Instância,Ativo,Cível,Caixa de Esgoto
0100-25,Pacaembu Construtora S/A,CETESB - Companhia Ambiental do Estado de São Paulo,,Ativo,,Cumprimento de TCRA
0099-25,Pacaembu Bauru Azevedo 2 - Empreendimento Imobiliário Ltda.,Paulina Britzig,,Ativo,,Comunicação sobre descontos e solicitação de documentos
0098-25,Pacaembu Piracicaba Incorporadora Ltda.,NM Carneiro Fundações e Locações,,Ativo,,Comunicação sobre descontos e solicitação de documentos
0097-25,Pacaembu Arapongas 2 - Empreendimento Imobiliarios Ltda.,Lta Obras de Alvenaria Ltda.,,Ativo,,Apresentação incompleta de documentação trabalhista
0096-25,Vida Nova Primavera do Leste 394 - Empreendimento Imobiliário Ltda,Carlos Rennan Brasil Lima,,Ativo,,Descumprimento de Obrigação Contratual
1002734-37.2025.8.26.0322,Pacaembu Construtora S/A,Marli Rosangela Cardoso de Carvalho Silva,Primeira Instância,Arquivado,Cível,Negativação indevida
0095-25,Vida Nova Botucatu - Empreendimento Imobiliário Ltda.,Bruna Domingues Lima Silveira,,Ativo,,Recursos Próprios
0094-25,Pacaembu Presidente Prudente III - Empreendimento Imobiliário Ltda.,Fabiano Alves da Silva,,Ativo,,Muro de Arrimo
0093-25,Poá Empreendimento Imobiliário Ltda,Iara Felismina de Oliveira Santos,,Ativo,,Registro da escritura de imóvel adquirido em leilão
0002928-69.2024.8.16.0192,Pacaembu Construtora S/A,Brigida Dal Molin,Segunda Instância,Ativo,Cível,Vícios Construtivos
0092-25,Pacaembu Construtora S/A,Prefeitura Municipal de Lins,,Ativo,,Muro de Arrimo
0091-25,E.w. Araraquara I - Empreendimento Imobiliário LTDA,Prefeitura do Município de Araraquara,,Ativo,,Resíduos de construção
5003442-82.2025.4.04.7009,Vida Nova Ponta Grossa - Empreendimento Imobiliário Ltda.,Suely Caroline Paes Babo Alves,Primeira Instância,Ativo,Cível,Vícios Construtivos
0090-25,Pacaembu Construtora S/A,Blockmix Concreto Ltda.,,Ativo,,Requerimento de informações
1021595-85.2025.8.26.0576,Urban Fortes Empreendimentos Imobiliários I Spe ltda,Suzy Nyhiara Amorim Estevam,Primeira Instância,Arquivado,Cível,Ação Declaratória - Cobrança IPTU
1000048-73.2025.8.26.0451,Pacaembu Piracicaba Incorporadora Ltda.,Erick Lucas da Silva Moraes,Segunda Instância,Ativo,Cível,Vícios Construtivos
0011166-24.2025.5.15.0062,Pacaembu Construtora S/A,Simone dos Santos,Primeira Instância,Encerrado,Trabalhista,
0000523-68.2025.5.23.0002,Pacaembu Construtora S/A,Francisco Jamilson da Silva,Primeira Instância,Encerrado,Trabalhista,
0000575-82.2025.5.22.0102,Pacaembu Construtora S/A,Helivelton Ramos Ferreira,Primeira Instância,Encerrado,Trabalhista,
1015969-39.2025.8.11.0015,Pacaembu Sinop 449 - Empreendimento Imobiliario LTDA,Prefeitura Municipal de Sinop,Segunda Instância,Ativo,Tributário,Cobrança indevida - ITBI
0006297-90.2025.8.16.0045,Pacaembu Construtora S/A,Antonio Ferreira de Assis,Primeira Instância,Ativo,Cível,Vícios Construtivos
1020447-39.2025.8.26.0576,Pacaembu Construtora S/A,Ana Julia Soares,Primeira Instância,Ativo,Cível,Vícios Construtivos
1009498-40.2025.8.26.0451,Pacaembu Piracicaba Incorporadora Ltda.,Thais Gomes Leme Garcia,Primeira Instância,Ativo,Cível,Vícios Construtivos
0089-25,Pacaembu Construtora S/A,Danielle dos Anjos Nascimento,,Ativo,,Vícios Construtivos
1019277-32.2025.8.26.0576,Urban Fortes Empreendimentos Imobiliários I Spe ltda,Lucelaine Aparecida Cristiano Simão Santos,Primeira Instância,Arquivado,Cível,Ação Declaratória - Cobrança IPTU
0088-25,Pacaembu Piratininga 464 - Empreendimento Imobiliario LTDA,Promotoria de Justiça de Piratininga,,Ativo,,Dano ambiental
0087-25,Pacaembu Água Santa - Empreendimento Imobiliário Ltda.,Carla Maria da Costa,,Ativo,,Registro na matrícula
1011370-66.2025.8.26.0071,Pacaembu Tatuí Caguassu - Empreendimento Imobiliário Ltda.,M8 Soluções e Serviços de Apoio a Edifícios Ltda.,Primeira Instância,Arquivado,Cível,Ação de Cobrança
1011368-96.2025.8.26.0071,Pacaembu Tatuí Caguassu - Empreendimento Imobiliário Ltda.,M8 Soluções e Serviços de Apoio a Edifícios Ltda.,Primeira Instância,Arquivado,Cível,Ação de Cobrança
1011366-29.2025.8.26.0071,Salto de Pirapora Empreendimento Imobiliário,M8 Soluções e Serviços de Apoio a Edifícios Ltda.,Primeira Instância,Arquivado,Cível,Ação de Cobrança
1011364-59.2025.8.26.0071,Vida Nova Salto de Pirapora - Empreendimento Imobiliário Ltda.,M8 Soluções e Serviços de Apoio a Edifícios Ltda.,Primeira Instância,Arquivado,Cível,Ação de Cobrança
1011363-74.2025.8.26.0071,Pacaembu Presidente Prudente III - Empreendimento Imobiliário Ltda.,M8 Soluções e Serviços de Apoio a Edifícios Ltda.,Primeira Instância,Arquivado,Cível,Ação de Cobrança
1011362-89.2025.8.26.0071,Pacaembu Ourinhos Constante 2 - Empreendimento Imobiliário,M8 Soluções e Serviços de Apoio a Edifícios Ltda.,Primeira Instância,Arquivado,Cível,Ação de Cobrança
1011361-07.2025.8.26.0071,Pacaembu Ourinhos Constante - Empreendimento Imobiliário Ltda.,M8 Soluções e Serviços de Apoio a Edifícios Ltda.,Primeira Instância,Arquivado,Cível,Ação de Cobrança
1011360-22.2025.8.26.0071,Pacaembu Marilia Altos do Palmital 379 - Empreendimento Imobiliario LTDA,M8 Soluções e Serviços de Apoio a Edifícios Ltda.,Primeira Instância,Arquivado,Cível,Ação de Cobrança
1011359-37.2025.8.26.0071,Pacaembu Lins III - Empreendimento Imobiliario Spe Ltda,M8 Soluções e Serviços de Apoio a Edifícios Ltda.,Primeira Instância,Arquivado,Cível,Ação de Cobrança
1011357-67.2025.8.26.0071,Pacaembu Lins Arzani 389 - Empreendimento Imobiliário Ltda,M8 Soluções e Serviços de Apoio a Edifícios Ltda.,Primeira Instância,Arquivado,Cível,Ação de Cobrança
1011356-82.2025.8.26.0071,Pacaembu Botucatu Verônica - Empreendimento Imobiliário Ltda.,M8 Soluções e Serviços de Apoio a Edifícios Ltda.,Primeira Instância,Arquivado,Cível,Ação de Cobrança
1011354-15.2025.8.26.0071,Pacaembu Assis 370 - Empreendimento Imobiliário Ltda.,M8 Soluções e Serviços de Apoio a Edifícios Ltda.,Primeira Instância,Arquivado,Cível,Ação de Cobrança
1021311-77.2025.8.26.0576,Pacaembu Água Santa - Empreendimento Imobiliário Ltda.,Alexandre Eleno de Oliveira,Primeira Instância,Ativo,Cível,Consignação em pagamento
0010671-53.2025.5.15.0070,Pacaembu Construtora S/A,Francisco Matias dos Santos,Primeira Instância,Ativo,Trabalhista,
1020950-88.2025.8.26.0114,Pacaembu Piracicaba Incorporadora Ltda.,Izildinha Silvia Rosa de Oliveira,Primeira Instância,Ativo,Cível,Caixa de Esgoto
1019349-19.2025.8.26.0576,Pacaembu São José do Rio Preto - Empreendimento Imobiliário Ltda.,Antônio Ronnald Lima Araujo,Primeira Instância,Ativo,Cível,Vícios Construtivos
1010140-86.2025.8.26.0071,Pacaembu Bauru II- Empreendimento Imobiliário Ltda.,Diego Rafael da Silva,Primeira Instância,Arquivado,Cível,Alienação Fiduciária
1009912-14.2025.8.26.0071,Pacaembu Bauru - Empreendimento Imobiliário Ltda.,Gerson Gustavo Rocha da Silva,Segunda Instância,Ativo,Cível,Vícios Construtivos
1008598-57.2025.8.26.0451,Pacaembu Construtora S/A,João Victor Domingos de Camargo Paschoal,Primeira Instância,Arquivado,Cível,Caixa de Esgoto
0011030-65.2025.5.15.0017,Pacaembu Construtora S/A,Marcelo de Souza,Primeira Instância,Ativo,Trabalhista,
1016761-39.2025.8.26.0576,Pacaembu Água Santa - Empreendimento Imobiliário Ltda.,Gessica Mendonça de Oliveira,Primeira Instância,Ativo,Cível,Vícios Construtivos
0086-25,Pacaembu Construtora S/A,Tribunal de Justiça do Estado de São Paulo,,Ativo,,Envio de contrato
0010925-87.2025.5.15.0082,Pacaembu Construtora S/A,David dos Santos Honorio da Silva,Primeira Instância,Encerrado,Trabalhista,
0085-25,Gold Land Empreendimentos Imobiliários Ltda,Prefeitura Municipal de Marília,,Ativo,,Expedição de CND
0084-25,Pacaembu Votuporanga 366 - Empreendimento Imobiliário Ldta.,Superintendencia de Água e Esgoto e Meio Ambiente de Votuporanga,,Ativo,,Ocorrência relacionada ao teste de carga e reembolso ao SAEV
0011058-61.2025.5.15.0137,Pacaembu Construtora S/A,Gabriel Alves de Souza Junior,Primeira Instância,Ativo,Trabalhista,
1001268-44.2025.5.02.0025,Pacaembu Construtora S/A,Juliana Cattinne Fernandes,Segunda Instância,Ativo,,
0005948-87.2025.8.16.0045,Pacaembu Construtora S/A,Josilene de Fátima Juliano Carvalho,Primeira Instância,Ativo,Cível,Vícios Construtivos
0010989-60.2025.5.15.0062,Pacaembu Construtora S/A,Rafael dos Santos Cirqueira,Primeira Instância,Encerrado,Trabalhista,
0010946-64.2025.5.15.0017,Pacaembu Construtora S/A,Paulo Sergio Batista,Primeira Instância,Ativo,Trabalhista,
0005787-77.2025.8.16.0045,Pacaembu Construtora S/A,Rogério de Souza,Primeira Instância,Ativo,Cível,Vícios Construtivos
0000709-29.2025.5.18.0003,Pacaembu Construtora S/A,Diego dos Santos Ferreira,Primeira Instância,Encerrado,Trabalhista,
1505730-79.2021.8.26.0066,Gold Land Barretos,Prefeitura Municipal de Barretos,Primeira Instância,Ativo - não Pacaembu,Cível,Execução Fiscal - IPTU
0083-25,Pacaembu Bauru II- Empreendimento Imobiliário Ltda.,Prefeitura Municipal de Bauru,,Ativo,,Limpeza de Terreno
0082-25,Pacaembu Itapetininga Cristovao Colombo,Prefeitura de Itapetininga,,Ativo,,Limpeza de Terreno
0081-25,Haus Compra e Venda de Bens Imóveis Ltda.,Município São José do Rio Preto,,Ativo,,Limpeza de Terreno
0080-25,Haus Compra e Venda de Bens Imóveis Ltda.,Município de Botucatu,,Ativo,,Dívida Ativa - IPTU
0010650-09.2025.5.15.0028,Pacaembu Catanduva III - Empreendimento Imobiliário Ltda.,Márcio dos Santos,Primeira Instância,Ativo,Trabalhista,
0079-25,Pacaembu Construtora S/A,Thiago de Mello Azevedo Guilherme,,Ativo,,Cobrança indevida - IPTU
0005620-60.2025.8.16.0045,Pacaembu Construtora S/A,Kawane Bruzaferro Carvalho,Segunda Instância,Ativo,Cível,Vícios Construtivos
0010168-08.2025.5.15.0078,Salto de Pirapora Empreendimento Imobiliário,Brian Rodrigues Silverio,Primeira Instância,Encerrado,Trabalhista,
0010437-78.2025.5.15.0100,Pacaembu Construtora S/A,Erico José Alves Neto,Primeira Instância,Ativo,Trabalhista,
1050059-09.2023.8.26.0506,Poá Empreendimento Imobiliário Ltda,Prefeitura de Ribeirão Preto,Primeira Instância,Ativo,Tributário,Execução Fiscal - IPTU
0010350-19.2025.5.15.0005,Terra Nova Pindamonhangaba - Empreendimento Imobiliário Ltda.,Jorge Luis Sebastião,Primeira Instância,Encerrado,Trabalhista,
1009840-40.2025.8.26.0196,Pacaembu Construtora S/A,Maria Gabriela Molina Mendes,Segunda Instância,Ativo,Cível,Vícios Construtivos
1007163-48.2025.8.26.0451,Pacaembu Piracicaba Incorporadora Ltda.,Tatiane Cristiane Coelho Barbosa,Primeira Instância,Ativo,Cível,Vícios Construtivos
1001840-08.2025.8.26.0663,Pacaembu Construtora S/A,Regina Aparecida Vieira Leite,Segunda Instância,Ativo,Cível,Obrigação de Fazer / Não Fazer
0047-25,Pacaembu Construtora S/A,Gabriel Camargo Kraus,,Ativo,,Erosão
1513069-72.2025.8.26.0576,Pacaembu São José do Rio Preto - Empreendimento Imobiliário Ltda.,Município São José do Rio Preto,Primeira Instância,Ativo,Tributário,Execução Fiscal - IPTU
1513862-11.2025.8.26.0576,Pacaembu São José do Rio Preto - Empreendimento Imobiliário Ltda.,Município São José do Rio Preto,Primeira Instância,Ativo,Tributário,Execução Fiscal - IPTU
0078-25,Pacaembu Construtora S/A,Câmara Municipal de Lins,,Ativo,,Manutenção da iluminação
0077-25,Poá Empreendimento Imobiliário Ltda,Prefeitura de Ribeirão Preto,,Ativo,,Limpeza de Terreno
0076-25,Poá Empreendimento Imobiliário Ltda,Prefeitura de Ribeirão Preto,,Ativo,,Mureta
0075-25,Pacaembu Itapetininga Copacabana 443 - Empreendimento Imobiliário LTDA.,Nubia dos Santos Henrique,,Ativo,,Exoneração de fiança
0074-25,Vida Nova Primavera do Leste 394 - Empreendimento Imobiliário Ltda,Paula Barrack Instalações Elétrica e Hidráulica Ltda,,Ativo,,Rescisão contratual
0073-25,Pacaembu Construtora S/A,Tribunal de Justiça do Estado de São Paulo,,Ativo,,Desconto em folha
0072-25,Pacaembu Construtora S/A,Murilo Yuri Teixeira Soares,,Ativo,,Muro de Arrimo
0071-25,Pacaembu Construtora S/A,Iara Rafaela de Alemida,,Ativo,,Boletos
0070-25,Pacaembu Marilia Altos do Palmital 379 - Empreendimento Imobiliario LTDA,Jefferson Klem de Almeida,,Ativo,,Recursos Próprios
0069-25,Pacaembu Itapetininga Cristovao Colombo,Prefeitura de Itapetininga,,Ativo,,Limpeza de Terreno
0068-25,Pacaembu Tatuí Caguassu - Empreendimento Imobiliário Ltda.,Prefeitura Municipal de Tatui,,Ativo,,Limpeza de Terreno
0067-25,Pacaembu Piracicaba Incorporadora Ltda.,Condomínio Residencial Nova Suíça Ii,,Ativo,,Medida preventiva
0000243-74.2025.5.09.0071,Pacaembu Cafelândia - 364 - Empreendimento Imobiliário Ltda.,Elaine da Luz Oliveira,Primeira Instância,Encerrado,Trabalhista,
1007504-74.2025.8.26.0451,Pacaembu Piracicaba Incorporadora Ltda.,José Emilio dos Santos de Jesus,Primeira Instância,Ativo,Cível,Vícios Construtivos
1008845-14.2025.8.26.0071,Pacaembu Assis 371 Empreendimento Imobiliário Ltda.,Sermov - Vigilancia e Segurança Patrimonial Ltda.,Primeira Instância,Ativo,Cível,Execução de Título Extrajudicial
1513071-42.2025.8.26.0576,Pacaembu São José do Rio Preto - Empreendimento Imobiliário Ltda.,Município São José do Rio Preto,Primeira Instância,Ativo,Tributário,Execução Fiscal - IPTU
1003857-03.2025.8.26.0506,Poá Empreendimento Imobiliário Ltda,Alexander Rodrigo Crepaldi,Primeira Instância,Ativo,Cível,Vícios Construtivos
0004456-85.2024.8.16.0048,Pacaembu Construtora S/A,Ricardo Mauricio de Souza,Primeira Instância,Ativo,Cível,Vícios Construtivos
0066-25,Pacaembu Sinop 449 - Empreendimento Imobiliario LTDA,Franiele Quirino Dos Santos,,Ativo,,Condições contratuais
0065-25,Pacaembu Araçatuba I - Empreendimento Imobiliário LTDA,Frank Antonio Paiva Rodrigues,,Ativo,,Vícios Construtivos
0064-25,Pacaembu Assis 371 Empreendimento Imobiliário Ltda.,Robson Pereira dos Santos LTDA,,Ativo,,Descumprimento de Obrigação Contratual
1511858-98.2025.8.26.0576,Pacaembu São José do Rio Preto - Empreendimento Imobiliário Ltda.,Município São José do Rio Preto,Primeira Instância,Ativo,Tributário,Execução Fiscal - IPTU
0063-25,Poá Empreendimento Imobiliário Ltda,Prefeitura de Ribeirão Preto,,Ativo,,Mureta
1053146-56.2025.8.26.0100,Pacaembu Assis 371 Empreendimento Imobiliário Ltda.,Sermov - Vigilancia e Segurança Patrimonial Ltda.,Primeira Instância,Ativo,Cível,Sustação de Protesto
0005137-30.2025.8.16.0045,Pacaembu Construtora S/A,Elisangela Marcondes Leal,Segunda Instância,Ativo,Cível,Vícios Construtivos
0010389-15.2025.5.15.0070,Pacaembu Catanduva III - Empreendimento Imobiliário Ltda.,Thiago Manoel da Silva,Primeira Instância,Ativo,Trabalhista,
0010385-75.2025.5.15.0070,Pacaembu Catanduva III - Empreendimento Imobiliário Ltda.,Guilherme Augusto da Conceição Santos,Primeira Instância,Encerrado,Trabalhista,
0010811-92.2025.5.15.0133,Pacaembu Construtora S/A,Fabiano da Silva Nogueira,Primeira Instância,Ativo,Trabalhista,
0010895-68.2025.5.15.0012,Pacaembu Piracicaba Com Viva - Empreendimento Imobiliário Ltda.,Luiz Batista do Nascimento,Primeira Instância,Encerrado,Trabalhista,
0062-25,Pacaembu Piracicaba Incorporadora Ltda.,VR7 Construções Ltda,,Ativo,,Rescisão contratual
0061-25,Vida Nova Goiás II - Empreendimento Imobiliário LTDA,Defensoria Pública da União,,Ativo,,Solicitação de informações
0060-25,Pacaembu São José do Rio Preto - Empreendimento Imobiliário Ltda.,Prefeitura de São José do Rio Preto,,Ativo,,Limpeza de Terreno
0195.0000442/2025,Pacaembu Construtora S/A,Promotoria de Justiça Cível de Araraquara,,Ativo,Procedimento Administrativo,Impacto ambiental
0059-25,Pacaembu Construtora S/A,Diego Fernando Meira dos Santos,,Ativo,,Informações
0058-25,Pacaembu Água Santa - Empreendimento Imobiliário Ltda.,Luis Fernando Borges,,Ativo,,Vícios Construtivos
1012256-05.2025.8.26.0576,Urban Fortes Empreendimentos Imobiliários I Spe ltda,Fabio Alexandre Mello,Primeira Instância,Arquivado,Cível,Ação Declaratória - Cobrança IPTU
0004772-73.2025.8.16.0045,Pacaembu Construtora S/A,Claudia Renata Domingos,Primeira Instância,Ativo,Cível,Vícios Construtivos
0003441-56.2025.8.16.0045,Pacaembu Construtora S/A,Aline Alecio de Almeida,Primeira Instância,Ativo,Cível,Vícios Construtivos
5000704-48.2024.4.03.6116,Pacaembu Assis 371 Empreendimento Imobiliário Ltda.,Edna Benato,Primeira Instância,Ativo,Cível,Ação de Rescisão Contratual - Alienação Fiduciária
0057-25,Pacaembu Construtora S/A,Osmar Rodrigues dos Santos Junior,,Ativo,,Renegociação
1004329-72.2025.8.26.0451,Pacaembu Piracicaba Com Viva - Empreendimento Imobiliário Ltda.,Guilherme Henrique da Silva Manoel,Primeira Instância,Ativo,Cível,Vícios Construtivos e muro de arrimo
1007604-05.2025.8.26.0071,Pacaembu Bauru - Empreendimento Imobiliário Ltda.,Marlos Mendes Pimenta,Primeira Instância,Ativo,Cível,Vícios Construtivos
1001025-23.2025.8.26.0368,Pacaembu Construtora S/A,Igor Gomes de Andrade,Segunda Instância,Ativo,Cível,Vícios Construtivos
1005066-38.2025.8.26.0625,Pacaembu Taubate - Empreendimento Imobiliário LTDA,Prefeitura Municipal de Taubaté,Primeira Instância,Ativo,Tributário,Cobrança indevida - ITBI
0056-25,Haus Compra e Venda de Bens Imóveis Ltda.,Prefeitura Municipal de Tatui,,Ativo,,Uso de fogo em terreno
0156.0000198/2025,Pacaembu Construtora S/A,Promotoria de Ribeirão Preto,Primeira Instância,Arquivado,Inquérito Civil,Entrega de contrapartida
0004101-50.2025.8.16.0045,Pacaembu Construtora S/A,Claudemir Maria Trevisan,Segunda Instância,Ativo,Cível,Vícios Construtivos
0010719-90.2025.5.15.0044,Pacaembu Construtora S/A,Jocilene Santos de Jesus,Primeira Instância,Ativo,Trabalhista,
0010146-06.2025.5.15.0027,Pacaembu Votuporanga 366 - Empreendimento Imobiliário Ldta.,Marcelo Alves Simoes,Primeira Instância,Encerrado,Trabalhista,
0010381-97.2025.5.15.0115,Pacaembu Presidente Prudente - Empreendimento Imobiliário Ltda.,José Roberto Matias de Araujo,Primeira Instância,Ativo,Trabalhista,
1001513-87.2025.8.26.0073,Haus Compra e Venda de Bens Imóveis Ltda.,Prefeitura Municipal de Avaré,Primeira Instância,Ativo,Tributário,Execução Fiscal
0005951-23.2025.8.16.0019,Pacaembu Construtora S/A,Leonardo Ezequias de Oliveira,Primeira Instância,Ativo,Cível,Ação de Cobrança
1004992-59.2025.8.26.0309,Pacaembu Construtora S/A,Zilda de Almeida Silva,Primeira Instância,Aguardando Citação,Cível,Usucapião Extraordinário
5001821-92.2025.4.03.6325,Pacaembu Bauru Azevedo - Empreendimento Imobiliário Ltda.,Debora Rodrigues Gabriel,Primeira Instância,Ativo,Cível,Tutela Cautelar Antecedente
1000327-73.2025.8.26.0414,Pacaembu Construtora S/A,Regiane Fernandes Montanari,Primeira Instância,Ativo,Cível,Negativação indevida
0050-25,Pacaembu Construtora S/A,Caixa Econômica Federal CEF,,Ativo,,Vícios Construtivos
1004907-35.2025.8.26.0451,Pacaembu Construtora S/A,Maria Marta Pequeno,Primeira Instância,Arquivado,Cível,Muro de Arrimo
1010977-97.2025.8.26.0506,Poá Empreendimento Imobiliário Ltda,Thereza Ferreira da Silva,Primeira Instância,Arquivado,Cível,Alienação Fiduciária
0010686-27.2025.5.15.0133,Pacaembu Construtora S/A,David dos Santos de Almeida Correa,Primeira Instância,Encerrado,Trabalhista,
0010328-64.2025.5.15.0100,Pacaembu Assis 371 Empreendimento Imobiliário Ltda.,Luciano Farias Vitalino,Primeira Instância,Ativo,Trabalhista,
0055-25,Nova Catanduva III - Empreendimentos Imobiliários SPE LTDA,Município de Catanduva,,Ativo,,Limpeza de Terreno
0054-25,Pacaembu Itapetininga Copacabana 443 - Empreendimento Imobiliário LTDA.,Solution Elétrica e Hidráulica Ltda,,Ativo,,Devolução de Veículo
0053-25,Pacaembu Construtora S/A,Movida Participações S/A,,Ativo,,Devolução de Veículo
0052-25,Pacaembu Construtora S/A,Rita de Cassia Costa Brito,,Ativo,,Envio de documentos
0051-25,Pacaembu Construtora S/A,Polícia Civil do Paraná,,Ativo,,Envio de documentos
0000384-37.2025.5.22.0102,Pacaembu Construtora S/A,Auricélio Ferreira Lima,Primeira Instância,Encerrado,Trabalhista,
1510347-65.2025.8.26.0576,Haus Compra e Venda de Bens Imóveis Ltda.,Município São José do Rio Preto,Primeira Instância,Arquivado,Cível,Execução Fiscal - IPTU
1005593-56.2025.8.26.0506,Poá Empreendimento Imobiliário Ltda,Andressa Danielle de Araújo Melo,Primeira Instância,Ativo,Cível,Alienação Fiduciária
0016079-69.2025.5.16.0014,Pacaembu Ponta Grossa 456 - Empreendimento Imobiliario LTDA,Iramilton da SIlva Cavalcante,,Encerrado,Trabalhista,
0010333-05.2025.5.15.0030,Pacaembu Construtora S/A,Carolina Marques dos Santos,Primeira Instância,Ativo,Trabalhista,
0059109-42.2024.8.16.0014,Pacaembu Construtora S/A,Marlene Cristina Modeneis,Segunda Instância,Arquivado,Cível,Vícios Construtivos e muro de arrimo
0010319-21.2025.5.15.0030,Pacaembu Construtora S/A,Alcimar Souza Bonfim,Primeira Instância,Ativo,Trabalhista,
0010596-19.2025.5.15.0133,Pacaembu Construtora S/A,Rogerio Barbosa da SIlva,Primeira Instância,Ativo,Trabalhista,
0010904-91.2024.5.15.0100,Pacaembu Presidente Prudente Recanto dos Passaros 402 - Empreendimento Imobiliario LTDA,Rogerio Luis Prior,Primeira Instância,Encerrado,Trabalhista,
0000282-93.2025.5.09.0678,Pacaembu Construtora S/A,Gabriel Alves de Souza Junior,Primeira Instância,Encerrado,Trabalhista,
0049-25,Pacaembu Assis 371 Empreendimento Imobiliário Ltda.,Sermov - Vigilancia e Segurança Patrimonial Ltda.,,Ativo,,Comunicação
0007798-60.2025.8.16.0019,Pacaembu Construtora S/A,Gilson Ferreira Hilgemberg,Primeira Instância,Arquivado,Cível,Negativação indevida
0048-25,Pacaembu Construtora S/A,Rodrigo Antônio dos Santos Filho,,Ativo,,Renegociação
0046-25,Vida Nova Cuiabá - Empreendimento Imobiliário Ltda.,Erc Administradora E Consultoria,,Ativo,,Comunicação de rescisão
0045-25,Pacaembu Bauru Azevedo 2 - Empreendimento Imobiliário Ltda.,Rebeca Eusébio Bettoni,,Ativo,,Distrato
5016959-40.2023.4.04.7005,Pacaembu Construtora S/A,Robson Gomes da Silva,Segunda Instância,Ativo,Cível,Ação de Rescisão Contratual
1008708-69.2025.8.26.0576,Pacaembu Construtora S/A,Maisa Pasquoto Giocondo Finati,Primeira Instância,Ativo,Cível,Ação Declaratória - Cobrança IPTU
0044-25,Pacaembu Construtora S/A,Prefeitura Municipal de Presidente Prudente,,Ativo,,Reparo de inclinação
0043-25,Haus Compra e Venda de Bens Imóveis Ltda.,Prefeitura Municipal de Lins,,Ativo,,Limpeza de Terreno
1011854-42.2024.8.26.0451,Pacaembu Piracicaba Incorporadora Ltda.,Marcos Sampaio Rodrigues,Primeira Instância,Ativo,Cível,Vícios Construtivos
0000254-47.2025.5.22.0102,Pacaembu Construtora S/A,Valdineide da Costa Pamplona,Primeira Instância,Encerrado,Trabalhista,
0042-25,Pacaembu Construtora S/A,Maykon Douglas Furniel Coelho,,Ativo,,Convênio médico
0041-25,Pacaembu Tatuí Caguassu - Empreendimento Imobiliário Ltda.,Prefeitura Municipal de Tatui,,Ativo,,Limpeza de Terreno
0040-25,Pacaembu São José do Rio Preto - Empreendimento Imobiliário Ltda.,Marcelo Lisboa Gonçalves de Queiroz,,Ativo,,Rescisão Contratual
0039-25,Pacaembu Construtora S/A,Katia Juliana Sesso Alves,,Ativo,,Vícios Construtivos
1002913-02.2025.8.26.0344,Pacaembu Lins III - Empreendimento Imobiliario Spe Ltda,Francieli Feltri Limão,Segunda Instância,Ativo,Cível,Vícios Construtivos
1026696-40.2024.8.26.0576,Pacaembu Papa Empreendimento Imobiliário Ltda,Mariana da Silva Oliveira,Primeira Instância,Ativo,Cível,Ação de Rescisão Contratual
1006126-96.2025.8.26.0576,Urban Fortes Empreendimentos Imobiliários I Spe ltda,Marcia Antonia Guioti Ribeiro,Primeira Instância,Arquivado,Cível,Ação Declaratória - Cobrança IPTU
1003734-73.2025.8.26.0451,Pacaembu Piracicaba Incorporadora Ltda.,Vagner Gonçalves dos Santos,Primeira Instância,Ativo,Cível,Vícios Construtivos
0038-25,Pacaembu Construtora S/A,Tribunal de Justiça do Distrito Federal e dos Territórios,,Ativo,,Requisição informações
0037-25,Pacaembu Construtora S/A,Kelly Cristina Pires do Nascimento,,Ativo,,Envio de contratos
1008806-54.2025.8.26.0576,Pacaembu Água Santa - Empreendimento Imobiliário Ltda.,Airton Nogueira,Primeira Instância,Ativo,Cível,Pagamento em Consignação
1001215-77.2025.8.26.0079,Pacaembu Construtora S/A,Giulia Gabrielly de Oliveira Luvizotto,Primeira Instância,Arquivado,Cível,Boletos
1003908-58.2025.8.26.0071,Pacaembu Bauru II- Empreendimento Imobiliário Ltda.,Sergio Dias,Primeira Instância,Arquivado,Cível,Ação de Rescisão Contratual - Alienação Fiduciária
0000177-73.2025.5.09.0660,Pacaembu Construtora S/A,Suelen Aparecida Bueno de Oliveira,Primeira Instância,Encerrado,Trabalhista,
1001392-32.2025.8.26.0664,Pacaembu Construtora S/A,Alecxandra Menezes Ramos,Primeira Instância,Ativo,Cível,Vícios Construtivos
0000097-77.2025.5.09.0024,Pacaembu Ponta Grossa 456 - Empreendimento Imobiliario LTDA,Paulo de Moraes da Silva Rabelo,Primeira Instância,Encerrado,Trabalhista,
0083917-14.2024.8.16.0014,Pacaembu Construtora S/A,Israel Antônio Pina,Primeira Instância,Ativo,Cível,Cobrança indevida - ITBI
0036-25,Vida Nova Ponta Grossa - Empreendimento Imobiliário Ltda.,Eng. Carlos Botelho Junior Ltda.,,Encerrado,,Desmobilização de pessoas
1002897-91.2025.8.26.0071,Pacaembu Construtora S/A,Lidia Maria Caldeira,Primeira Instância,Ativo,Cível,Obrigação de fazer
1002511-89.2025.8.26.0482,Pacaembu Presidente Prudente - Empreendimento Imobiliário Ltda.,Romildo Alvez Lemos,Primeira Instância,Arquivado,Cível,Negativação indevida
0010197-86.2025.5.15.0101,Pacaembu Construtora S/A,Jair Soares da Silva,Primeira Instância,Ativo,Trabalhista,
0010145-84.2025.5.15.0103,Pacaembu Construtora S/A,Elisabete Faustino,Primeira Instância,Encerrado,Trabalhista,
0035-25,Pacaembu São José do Rio Preto - Empreendimento Imobiliário Ltda.,Camila Oliveira de Sá,,Ativo,,Renegociação de Dívidas
0034-25,Pacaembu Construtora S/A,Luana Silva dos Santos,,Ativo,,Distrato
1506554-72.2024.8.26.0344,Ej Administração de Bens Eireli,Prefeitura Municipal de Marília,Primeira Instância,Ativo - não Pacaembu,Cível,Execução Fiscal - IPTU
2024/002582,Suzana Marina de Oliveira Baraldi,CRECI - Conselho Regional de Corretores de Imóveis - 2ª Região,,Ativo,Cível Administrativo,Exercício ilegal da profissão
1002776-63.2025.8.26.0071,Pacaembu Construtora S/A,Jorge Eduardo Pedroso Vigentini,Primeira Instância,Ativo,Cível,Vícios Construtivos
1002326-47.2025.8.26.0451,Pacaembu Construtora S/A,Ricardo Aparecido Projette,Primeira Instância,Ativo,Cível,Vícios Construtivos e Caixa de Esgoto
1000961-07.2025.8.26.0079,Pacaembu Construtora S/A,Diego Augusto Paula Romero,Primeira Instância,Ativo,Cível,Vícios Construtivos
0033-25,Pacaembu Bauru Azevedo - Empreendimento Imobiliário Ltda.,Mayara Teixeira da Silva,,Ativo,,Exoneração de Fiança
1002259-82.2025.8.26.0451,Pacaembu Construtora S/A,Gustavo Ferreira de Souza,Segunda Instância,Ativo,Cível,Vícios Construtivos
0000139-20.2025.5.09.0124,Pacaembu Construtora S/A,Ketelyn da Silva Monteiro,Primeira Instância,Encerrado,Trabalhista,
0032-25,Pacaembu Construtora S/A,Lucas Almeida Gabriel,,Ativo,,Vícios Construtivos
1053929-19.2023.8.26.0100,Vida Nova Botucatu - Empreendimento Imobiliário Ltda.,Banco Bradesco S/A,Primeira Instância,Ativo - não Pacaembu,Cível,Lote penhorado
0031-25,Pacaembu Votuporanga 366 - Empreendimento Imobiliário Ldta.,Gabriel Henrique de Souza Martinez,,Ativo,,Rescisão Contratual
1047841-55.2024.8.26.0576,Urban Fortes Empreendimentos Imobiliários I Spe ltda,Expedito Batista,Primeira Instância,Arquivado,Cível,Ação Declaratória - Cobrança IPTU
0030-25,Pacaembu Construtora S/A,Jorge Eduardo Pedroso Vigentini,,Ativo,,
1002298-79.2025.8.26.0451,Pacaembu Piracicaba Incorporadora Ltda.,Eliene Rodrigues da Silva,Primeira Instância,Ativo,Cível,Vícios Construtivos
0000038-02.2025.5.06.0371,Pacaembu Construtora S/A,Josival Feitosa da Silva,,Encerrado,Trabalhista,
0029-25,Pacaembu Arapongas 1 - Empreendimento Imobiliário Ltda.,Prefeitura Municipal de Arapongas,,Ativo,,Limpeza de Terreno
0011275-46.2024.5.15.0103,Pacaembu Araçatuba I - Empreendimento Imobiliário LTDA,Ana Paula Ferreira dos Santos Custodio,Primeira Instância,Encerrado,Trabalhista,
1000114-34.2025.5.02.0043,Pacaembu Construtora S/A,K.s.d.f.,,Encerrado,Trabalhista,
0028-25,Pacaembu Construtora S/A,Tribunal de Justiça do Estado do Paraná,,Ativo,,Penhora em folha de pagamento
1001209-21.2025.8.26.0451,Pacaembu Piracicaba Com Viva - Empreendimento Imobiliário Ltda. (Filial),Vinicius Henrique Soares,Segunda Instância,Ativo,Cível,Vícios Construtivos
0027-25,Pacaembu Taubate - Empreendimento Imobiliário LTDA,Imperio Construção Ltda,,Ativo,,Ausência de documentos
0010312-96.2025.5.15.0137,Pacaembu Construtora S/A,Cerlandia Santos de Oliveira Paixão,Primeira Instância,Ativo,Trabalhista,
0026-25,Pacaembu Construtora S/A,Erico José Alves Neto,,Ativo,,Apólice coletiva de seguro de vida
0025-25,Pacaembu Construtora S/A,Weliton Aparecido Ternoski,,Ativo,,Renegociação de Dívidas
0024-25,Pacaembu Piracicaba Incorporadora Ltda.,Lastroseg Seguranca Privada,,Ativo,,Ausência de integração
0023-25,Pacaembu Construtora S/A,Haryne Ucha Campos,,Encerrado,,Vícios Construtivos
0022-25,Pacaembu Construtora S/A,Câmara Municipal de Lins,,Ativo,,Manutenção da iluminação
1001666-53.2025.8.26.0451,Pacaembu Construtora S/A,Marcinelha Esteves Vieira,Primeira Instância,Ativo,Cível,Negativação indevida
0000445-04.2025.8.26.0079,Pacaembu Construtora S/A,Georgia Charlene Silva,Primeira Instância,Arquivado,Cível,Muro de Arrimo
1002886-18.2025.8.26.0506,Pacaembu Construtora S/A,Município de Ribeirão Preto,Segunda Instância,Ativo,Cível,Obrigação de Fazer / Não Fazer
2025/000212,Laison Henrique Braz Celes,CRECI - Conselho Regional de Corretores de Imóveis - 2ª Região,,Ativo,Cível Administrativo,Exercício ilegal da profissão
2024/002572,Ellen Cristina Silva Santos,CRECI - Conselho Regional de Corretores de Imóveis - 2ª Região,,Ativo,Cível Administrativo,Exercício ilegal da profissão
1007792-88.2024.8.26.0408,Pacaembu Ourinhos Constante - Empreendimento Imobiliário Ltda.,Gabriel Moraes Rodrigues Silva,Primeira Instância,Ativo,Cível,Recursos Próprios
0010099-87.2025.5.15.0041,Pacaembu Construtora S/A,Fernando Santana da Silva,Primeira Instância,Encerrado,Trabalhista,
0011123-96.2024.8.16.0045,Pacaembu Arapongas 1 - Empreendimento Imobiliário Ltda.,Janaine Pineti Francisco,Primeira Instância,Ativo,Cível,Vícios Construtivos e muro de arrimo
0021-25,Pacaembu Papa Empreendimento Imobiliário Ltda,Vitor Coimbra de Oliveira,,Ativo,,Conclusão de reparos
0020-25,Pacaembu Papa Empreendimento Imobiliário Ltda,Lenise Regina Vieira Santana,,Ativo,,Conclusão de reparos
0019-25,Pacaembu Papa Empreendimento Imobiliário Ltda,Alex Sandro Sensato Cruvinel,,Ativo,,Conclusão de reparos
0018-25,Pacaembu Papa Empreendimento Imobiliário Ltda,Ariane Fernanda Dias de Moraes,,Ativo,,Conclusão de reparos
0017-25,Pacaembu Construtora S/A,Prefeitura Municipal de Lins,,Ativo,,Danos Construtivos – Áreas externas (vizinhança/viela /obras públicas)
1001335-71.2025.8.26.0451,Pacaembu Construtora S/A,Enzio Ricardo de Sousa Santos,Primeira Instância,Ativo,Cível,Caixa de Esgoto
1002571-71.2025.8.26.0576,Pacaembu São José do Rio Preto - Empreendimento Imobiliário Ltda.,Matheus Sotelo da Silva,Segunda Instância,Ativo,Cível,Vícios Construtivos e muro de arrimo
1000589-09.2025.8.26.0451,Pacaembu Piracicaba Com Viva - Empreendimento Imobiliário Ltda. (Filial),Rivaldo da Silva,Primeira Instância,Ativo,Cível,Vícios Construtivos
0016-25,Poá Empreendimento Imobiliário Ltda,Michelle Cristina da Silva,,Ativo,,Desocupação de imóvel
0015-25,Pacaembu Votuporanga 366 - Empreendimento Imobiliário Ldta.,Anderson Loide da Silva,,Ativo,,Resolução unilateral
0065627-48.2024.8.16.0014,Pacaembu Construtora S/A,Israel Antônio Pina,Primeira Instância,Ativo,Cível,Vícios Construtivos e muro de arrimo
1525631-03.2019.8.26.0228,Julia Helena de Almeida Honda,Sergio Ricardo de Oliveira,Primeira Instância,Arquivado,Criminal,Furto
1046443-73.2024.8.26.0576,Urban Fortes Empreendimentos Imobiliários I Spe ltda,Fagner Fabiano Orlando,Primeira Instância,Arquivado,Cível,Ação Declaratória - Cobrança IPTU
1012424-68.2024.8.26.0664,Pacaembu Construtora S/A,Alef Henrique Correia da Silva,Primeira Instância,Arquivado,Cível,Devolução de valores - AF
0010062-35.2025.5.15.0017,Pacaembu Construtora S/A,Reginaldo dos Santos,Primeira Instância,Ativo,Trabalhista,
0010051-06.2025.5.15.0017,Pacaembu Construtora S/A,Fabiano de Jesus Nascimento,Primeira Instância,Encerrado,Trabalhista,
0014-25,Vida Nova Cuiabá II - Empreendimento Imobiliário Ltda,Ambar Energia S.A,,Encerrado,,Comunicação de conclusão de obra
0013-25,Pacaembu Construtora S/A,Maria Gabriela Molina Mendes,,Ativo,,Vícios Construtivos
0012-25,Pacaembu Loteadora – Olímpia IV Ltda.,Prefeitura Municipal de Olímpia,,Ativo,,Rede de drenagem
0012868-76.2024.5.15.0082,Pacaembu São José do Rio Preto 336 - Empreendimento Imobiliário Ltda.,Railson de Moura de Souza,Primeira Instância,Ativo,Trabalhista,
0010022-78.2025.5.15.0041,Pacaembu Construtora S/A,Rita de Cassia Alves Fogaca,Primeira Instância,Encerrado,Trabalhista,
0011-25,Pacaembu Construtora S/A,Ana Paula Tavares de Meira,,Encerrado,,Juros Caixa
0010-25,Pacaembu Construtora S/A,Antônio Ronnald Lima Araujo,,Encerrado,,Envio de contratos
0007-25,Pacaembu Itapetininga Copacabana 443 - Empreendimento Imobiliário LTDA.,Cinthia de Araujo Oliveira,,Ativo,,Devolução de sinal
1000372-63.2025.8.26.0451,Pacaembu Piracicaba Com Viva - Empreendimento Imobiliário Ltda.,Carlos Daniel Bento Coreiro da Silva,Primeira Instância,Arquivado,Cível,Muro de Arrimo
1000761-61.2025.8.26.0576,Pacaembu São José do Rio Preto - Empreendimento Imobiliário Ltda.,Lana Caroline Camargo,Primeira Instância,Ativo,Cível,Vícios Construtivos e muro de arrimo
1000711-35.2025.8.26.0576,Pacaembu São José do Rio Preto - Empreendimento Imobiliário Ltda.,Paola Tchetally dos Santos Lima,Primeira Instância,Ativo,Cível,Vícios Construtivos e muro de arrimo
1000682-82.2025.8.26.0576,Pacaembu São José do Rio Preto - Empreendimento Imobiliário Ltda.,Alexsandro José do Carmo,Segunda Instância,Ativo,Cível,Vícios Construtivos e muro de arrimo
0009-25,Vida Nova Primavera do Leste 394 Empreendimento Imobiliário ltda,Almeida Construção Ltda,,Encerrado,,Documentos
0008-25,Pacaembu Bauru Azevedo - Empreendimento Imobiliário Ltda.,Eng. Carlos Botelho Junior Ltda.,,Ativo,,Documentos
0012628-25.2024.8.16.0045,Pacaembu Construtora S/A,Wesley Igor de Souza,Primeira Instância,Ativo,Cível,Vícios Construtivos e muro de arrimo
0012342-47.2024.8.16.0045,Pacaembu Construtora S/A,Vilma dos Reis,Primeira Instância,Ativo,Cível,Vícios Construtivos e muro de arrimo
0011774-31.2024.8.16.0045,Pacaembu Construtora S/A,Stephany de Lima Lacerda,Primeira Instância,Ativo,Cível,Vícios Construtivos e muro de arrimo
0011782-08.2024.8.16.0045,Pacaembu Construtora S/A,Paulo César Ferreira,Segunda Instância,Ativo,Cível,Vícios Construtivos e muro de arrimo
0015064-54.2024.8.16.0045,Pacaembu Construtora S/A,Maria Eduarda Ferreira de Lima,Primeira Instância,Ativo,Cível,Vícios Construtivos e muro de arrimo
0012613-56.2024.8.16.0045,Pacaembu Construtora S/A,Marcia Aparecida de Lima,Primeira Instância,Ativo,Cível,Vícios Construtivos e muro de arrimo
0012610-04.2024.8.16.0045,Pacaembu Construtora S/A,Leidevane Rosa Ferreira,Primeira Instância,Ativo,Cível,Vícios Construtivos e muro de arrimo
0012608-34.2024.8.16.0045,Pacaembu Construtora S/A,Leandro de Jesus Ferreira da Rocha,Primeira Instância,Ativo,Cível,Vícios Construtivos e muro de arrimo
0011770-91.2024.8.16.0045,Pacaembu Construtora S/A,Marlene Soares Baio,Segunda Instância,Ativo,Cível,Vícios Construtivos e muro de arrimo
0012602-27.2024.8.16.0045,Pacaembu Construtora S/A,Jessica Ataloane de Lima Campelo,Primeira Instância,Ativo,Cível,Vícios Construtivos e muro de arrimo
0012336-40.2024.8.16.0045,Pacaembu Construtora S/A,Iranilde Silva Brasil,Primeira Instância,Ativo,Cível,Vícios Construtivos e muro de arrimo
0011759-62.2024.8.16.0045,Pacaembu Construtora S/A,Jenifer Lins Leonor,Primeira Instância,Ativo,Cível,Vícios Construtivos e muro de arrimo
0015065-39.2024.8.16.0045,Pacaembu Construtora S/A,Gilson Marco Ferreira de Lima,Primeira Instância,Ativo,Cível,Vícios Construtivos e muro de arrimo
0015066-24.2024.8.16.0045,Pacaembu Construtora S/A,Allyson Adriano Padovani,Primeira Instância,Ativo,Cível,Vícios Construtivos e muro de arrimo
0011753-55.2024.8.16.0045,Pacaembu Construtora S/A,Elidinai Aparecida Rodrigues Camargo,Segunda Instância,Ativo,Cível,Vícios Construtivos e muro de arrimo
0012335-55.2024.8.16.0045,Pacaembu Construtora S/A,Adilson Bernini Souza,Primeira Instância,Ativo,Cível,Vícios Construtivos e muro de arrimo
0011750-03.2024.8.16.0045,Pacaembu Construtora S/A,Bianca Carolina de Souza Belli,Primeira Instância,Ativo,Cível,Vícios Construtivos e muro de arrimo
0011744-93.2024.8.16.0045,Pacaembu Construtora S/A,Ana Paula Camaro,Primeira Instância,Ativo,Cível,Vícios Construtivos e muro de arrimo
0011741-41.2024.8.16.0045,Pacaembu Construtora S/A,Alex Sandro Teixeira de Alencar,Segunda Instância,Ativo,Cível,Vícios Construtivos e muro de arrimo
0011129-06.2024.8.16.0045,Pacaembu Construtora S/A,Toniel Soares de Lima,Segunda Instância,Ativo,Cível,Vícios Construtivos e muro de arrimo
0011126-51.2024.8.16.0045,Pacaembu Construtora S/A,Margarida Bispo de Brites,Primeira Instância,Ativo,Cível,Vícios Construtivos e muro de arrimo
0011125-66.2024.8.16.0045,Pacaembu Construtora S/A,Jeferson Moreira Fagotti,Primeira Instância,Ativo,Cível,Vícios Construtivos e muro de arrimo
0011122-14.2024.8.16.0045,Pacaembu Construtora S/A,Jacir Casturino Antunes Soares,Primeira Instância,Ativo,Cível,Vícios Construtivos e muro de arrimo
0011117-89.2024.8.16.0045,Pacaembu Construtora S/A,Alberto Alves de Freitas Junior,Primeira Instância,Ativo,Cível,Vícios Construtivos e muro de arrimo
0010993-09.2024.8.16.0045,Pacaembu Construtora S/A,Danilo dos Santos Soares,Primeira Instância,Ativo,Cível,Vícios Construtivos
0010990-54.2024.8.16.0045,Pacaembu Construtora S/A,Andreia Maringonda,Primeira Instância,Ativo,Cível,Vícios Construtivos
1053521-21.2024.8.26.0576,Pacaembu São José do Rio Preto - Empreendimento Imobiliário Ltda.,Fabio Henrique Ciavarelli Mota,Segunda Instância,Ativo,Cível,Vícios Construtivos e muro de arrimo
1053529-95.2024.8.26.0576,Pacaembu São José do Rio Preto - Empreendimento Imobiliário Ltda.,Jackeline Navarro Amorim,Primeira Instância,Ativo,Cível,Vícios Construtivos e muro de arrimo
1055997-32.2024.8.26.0576,Pacaembu São José do Rio Preto - Empreendimento Imobiliário Ltda.,Jean Cesar Menechelli,Segunda Instância,Ativo,Cível,Vícios Construtivos e muro de arrimo
1051889-57.2024.8.26.0576,Pacaembu São José do Rio Preto - Empreendimento Imobiliário Ltda.,Natalia Marinho de Lima,Segunda Instância,Ativo,Cível,Vícios Construtivos e muro de arrimo
1055906-39.2024.8.26.0576,Pacaembu São José do Rio Preto - Empreendimento Imobiliário Ltda.,Paulo Teixeira de Oliveira,Segunda Instância,Ativo,Cível,Vícios Construtivos e muro de arrimo
0010001-88.2025.5.15.0078,Salto de Pirapora Empreendimento Imobiliário,Nervaldo Souza Chaves,,Encerrado,Trabalhista,
1057424-64.2024.8.26.0576,Pacaembu São José do Rio Preto - Empreendimento Imobiliário Ltda.,Ioneide Alves de Freitas,Primeira Instância,Ativo,Cível,Vícios Construtivos e muro de arrimo
1028403-30.2024.8.26.0451,Pacaembu Piracicaba Incorporadora Ltda.,Suzana Vanessa Correia da Silva,Primeira Instância,Ativo,Cível,Vícios Construtivos
0006-25,Nova Catanduva III - Empreendimentos Imobiliários SPE LTDA,Andre de Jesus Matias dos Santos,,Ativo,,Ocupação indevida
0005-25,Haus Compra e Venda de Bens Imóveis Ltda.,Prefeitura Municipal de Tatui,,Encerrado,,Limpeza de Terreno
0004-25,Pacaembu Construtora S/A,Gleyce Ferreira do Nascimento,,Ativo,,Muro de Arrimo
0003-25,Pacaembu Construtora S/A,Auzira Graziela Silva Santos,,Encerrado,,Muro de Arrimo
0002-25,Pacaembu Lins Arzani 389 - Empreendimento Imobiliário Ltda,Almeida Construção Ltda,,Encerrado,,Retenção de valores
0001-25,Pacaembu Lins Arzani 389 - Empreendimento Imobiliário Ltda,Imperio Construção Ltda,,Encerrado,,Retenção de valores
0233-24,Haus Compra e Venda de Bens Imóveis Ltda.,Prefeitura Municipal de São José do Rio Preto,,Encerrado,,IPTU
0234-24,Vida Nova Cuiabá II - Empreendimento Imobiliário Ltda,Wellen Laura Rondon Correa,,Encerrado,,Distrato
1027255-81.2024.8.26.0451,Pacaembu Construtora S/A,Katia Juliana Sesso Alves,Primeira Instância,Ativo,Cível,Caixa de Esgoto
1027254-96.2024.8.26.0451,Pacaembu Construtora S/A,Adivaldo Gomes dos Santos,Primeira Instância,Ativo,Cível,Caixa de Esgoto
1027253-14.2024.8.26.0451,Pacaembu Construtora S/A,Leonardo Tavares Alves,Primeira Instância,Ativo,Cível,Caixa de Esgoto
1027252-29.2024.8.26.0451,Pacaembu Construtora S/A,Gabriela Caroline Iacope,Primeira Instância,Ativo,Cível,Caixa de Esgoto
1027250-59.2024.8.26.0451,Pacaembu Construtora S/A,Vinicius Goes Pereira,Primeira Instância,Ativo,Cível,Caixa de Esgoto
0232-24,Pacaembu Construtora S/A,Câmara Municipal de Barretos,,Encerrado,,Limpeza de Terreno
0231-24,Haus Compra e Venda de Bens Imóveis Ltda,Prefeitura Municipal de Lins,,Encerrado,,Limpeza de Terreno
0230-24,Pacaembu Bauru Azevedo 2 - Empreendimento Imobiliário Ltda.,Ruan Boletti,,Encerrado,,Envio de contratos
0229-24,Pacaembu Lins IV 270 Empreendimento Imobiliário ltda,Ponto Certo Refeições Ltda.,,Encerrado,,Resilição unilateral
1056313-45.2024.8.26.0576,Pacaembu São José do Rio Preto - Empreendimento Imobiliário Ltda.,Vitor Hugo David dos Santos,Primeira Instância,Arquivado,Cível,Vícios Construtivos e muro de arrimo
1056312-60.2024.8.26.0576,Pacaembu São José do Rio Preto - Empreendimento Imobiliário Ltda.,Vanessa Pereira Gomes,Primeira Instância,Ativo,Cível,Vícios Construtivos e muro de arrimo
1056310-90.2024.8.26.0576,Pacaembu São José do Rio Preto - Empreendimento Imobiliário Ltda.,Raysses Murielen Felipe Angelo Gonçalves,Primeira Instância,Ativo,Cível,Vícios Construtivos e muro de arrimo
1056307-38.2024.8.26.0576,Pacaembu São José do Rio Preto - Empreendimento Imobiliário Ltda.,Monara Frias de Souza,Primeira Instância,Ativo,Cível,Vícios Construtivos e muro de arrimo
1056306-53.2024.8.26.0576,Pacaembu São José do Rio Preto - Empreendimento Imobiliário Ltda.,Mariany Storti dos Reis,Primeira Instância,Arquivado,Cível,Vícios Construtivos e muro de arrimo
1056305-68.2024.8.26.0576,Pacaembu São José do Rio Preto - Empreendimento Imobiliário Ltda.,Leticia Eduarda de Brito Costa,Primeira Instância,Ativo,Cível,Vícios Construtivos e muro de arrimo
1056303-98.2024.8.26.0576,Pacaembu São José do Rio Preto - Empreendimento Imobiliário Ltda.,Kelly Cristina Nunes,Primeira Instância,Ativo,Cível,Vícios Construtivos e muro de arrimo
1056302-16.2024.8.26.0576,Pacaembu São José do Rio Preto - Empreendimento Imobiliário Ltda.,Juliana Gonçalves Oliveira Aiello,Primeira Instância,Arquivado,Cível,Vícios Construtivos e muro de arrimo
1056301-31.2024.8.26.0576,Pacaembu São José do Rio Preto - Empreendimento Imobiliário Ltda.,Isabella Maria Simonato,Primeira Instância,Ativo,Cível,Vícios Construtivos e muro de arrimo
1056311-75.2024.8.26.0576,Pacaembu São José do Rio Preto - Empreendimento Imobiliário Ltda.,Saulo Semeone,Primeira Instância,Ativo,Cível,Vícios Construtivos e muro de arrimo
1026908-48.2024.8.26.0451,Pacaembu Piracicaba Incorporadora Ltda.,Fabiane Daniele da Silva Ricardo,Primeira Instância,Ativo,Cível,Vícios Construtivos
8000196-94.2023.8.05.0264,Pacaembu Bauru - Empreendimento Imobiliário Ltda.,Zilda Souza,Primeira Instância,Arquivado,Cível,Negativação indevida
1056062-27.2024.8.26.0576,Pacaembu São José do Rio Preto - Empreendimento Imobiliário Ltda.,Fernando Henrique Guioti,Primeira Instância,Arquivado,Cível,Vícios Construtivos e muro de arrimo
1056048-43.2024.8.26.0576,Pacaembu São José do Rio Preto - Empreendimento Imobiliário Ltda.,Emily Zanatta de Faveri,Segunda Instância,Ativo,Cível,Vícios Construtivos e muro de arrimo
1056041-51.2024.8.26.0576,Pacaembu São José do Rio Preto - Empreendimento Imobiliário Ltda.,Eliza Mara Boschetti,Primeira Instância,Arquivado,Cível,Vícios Construtivos e muro de arrimo
1056032-89.2024.8.26.0576,Pacaembu São José do Rio Preto - Empreendimento Imobiliário Ltda.,Douglas Augusto Barcellos,Primeira Instância,Arquivado,Cível,Vícios Construtivos e muro de arrimo
1056026-82.2024.8.26.0576,Pacaembu São José do Rio Preto - Empreendimento Imobiliário Ltda.,Danielle Seçolli Alves,Primeira Instância,Arquivado,Cível,Vícios Construtivos e muro de arrimo
1056010-31.2024.8.26.0576,Pacaembu São José do Rio Preto - Empreendimento Imobiliário Ltda.,Adelson de Oliveira Castellon,Primeira Instância,Arquivado,Cível,Vícios Construtivos e muro de arrimo
1055962-72.2024.8.26.0576,Pacaembu São José do Rio Preto - Empreendimento Imobiliário Ltda.,Sidnei do Vale Oliveira,Primeira Instância,Arquivado,Cível,Vícios Construtivos e muro de arrimo
1055899-47.2024.8.26.0576,Pacaembu São José do Rio Preto - Empreendimento Imobiliário Ltda.,Paulo Cesar Otaviano,Primeira Instância,Arquivado,Cível,Vícios Construtivos e muro de arrimo
1055894-25.2024.8.26.0576,Pacaembu São José do Rio Preto - Empreendimento Imobiliário Ltda.,Patrícia Jardim Silva Dourado,Segunda Instância,Ativo,Cível,Vícios Construtivos e muro de arrimo
1055886-48.2024.8.26.0576,Pacaembu São José do Rio Preto - Empreendimento Imobiliário Ltda.,Natanael Pereira Francisco,Primeira Instância,Ativo,Cível,Vícios Construtivos e muro de arrimo
1056300-46.2024.8.26.0576,Pacaembu São José do Rio Preto - Empreendimento Imobiliário Ltda.,Guilherme Ribeiro da Silva,Primeira Instância,Ativo,Cível,Vícios Construtivos e muro de arrimo
0010992-24.2024.8.16.0045,Pacaembu Construtora S/A,Simone Dutra,Primeira Instância,Ativo,Cível,Vícios Construtivos
0012612-71.2024.8.16.0045,Pacaembu Construtora S/A,Medellyn Sabrina Machado,Primeira Instância,Ativo,Cível,Vícios Construtivos e muro de arrimo
1018742-40.2024.8.26.0576,Urban Fortes Empreendimentos Imobiliários I Spe ltda,Adriana Dias Bras Martins,Primeira Instância,Arquivado,Cível,Ação Declaratória - Cobrança IPTU
1001178-14.2024.8.26.0458,Pacaembu Piratininga 464 - Empreendimento Imobiliario LTDA,Prefeitura Municipal de Piratininga,Primeira Instância,Ativo,Tributário,Cobrança indevida - ITBI
0010785-02.2024.5.15.0078,Salto de Pirapora Empreendimento Imobiliário,Marcia Aparecida de Matos Leite,Primeira Instância,Ativo,Trabalhista,
1056304-83.2024.8.26.0576,Pacaembu São José do Rio Preto - Empreendimento Imobiliário Ltda.,Layra Susan Ramos Salvador,Primeira Instância,Ativo,Cível,Vícios Construtivos e muro de arrimo
0228-24,Pacaembu Construtora S/A,Prefeitura Municipal de Marília,,Encerrado,,Limpeza área de lazer
0227-24,Pacaembu Construtora S/A,Miriam da Silva Nascimento,,Ativo,,Distrato
1027494-85.2024.8.26.0451,Pacaembu Piracicaba Incorporadora Ltda.,Amarildo Franco de Ataide,Segunda Instância,Ativo,Cível,Vícios Construtivos
1055357-29.2024.8.26.0576,Pacaembu São José do Rio Preto - Empreendimento Imobiliário Ltda.,Layane Agatha Esteves Moraes,Segunda Instância,Ativo,Cível,Vícios Construtivos e muro de arrimo
0226-24,Pacaembu Construtora S/A,Letícia Moreira de Almeida,,Encerrado,,Distrato
0225-24,Pacaembu Construtora S/A,Ernani Carrilho de Moraes,,Encerrado,,Envio de Boleto
1055342-60.2024.8.26.0576,Pacaembu São José do Rio Preto - Empreendimento Imobiliário Ltda.,Jussara Angelica Garcia,Primeira Instância,Aguardando Citação,Cível,Vícios Construtivos e muro de arrimo
1055814-61.2024.8.26.0576,Pacaembu São José do Rio Preto - Empreendimento Imobiliário Ltda.,Marinete Candida Magalhaes da Silva,Primeira Instância,Aguardando Citação,Cível,Vícios Construtivos e muro de arrimo
1055806-84.2024.8.26.0576,Pacaembu São José do Rio Preto - Empreendimento Imobiliário Ltda.,Leonardo Antonio Bego Salazar,Segunda Instância,Ativo,Cível,Vícios Construtivos e muro de arrimo
1055802-47.2024.8.26.0576,Pacaembu São José do Rio Preto - Empreendimento Imobiliário Ltda.,Leandro Calixto Cortez,Primeira Instância,Aguardando Citação,Cível,Vícios Construtivos e muro de arrimo
1055797-25.2024.8.26.0576,Pacaembu São José do Rio Preto - Empreendimento Imobiliário Ltda.,Lazaro Sampaio Magalhaes Filho,Segunda Instância,Ativo,Cível,Vícios Construtivos e muro de arrimo
0000808-48.2024.5.05.0018,Pacaembu Construtora S/A,Iago Cunha Silva,Primeira Instância,Encerrado,Trabalhista,
0000902-47.2024.5.05.0001,Pacaembu Construtora S/A,Carlos Henrique Bispo Santos,Primeira Instância,Encerrado,Trabalhista,
0011947-70.2024.5.15.0033,Gold Land Empreendimentos Imobiliários Ltda,Valdeir Montanari,Primeira Instância,Aguardando Notificação,Trabalhista,
0011948-31.2024.5.15.0041,Pacaembu Construtora S/A,Ane Elisa Cosmo Vieira,,Encerrado,Trabalhista,
1065979-86.2024.8.26.0506,Haus Compra e Venda de Bens Imóveis Ltda.,Olavo Bernardes Filgueiras Filho,Primeira Instância,Ativo,Cível,Obrigação de Fazer / Não Fazer
5000064-97.2024.4.03.6131,Pacaembu Construtora S/A,Bruno Giovanni de Lima Abramo,Primeira Instância,Ativo,Cível,Obrigação de Fazer - Regularização Matrícula
5002413-42.2024.4.03.6109,Pacaembu Piracicaba Incorporadora Ltda.,Maurizia Francisco de Amaral,Primeira Instância,Ativo,Cível,Vícios Construtivos
0011743-11.2024.8.16.0045,Pacaembu Construtora S/A,Ana Paula Aparecida Roza,Primeira Instância,Ativo,Cível,Vícios Construtivos e muro de arrimo
1052815-38.2024.8.26.0576,Urban Fortes Empreendimentos Imobiliários I Spe ltda,Wellington do Nascimento Lima Brito,Primeira Instância,Arquivado,Cível,Ação Declaratória - Cobrança IPTU
2024/002984,Milena Mirela dos Santos Nascimento,CRECI - Conselho Regional de Corretores de Imóveis - 2ª Região,,Ativo,Cível Administrativo,Exercício ilegal da profissão
2024/002988,Flavia Beatriz Merlini,CRECI - Conselho Regional de Corretores de Imóveis - 2ª Região,,Ativo,Cível Administrativo,Exercício ilegal da profissão
2024/002874,João Vitor Camilo,CRECI - Conselho Regional de Corretores de Imóveis - 2ª Região,,Ativo,Cível Administrativo,Exercício ilegal da profissão
2024/002986,Daiane Cristina de Freitas Silva,CRECI - Conselho Regional de Corretores de Imóveis - 2ª Região,,Ativo,Cível Administrativo,Exercício ilegal da profissão
2024/015760,Tiago Donizeti Chiari,CRECI - Conselho Regional de Corretores de Imóveis - 2ª Região,,Ativo,Cível Administrativo,Facilitação do exercício ilegal da profissão
2024/015471,Tiago Donizeti Chiari,CRECI - Conselho Regional de Corretores de Imóveis - 2ª Região,,Ativo,Cível Administrativo,Facilitação do exercício ilegal da profissão
2024/015587,Tiago Donizeti Chiari,CRECI - Conselho Regional de Corretores de Imóveis - 2ª Região,,Ativo,Cível Administrativo,Facilitação do exercício ilegal da profissão
2024/015643,Tiago Donizeti Chiari,CRECI - Conselho Regional de Corretores de Imóveis - 2ª Região,,Ativo,Cível Administrativo,Facilitação do exercício ilegal da profissão
2024/015449,Tiago Donizeti Chiari,CRECI - Conselho Regional de Corretores de Imóveis - 2ª Região,,Ativo,Cível Administrativo,Facilitação do exercício ilegal da profissão
2024/002880,Queila Fernanda Scardovelli,CRECI - Conselho Regional de Corretores de Imóveis - 2ª Região,,Ativo,Cível Administrativo,Exercício ilegal da profissão
2024/002985,Ana Carolina de Oliveira Ferreira,CRECI - Conselho Regional de Corretores de Imóveis - 2ª Região,,Ativo,Cível Administrativo,Exercício ilegal da profissão
0224-24,Haus Compra e Venda de Bens Imóveis Ltda.,Município São José do Rio Preto,,Encerrado,,Limpeza de Terreno
1054595-13.2024.8.26.0576,Pacaembu São José do Rio Preto - Empreendimento Imobiliário Ltda.,Jhenifer Silva Santos,Primeira Instância,Arquivado,Cível,Vícios Construtivos e muro de arrimo
0223-24,Pacaembu Construtora S/A,Associação de Adquirentes do Empreendimento Fenhouse Rio Preto,,Ativo,,Vícios Construtivos
0222-24,Pacaembu Ituiutaba 422 - Empreendimento Imobiliário LTDA,Gilmar Aparecido de Araujo,,Encerrado,,Distrato
1051875-73.2024.8.26.0576,Pacaembu São José do Rio Preto - Empreendimento Imobiliário Ltda.,Chayene Carolini Dutra Basilio,Primeira Instância,Ativo,Cível,Vícios Construtivos e muro de arrimo
1054589-06.2024.8.26.0576,Pacaembu São José do Rio Preto - Empreendimento Imobiliário Ltda.,Jaqueline Galdino dos Santos,Primeira Instância,Ativo,Cível,Vícios Construtivos e muro de arrimo
0001176-25.2024.5.22.0102,Pacaembu Construtora S/A,Adi Costa Soares,Primeira Instância,Encerrado,Trabalhista,
0012710-21.2024.5.15.0082,Pacaembu São José do Rio Preto 336 - Empreendimento Imobiliário Ltda.,Gustavo Andrade Marconi,Primeira Instância,Ativo,Trabalhista,
0012607-14.2024.5.15.0082,Pacaembu São José do Rio Preto 336 - Empreendimento Imobiliário Ltda.,Fernando Machado Ferreira,Primeira Instância,Encerrado,Trabalhista,
1051874-88.2024.8.26.0576,Pacaembu São José do Rio Preto - Empreendimento Imobiliário Ltda.,Angela Nascimento Martins,Primeira Instância,Ativo,Cível,Vícios Construtivos e muro de arrimo
1009995-52.2024.8.26.0269,Pacaembu Construtora S/A,Viviane Matias Silva,Primeira Instância,Ativo,Cível,Devolução de Sinal
1022773-94.2024.8.26.0482,Pacaembu Construtora S/A,Condomínio Residencial Bela Vista,Primeira Instância,Ativo,Cível,Produção Antecipada de Provas
1030816-89.2024.8.26.0071,Pacaembu Bauru - Empreendimento Imobiliário Ltda.,Jéssica Letícia Vitorino,Primeira Instância,Ativo,Cível,Alienação Fiduciária
1030813-37.2024.8.26.0071,Pacaembu Bauru - Empreendimento Imobiliário Ltda.,Jéssica Letícia Vitorino,Primeira Instância,Ativo,Cível,Alienação Fiduciária
1053538-57.2024.8.26.0576,Pacaembu São José do Rio Preto - Empreendimento Imobiliário Ltda.,Marcelo Jose Miatello Dias,Segunda Instância,Ativo,Cível,Vícios Construtivos e muro de arrimo
1053599-15.2024.8.26.0576,Pacaembu São José do Rio Preto - Empreendimento Imobiliário Ltda.,Luciane Batista Reis,Primeira Instância,Ativo,Cível,Vícios Construtivos e muro de arrimo
0000846-79.2024.5.23.0076,Pacaembu Construtora S/A,Wagner Gomes Ferreira,Primeira Instância,Encerrado,Trabalhista,
1053459-78.2024.8.26.0576,Pacaembu São José do Rio Preto - Empreendimento Imobiliário Ltda.,Bruno Cruz dos Santos,Primeira Instância,Ativo,Cível,Vícios Construtivos e muro de arrimo
1053450-19.2024.8.26.0576,Pacaembu São José do Rio Preto - Empreendimento Imobiliário Ltda.,Flávia Rebeca Fabio,Primeira Instância,Ativo,Cível,Vícios Construtivos e muro de arrimo
0221-24,Pacaembu Construtora S/A,Angelica Gomes da Silva,,Encerrado,,Troca de janela
0061383-76.2024.8.16.0014,Pacaembu Construtora S/A,Paulo Marcelo Pellegrini,Primeira Instância,Ativo,Cível,Vícios Construtivos e muro de arrimo
1051896-49.2024.8.26.0576,Pacaembu São José do Rio Preto - Empreendimento Imobiliário Ltda.,Rute Souza de Andrade,Primeira Instância,Ativo,Cível,Vícios Construtivos e muro de arrimo
1048370-74.2024.8.26.0576,Urban Fortes Empreendimentos Imobiliários I Spe ltda,Eliana Paula Braga,Primeira Instância,Arquivado,Cível,Ação Declaratória - Cobrança IPTU
1051876-58.2024.8.26.0576,Pacaembu São José do Rio Preto - Empreendimento Imobiliário Ltda.,Cleber Santos Silva Fagundes,Segunda Instância,Ativo,Cível,Vícios Construtivos e muro de arrimo
0059112-94.2024.8.16.0014,Pacaembu Construtora S/A,Lucimara Marcelo Marra,Primeira Instância,Ativo,Cível,Vícios Construtivos e muro de arrimo
1025028-10.2024.8.26.0196,Pacaembu Construtora S/A,Condomínio Vida Nova Franca Iv,Primeira Instância,Ativo,Cível,Vícios Construtivos
0220-24,Poá Empreendimento Imobiliário Ltda,Prefeitura de Ribeirão Preto,,Encerrado,,Construção de mureta
1051900-86.2024.8.26.0576,Pacaembu São José do Rio Preto - Empreendimento Imobiliário Ltda.,Roberta Anteliz Nardoni,Primeira Instância,Aguardando Citação,Cível,Vícios Construtivos e muro de arrimo
1051898-19.2024.8.26.0576,Pacaembu São José do Rio Preto - Empreendimento Imobiliário Ltda.,Vanessa Perpetua Barrionuevo,Segunda Instância,Ativo,Cível,Vícios Construtivos e muro de arrimo
1051897-34.2024.8.26.0576,Pacaembu São José do Rio Preto - Empreendimento Imobiliário Ltda.,Tamiris Ferrareze Mello,Segunda Instância,Ativo,Cível,Vícios Construtivos e muro de arrimo
1051894-79.2024.8.26.0576,Pacaembu São José do Rio Preto - Empreendimento Imobiliário Ltda.,Rose Vitoria dos Santos Liebana,Segunda Instância,Ativo,Cível,Vícios Construtivos e muro de arrimo
1051892-12.2024.8.26.0576,Pacaembu São José do Rio Preto - Empreendimento Imobiliário Ltda.,Regiane Nunes,Primeira Instância,Ativo,Cível,Vícios Construtivos e muro de arrimo
1051891-27.2024.8.26.0576,Pacaembu São José do Rio Preto - Empreendimento Imobiliário Ltda.,Raphaela Ribeiro de Rezende,Primeira Instância,Ativo,Cível,Vícios Construtivos e muro de arrimo
1051890-42.2024.8.26.0576,Pacaembu São José do Rio Preto - Empreendimento Imobiliário Ltda.,Raphael Jhonathans de Freitas Souza,Primeira Instância,Arquivado,Cível,Vícios Construtivos e muro de arrimo
1051887-87.2024.8.26.0576,Pacaembu São José do Rio Preto - Empreendimento Imobiliário Ltda.,Luis Fernando Rodrigues de Andrade,Segunda Instância,Ativo,Cível,Vícios Construtivos e muro de arrimo
0001253-15.2024.5.09.0678,Pacaembu Ponta Grossa 525 - Empreendimento Imobiliário Ltda.,Eduardo Aparecido Pires Machado,Primeira Instância,Encerrado,Trabalhista,
1051884-35.2024.8.26.0576,Pacaembu São José do Rio Preto - Empreendimento Imobiliário Ltda.,Lauane Ferreira Garcia,Primeira Instância,Ativo,Cível,Vícios Construtivos e muro de arrimo
1051882-65.2024.8.26.0576,Pacaembu São José do Rio Preto - Empreendimento Imobiliário Ltda.,Karen Kelly Noronha Alves,Primeira Instância,Ativo,Cível,Vícios Construtivos e muro de arrimo
1051880-95.2024.8.26.0576,Pacaembu São José do Rio Preto - Empreendimento Imobiliário Ltda.,Jociene Christina Marques da Silva Pereira,Segunda Instância,Ativo,Cível,Vícios Construtivos e muro de arrimo
1051879-13.2024.8.26.0576,Pacaembu São José do Rio Preto - Empreendimento Imobiliário Ltda.,Joana D'arc da Silva Conceição,Primeira Instância,Arquivado,Cível,Vícios Construtivos e muro de arrimo
1051873-06.2024.8.26.0576,Pacaembu São José do Rio Preto - Empreendimento Imobiliário Ltda.,Ana Camila Sousa Alves,Segunda Instância,Ativo,Cível,Vícios Construtivos e muro de arrimo
1051872-21.2024.8.26.0576,Pacaembu São José do Rio Preto - Empreendimento Imobiliário Ltda.,Alexandre Camargo,Primeira Instância,Ativo,Cível,Vícios Construtivos e muro de arrimo
1051871-36.2024.8.26.0576,Pacaembu São José do Rio Preto - Empreendimento Imobiliário Ltda.,Alessandro da Silva,Segunda Instância,Ativo,Cível,Vícios Construtivos e muro de arrimo
0219-24,Pacaembu Construtora S/A,Tribunal de Justiça do Estado do Paraná,,Ativo,,Penhora em folha de pagamento.
0001029-49.2024.5.09.0655,Pacaembu Assis Chateaubriand 357 e 358 - Empreendimento Imobiliário Ltda.,Rafael da Palma Moreira,Primeira Instância,Encerrado,Trabalhista,
0065620-56.2024.8.16.0014,Pacaembu Construtora S/A,Rayanna de Souza Araujo,Primeira Instância,Ativo,Cível,Vícios Construtivos e muro de arrimo
0218-24,Pacaembu Construtora S/A,Elaine Silva Santos,,Encerrado,,Renegociação de Dívidas
1050234-50.2024.8.26.0576,Urban Fortes Empreendimentos Imobiliários I Spe ltda,Mateus de Castro Freitas,Primeira Instância,Arquivado,Cível,Ação Declaratória - Cobrança IPTU
1017143-83.2024.8.26.0344,Pacaembu Marilia Altos do Palmital 379 - Empreendimento Imobiliario LTDA,Roberta Kelly Lima Ferreira,Primeira Instância,Ativo,Cível,Devolução de Sinal
5906364-47.2024.8.09.0150,Pacaembu Construtora S/A,Maykon Oliveira de Paula,Primeira Instância,Arquivado,Cível,Vícios Construtivos
0217-24,Pacaembu Construtora S/A,Enzo Henrique Lima Rufino Campos,,Encerrado,,Boletos
0216-24,Pacaembu Água Santa - Empreendimento Imobiliário Ltda.,Ana Maria Gonçalves,,Ativo,,Comunicação de cancelamento da reserva da unidade
0011259-94.2024.5.15.0070,Pacaembu Construtora S/A,Kemily de Oliveira Santos,Primeira Instância,Encerrado,Trabalhista,
1048380-21.2024.8.26.0576,Urban Fortes Empreendimentos Imobiliários I Spe ltda,Claudia Maria Araripe Costa,Primeira Instância,Arquivado,Cível,Ação Declaratória - Cobrança IPTU
0215-24,Pacaembu Presidente Prudente 383 -Empreendimento Imobiliário Ltda,Construtora Neiva Ltda,,Encerrado,,Atraso no cronograma
0011121-29.2024.8.16.0045,Pacaembu Construtora S/A,Fernando Henrique Fogaça de Oliveira,Primeira Instância,Ativo,Cível,Vícios Construtivos e muro de arrimo
0009489-65.2024.8.16.0045,Pacaembu Construtora S/A,Vanessa Cristina de Souza,Primeira Instância,Ativo,Cível,Vícios Construtivos
0012523-29.2024.5.15.0012,Pacaembu Piracicaba Incorporadora Ltda.,Fabio de Almeida Gomes,Primeira Instância,Encerrado,Trabalhista,
0012484-12.2024.5.15.0051,Pacaembu Construtora S/A,Gustavo de Matos,Primeira Instância,Encerrado,Trabalhista,
0214-24,Pacaembu Bauru Azevedo - Empreendimento Imobiliário Ltda.,CAGS03 Administração de Imóveis Ltda,,Ativo,,Danos Construtivos – Áreas externas (vizinhança/viela /obras públicas)
0057334-89.2024.8.16.0014,Pacaembu Construtora S/A,Daiani Barreiro Rech,Primeira Instância,Ativo,Cível,Vícios Construtivos
0012483-31.2024.5.15.0082,Pacaembu São José do Rio Preto 336 - Empreendimento Imobiliário Ltda.,Railson de Moura de Souza,Primeira Instância,Encerrado,Trabalhista,
0030850-22.2024.8.16.0019,Pacaembu Construtora S/A,Paulo André Woytecken Teixeira,Primeira Instância,Arquivado,Cível,Vícios Construtivos
0016488-58.2024.5.16.0021,Pacaembu Construtora S/A,Alex Gomes da Silva,Primeira Instância,Ativo,Trabalhista,
0213-24,Pacaembu Construtora S/A,Câmara dos Vereadores de Avaré,,Encerrado,,Erosão
0012344-17.2024.8.16.0045,Pacaembu Construtora S/A,William Amaro Pereira de Oliveira,Primeira Instância,Ativo,Cível,Vícios Construtivos e muro de arrimo
0212-24,Pacaembu Construtora S/A,Prefeitura Municipal de Lins,,Encerrado,,Instalação de tapume
0211-24,Pacaembu Marilia Altos do Palmital 379 - Empreendimento Imobiliario LTDA,Jesica Aparecida de Souza,,Ativo,,Recursos Próprios
0210-24,Vida Nova Botucatu - Empreendimento Imobiliário Ltda.,Prefeitura Municipal de Botucatu,,Ativo,,Limpeza de Terreno
0012258-07.2024.5.15.0051,Pacaembu Construtora S/A,Graziela Aparecida de Oliveira,Primeira Instância,Encerrado,Trabalhista,
1047885-74.2024.8.26.0576,Pacaembu Construtora S/A,Adrielle Souza Paschoalino Amorim,Primeira Instância,Ativo,Cível,Vícios Construtivos
0003336-79.2024.8.26.0322,Pacaembu Lins III - Empreendimento Imobiliario Spe Ltda,Bárbara Cris de Campos,Primeira Instância,Arquivado,Cível,Negativação indevida
1023633-91.2024.8.26.0451,Pacaembu Piracicaba Incorporadora Ltda.,Raquel Araujo Dias,Primeira Instância,Ativo,Cível,Vícios Construtivos
1023323-85.2024.8.26.0451,Pacaembu Piracicaba Incorporadora Ltda.,Jeferson Bezerra Lima,Primeira Instância,Ativo,Cível,Vícios Construtivos
1017736-91.2024.8.26.0351,Pacaembu Construtora S/A,Giulia Gabrielly de Oliveira Luvizotto,Primeira Instância,Arquivado,Cível,Boletos
1027945-86.2024.8.26.0071,Pacaembu Bauru Azevedo - Empreendimento Imobiliário Ltda.,Secretário Municipal de Economia e Finanças de Bauru/SP,Primeira Instância,Ativo,Tributário,Cobrança indevida - ITBI
0209-24,Poá Empreendimento Imobiliário Ltda,Suellen de Freitas,,Cancelado,,Escritura
0069662-51.2024.8.16.0014,Pacaembu Construtora S/A,Anderson Henrique Moreira,Segunda Instância,Ativo,Cível,Vícios Construtivos
1044488-07.2024.8.26.0576,Loteamento Egydio Zani SPE Ltda.,Semae Rio Preto,Primeira Instância,Arquivado,Cível,Execução Fiscal - Consumo de Água
0208-24,Poá Empreendimento Imobiliário Ltda,Prefeitura Municipal de Ribeirão Preto,,Ativo,,Inexistência de mureta
0000894-79.2024.8.26.0116,Pacaembu Taubate - Empreendimento Imobiliário LTDA,Marcio Aparecido Monteiro,Primeira Instância,Arquivado,Cível,Devolução de valor
0001354-30.2024.5.09.0653,Pacaembu Arapongas 1 - Empreendimento Imobiliário Ltda.,Alcir Gonçalves Mendes,Primeira Instância,Encerrado,Trabalhista,
0001039-34.2024.5.09.0513,Pacaembu Construtora S/A,Barbara Barbetta Leidens,Primeira Instância,Ativo,Trabalhista,
1014611-13.2024.8.26.0482,Haus Compra e Venda de Bens Imóveis Ltda.,Fausto Leandro da Silva,Primeira Instância,Ativo,Cível,Alienação Fiduciária
0060160-88.2024.8.16.0014,Pacaembu Construtora S/A,Maria de Fatima Ribeiro Assis,Primeira Instância,Ativo,Cível,Vícios Construtivos
0206-24,Pacaembu São José do Rio Preto 395 - Empreendimento Imobiliário Ltda.,Galvão Construtora ME,,Encerrado,,Ausência de documentos
0205-24,Salto de Pirapora Empreendimento Imobiliário,Gessica Mascarenhas,,Encerrado,,Ligação de energia
0059108-57.2024.8.16.0014,Pacaembu Construtora S/A,Rosilene Aparecida Eugenio,Primeira Instância,Ativo,Cível,Vícios Construtivos e muro de arrimo
0203-24,Pacaembu Marilia Altos do Palmital 379 - Empreendimento Imobiliario LTDA,Carlos Henrique da Silva Roque,,Ativo,,Incêndio no imóvel
0012218-25.2024.5.15.0051,Pacaembu Piracicaba Com Viva - Empreendimento Imobiliário Ltda. (Filial),Rier Cassimiro da Silva,Primeira Instância,Encerrado,Trabalhista,
0202-24,Nova Catanduva III - Empreendimentos Imobiliários SPE LTDA,Agricola Zancaner Hernandes Ltda,,Ativo,,Danos Construtivos – Áreas externas (vizinhança/viela /obras públicas)
0012332-03.2024.8.16.0045,Pacaembu Construtora S/A,Natalia Ludmila Gomes dos Anjos,Primeira Instância,Ativo,Cível,Vícios Construtivos e muro de arrimo
1044251-70.2024.8.26.0576,Pacaembu Papa Empreendimento Imobiliário Ltda,João Lance Netto,Primeira Instância,Ativo,Cível,Muro de Arrimo
5008408-25.2024.4.04.7009,Vida Nova Ponta Grossa - Empreendimento Imobiliário Ltda.,Diego de Barros Campello,Primeira Instância,Ativo,Cível,Vícios Construtivos
0201-24,Vida Nova Primavera do Leste 394 - Empreendimento Imobiliário Ltda,Batista Soluções e Serviços Ltda.,,Encerrado,,Rescisão contratual
1049991-59.2023.8.26.0506,Poá Empreendimento Imobiliário Ltda,Prefeitura de Ribeirão Preto,Primeira Instância,Ativo,Tributário,Execução Fiscal - IPTU
0011098-30.2024.5.15.0088,Pacaembu Construtora S/A,Gregori Peter Aparecido Oliveira,Primeira Instância,Ativo,Trabalhista,
1044526-19.2024.8.26.0576,Pacaembu Construtora S/A,Pamela Cristina Menezes,Primeira Instância,Ativo,Cível,Ação de Revisão Contratual
1044537-48.2024.8.26.0576,Pacaembu Construtora S/A,Pamela Cristina Menezes,Segunda Instância,Ativo,Cível,Muro de Arrimo
0011875-28.2024.5.15.0116,Pacaembu Construtora S/A,Marcelo Rosa,Primeira Instância,Encerrado,Trabalhista,
0012435-76.2024.5.15.0016,Pacaembu Piracicaba Incorporadora Ltda.,Henrique Lopes Pereira,Primeira Instância,Ativo,Trabalhista,
0012219-14.2024.5.15.0082,Pacaembu Construtora S/A,Alan Hugor Jacovani,Primeira Instância,Encerrado,Trabalhista,
0200-24,Pacaembu Lins III - Empreendimento Imobiliario Spe Ltda,Oficial de Registro de Imóveis de Lins,,Ativo,,Inadimplemento
0199-24,Pacaembu Construtora S/A,Giulia Gabrielly de Oliveira Luvizotto,,Encerrado,,Recursos Próprios
0198-24,Pacaembu Itapetininga Cristovao Colombo,Lastroseg Seguranca Privada,,Cancelado,,Retirada de colaborador do canteiro
0197-24,Pacaembu São José do Rio Preto 395 - Empreendimento Imobiliário Ltda.,Galvão Construtora ME,,Encerrado,,Alojamento próprio em condições precárias e contra as normas de segurança do trabalho
0011784-75.2024.8.16.0045,Pacaembu Construtora S/A,Vagner Jose da Silva,Primeira Instância,Ativo,Cível,Vícios Construtivos e muro de arrimo
1021321-45.2024.8.26.0451,Pacaembu Piracicaba Incorporadora Ltda.,Wanderson Souza Silva,Primeira Instância,Ativo,Cível,Vícios Construtivos
1022442-24.2024.8.26.0576,Pacaembu Construtora S/A,Pamela Cristina Menezes,,Arquivado,Cível,Consignação em pagamento
0064924-20.2024.8.16.0014,Pacaembu Construtora S/A,Israel Antônio Pina,Primeira Instância,Arquivado,Cível,Cobrança indevida - ITBI
0196-24,Pacaembu Construtora S/A,Carlos Gomes dos Santos,,Ativo,,Entrega de chaves
1025752-98.2024.8.26.0071,Pacaembu Bauru - Empreendimento Imobiliário Ltda.,Prefeitura Municipal de Bauru,Primeira Instância,Ativo,Cível,ISS - Imposto Sobre Serviços
0195-24,Pacaembu Bauru Azevedo - Empreendimento Imobiliário Ltda.,LL Delgado Gestao,,Encerrado,,Relógio de Ponto
0194-24,Pacaembu Bauru Azevedo - Empreendimento Imobiliário Ltda.,Lastroseg Seguranca Privada,,Encerrado,,Relógio de Ponto
0186-24,Pacaembu Construtora S/A,Condomínio Vida Nova Piracicaba V,,Ativo,,Entrega das áreas comuns
0193-24,Pacaembu Construtora S/A,Secretaria de Obras de Itapetininga,,Ativo,,Rompimento de talude
0192-24,Pacaembu Água Santa - Empreendimento Imobiliário Ltda.,Luis Fernando Teixeira Silva,,Ativo,,Vícios Construtivos
1024836-64.2024.8.26.0071,Pacaembu Assis 371 Empreendimento Imobiliário Ltda.,Styro LNB Indústria e Comércio de Plásticos LTDA.,Primeira Instância,Ativo,Cível,Sustação de Protesto
1024831-42.2024.8.26.0071,Pacaembu Assis 371 Empreendimento Imobiliário Ltda.,Styro LNB Indústria e Comércio de Plásticos LTDA.,Primeira Instância,Ativo,Cível,Sustação de Protesto
1024815-88.2024.8.26.0071,Pacaembu Assis 371 Empreendimento Imobiliário Ltda.,Styro LNB Indústria e Comércio de Plásticos LTDA.,Primeira Instância,Ativo,Cível,Sustação de Protesto
1044115-73.2024.8.26.0576,Pacaembu Água Santa - Empreendimento Imobiliário Ltda.,Guilherme Capatti Cardoso,Primeira Instância,Ativo,Cível,Adjudicação Compulsória
0191-24,Vida Nova Ponta Grossa - Empreendimento Imobiliário Ltda.,Thiago Leme Comercio de Refeições Ltda.,,Cancelado,,Descumprimento Contratual
0190-24,Pacaembu Votuporanga 366 - Empreendimento Imobiliário Ldta.,Uma Engenharia e Construções RP Ltda.,,Encerrado,,Abandono da obra
0189-24,Pacaembu Assis Chateaubriand 357 e 358 - Empreendimento Imobiliário Ltda.,Styro LNB Indústria e Comércio de Plásticos LTDA.,,Encerrado,,Cobrança indevida
5001429-53.2024.4.03.6337,Pacaembu Votuporanga 366 - Empreendimento Imobiliário Ldta.,Nayane Keyla Madrid,Primeira Instância,Ativo,Cível,Ação de Rescisão Contratual - Alienação Fiduciária
0188-24,Pacaembu Lins Arzani 389 - Empreendimento Imobiliário Ltda,Fiorotto e Fiorotto Sociedade Simples Ltda.,,Encerrado,,Execução ineficaz das obras de infraestrutura
0011033-35.2024.5.15.0088,Pacaembu Construtora S/A,Gregori Peter Aparecido Oliveira,Primeira Instância,Encerrado - sem notificação,Trabalhista,
0187-24,Pacaembu Construtora S/A,Amanda Figueiredo,,Ativo,,Recursos Próprios
1054778-34.2023.8.26.0506,Poá Empreendimento Imobiliário Ltda,Prefeitura Municipal de Ribeirão Preto,Primeira Instância,Ativo,Tributário,Execução Fiscal - IPTU
0017083-08.2024.5.16.0005,Pacaembu Construtora S/A,Charles Soares Dias,Primeira Instância,Ativo,Trabalhista,
0004280-25.2024.8.26.0664,Pacaembu Construtora S/A,Jonas Bruno Cursi de Caires,Primeira Instância,Arquivado,Cível,Vícios Construtivos
0185-24,Pacaembu Construtora S/A,Costa Brava Turismo LTDA.,,Encerrado,,Rescisão unilateral
0184-24,Pacaembu Catanduva III - Empreendimento Imobiliário Ltda.,Distrito Policial de Catanduva,,Ativo,,Informações
0183-24,Vida Nova Barretos IV - Empreendimento Imobiliário Ltda.,Joice Ferreira Cornacioni,,Ativo,,Regularização de dívida
0182-24,Pacaembu Uberlândia - Empreendimento Imobiliário Ltda.,Promotoria de Justiça de Ituiutaba/mg,,Ativo,,Notícia de Fato
0011127-36.2024.8.16.0045,Pacaembu Construtora S/A,Rose Tenório do Carmo Bernardo,Primeira Instância,Ativo,Cível,Vícios Construtivos e muro de arrimo
0181-24,Pacaembu Construtora S/A,Kathleen Dani Teodoro de Lacerda,,Ativo,,Recursos Próprios
0180-24,Poá Empreendimento Imobiliário Ltda,Secretaria de Água e Esgoto de Ribeirão Preto,,Ativo,,Infração administrativa
0011118-74.2024.8.16.0045,Pacaembu Construtora S/A,Bruna Maiara Nogueira Sola,Primeira Instância,Ativo,Cível,Vícios Construtivos e muro de arrimo
0179-24,Associação Condomínio Vida Nova Franca,Condomínio Residencial Vida Nova Franca I,,Encerrado,,Cobrança indevida
0178-24,Pacaembu Assis Chateaubriand 357 e 358 - Empreendimento Imobiliário Ltda.,Selma Antoninha Salvador Decatti,,Encerrado,,Protesto indevido
1005916-53.2024.8.26.0132,Pacaembu Catanduva III - Empreendimento Imobiliário Ltda.,Roberta Cristina Azevedo Antunes,Primeira Instância,Ativo,Cível,Ação de Rescisão Contratual
1050625-55.2023.8.26.0506,Poá Empreendimento Imobiliário Ltda,Prefeitura de Ribeirão Preto,Primeira Instância,Ativo,Tributário,Execução Fiscal - IPTU
0177-24,Pacaembu Construtora S/A,Eduardo Vagner Ferreira Junior,,Ativo,,Deve de informação
1020198-12.2024.8.26.0451,Pacaembu Piracicaba Incorporadora Ltda.,Valdete de Souza Santos,Primeira Instância,Ativo,Cível,Vícios Construtivos
1020126-25.2024.8.26.0451,Pacaembu Piracicaba Incorporadora Ltda.,Renan Ramos Saraiva,Primeira Instância,Ativo,Cível,Vícios Construtivos
0176-24,Vida Nova Cuiabá - Empreendimento Imobiliário Ltda.,Batista Soluções e Serviços Ltda.,,Encerrado,,Rescisão Contratual
1040675-69.2024.8.26.0576,Pacaembu São José do Rio Preto - Empreendimento Imobiliário Ltda.,Adelson de Oliveira Castellon,Primeira Instância,Arquivado,Cível,Vícios Construtivos e muro de arrimo
1019831-85.2024.8.26.0451,Pacaembu Piracicaba Incorporadora Ltda.,Wilson Roberto Ferrazzi,Primeira Instância,Ativo,Cível,Vícios Construtivos
1019951-31.2024.8.26.0451,Pacaembu Piracicaba Incorporadora Ltda.,Gabriel Kaique Henrique Constantino,Primeira Instância,Ativo,Cível,Vícios Construtivos
1019882-96.2024.8.26.0451,Pacaembu Piracicaba Incorporadora Ltda.,Juliana Cristina Barreiros Silva,Primeira Instância,Ativo,Cível,Vícios Construtivos
1013056-54.2024.8.26.0451,Pacaembu Piracicaba Incorporadora Ltda.,Luiz Henrique da Silva Santos,Primeira Instância,Ativo,Cível,Vícios Construtivos
0175-24,Vida Nova Primavera do Leste 394 - Empreendimento Imobiliário Ltda,Larissa Gonçalves da Silva,,Ativo,,Distrato
1011855-27.2024.8.26.0451,Pacaembu Piracicaba Incorporadora Ltda.,Maria Teresa da Silva,Primeira Instância,Ativo,Cível,Vícios Construtivos
1019554-82.2024.8.26.0576,Urban Fortes Empreendimentos Imobiliários I Spe ltda,Carlos Eduardo Gonçalves,Primeira Instância,Arquivado,Cível,Ação Declaratória - Cobrança IPTU
1021079-02.2024.8.26.0576,Urban Fortes Empreendimentos Imobiliários I Spe ltda,Leandro Sant'ana,Primeira Instância,Arquivado,Cível,Ação Declaratória - Cobrança IPTU
0174-24,Poá Empreendimento Imobiliário Ltda,Prefeitura de Ribeirão Preto,,Ativo,,Limpeza de Terreno
1006791-23.2024.8.26.0132,Nova Catanduva III - Empreendimentos Imobiliários SPE LTDA,"Alexandre Gomes de Pinha - 1º Registro de Imóveis, Títulos e Documentos e Civil das Pessoas Jurídicas de Catanduva",Primeira Instância,Arquivado,Cível,Registro de imóveis
0004898-88.2024.8.26.0269,Pacaembu Construtora S/A,Carlos Bachir Vaz da Rocha,Primeira Instância,Ativo,Cível,Vícios Construtivos
1019551-17.2024.8.26.0451,Pacaembu Piracicaba Incorporadora Ltda.,Renata Rodrigues Santos,Segunda Instância,Ativo,Cível,Vícios Construtivos
0016447-15.2024.5.16.0014,Pacaembu Construtora S/A,Marcos Antonio Araujo,Primeira Instância,Encerrado,Trabalhista,
0011583-49.2024.5.15.0017,Pacaembu Construtora S/A,Marcos Francisco Fernandes,Primeira Instância,Encerrado,Trabalhista,
0011846-57.2024.5.15.0025,Pacaembu Construtora S/A,Roberto Batista da Silva,Primeira Instância,Ativo,Trabalhista,
5000860-04.2023.4.03.6138,Pacaembu Barretos 368 - Empreendimento Imobiliário Ltda.,Vitoria Maria Silva Santos,Primeira Instância,Arquivado,Cível,Ação de Rescisão Contratual
0055941-32.2024.8.16.0014,Pacaembu Construtora S/A,Carlos Vinicius Martins Pinheiro,Primeira Instância,Ativo,Cível,Vícios Construtivos e muro de arrimo
0010990-45.2024.5.15.0041,Pacaembu Construtora S/A,Gisele Aparecida da Silva Calhares Barbosa,Primeira Instância,Ativo,Trabalhista,
0000689-08.2024.5.09.0655,Pacaembu Assis Chateaubriand 357 e 358 - Empreendimento Imobiliário Ltda.,Lourival Rosa,Primeira Instância,Encerrado,Trabalhista,
0000690-90.2024.5.09.0655,Pacaembu Assis Chateaubriand 357 e 358 - Empreendimento Imobiliário Ltda.,Edvando Aparecido da Silva Soares,Primeira Instância,Encerrado,Trabalhista,
1018940-64.2024.8.26.0451,Pacaembu Piracicaba Incorporadora Ltda.,Thalita da Silva,Primeira Instância,Ativo,Cível,Vícios Construtivos
1018883-46.2024.8.26.0451,Pacaembu Piracicaba Incorporadora Ltda.,Fabricio Pereira da Silva,Primeira Instância,Ativo,Cível,Vícios Construtivos
1008805-54.2024.8.26.0269,Pacaembu Construtora S/A,Viviane Matias Silva,Primeira Instância,Arquivado,Cível,Ação de Rescisão Contratual
1019425-64.2024.8.26.0451,Pacaembu Piracicaba Incorporadora Ltda.,Josenildo dos Santos,Primeira Instância,Ativo,Cível,Ação de Execução de Título Extrajudicial
0010945-41.2024.5.15.0041,Pacaembu Construtora S/A,Laryssa Lys Fidelis Carvalho de Lima,Segunda Instância,Encerrado,Trabalhista,
0173-24,Pacaembu Lins III - Empreendimento Imobiliario Spe Ltda,Maria Ivanete da Conceição Santos,,Ativo,,Recursos Próprios
0172-24,Pacaembu Araçatuba I - Empreendimento Imobiliário LTDA,Empreiteira Campus Ltda,,Encerrado,,Cliente inadimplente
0171-24,Pacaembu Construtora S/A,Santiago Marcelli Campos,,Ativo,,Devolução de Valor Depositado
1003012-32.2024.8.26.0400,Pacaembu Marilia Altos do Palmital 379 - Empreendimento Imobiliario LTDA,Bruno Henrique Martins,Primeira Instância,Ativo,Cível,Vícios Construtivos
0170-24,Vida Nova Salto de Pirapora - Empreendimento Imobiliário Ltda.,Flavia Regina Amiss da Cruz,,Ativo,,Negativação indevida
0000636-35.2024.5.23.0009,Pacaembu Construtora S/A,Emilly Santana da Silva,Primeira Instância,Encerrado,Trabalhista,
1027337-15.2024.4.01.3500,Pacaembu Construtora S/A,Nubia Karla Costa Freitas de Azevedo,Primeira Instância,Arquivado,Cível,Ação Revisional por Superendividamento
0169-24,Pacaembu Construtora S/A,Vortx Distribuidora de Títulos Imobiliários,,Encerrado,,Cumprimento da obrigação
1002097-77.2024.8.11.0051,Vida Nova Primavera do Leste 394 - Empreendimento Imobiliário Ltda,Rosilene Souza Gaudencio,Primeira Instância,Arquivado,Cível,Dever de informação
0003200-02.2004.5.15.0044,Wilson de Almeida Junior,Jose Roberto Modesto,Primeira Instância,Ativo,Trabalhista,
0168-24,Pacaembu Itapetininga Copacabana 443 - Empreendimento Imobiliário LTDA.,Radi Construções Eireli,,Encerrado,,Falsificação de assinatura
0014313-47.2024.8.26.0576,Pacaembu Construtora S/A,Ednice Moreira do Prado,Primeira Instância,Arquivado,Cível,Ação Declaratória - Cobrança IPTU
0011175-83.2024.5.15.0041,Pacaembu Construtora S/A,Rosana Celia Gonçalves,Primeira Instância,Encerrado,Trabalhista,
0167-24,Julia Helena de Almeida Honda,Ana Vitória Bonifácio de Oliveira Efigênio,,Encerrado,,Desfazimento de compra e venda por ausência de pagamento
0166-24,Pacaembu Bauru - Empreendimento Imobiliário Ltda.,Prefeitura Municipal de Bauru,,Ativo,,Limpeza de Terreno
1017988-85.2024.8.26.0451,Pacaembu Piracicaba Incorporadora Ltda.,Celso Ricardo Theodoro,Primeira Instância,Ativo,Cível,Vícios Construtivos
1017615-54.2024.8.26.0451,Pacaembu Piracicaba Incorporadora Ltda.,Pamela Cristina dos Santos,Primeira Instância,Ativo,Cível,Vícios Construtivos
0165-24,Pacaembu Cafelândia - 364 - Empreendimento Imobiliário Ltda.,Carlos Soares Cunha,,Cancelado,,Descumprimento das regras do alojamento
1017790-48.2024.8.26.0451,Pacaembu Piracicaba Incorporadora Ltda.,Natalia Caroline Guedes da Silva,Primeira Instância,Arquivado,Cível,Vícios Construtivos
0164-24,Pacaembu Construtora S/A,Pamela Aparecida Camilla Rabulove,,Encerrado,,Vicios Construtivos
1020720-15.2024.8.26.0071,Pacaembu Construtora S/A,Letícia Fernandes da Silva,Primeira Instância,Arquivado,Cível,Comissão de corretagem
0163-24,Pacaembu Cafelândia - 364 - Empreendimento Imobiliário Ltda.,Leoart Arte em Pinturas LTDA - ME,,Encerrado,,Descumprimento das regras do alojamento
1037161-27.2024.8.26.0506,Poá Empreendimento Imobiliário Ltda,Diego Ferreira de Melo,Primeira Instância,Arquivado,Cível,Ação Revisional
43.0196.0001332/2020,Pacaembu Construtora S/A,Promotoria de Justiça de Araras,,Ativo,Inquérito Civil,Inquérito Civil
1035879-35.2024.8.26.0576,Pacaembu Construtora S/A,Ismael Marques de Oliveira,Segunda Instância,Ativo,Cível,Vícios Construtivos
0162-24,Pacaembu Construtora S/A,Stephanie Dos Santos Caetano,,Encerrado,,Recursos Próprios
0161-24,Haus Compra e Venda de Bens Imóveis Ltda.,Olavo Bernardes Filgueiras Filho,,Ativo,,Atualização de proprietário / Regularização de dívidas
0001878-08.2024.8.16.0192,Pacaembu Cafelândia - 364 - Empreendimento Imobiliário Ltda.,Município de Cafelândia,Primeira Instância,Ativo,Tributário,Isenção de IPTU
1004999-79.2024.8.26.0408,Pacaembu Ourinhos Constante - Empreendimento Imobiliário Ltda.,Lais Vicente Batista,Primeira Instância,Ativo,Cível,Vícios Construtivos
0160-24,Pacaembu Construtora S/A,A3 Solar,,Encerrado,,Propaganda indevida vinculanda a Pacaembu
0159-24,Pacaembu Piracicaba Incorporadora Ltda.,Vitoria Regina dos Santos Souza,,Encerrado,,Fiador de cliente inadimplente
1050050-47.2023.8.26.0506,Poá Empreendimento Imobiliário Ltda,Prefeitura Municipal de Ribeirão Preto,Primeira Instância,Ativo,Cível,Execução Fiscal - IPTU
1033853-80.2024.8.26.0506,Poá Empreendimento Imobiliário Ltda,Maria Lucia da Silva Santos,Primeira Instância,Ativo,Cível,Alienação Fiduciária
0010494-02.2024.5.15.0078,Pacaembu Construtora S/A,Gabriele Aparecida Silva de Paula,Primeira Instância,Ativo,Trabalhista,
0158-24,Pacaembu Construtora S/A,Lucas Sousa Nascimento,,Ativo,Família,Depósito de valor
1016847-31.2024.8.26.0451,Pacaembu Piracicaba Com Viva - Empreendimento Imobiliário Ltda.,Matheus Henrique Zambom,Primeira Instância,Arquivado,Cível,Muro de Arrimo
1014700-71.2023.8.26.0223,Frederico de Almeida Escobar,Marco Antonio Mariano,Primeira Instância,Arquivado - não Pacaembu,Cível,Produção Antecipada de Provas
1049558-55.2023.8.26.0506,Poá Empreendimento Imobiliário Ltda,Prefeitura de Ribeirão Preto,Primeira Instância,Ativo,Cível,Execução Fiscal - IPTU
0047111-77.2024.8.16.0014,Pacaembu Construtora S/A,Antônio de Morais Silva,Segunda Instância,Ativo,Cível,Vícios Construtivos
0157-24,Pacaembu Água Santa - Empreendimento Imobiliário Ltda.,Daniela Aparecida de Souza,,Encerrado,,Cliente inadimplente (ITBI+Registro)
0156-24,Pacaembu Água Santa - Empreendimento Imobiliário Ltda.,Guilherme Capatti Cardoso,,Encerrado,,Cliente inadimplente (ITBI+Registro)
0155-24,Poá Empreendimento Imobiliário Ltda,Paulo Cesar Vieira Amarante,,Encerrado,,Rescisão contratual
1006933-80.2024.8.26.0664,Pacaembu Construtora S/A,Odair Benedito Martins,Primeira Instância,Ativo,Cível,Vícios Construtivos
1015897-22.2024.8.26.0451,Pacaembu Piracicaba Incorporadora Ltda.,Tayssa Coelho dos Santos,Primeira Instância,Ativo,Cível,Vícios Construtivos
0154-24,Pacaembu São José do Rio Preto 336 - Empreendimento Imobiliário Ltda.,Prefeitura de São José do Rio Preto,,Ativo,,Publicidade
5005422-98.2024.4.04.7009,Vida Nova Ponta Grossa - Empreendimento Imobiliário Ltda.,Leandro Carneiro de Souza,Primeira Instância,Arquivado,Cível,Vícios Construtivos
0153-24,Pacaembu Construtora S/A,Anderson Henrique Moreira,,Ativo,,Vícios Construtivos
1505501-30.2023.8.26.0073,Haus Compra e Venda de Bens Imóveis Ltda.,Prefeitura Municipal de Avaré,Primeira Instância,Ativo,Tributário,Execução Fiscal
1011856-12.2024.8.26.0451,Pacaembu Piracicaba Incorporadora Ltda.,Paulo Joao Severino,Primeira Instância,Ativo,Cível,Vícios Construtivos
1001390-12.2024.5.02.0601,Pacaembu Construtora S/A,Anderson Lopes de Sousa,Primeira Instância,Encerrado,Trabalhista,
0000832-03.2024.5.09.0653,Pacaembu Construtora S/A,Ryan Lima de Sousa,Primeira Instância,Ativo,Trabalhista,
5005919-15.2024.4.04.7009,Pacaembu Construtora S/A,Leticia Ferreira,Primeira Instância,Ativo,Cível,Vícios Construtivos
1501401-31.2022.8.26.0408,Pacaembu Ourinhos Constante - Empreendimento Imobiliário Ltda.,Tariqui Amancio Madera,Primeira Instância,Ativo,Criminal,Furto de materiais de construção - telhas de zinco
0152-24,Pacaembu Construtora S/A,Secretaria Municipal de Obras de Rio Preto,,Ativo,,Reparos pavimento
0151-24,Pacaembu Construtora S/A,Franciele Feltri Limão,,Ativo,,Vícios Construtivos
0150-24,Pacaembu Construtora S/A,Hanaê dos Santos Filadelfo,,Ativo,,Vícios Construtivos
1005404-49.2024.8.26.0624,Pacaembu Construtora S/A,Daiane Rodrigues de Moura,Primeira Instância,Arquivado,Cível,Negativação indevida
0149-24,Haus Compra e Venda de Bens Imóveis Ltda.,Prefeitura de São José do Rio Preto,,Ativo,,Limpeza de Terreno
0011441-61.2024.5.15.0044,Pacaembu Construtora S/A,Julio Cesar Bini de Souza,Primeira Instância,Encerrado,Trabalhista,
0148-24,Poá Empreendimento Imobiliário Ltda,Prefeitura Municipal de Ribeirão Preto,,Ativo,,Limpeza de Terreno
0147-24,Pacaembu Água Santa - Empreendimento Imobiliário Ltda.,Airton Nogueira,,Encerrado,,Cliente inadimplente
0146-24,Pacaembu Construtora S/A,Felipe Dias Baptista,,Ativo,,Negativação indevida
1030935-87.2024.8.26.0576,Pacaembu Água Santa - Empreendimento Imobiliário Ltda.,Lucas José Gomes de Souza,Primeira Instância,Ativo,Cível,Vícios Construtivos
1024842-27.2024.8.26.0506,Poá Empreendimento Imobiliário Ltda,Aline Aparecida dos Santos,Primeira Instância,Ativo,Cível,Alienação Fiduciária
1015100-46.2024.8.26.0451,Pacaembu Construtora S/A,Kamile Stefany da Silva,Primeira Instância,Arquivado,Cível,Vícios Construtivos
1028864-15.2024.8.26.0576,Pacaembu Água Santa - Empreendimento Imobiliário Ltda.,Manoela Lios da Silva,Primeira Instância,Arquivado,Cível,Ação Declaratória - Cobrança IPTU
1013796-12.2024.8.26.0451,Pacaembu Piracicaba Incorporadora Ltda.,Raquel Cristina dos Santos,Primeira Instância,Aguardando Citação,Cível,Vícios Construtivos
0145-24,Pacaembu Assis 371 Empreendimento Imobiliário Ltda.,Construir Loteadora LTDA.,,Encerrado,,Solicitação de documentos
0010825-95.2024.5.15.0041,Pacaembu Itapetininga Araujo 359 - Empreendimento Imobiliário Ltda.,Lucineia Aparecida Dias Fortes,Primeira Instância,Encerrado,Trabalhista,
0002631-69.2024.8.26.0132,Pacaembu Construtora S/A,Francine Cristine Travassos,Primeira Instância,Arquivado,Cível,Indenização por Danos Morais e Materiais
0011408-54.2024.5.15.0082,Pacaembu Construtora S/A,Emerson Pereira Celestino,Primeira Instância,Ativo,Trabalhista,
0010751-80.2024.5.15.0028,Pacaembu Construtora S/A,Jean da Silva,Primeira Instância,Encerrado,Trabalhista,
0033316-04.2024.8.16.0014,Vida Nova Londrina - Empreendimento Imobiliário Ltda.,Dayara Rayane dos Santos,Segunda Instância,Arquivado,Cível,Recursos Próprios
0144-24,Pacaembu São José do Rio Preto 395 - Empreendimento Imobiliário Ltda.,Vanilda Transportes,,Encerrado,,Cliente inadimplente
0143-24,Pacaembu Água Santa - Empreendimento Imobiliário Ltda.,Gabriela de Araújo Pereira,,Encerrado,,Cliente inadimplente
0142-24,Pacaembu Itapetininga Cristovao Colombo,Viviane Matias Silva,,Encerrado,,Distrato contratual
1020148-96.2024.8.26.0576,Urban Fortes Empreendimentos Imobiliários I Spe ltda,Emílio Carlos Cavalli,Primeira Instância,Arquivado,Cível,Ação Declaratória - Cobrança IPTU
0141-24,Pacaembu Construtora S/A,Antônio de Pádua Scott Alves Ferreira,,Ativo,,Resolução contratual
0140-24,Pacaembu Construtora S/A,Edinaldo Otaviano Borges,,Encerrado,,Negativação indevida
0139-24,Pacaembu Construtora S/A,Maria Josilene Silva de Oliveira,,Encerrado,,Exoneração de Fiança
0138-24,Pacaembu Construtora S/A,Roberta Kelly Lima Ferreira,,Encerrado,,Devolução de Sinal
0137-24,Pacaembu Construtora S/A,Polícia Civil Estado de São Paulo,,Ativo,,Devolução de Sinal
0136-24,Pacaembu Água Santa - Empreendimento Imobiliário Ltda.,Fernando Maia Vanette,,Encerrado,,Cliente inadimplente
0135-24,Pacaembu Água Santa - Empreendimento Imobiliário Ltda.,Renato de Tarsio Palhares,,Encerrado,,Cliente inadimplente
0134-24,Pacaembu Água Santa - Empreendimento Imobiliário Ltda.,Alexandre Eleno de Oliveira,,Encerrado,,Cliente inadimplente
0018567-98.2023.8.16.0019,Pacaembu Construtora S/A,Josiel de Andrade,Primeira Instância,Arquivado,Cível,Negativação indevida
0133-24,Pacaembu Construtora S/A,Marlucia Reges de Carvalho,,Ativo,,Negativação indevida
1005584-31.2024.8.26.0506,Poá Empreendimento Imobiliário Ltda,Sinésio Moreira de Almeida,Segunda Instância,Ativo,Cível,Inexigibilidade de Débito
1013177-82.2024.8.26.0451,Pacaembu Piracicaba Incorporadora Ltda.,Damila Peixoto da Silva,Primeira Instância,Ativo,Cível,Vícios Construtivos
0011375-08.2024.5.15.0133,Pacaembu Construtora S/A,José de Souza Neto,Primeira Instância,Encerrado,Trabalhista,
0010639-59.2024.5.15.0110,Pacaembu Construtora S/A,Vanderlei de Araujo Sousa,,Encerrado,Trabalhista,
0011407-69.2024.5.15.0082,Pacaembu Construtora S/A,Renato Pasqualinotto,Primeira Instância,Ativo,Trabalhista,
0016368-63.2024.5.16.0005,Pacaembu Construtora S/A,Charles Soares Dias,Primeira Instância,Encerrado,Trabalhista,
0011191-85.2024.5.15.0025,Pacaembu Botucatu Verônica - Empreendimento Imobiliário Ltda.,João Batista Guedes da Silva,Primeira Instância,Encerrado,Trabalhista,
0010490-67.2024.5.15.0141,Vida Nova Ponta Grossa - Empreendimento Imobiliário Ltda.,Leandro da Cunha de Brito,Primeira Instância,Ativo,Trabalhista,
1010233-40.2024.8.26.0344,Pacaembu Lins III - Empreendimento Imobiliario Spe Ltda,CETESB - Companhia Ambiental do Estado de São Paulo,Segunda Instância,Ativo,Cível,Anulação de Multa Ambiental
1016073-74.2024.8.26.0071,Pacaembu Bauru Azevedo - Empreendimento Imobiliário Ltda.,DAE - Departamento de Água e Esgoto de Bauru,Segunda Instância,Ativo,Cível,Aprovação de Projetos
0132-24,Pacaembu Itapetininga Cristovao Colombo,Fundo de Investimento em Direitos Creditórios Não Padronizado CF,,Encerrado,,Protesto indevido
0131-24,Pacaembu Assis 371 Empreendimento Imobiliário Ltda.,Asset Bank – II Fundo de Investimento em Direitos Creditórios,,Encerrado,,Cobrança indevida
0130-24,Pacaembu Piracicaba Com Viva - Empreendimento Imobiliário Ltda. (Filial),Bustamante & Bustamante Serviços de Acabamento em Gesso,,Encerrado,,Apresentação de documentos
0129-24,Pacaembu Piracicaba Incorporadora Ltda.,Polli Terraplenagem Construções e Empreendimentos,,Encerrado,,Apresentação de documentos
0128-24,Pacaembu Cafelândia - 364 - Empreendimento Imobiliário Ltda.,Thaynara Vaniski da Silva,,Encerrado,,Rescisão Contratual
0016454-34.2024.5.16.0005,Pacaembu Construtora S/A,Igor Barbosa,Primeira Instância,Ativo,Trabalhista,
0127-24,Pacaembu Construtora S/A,Tribunal de Justiça do Estado de São Paulo,,Ativo,,Envio de informações
1014116-38.2024.8.26.0071,Pacaembu Bauru Azevedo - Empreendimento Imobiliário Ltda.,2º Cartorio de Registro de Imoveis da Comarca de Bauru,Primeira Instância,Arquivado,Tributário,Emolumentos
0126-24,Pacaembu Marília Gigantão Empreendimento Imobiliário Ltda,Trusthub Securitizadora S.A,,Encerrado,,Protesto indevido
0125-24,Pacaembu Marília Gigantão Empreendimento Imobiliário Ltda,Styro LNB Indústria e Comércio de Plásticos LTDA.,,Encerrado,,Cobrança indevida
1012916-20.2024.8.26.0451,Pacaembu Piracicaba Incorporadora Ltda.,Débora Cristina Coelho Leandro,Primeira Instância,Aguardando Citação,Cível,Vícios Construtivos
1015280-38.2024.8.26.0071,Pacaembu Construtora S/A,Jorge Eduardo Pedroso Vigentini,Primeira Instância,Arquivado,Cível,Produção Antecipada de Provas
0124-24,Pacaembu Arapongas 1 - Empreendimento Imobiliário Ltda.,Elisandra Aline Alves de Lima,,Ativo,,Boleto em duplicidade
0010394-47.2024.5.15.0078,Pacaembu Construtora S/A,Edineia Pereira da Silva,Primeira Instância,Encerrado,Trabalhista,
0123-24,Pacaembu Construtora S/A,Prefeitura Municipal de Avaré,,Ativo,,Solicitação de documentos
0122-24,Pacaembu Construtora S/A,Gabriele Caroline da Silva Tridico,,Ativo,,Cumprimento de Proposta
0003605-35.2024.8.26.0576,Urban Fortes Empreendimentos Imobiliários I Spe ltda,Tatiana Savério do Vale Azevedo,Primeira Instância,Arquivado,Cível,Honorários de sucumbência
0121-24,Pacaembu Piracicaba Com Viva - Empreendimento Imobiliário Ltda. (Filial),Ary Cayres e Outros,,Encerrado,,Descumprimento de obrigação contratual
0120-24,Pacaembu Piracicaba Incorporadora Ltda.,Josenildo dos Santos,,Encerrado,,Descumprimento de obrigação contratual
0119-24,Pacaembu Construtora S/A,Barbara Barbetta Leidens,,Ativo,,Prêmio 2023
0026079-64.2025.8.16.0019,Pacaembu Construtora S/A,Valmenci Ferreira Branco,Primeira Instância,Ativo,Cível,Vícios Construtivos
0001666-40.2024.8.16.0045,Pacaembu Construtora S/A,Joselaine Galvão de Araújo,Primeira Instância,Ativo,Cível,Vícios Construtivos
1011852-72.2024.8.26.0451,Pacaembu Piracicaba Incorporadora Ltda.,Jennifer Rosana Baboni,Primeira Instância,Ativo,Cível,Vícios Construtivos
0010811-38.2024.5.15.0033,Pacaembu Construtora S/A,Lucas Cardoso da Silva Rocha,Primeira Instância,Encerrado,Trabalhista,
0118-24,Pacaembu Água Santa - Empreendimento Imobiliário Ltda.,Associação de Adquirentes do Empreendimento Fenhouse Rio Preto,,Encerrado,,Comunicado aos condôminos
0117-24,Pacaembu Arapongas 2 - Empreendimento Imobiliarios Ltda.,Mais Sabor Gestão em Alimentação Ltda.,,Encerrado,,Descumprimento Contratual
0116-24,Pacaembu Água Santa - Empreendimento Imobiliário Ltda.,Bruno Souza Silva,,Encerrado,,Cliente inadimplente
0115-24,Pacaembu Água Santa - Empreendimento Imobiliário Ltda.,Edmilson Ferreira da Costa,,Encerrado,,Cliente inadimplente
0114-24,Pacaembu Piracicaba Com Viva - Empreendimento Imobiliário Ltda. (Filial),Rafael Estrutura LTDA,,Encerrado,,Descumprimento de obrigação contratual
0113-24,Pacaembu Piracicaba Com Viva - Empreendimento Imobiliário Ltda. (Filial),WG Arte em Pinturas LTDA,,Encerrado,,Descumprimento de obrigação contratual
1000893-44.2024.5.02.0521,Pacaembu Construtora S/A,Francisquinho Pereira Nunes,Primeira Instância,Encerrado,Trabalhista,
0010963-34.2024.5.15.0115,Pacaembu Presidente Prudente - Empreendimento Imobiliário Ltda.,José Evandro dos Santos,Primeira Instância,Encerrado,Trabalhista,
0010581-56.2024.5.15.0110,Pacaembu Construtora S/A,Vanderlei de Araujo Sousa,Primeira Instância,Encerrado,Trabalhista,
0112-24,Pacaembu Construtora S/A,Pedro dos Santos Dias,,Ativo,,Recursos Próprios
0111-24,Pacaembu Piracicaba Com Viva - Empreendimento Imobiliário Ltda. (Filial),Leoart Arte em Pinturas LTDA - ME,,Encerrado,,Descumprimento de obrigação contratual
0110-24,Pacaembu Araçatuba I - Empreendimento Imobiliário LTDA,GOS Serviços & Projetos LTDA,,Encerrado,,Descumprimento de obrigação contratual
0109-24,Pacaembu Marília Gigantão Empreendimento Imobiliário Ltda,Pedro Siqueira de Brito LTDA,,Encerrado,,Encerramento do Contrato
0108-24,Pacaembu Papa Empreendimento Imobiliário Ltda,Mariana da Silva Oliveira,,Ativo,,Rescisão Contratual
1505499-60.2023.8.26.0073,Haus Compra e Venda de Bens Imóveis Ltda.,Prefeitura Municipal de Avaré,Primeira Instância,Ativo,Cível,Execução Fiscal - IPTU
0033552-53.2024.8.16.0014,Vida Nova Londrina - Empreendimento Imobiliário Ltda.,Jonatan Narciso da Silva,Primeira Instância,Ativo,Cível,Ação de Revisão Contratual
1052426-06.2023.8.26.0506,Poá Empreendimento Imobiliário Ltda,Laila Francielle Dutra dos Santos,Primeira Instância,Ativo,Cível,Alienação Fiduciária
0107-24,Pacaembu Construtora S/A,Município de Salto de Pirapora,,Ativo,,Manutenção asfáltica
0106-24,Pacaembu Arapongas 2 - Empreendimento Imobiliarios Ltda.,Thainara Raissa Santos,,Encerrado,,Distrato Contratual
0105-24,Pacaembu Piracicaba Com Viva - Empreendimento Imobiliário Ltda. (Filial),J R Alves Gesso Ltda.,,Encerrado,,Apresentação incompleta de documentação
0104-24,Pacaembu Nova Aurora - 365 - Empreendimento Imobiliário Ltda.,Distribuidora Brasil de Papeis LTDA,,Encerrado,,Protesto Indevido
0103-24,Vida Nova Primavera do Leste 394 - Empreendimento Imobiliário Ltda,Inovart MT Construções e Acabamentos Ltda,,Encerrado,,Distrato e cobrança de valores devidos
0102-24,Pacaembu Ourinhos Constante 2 - Empreendimento Imobiliário,Castro & Alves Serviços de Limpeza Rio Preto Ltda. (cnpj: 33.072.378/0001-50),,Encerrado,,Apresentação incompleta de documentação
0101-24,Pacaembu Piracicaba Com Viva - Empreendimento Imobiliário Ltda. (Filial),Sibrape Perfurações Tatuí LTDA.,,Encerrado,,Apresentação incompleta de documentação
0001664-70.2024.8.16.0045,Pacaembu Construtora S/A,Luan dos Santos Martinez Pereira,Primeira Instância,Ativo,Cível,Vícios Construtivos
0001662-03.2024.8.16.0045,Pacaembu Construtora S/A,Ronaldo do Prado Paula,Primeira Instância,Ativo,Cível,Vícios Construtivos
0100-24,Pacaembu Bauru - Empreendimento Imobiliário Ltda.,Prefeitura Municipal de Bauru,,Ativo,,Limpeza de Terreno
0099-24,Pacaembu Construtora S/A,Daiane Leme Couto,,Ativo,,Devolução de Sinal
0098-24,Vida Nova Trindade - Empreendimento Imobiliário Ltda.,Felipe Reis Barreiros,,Ativo,,Vícios Construtivos
0097-24,Pacaembu Construtora S/A,Tribunal de Justiça do Estado de São Paulo,,Ativo,,Envio de informações
0096-24,Urban Fortes Empreendimentos Imobiliários I Spe ltda,Associação de Adquirentes do Empreendimento Fenhouse Rio Preto,,Encerrado,,Alteração dos cadastros junto à associação
0095-24,Pacaembu Piracicaba Com Viva - Empreendimento Imobiliário Ltda. (Filial),Castro & Alves Serviços de Limpeza Rio Preto Ltda. (cnpj: 33.072.378/0001-50),,Encerrado,,Apresentação incompleta de documentação
0094-24,Pacaembu Nova Aurora - 365 - Empreendimento Imobiliário Ltda.,Papeis Brasil Comercio Representacoes (30.167.782/0001-19),,Encerrado,,Protesto indevido
0093-24,Pacaembu Piracicaba Com Viva - Empreendimento Imobiliário Ltda. (Filial),Comercial Agrícola Via Verde Ltda. (cnpj: 00.565.357/0001-17),,Encerrado,,Apresentação incompleta de documentação
1001861-72.2024.8.26.0451,Pacaembu Piracicaba Incorporadora Ltda.,Varley Dias Ferreira,Primeira Instância,Encerrado,Cível,Vícios Construtivos
0092-24,Pacaembu Piracicaba Com Viva - Empreendimento Imobiliário Ltda. (Filial),Acesso Imoveis ltda (criar nova pessoa fÃÂ­sica),,Encerrado,,Encerramento dos contratos de prestação de serviços de corretagem no Nova Suíça e no Com Viva e responsabilização pelos prejuízos
0091-24,Pacaembu Assis Chateaubriand 357 e 358 - Empreendimento Imobiliário Ltda.,M3 Terraplanagem e Locações de Máquinas e Containers LTDA.,,Encerrado,,Descumprimento Contratual
0090-24,Pacaembu Construtora S/A,Câmara Municipal de Barretos,,Encerrado,,Limpeza de Terreno
35.001.003.24.0216754,Pacaembu Construtora S/A,Procon São Paulo,,Ativo,Cível Administrativo,
1002538-90.2024.8.26.0358,Pacaembu Construtora S/A,Sara Marini Sifontes Galhardo,Primeira Instância,Ativo,Cível,Negativação indevida
1501167-10.2024.8.26.0269,Pacaembu Construtora S/A,Prefeitura do Município de Itapetininga,Primeira Instância,Arquivado,Cível,Execução Fiscal
0089-24,Haus Compra e Venda de Bens Imóveis Ltda.,Prefeitura Municipal de Ribeirão Preto,,Ativo,,Envio de documentos para regularização do imóvel
0010899-03.2024.5.15.0025,Pacaembu Construtora S/A,Renato Cesar Tozzo de Oliveira,Primeira Instância,Encerrado,Trabalhista,
1033645-33.2023.8.26.0506,Poá Empreendimento Imobiliário Ltda,Renata Résky,Primeira Instância,Arquivado,Cível,Alienação Fiduciária
0010771-04.2024.5.15.0115,Pacaembu Presidente Prudente - Empreendimento Imobiliário Ltda.,Edgar Reis Cordeiro,Primeira Instância,Ativo,Trabalhista,
0088-24,Pacaembu Construtora S/A,Defensoria Pública,,Ativo,,Esclarecimentos Contratuais
0087-24,Pacaembu Construtora S/A,Delegacia Seccional de Votuporanga,,Ativo,,Comparacimento à delegacia
1504802-39.2023.8.26.0073,Haus Compra e Venda de Bens Imóveis Ltda.,Prefeitura Municipal de Avaré,Segunda Instância,Ativo,Cível,Execução Fiscal - IPTU
0010455-19.2024.5.15.0041,Pacaembu Itapetininga Araujo 359 - Empreendimento Imobiliário Ltda.,Ane Elisa Cosmo Vieira,Primeira Instância,Encerrado,Trabalhista,
1019109-64.2024.8.26.0576,Urban Fortes Empreendimentos Imobiliários I Spe ltda,Tiago Henrique Iwamoto,Primeira Instância,Arquivado,Cível,Ação Declaratória - Cobrança IPTU
0723.0002655/2024,Pacaembu Piracicaba Com Viva - Empreendimento Imobiliário Ltda. (Filial),Promotoria de Justiça de Piracicaba,,Ativo,Inquérito Civil,TVO
0086-24,Pacaembu Assis 370 - Empreendimento Imobiliário Ltda.,Evelyn Vieira,,Encerrado,,Parcelas em atraso
0085-24,Pacaembu Araçatuba I - Empreendimento Imobiliário LTDA,Treme Projetos e Construções Elétricas Ltda.,,Encerrado,,Descumprimento obrigação contratual. Atraso execução
0084-24,Vida Nova Dignidade 2 Empreendimento Imobiliário ltda,Vouvenagues Rodrigues de Alvarenga,,Ativo,,Negativação indevida
0083-24,Pacaembu Construtora S/A,Prefeitura Municipal de Bauru,,Ativo,,Limpeza de Terreno
1012368-68.2024.8.26.0071,Pacaembu Bauru Azevedo - Empreendimento Imobiliário Ltda.,2º Cartorio de Registro de Imoveis da Comarca de Bauru,Primeira Instância,Arquivado,Tributário,Emolumentos
0082-24,Pacaembu Construtora S/A,Camila Beatriz da Costa Lopes,,Ativo,,Distrato de contrato
0008778-56.2024.8.16.0014,Pacaembu Construtora S/A,Luciane Dias da Mota Gomes,Primeira Instância,Ativo,Cível,Vícios Construtivos
0081-24,Pacaembu Arapongas 1 - Empreendimento Imobiliário Ltda.,Polícia Civil do Paraná,,Ativo,,Envio de cópia de documentos pessoais (Devedor e Fiador)
0080-24,Pacaembu Construtora S/A,Polícia Civil Estado de São Paulo,,Ativo,,Esclarecimentos de entrega dos imóveis
0000277-18.2024.5.22.0105,Pacaembu Construtora S/A,Francisco Wendell da Silva Oliveira,Primeira Instância,Encerrado,Trabalhista,
1000858-08.2024.5.02.0611,Pacaembu Construtora S/A,Jose do Carmo dos Santos Junior,Primeira Instância,Encerrado,Trabalhista,
0010783-15.2024.5.15.0116,Vida Nova Tatuí III Empreendimento Imobiliário Ltda.,Jonas Vieira de Souza Almeida,Primeira Instância,Encerrado,Trabalhista,
0010785-82.2024.5.15.0116,Vida Nova Tatuí III Empreendimento Imobiliário Ltda.,Jean Fernando de Moraes,Primeira Instância,Encerrado,Trabalhista,
0010782-30.2024.5.15.0116,Vida Nova Tatuí III Empreendimento Imobiliário Ltda.,Fabio Adriano Alves,Primeira Instância,Encerrado,Trabalhista,
1002227-77.2024.8.26.0624,Vida Nova Tatuí III Empreendimento Imobiliário Ltda.,Claudeli Pires do Nascimento,Primeira Instância,Arquivado,Cível,Alienação Fiduciária
0012017-53.2024.8.16.0019,Pacaembu Construtora S/A,Andressa Marçal,Primeira Instância,Arquivado,Cível,Negativação indevida
1007644-45.2024.8.26.0451,Pacaembu Piracicaba Incorporadora Ltda.,Luciana Xisto dos Santos,Primeira Instância,Ativo,Cível,Vícios Construtivos
0079-24,Pacaembu Construtora S/A,Wagner Garcon Barboza,,Encerrado,,Renegociação de Dívidas
0078-24,Pacaembu Construtora S/A,Denis Martins,,Ativo,,Vícios Construtivos
0077-24,Terra Nova Pindamonhangaba - Empreendimento Imobiliário Ltda.,Rogério Donizete Leite,,Ativo,,Vícios Construtivos
1001782-36.2024.8.26.0664,Pacaembu Votuporanga 366 - Empreendimento Imobiliário Ldta.,Matheus Pereira Valeriano da Silva,Primeira Instância,Arquivado,Cível,Rescisão Contratual
1001272-32.2024.8.26.0079,Vida Nova Botucatu - Empreendimento Imobiliário Ltda.,José Gabriel da Silva Neto,Primeira Instância,Arquivado,Cível,Alienação Fiduciária
0010522-81.2024.5.15.0041,Pacaembu Construtora S/A,Feliciano Vamilo Alves de Santana Neto,Primeira Instância,Encerrado,Trabalhista,
0076-24,Pacaembu Construtora S/A,Secretário da Fazenda do Município de Ribeirão Preto,,Ativo,,Autos de Infração
0075-24,Vida Nova Ponta Grossa - Empreendimento Imobiliário Ltda.,Parque Royal Empreendimentos Imobiliários SPE Ltda,,Encerrado,,
0074-24,Pacaembu Construtora S/A,Luana Dalul Rodriguez,,Encerrado,,
0010873-05.2024.5.15.0025,Pacaembu Construtora S/A,Thiago de Souza,Primeira Instância,Encerrado,Trabalhista,
1018709-50.2024.8.26.0576,Pacaembu São José do Rio Preto 336 - Empreendimento Imobiliário Ltda.,Mirella Estefani Borges,Primeira Instância,Arquivado,Cível,Ação de Rescisão Contratual
0073-24,Vida Nova Barretos IV - Empreendimento Imobiliário Ltda.,Cesar Silva Sampaio,,Ativo,,Renegociação de Dívidas
0072-24,Pacaembu Construtora S/A,Rosilene Souza Gaudencio,,Ativo,,Dúvidas contratuais
0010530-58.2024.5.15.0041,Pacaembu Construtora S/A,Rodrigo dos Santos Silva Costa,Primeira Instância,Encerrado,,
0002396-91.2024.8.26.0071,Pacaembu Construtora S/A,Barbara Gomide Gomes da Silva,Primeira Instância,Arquivado,Cível,Exoneração de fiança
0071-24,Pacaembu Piracicaba Com Viva - Empreendimento Imobiliário Ltda. (Filial),Mb Serviços de Marilia Ltda.,,Encerrado,,Descumprimento Contratual
0070-24,Pacaembu Construtora S/A,Izaquiel Pereira,,Ativo,,Renegociação de Dívida
1009756-60.2024.8.26.0071,Pacaembu Construtora S/A,Sergio Malosso,Primeira Instância,Arquivado,Cível,Produção Antecipada de Provas
0069-24,Pacaembu Marilia Altos do Palmital 379 - Empreendimento Imobiliario LTDA,Marcela Cristina Soares Machado,,Ativo,,Desistência contratual
0068-24,Vida Nova Dignidade 2 Empreendimento Imobiliário ltda,Jose Paulo Alves,,Ativo,,Exoneração de Fiança
0067-24,Terra Nova Pindamonhangaba - Empreendimento Imobiliário Ltda.,Câmara dos Vereadores de Pindamonhangaba,,Encerrado,,Pedido de ligação de energia da praça do Residencial Terra Nova
0066-24,Pacaembu Construtora S/A,Brigida Dal Molin,,Ativo,,Vícios Construtivos
0018781-07.2023.8.16.0014,Pacaembu Construtora S/A,Lucas de Andrade Mattozo,Primeira Instância,Arquivado,Cível,Vícios Construtivos e muro de arrimo
0065-24,Pacaembu Assis 370 - Empreendimento Imobiliário Ltda.,Jessica de Jesus Camargo,,Ativo,,Vícios oculto
0064-24,Pacaembu Bauru II- Empreendimento Imobiliário Ltda.,Prefeitura Municipal de Bauru,,Ativo,,Limpeza de lote
1000703-96.2024.5.02.0613,Pacaembu Construtora S/A,Carlito Gonçalves de Sousa Oliveira,Primeira Instância,Encerrado,Trabalhista,
0003509-36.2024.8.16.0014,Pacaembu Construtora S/A,Jheniffer Caroline Silva Oliveira,Primeira Instância,Ativo,Cível,Vícios Construtivos
0004256-30.2024.8.26.0071,Pacaembu Bauru - Empreendimento Imobiliário Ltda.,Jefferson Camilo Pereira,Segunda Instância,Arquivado,Cível,Cumprimento Provisória de Sentença
1007269-44.2024.8.26.0451,Pacaembu Piracicaba Incorporadora Ltda.,Isolda Fernandes da Silva,Primeira Instância,Ativo,Cível,Vícios Construtivos
0063-24,Pacaembu Construtora S/A,Marcelo Vieira,,Ativo,,Devolução de Sinal
1006160-92.2024.8.26.0451,Pacaembu Piracicaba Incorporadora Ltda.,Romilda Dinora Pereira,Primeira Instância,Ativo,Cível,Vícios Construtivos
0062-24,Vida Nova Cuiabá - Empreendimento Imobiliário Ltda.,K.M. Serviços Gerais Ltda.,,Encerrado,,Rescisão contratual
0010494-61.2024.5.15.0026,Pacaembu Presidente Prudente - Empreendimento Imobiliário Ltda.,Sidnei Gregório,Primeira Instância,Encerrado,Trabalhista,
0000210-53.2024.5.22.0105,Pacaembu Construtora S/A,Frederico da Cruz Pereira,Primeira Instância,Encerrado,,
0060-24,Pacaembu Cafelândia - 364 - Empreendimento Imobiliário Ltda.,Daniel de Araujo Andrade Junior Empreiteira,,Encerrado,,Rescisão contratual e apresentação incompleta de documentação trabalhista
0059-24,Vida Nova Suíça Piracicaba Empreendimento Imobiliário ltda,Mb Serviços de Marilia Ltda.,,Encerrado,,Descumprimento Jornada
0061-24,Pacaembu Construtora S/A,Leonardo Faus Ferreira,,Ativo,,Renegociação da Dívida
1018159-71.2024.8.26.0506,Poá Empreendimento Imobiliário Ltda,Edilson Lima Santos,Segunda Instância,Ativo,Cível,Reintegração de posse
1001833-06.2024.8.26.0322,Pacaembu Lins III - Empreendimento Imobiliario Spe Ltda,Iolanda dos Santos Moreno,Primeira Instância,Arquivado,Cível,Negativação indevida
1006136-64.2024.8.26.0451,Pacaembu Piracicaba Incorporadora Ltda.,Erick Lucas da Silva Moraes,Primeira Instância,Ativo,Cível,Vícios Construtivos
0058-24,Pacaembu Construtora S/A,Município São José do Rio Preto,,Ativo,,
1014252-72.2024.8.26.0576,Pacaembu Construtora S/A,Thiago Rodrigues Coelho,Segunda Instância,Ativo,Cível,Vícios Construtivos
1013271-43.2024.8.26.0576,Pacaembu Água Santa - Empreendimento Imobiliário Ltda.,Marcos Antonio da Silva Cazella,Primeira Instância,Arquivado,Cível,Ação Declaratória - Cobrança IPTU
0057-24,Pacaembu São José do Rio Preto - Empreendimento Imobiliário Ltda.,Paulo Gilberto Fumis,,Encerrado,,Regularização do imóvel locado - Loja
0056-24,Pacaembu Marilia Altos do Palmital 379 - Empreendimento Imobiliario LTDA,Mb Serviços de Marilia Ltda.,,Encerrado,,Apresentação Incompleta Documentação. Descumprimento Jornada.
0055-24,Pacaembu Construtora S/A,Gustavo da Conceição Correa,,Ativo,,Resposta ao Ofício da 7ª VT de Vitória
0010460-25.2024.8.16.0021,Pacaembu Cafelândia - 364 - Empreendimento Imobiliário Ltda.,Robson Gomes da Silva,Segunda Instância,Arquivado,Cível,Indenização por Danos Morais
0054-24,Pacaembu Votuporanga - Empreendimento Imobiliário Ltda.,Nayane Keyla Madrid,,Ativo,,Rescisão Contratual
0008411-17.2024.8.16.0019,Vida Nova Ponta Grossa - Empreendimento Imobiliário Ltda.,Murilo Balabuch da Silva,Primeira Instância,Arquivado,Cível,Indenização por Danos Morais
0053-24,Pacaembu Construtora S/A,Diego Perdiz da Silva,,Encerrado,,Vícios Construtivos
0010474-91.2024.5.15.0116,Pacaembu Tatuí Caguassu - Empreendimento Imobiliário Ltda.,Michele Aparecida Lopes,Primeira Instância,Encerrado,Trabalhista,
0010473-09.2024.5.15.0116,Pacaembu Tatuí Caguassu - Empreendimento Imobiliário Ltda.,Joao Antonio da Silva Filho,Primeira Instância,Encerrado,Trabalhista,
0010475-76.2024.5.15.0116,Pacaembu Tatuí Caguassu - Empreendimento Imobiliário Ltda.,Fabiana Aparecida Arruda de Lima,Primeira Instância,Encerrado,Trabalhista,
1001109-66.2024.8.26.0624,Vida Nova Tatuí III Empreendimento Imobiliário Ltda.,Leandro de Jesus Bastos,Primeira Instância,Ativo,Cível,Alienação Fiduciária
0052-24,Pacaembu Construtora S/A,Carla Maria da Costa,,Ativo,,Registro de ameaças aos funcionários da Pacaembu
0051-24,Pacaembu Construtora S/A,Priscila,,Ativo,,Registro de B.O
1005739-05.2024.8.26.0451,Pacaembu Piracicaba Incorporadora Ltda.,Dorival Siani Fulgencio,Primeira Instância,Arquivado,Cível,Vícios Construtivos
1007412-09.2024.8.26.0071,Belvedere Loteamentos Ltda,Prefeitura Municipal de Bauru,Primeira Instância,Arquivado,Tributário,Suspensão da Exigibilidade
0050-24,Pacaembu Construtora S/A,Regina Fernandes Celegato,,Ativo,,Renegociação de Dívidas
0049-24,Pacaembu Itapetininga Cristovao Colombo,Ponto Certo Refeições Ltda.,,Encerrado,,Refeições entregues com problemas de higiene e qualidade
0048-24,Pacaembu Construtora S/A,Maria Regina de Oliveira Rosa,,Ativo,,Renegociação de Dívida
0047-24,Pacaembu Piracicaba Com Viva - Empreendimento Imobiliário Ltda. (Filial),Vitor Melo da Silva,,Ativo,,Pedido de Distrato – Contrato de Promessa de Compra e Venda de Imóvel e Outras Avenças
1011581-76.2024.8.26.0576,Pacaembu Construtora S/A,Lucas de Souza Guerreiro,Primeira Instância,Ativo,Cível,Muro de Arrimo
0046-24,Jurídico Notificação,Luciano Ismael Inocêncio,,Ativo,,Acesso ao contrato
0045-24,Vida Nova Botucatu - Empreendimento Imobiliário Ltda.,Município de Botucatu,,Ativo,,Limpeza de Terreno
0044-24,Pacaembu Construtora S/A,Speciallista Comunicações Multimídia Ltda.,,Encerrado,,Cobrança indevida – Nota Fiscal de Prestação de Serviços de Marketing
0043-24,Pacaembu Construtora S/A,Luzia Elizabeth Botter,,Encerrado,,Responsabilidades ambientais
0042-24,Pacaembu Construtora S/A,Carlos Jose Gonçalves Rosa Imobiliaria,,Encerrado,,Cobrança de comissão de corretagem
1004888-63.2024.8.26.0451,Pacaembu Piracicaba Incorporadora Ltda.,Jennifer Jéssica Gonçalves,Primeira Instância,Ativo,Cível,Vícios Construtivos
0081635-37.2023.8.16.0014,Pacaembu Construtora S/A,Gustavo Oliveira Lopes,Segunda Instância,Arquivado,Cível,Cobrança indevida - ITBI
1002816-06.2024.8.26.0451,Pacaembu Piracicaba Incorporadora Ltda.,Juliana Ferreira dos Santos,Primeira Instância,Arquivado,Cível,Vícios Construtivos
0041-24,Pacaembu Ourinhos Constante 2 - Empreendimento Imobiliário,ICL Serviços de Colocação de Gesso Eireli,,Encerrado,,Pendência de documentos
0040-24,Pacaembu Ourinhos Constante 2 - Empreendimento Imobiliário,Leoart Arte em Pinturas LTDA - ME,,Encerrado,,Apresentação incompleta de documentação
0039-24,Pacaembu Arapongas 2 - Empreendimento Imobiliarios Ltda.,Kaique de Medeiros Silva,,Encerrado,,Apresentação incompleta de documentação trabalhista
0012932-30.2023.5.15.0015,Pacaembu Construtora S/A,Carina Ferreira de Jesus da Paz,Primeira Instância,Ativo,Trabalhista,
0008362-35.2024.8.26.0071,Pacaembu Bauru - Empreendimento Imobiliário Ltda.,Geni de Sousa Santos,Primeira Instância,Ativo,Cível,Vícios Construtivos
0000211-28.2024.5.09.0678,Pacaembu Construtora S/A,Bruno Francisco Martini,Primeira Instância,Encerrado,Trabalhista,
0010234-50.2024.5.15.0101,Pacaembu Construtora S/A,Jair Gomes,Primeira Instância,Encerrado,Trabalhista,
0010372-51.2024.5.15.0025,Pacaembu Construtora S/A,Riciery Roberto Machado Silva,Primeira Instância,Encerrado,Trabalhista,
0010214-60.2024.5.15.0036,Pacaembu Construtora S/A,Silvani Rodrigues de Castro Silva,Primeira Instância,Encerrado,Trabalhista,
0038-24,Pacaembu Água Santa - Empreendimento Imobiliário Ltda.,Associação de Adquirentes do Empreendimento Fenhouse Rio Preto,,Encerrado,,Acesso e permanência de pessoas não autorizadas no Condomínio Fenhouse
1009939-68.2024.8.26.0576,Pacaembu Construtora S/A,Daniela Morgon Sousa,Primeira Instância,Ativo,Cível,Indenização por Danos Morais e Materiais
0037-24,Pacaembu Construtora S/A,C. H. Xavier Estruturas - ME,,Encerrado,,Comprovação do pagamento dos acordos trabalhistas
0000118-59.2024.5.09.0195,Pacaembu Construtora S/A,Francisco Pereira do Nascimento Filho,Primeira Instância,Arquivado,Trabalhista,
0036-24,Pacaembu Ourinhos Constante - Empreendimento Imobiliário Ltda.,André Wagner Nakaiama Carvalho Massafera,,Ativo,,Negativação indevida
1003820-82.2024.8.26.0482,Pacaembu Construtora S/A,Aparecida Florindo,Primeira Instância,Ativo,Cível,Negativação indevida
0008776-86.2024.8.16.0014,Pacaembu Construtora S/A,David Rodrigues de Oliveira,Primeira Instância,Ativo,Cível,Vícios Construtivos
0010119-60.2024.5.15.0026,Pacaembu Construtora S/A,Hamilton Favareto,Primeira Instância,Encerrado,Trabalhista,
0035-24,Pacaembu Construtora S/A,Barbara Gomide Gomes da Silva,,Encerrado,,Retirada do nome do Serasa
0010134-81.2024.5.15.0041,Pacaembu Itapetininga Araujo 359 - Empreendimento Imobiliário Ltda.,Talita Maria de Oliveira,Primeira Instância,Encerrado,Trabalhista,
0010118-30.2024.5.15.0041,Pacaembu Itapetininga Araujo 359 - Empreendimento Imobiliário Ltda.,Monique Regiane Moreira Gomes,Primeira Instância,Encerrado,Trabalhista,
1002696-60.2024.8.26.0451,Pacaembu Piracicaba Incorporadora Ltda.,Daiane Campos Morales,Segunda Instância,Arquivado,Cível,Vícios Construtivos
0008780-26.2024.8.16.0014,Pacaembu Construtora S/A,Lucimara Alves Cabral,Primeira Instância,Ativo,Cível,Vícios Construtivos
0034-24,Gold Land Botucatu - Empreendimentos Imobiliarios LTDA,Município de Botucatu,,Ativo,,Limpeza de Terreno
0004604-86.2024.8.16.0019,Pacaembu Construtora S/A,Genival Martins,Primeira Instância,Arquivado,Cível,Indenização por Danos Morais
1001419-49.2024.8.26.0664,Pacaembu Construtora S/A,Leonardo de Lima Marques Queiroz,Primeira Instância,Arquivado,Cível,Vícios Construtivos
1000947-93.2024.8.26.0358,Pacaembu Água Santa - Empreendimento Imobiliário Ltda.,Mônica Paula Oler Conde Baruque,Primeira Instância,Arquivado,Cível,Ação de Rescisão Contratual
0000106-45.2024.5.09.0195,Pacaembu Construtora S/A,Mateus Souza Lima,Primeira Instância,Ativo,Trabalhista,
0033-24,Pacaembu Araçatuba I - Empreendimento Imobiliário LTDA,RSP Segurança e Vigilância Patrimonial Ltda,,Encerrado,,Retirada de colaborador por conduta incompatível
1008329-65.2024.8.26.0576,Pacaembu Construtora S/A,Elisângela Mora da Silva Costa,Primeira Instância,Ativo,Cível,Execução de Título Extrajudicial
0032-24,Pacaembu Lins Arzani 389 - Empreendimento Imobiliário Ltda,C. H. Xavier Estruturas - ME,,Encerrado,,Abandono de Obra
0031-24,Pacaembu Bauru II- Empreendimento Imobiliário Ltda.,Prefeitura Municipal de Bauru,,Encerrado,,Limpeza de Terreno
0030-24,Pacaembu Construtora S/A,3ª Vara Civel de Araras,,Ativo,,Ofício - desconto salalarial
1008625-43.2023.8.26.0408,Pacaembu Ourinhos Constante - Empreendimento Imobiliário Ltda.,Renata de Sousa Amario,Primeira Instância,Ativo,Cível,Vícios Construtivos
1006702-26.2024.8.26.0576,Pacaembu Construtora S/A,Guilherme Aparecido da Silva,Primeira Instância,Arquivado,Cível,Vícios Construtivos
1008623-73.2023.8.26.0408,Pacaembu Ourinhos Constante - Empreendimento Imobiliário Ltda.,Elielton Leal Silva,Primeira Instância,Arquivado,Cível,Vícios Construtivos
1007328-98.2023.8.26.0408,Pacaembu Ourinhos Constante - Empreendimento Imobiliário Ltda.,Elielton Leal Silva,Primeira Instância,Aguardando Citação,,Cobrança indevida
1006703-11.2024.8.26.0576,Pacaembu Construtora S/A,Rodolfo Lima Brasero,Primeira Instância,Arquivado,Cível,Vícios Construtivos
1006705-78.2024.8.26.0576,Pacaembu Construtora S/A,Abner Henrique de Souza,Primeira Instância,Ativo,Cível,Vícios Construtivos
1006707-48.2024.8.26.0576,Pacaembu Construtora S/A,Vilcionei Jesus de Almeida,Primeira Instância,Ativo,Cível,Vícios Construtivos
1006689-27.2024.8.26.0576,Pacaembu Construtora S/A,Ismael Marques de Oliveira,Primeira Instância,Arquivado,Cível,Vícios Construtivos
1006685-87.2024.8.26.0576,Pacaembu Construtora S/A,Luis Gustavo Loto,Primeira Instância,Arquivado,Cível,Vícios Construtivos
0000152-68.2024.5.22.0002,Pacaembu Construtora S/A,João Batista de Souza,Primeira Instância,Encerrado,Trabalhista,
1006674-58.2024.8.26.0576,Pacaembu Construtora S/A,Adrielle Souza Paschoalino,Primeira Instância,Arquivado,Cível,Vícios Construtivos
1006673-73.2024.8.26.0576,Pacaembu Construtora S/A,Daniela Arantes Matos,Segunda Instância,Ativo,Cível,Vícios Construtivos
1002579-69.2024.8.26.0451,Pacaembu Piracicaba Incorporadora Ltda.,Daiane Campos Morales,Primeira Instância,Ativo,Cível,Vícios Construtivos
1002549-34.2024.8.26.0451,Pacaembu Piracicaba Incorporadora Ltda.,Estefani Pedronetti da Silva Alves,Primeira Instância,Ativo,Cível,Vícios Construtivos
1006224-18.2024.8.26.0576,Pacaembu São José do Rio Preto - Empreendimento Imobiliário Ltda.,Sueli da Silva Santos,Primeira Instância,Ativo,Cível,Vícios Construtivos
0029-24,Vida Nova Botucatu - Empreendimento Imobiliário Ltda.,Município de Botucatu,,Encerrado,,Limpeza de Terreno
0028-24,Pacaembu Construtora S/A,Imobiliária JAJ Ltda.,,Ativo,,Dívida Ativa
0027-24,Pacaembu São José do Rio Preto - Empreendimento Imobiliário Ltda.,Melber Luciano Alenec,,Ativo,,Negativação indevida
1005963-53.2024.8.26.0576,Pacaembu Água Santa - Empreendimento Imobiliário Ltda.,Marcelo Leandro Lino,Primeira Instância,Arquivado,Cível,Ação Declaratória - Cobrança IPTU
0026-24,Pacaembu Construtora S/A,Marcos Rodrigues de Oliveira,,Ativo,,Alagamento no imóvel
0000165-40.2024.5.09.0128,Pacaembu Construtora S/A,Elvis Luan Almeida Cardim,Primeira Instância,Encerrado,Trabalhista,
0025-24,Vida Nova Salto de Pirapora - Empreendimento Imobiliário Ltda.,Sandra Cristina Marcello,,Encerrado,,Valores bloqueados referentes à opção de compra do terreno
0024-24,Pacaembu Arapongas 2 - Empreendimento Imobiliarios Ltda.,Prefeitura Municipal de Arapongas,,Encerrado,,Fornecimento de Dados Pessoais da Cliente
0010040-27.2024.5.15.0044,Pacaembu Itapetininga Araujo 359 - Empreendimento Imobiliário Ltda.,Heloisa Coelho Pinheiro,Primeira Instância,Encerrado,Trabalhista,
1002859-16.2024.8.26.0071,Pacaembu Construtora S/A,Lidia Maria Robiton Caldeira,Primeira Instância,Arquivado,Cível,Ação de Obrigação de Fazer c/c Danos Morais
5366619-57.2023.8.09.0149,Pacaembu Construtora S/A,Maykon Oliveira de Paula,Primeira Instância,Arquivado,Cível,Vícios Construtivos
0060203-59.2023.8.16.0014,Pacaembu Construtora S/A,Maria Eduarda da Silva Martins,Primeira Instância,Ativo,Cível,Vícios Construtivos
0000381-63.2024.8.26.0132,Pacaembu Catanduva III - Empreendimento Imobiliário Ltda.,Carlos Augusto Seruti,Primeira Instância,Arquivado,Cível,Ação de Revisão Contratual
0023-24,Pacaembu Construtora S/A,Silvana do Nascimento,,Encerrado,,Rescisão Contratual
0000135-79.2024.5.09.0071,Pacaembu Construtora S/A,Francisco da Silva Dantas,Primeira Instância,Arquivado,Trabalhista,
0022-24,Pacaembu Piracicaba Incorporadora Ltda.,Metalurgica Carmar Eireli,,Encerrado,,Descumprimento de obrigação contratual
1030912-54.2023.8.26.0196,Vida Nova Barretos III - Empreendimento Imobiliário Ltda.,Tereza Aparecida da Silva,Primeira Instância,Ativo,Cível,Alienação Fiduciária
0021-24,Pacaembu Construtora S/A,Yuri Fernando de Souza Araujo,,Encerrado,,Rescisão Contratual
0018218-13.2023.8.16.0014,Pacaembu Construtora S/A,Anderson de Oliveira,Primeira Instância,Ativo,Cível,Vícios Construtivos e muro de arrimo
1000157-40.2024.8.26.0575,Pacaembu Construtora S/A,Vanessa Santa de Oliveira Grace,Primeira Instância,Arquivado,Cível,Ação de Rescisão Contratual
1001266-73.2024.8.26.0451,Pacaembu Piracicaba Incorporadora Ltda.,João Lucas Alves Pereira,Primeira Instância,Ativo,Cível,Vícios Construtivos
0010156-11.2024.5.15.0116,Pacaembu Construtora S/A,Diogo Roberto Soares,Primeira Instância,Encerrado,Trabalhista,
0010157-93.2024.5.15.0116,Pacaembu Construtora S/A,Edson Saldanha Diniz,Primeira Instância,Encerrado,Trabalhista,
0010154-41.2024.5.15.0116,Pacaembu Construtora S/A,Anderson Domingues Ribeiro,Primeira Instância,Encerrado,Trabalhista,
142.092/2022,Pacaembu Construtora S/A,Prefeitura de Bauru,,Ativo,Cível Administrativo,Tributos
0020-24,Pacaembu Construtora S/A,2ª Vara Cível da Comarca de Assis,,Encerrado,,Ofício - Penhora de Salário
0015872-93.2023.8.16.0045,Pacaembu Arapongas 1 - Empreendimento Imobiliário Ltda.,Igor Antônio Rodrigues,Primeira Instância,Ativo,Cível,Muro de Arrimo
1017283-97.2023.8.26.0071,Pacaembu Bauru II- Empreendimento Imobiliário Ltda.,Fábio Silva de Almeida,Segunda Instância,Arquivado,Cível,Alienação Fiduciária
0019-24,Pacaembu Bauru - Empreendimento Imobiliário Ltda.,2ª Vara de Família e Sucessões São Paulo,,Encerrado,,Ofício
1003966-35.2024.8.26.0576,Pacaembu São José do Rio Preto 336 - Empreendimento Imobiliário Ltda.,Município São José do Rio Preto,Primeira Instância,Arquivado,Tributário,Anulação de Débito Fiscal
0018-24,Pacaembu Construtora S/A,Cleber Santos Silva Fagundes,,Ativo,,Juros e correção monetária das parcelas
0010090-94.2024.5.15.0095,Pacaembu Construtora S/A,Jose Francisco Sousa da Silva,Primeira Instância,Encerrado,Trabalhista,
1000858-82.2024.8.26.0451,Pacaembu Piracicaba Incorporadora Ltda.,Pedro Santos Silva,Primeira Instância,Arquivado,Cível,Indenização por Danos Morais
1021410-18.2023.8.26.0576,Pacaembu Cedral I - Empreendimento Imobiliário Ltda,Claudia Aparecida Ribeiro,Segunda Instância,Arquivado,Cível,Muro de Arrimo
0017-24,Pacaembu Construtora S/A,Associação de Adquirentes do Empreendimento “Pacaembu Reserva Rio Preto”,,Encerrado,,Apresentar solução para problemas no Condomínio em 72 horas.
0016-24,Terra Nova Pindamonhangaba - Empreendimento Imobiliário Ltda.,Ana Lucia Rodrigues Bueno,,Ativo,,Limpeza de terreno
0015-24,Vida Nova Tatuí III Empreendimento Imobiliário Ltda.,Prefeitura Municipal de Tatui,,Encerrado,,Limpeza de terreno
0014-24,Pacaembu Construtora S/A,Rafael José Nunes Cicuto,,Ativo,,Boletim de ocorrência
1000217-98.2024.8.26.0482,Pacaembu Presidente Prudente - Empreendimento Imobiliário Ltda.,Maria Jose Gomes,Primeira Instância,Arquivado,Cível,Obrigação de Fazer
0013-24,Pacaembu Água Santa - Empreendimento Imobiliário Ltda.,Minimercados Solução para Condomínios Telles Garcia Ltda.,,Encerrado,,Exercício de mercado sem Alvará de Funcionamento
0012-24,Pacaembu Construtora S/A,Monalisa da Silva Coelho,,Encerrado,,Negativação indevida
0011-24,Pacaembu Construtora S/A,Vinicius Albuquerque Molinaro Buzello,,Encerrado,,Juros de obra
0010-24,Pacaembu Construtora S/A,2ª Vara de Família e Sucessões São Paulo,,Encerrado,,Solicitação de informações
0009-24,Pacaembu Construtora S/A,Cristiana Peetz Bianco Barbino,,Ativo,,Negociação de dívida
0008-24,Pacaembu Construtora S/A,Prefeitura Municipal de Ribeirão Preto,,Encerrado,,Manutenção de paisagismo
0000103-27.2024.8.26.0079,Pacaembu Construtora S/A,Marcelo Junior da Silva,Primeira Instância,Arquivado,Cível,Honorários de sucumbência
1000455-16.2024.8.26.0451,Pacaembu Piracicaba Incorporadora Ltda.,Pedro Santos Silva,Primeira Instância,Ativo,Cível,Vícios Construtivos
0000206-15.2024.8.26.0344,Pacaembu Construtora S/A,Alan José Ferreira Marques,Primeira Instância,Arquivado,Cível,Devolução de Sinal
1026253-13.2023.8.26.0451,Pacaembu Piracicaba Incorporadora Ltda.,Andreza Claudino da Silva,Primeira Instância,Ativo,Cível,Vícios Construtivos
1007738-14.2023.8.26.0132,Pacaembu Catanduva III - Empreendimento Imobiliário Ltda.,Dandara Martins Soares,Primeira Instância,Arquivado,Cível,Exoneração de fiação
1000686-19.2024.8.26.0071,Pacaembu Bauru - Empreendimento Imobiliário Ltda.,Lucas D'avila Vidrih Ferreira,Primeira Instância,Arquivado,Cível,Alienação Fiduciária
5001132-19.2023.4.03.6131,Pacaembu Construtora S/A,Gabrielle Silva Pinheiro,Primeira Instância,Ativo,Cível,Ação de Rescisão Contratual
1048720-96.2023.8.26.0576,Pacaembu Construtora S/A,Everaldo Ferreira da Silva,Primeira Instância,Arquivado,Cível,Negativação indevida
1050154-39.2023.8.26.0506,Poá Empreendimento Imobiliário Ltda,Sonia Aparecida da Silva,Primeira Instância,Arquivado,Cível,Vícios Construtivos
1002298-22.2023.8.26.0137,Pacaembu Construtora S/A,Benedita Rodrigues Vilas Boas,Primeira Instância,Arquivado,Cível,Negativação indevida
1032132-87.2023.8.26.0196,Pacaembu Construtora S/A,Condomínio Vida Nova Franca Iii,Primeira Instância,Arquivado,Cível,Rescisão Contratual C/c Devolução de Valores
1000005-73.2024.8.26.0451,Pacaembu Piracicaba Incorporadora Ltda.,Andreia Souza da Rocha,Primeira Instância,Ativo,Cível,Erro no produto
1000125-19.2024.8.26.0451,Pacaembu Piracicaba Incorporadora Ltda.,Natalia Cristina Corazza Joly,Primeira Instância,Arquivado,Cível,Negativação indevida
0007-24,Pacaembu Construtora S/A,Tribunal Regional do Trabalho da 07ª Região,,Ativo,,Ofício
0006-24,Pacaembu Cianorte - Empreendimento Imobiliário Ltda,Montinorte Guindastes e Transportes Ltda.,,Encerrado,Trabalhista,Apresentação incompleta de documentação trabalhista
0012269-18.2023.5.15.0133,Pacaembu Itapetininga Araujo 359 - Empreendimento Imobiliário Ltda.,Luzilene de Fatima Cardoso,Primeira Instância,Encerrado,Trabalhista,
0011708-76.2023.5.15.0041,Pacaembu Itapetininga Araujo 359 - Empreendimento Imobiliário Ltda.,Luiz Antonio Martins,Primeira Instância,Encerrado,Trabalhista,
0012229-93.2023.5.15.0017,Pacaembu Construtora S/A,Italo Henrique da Silva,Primeira Instância,Ativo,Trabalhista,
0012386-81.2023.5.15.0012,Pacaembu Construtora S/A,Eduardo Gomes Ferreira,Primeira Instância,Ativo,Trabalhista,
0011704-83.2023.5.15.0091,Pacaembu Construtora S/A,Jurandir Aparecido de Oliveira,Primeira Instância,Ativo,Trabalhista,
0005-24,Pacaembu Araçatuba I - Empreendimento Imobiliário LTDA,Lilian Cristina Vicente Brito,,Ativo,,Comissão de corretagem
0004-24,Vida Nova Tatuí III Empreendimento Imobiliário Ltda.,Prefeitura Municipal de Tatui,,Ativo,,Limpeza de terreno
0003-24,Pacaembu Itapetininga Cristovao Colombo,RC Barros Construções Ltda,,Encerrado,,Inclusão colabores na LIMPE
0002-24,Vida Nova Salto de Pirapora - Empreendimento Imobiliário Ltda.,Baroni Construções Ltda.,,Encerrado,,Descumprimento contratual
0012080-91.2023.5.15.0116,Pacaembu Itapetininga Araujo 359 - Empreendimento Imobiliário Ltda.,Daiane Prado,Primeira Instância,Encerrado,Trabalhista,
1065141-80.2023.8.26.0506,Poá Empreendimento Imobiliário Ltda,Alexandre Resende,Primeira Instância,Arquivado,Cível,Alienação Fiduciária
1001953-19.2023.8.26.0699,Pacaembu Construtora S/A,Janice Gabriele de Almeida de Oliveira,Primeira Instância,Arquivado,Cível,Uso de imagem indevida
1058445-12.2023.8.26.0576,Urban Fortes Empreendimentos Imobiliários I Spe ltda,Bianca Araujo Fraisoli Vanette,Segunda Instância,Ativo,Cível,Ação de Rescisão Contratual
1058273-70.2023.8.26.0576,Pacaembu Construtora S/A,Erik da Silva Santos,Primeira Instância,Ativo,Cível,Muro de Arrimo
1025710-10.2023.8.26.0451,Pacaembu Piracicaba Incorporadora Ltda.,Junia Maria Soares,Primeira Instância,Ativo,Cível,Vícios Construtivos
0001-24,Pacaembu Construtora S/A,Denilson de Azevedo de Sena,,Encerrado,,Desistência de contrato
1056175-15.2023.8.26.0576,Urban Fortes Empreendimentos Imobiliários I Spe ltda,Carla Maria da Costa,Primeira Instância,Arquivado,Cível,Nulidade de contratação
1064637-58.2023.8.26.0576,Pacaembu Papa Empreendimento Imobiliário Ltda,Prefeitura Municipal de São José do Rio Preto,Segunda Instância,Ativo,Tributário,Cobrança indevida - ITBI
0248-23,Pacaembu Cafelândia - 364 - Empreendimento Imobiliário Ltda.,Daniel de Araujo Andrade Junior Empreiteira,,Ativo,,Insubordinação às condições e regulamentações de uso do alojamento
0247-23,Pacaembu Construtora S/A,Tribunal de Justiça do Estado de São Paulo,,Ativo,,Ofício Judicial
1031351-65.2023.8.26.0196,Vida Nova Barretos III - Empreendimento Imobiliário Ltda.,Arthur Henrique Rocha Machado,Primeira Instância,Ativo,Cível,Alienação Fiduciária
1021067-09.2023.8.26.0451,Pacaembu Piracicaba Incorporadora Ltda.,Luis Henrique dos Santos,Primeira Instância,Ativo,Cível,Vícios Construtivos
1059362-31.2023.8.26.0576,Pacaembu Água Santa - Empreendimento Imobiliário Ltda.,Carla Maria da Costa,Primeira Instância,Ativo,Cível,Vícios Construtivos
1042695-83.2023.8.26.0506,Poá Empreendimento Imobiliário Ltda,Simone dos Reis,Primeira Instância,Ativo,Cível,Alienação Fiduciária
0246-23,Pacaembu São José do Rio Preto - Empreendimento Imobiliário Ltda.,Cleber Santos Silva Fagundes,,Encerrado,,Recursos próprios
0245-23,Pacaembu Presidente Prudente III - Empreendimento Imobiliário Ltda.,Carlos Jose Gonçalves Rosa Imobiliaria,,Encerrado,,Devolução de imóvel locado
1025617-47.2023.8.26.0451,Pacaembu Piracicaba Incorporadora Ltda.,Andreia Souza da Rocha,Primeira Instância,Ativo,Cível,Vícios Construtivos
1007035-31.2023.8.26.0408,Pacaembu Ourinhos Constante - Empreendimento Imobiliário Ltda.,Marcia Nicoleti de Moraes,Primeira Instância,Ativo,Cível,Negativação indevida
0016360-48.2023.8.16.0045,Pacaembu Arapongas 1 - Empreendimento Imobiliário Ltda.,Antônio Aparecido Estrada,Primeira Instância,Arquivado,Cível,Negativação indevida
0244-23,Pacaembu São José do Rio Preto - Empreendimento Imobiliário Ltda.,Daniela Morgon Sousa,,Ativo,,
0243-23,Pacaembu Construtora S/A,Tribunal de Justiça do Estado do Paraná,,Ativo,,Ofício Judicial
0242-23,Pacaembu Marilia Altos do Palmital 379 - Empreendimento Imobiliario LTDA,Marcela Cristina Soares Machado,,Encerrado,,Desistência contratual
0016511-54.2023.8.26.0071,Pacaembu Bauru II- Empreendimento Imobiliário Ltda.,Alisson Leal Martins Pereira,Primeira Instância,Arquivado,Cível,Declaratória de Inexigibilidade de Crédito
0001249-54.2023.5.09.0664,Pacaembu Construtora S/A,Roseli Conceição Guerber,,Encerrado,Trabalhista,
0237-23,Pacaembu Construtora S/A,Condominio Fenhouse,,Encerrado,,Vícios Construtivos
0240-23,Pacaembu Piracicaba Com Viva - Empreendimento Imobiliário Ltda. (Filial),Bustamante & Bustamante Serviços de Acabamento em Gesso,,Encerrado,,Emprego da caução para abatimento de débitos de refeição em aberto
0239-23,Pacaembu Piracicaba Com Viva - Empreendimento Imobiliário Ltda. (Filial),J R Alves Gesso Ltda.,,Ativo,,Emprego da caução para abatimento de débitos de refeição em aberto
0238-23,Pacaembu Piracicaba Com Viva - Empreendimento Imobiliário Ltda. (Filial),Gesso & Cores Ltda.,,Ativo,,Emprego da caução para abatimento de débitos de refeição em aberto
1012695-62.2023.8.26.0066,Pacaembu Barretos 368 - Empreendimento Imobiliário Ltda.,Caroline de Souza Calderaro,Primeira Instância,Arquivado,Cível,Negativação indevida
1178161-06.2023.8.26.0100,Pacaembu Araçatuba I - Empreendimento Imobiliário LTDA,Banco Safra S.A.,Primeira Instância,Arquivado,Cível,Sustação de Protesto
0236-23,Pacaembu Cianorte - Empreendimento Imobiliário Ltda,Francisbell Carolina Torres Ramos,,Encerrado,,Devolução de valores
0235-23,Pacaembu Construtora S/A,Karen Kelly Noronha Alves,,Ativo,,Vícios Construtivos
0234-23,Poá Empreendimento Imobiliário Ltda,Prefeitura Municipal de Ribeirão Preto,,Ativo,,Limpeza de lotes
0230-23,Pacaembu Piracicaba Incorporadora Ltda.,SEMAE Piracicaba,,Ativo,,Solicitação de Reparos
0233-23,Pacaembu Construtora S/A,Câmara Municipal de Barretos,,Ativo,,Requerimento de informações e documentos
0232-23,Pacaembu Construtora S/A,Monalisa da Silva Coelho,,Encerrado,,Negativação indevida
0231-23,Pacaembu Construtora S/A,Prefeitura do Município de Itapetininga,,Ativo,,Dívida Aberta
1056624-70.2023.8.26.0576,Pacaembu São José do Rio Preto - Empreendimento Imobiliário Ltda.,Igor Marcelo Ferreira da Silva,Primeira Instância,Ativo,Cível,Muro de Arrimo
1056623-85.2023.8.26.0576,Pacaembu São José do Rio Preto - Empreendimento Imobiliário Ltda.,Rodrigo da Silva Tomaz,Primeira Instância,Ativo,Cível,Muro de Arrimo
1056621-18.2023.8.26.0576,Pacaembu São José do Rio Preto - Empreendimento Imobiliário Ltda.,Sofia Queiroz Furquim,Primeira Instância,Ativo,Cível,Muro de Arrimo
1029860-23.2023.8.26.0196,Pacaembu Construtora S/A,José Rodrigues da Silva,Primeira Instância,Arquivado,Cível,Negativação indevida
1011798-07.2023.8.26.0269,Pacaembu Construtora S/A,Christian Muller da Silva,Primeira Instância,Arquivado,Cível,Negativação indevida
1024348-70.2023.8.26.0451,Pacaembu Piracicaba Incorporadora Ltda.,Michele Aparecida Francisco de Carvalho,Primeira Instância,Ativo,Cível,Vícios Construtivos
1056564-97.2023.8.26.0576,Pacaembu Construtora S/A,Jose Mendes de Assis Neto,Primeira Instância,Arquivado,Cível,Negativação indevida
1031570-21.2023.8.26.0506,Poá Empreendimento Imobiliário Ltda,Josué Miranda de Sousa,Primeira Instância,Arquivado,Cível,Alienação Fiduciária
0012347-84.2023.5.15.0012,Pacaembu Construtora S/A,Edimilsom Pereira da Silva,Primeira Instância,Ativo,Trabalhista,
0012351-24.2023.5.15.0012,Pacaembu Construtora S/A,Edimilsom Pereira da Silva Junior,Primeira Instância,Ativo,Trabalhista,
1071039-65.2022.8.26.0100,Vida Nova Itapetininga III - Empreendimento Imobiliário Ltda,Jn Fomento Mercantil ltda Epp.,Primeira Instância,Ativo,Cível,Execução de Título Extrajudicial
1057407-62.2023.8.26.0576,Pacaembu Construtora S/A,Kelly Cristina Nunes,Primeira Instância,Arquivado,Cível,Muro de Arrimo
1056622-03.2023.8.26.0576,Pacaembu Construtora S/A,Leandro da Silva Assunção,Primeira Instância,Ativo,Cível,Muro de Arrimo
0229-23,Vida Nova Salto de Pirapora - Empreendimento Imobiliário Ltda.,Vilaeneli Empreendimentos Imobiliários Ltda.,,Encerrado,,Finalização de locação
0228-23,Pacaembu Piracicaba Incorporadora Ltda.,Notificação coletiva,,Encerrado,,Serviço de reparos
0227-23,Pacaembu Construtora S/A,Luciane Ramos Domiciano da Costa,,Encerrado,,Cobrança indevida
0011539-89.2023.5.15.0041,Pacaembu Itapetininga Araujo 359 - Empreendimento Imobiliário Ltda.,Eduardo Felipe Fabiano de Paula,Primeira Instância,Encerrado,Trabalhista,
0011455-88.2023.5.15.0041,Pacaembu Itapetininga Araujo 359 - Empreendimento Imobiliário Ltda.,Marici Kelsen Bunelli,Primeira Instância,Encerrado,Trabalhista,
0011944-97.2023.5.15.0115,Pacaembu Construtora S/A,Tatiane das Neves Pinheiros,Primeira Instância,Encerrado,Trabalhista,
1016272-57.2023.8.26.0451,Pacaembu Piracicaba Incorporadora Ltda.,Camila de Arruda Ferraz,Primeira Instância,Ativo,Cível,Negativação indevida
0006074-39.2023.8.26.0269,Pacaembu Construtora S/A,Marcos de Almeida dos Santos,Primeira Instância,Arquivado,Cível,Negativação indevida
0222-23,Pacaembu Araçatuba I - Empreendimento Imobiliário LTDA,Banco Safra S.A.,,Ativo,,Protesto indevido
0223-23,Pacaembu Construtora S/A,Renê Alexandre Galetti,,Ativo,,Solicitação de Informações
0000991-02.2023.5.09.0678,Pacaembu Construtora S/A,Bruno Francisco Martini,Primeira Instância,Encerrado,Trabalhista,
0226-23,Pacaembu Construtora S/A,Delegacia Seccional de Polícia de Franca,,Ativo,,Solicitação de Informações
0225-23,Pacaembu Construtora S/A,Prefeitura Municipal de São José do Rio Preto,,Ativo,,Base de cálculo para incidência do ITBI
0224-23,Vida Nova Botucatu - Empreendimento Imobiliário Ltda.,Prefeitura Municipal de Botucatu,,Ativo,,Limpeza de terreno
1054409-24.2023.8.26.0576,Urban Fortes Empreendimentos Imobiliários I Spe ltda,Thiago Rodrigues Coelho,Primeira Instância,Arquivado,Cível,Ação Declaratória - Cobrança IPTU
1028713-46.2023.8.26.0071,Pacaembu Bauru II- Empreendimento Imobiliário Ltda.,Andressa Neves,Primeira Instância,Arquivado,Cível,Alienação Fiduciária
0221-23,Pacaembu Ourinhos Constante 2 - Empreendimento Imobiliário,Dario José Berlandi,,Ativo,,Exoneração de fiança
0070888-28.2023.8.16.0014,Pacaembu Construtora S/A,Vinicius Morais Pimentel,Primeira Instância,Arquivado,Cível,Cobrança indevida - ITBI
0070884-88.2023.8.16.0014,Pacaembu Construtora S/A,Rafaela Pereira Lima da Silva,Primeira Instância,Arquivado,Cível,Cobrança indevida - ITBI
0070848-46.2023.8.16.0014,Pacaembu Construtora S/A,Elias da Silva Santos,Primeira Instância,Arquivado,Cível,Cobrança indevida - ITBI
0011463-65.2023.5.15.0041,Pacaembu Itapetininga Araujo 359 - Empreendimento Imobiliário Ltda.,Fabiano Cardoso Werneck,Primeira Instância,Encerrado,Trabalhista,
0011550-21.2023.5.15.0041,Pacaembu Itapetininga Araujo 359 - Empreendimento Imobiliário Ltda.,Rita de Cassia Alves Fogaca,Primeira Instância,Encerrado,Trabalhista,
0220-23,Pacaembu São José do Rio Preto 395 - Empreendimento Imobiliário Ltda.,Paulo Gilberto Fumis,,Encerrado,,Dar ciência sobre a regularização do imóvel perante a Prefeitura
0219-23,Pacaembu Construtora S/A,Adineide Marcia da Silva Toledo,,Ativo,,Avarias no imóvel
0218-23,Pacaembu Assis 370 - Empreendimento Imobiliário Ltda.,Secretaria Municipal de Agricultura e Meio Ambiente,,Ativo,,Descarte irregular de resíduos
0070869-22.2023.8.16.0014,Pacaembu Construtora S/A,Ivania Ribeiro da Silva Luciano,Primeira Instância,Arquivado,Cível,Cobrança indevida - ITBI
0070861-45.2023.8.16.0014,Pacaembu Construtora S/A,Gabriel Lucas Sarmento dos Reis,Primeira Instância,Arquivado,Cível,Cobrança indevida - ITBI
0070834-62.2023.8.16.0014,Pacaembu Construtora S/A,Cleber Gertrudes Cheloni,Primeira Instância,Arquivado,Cível,Cobrança indevida - ITBI
1009554-08.2023.8.26.0269,Pacaembu Construtora S/A,Natalia Luciana Alves,Primeira Instância,Arquivado,Cível,Negativação indevida
1021439-55.2023.8.26.0451,Pacaembu Piracicaba Incorporadora Ltda.,Rafaella Martins Correia da Silva,Primeira Instância,Ativo,Cível,Vícios Construtivos
1022394-86.2023.8.26.0451,Pacaembu Piracicaba Incorporadora Ltda.,Lucas Quito Neves da Silva,Primeira Instância,Arquivado,Cível,Vícios Construtivos
1021509-72.2023.8.26.0451,Pacaembu Piracicaba Incorporadora Ltda.,Anderson Fernando da Silva,Segunda Instância,Ativo,Cível,Vícios Construtivos
0011256-02.2023.5.15.0030,Pacaembu Ourinhos Constante - Empreendimento Imobiliário Ltda.,Sabrina da Silva Jacob Mendes,Primeira Instância,Encerrado,Trabalhista,
0217-23,Pacaembu Construtora S/A,Dax Internet Ltda,,Encerrado,,Encerramento do contrato
0216-23,Pacaembu Construtora S/A,Câmara Municipal de Catanduva,,Ativo,,Solicitação de Informações
0215-23,Pacaembu Construtora S/A,Câmara Municipal da Estância Turística de Barretos,,Ativo,,Solicitação de Informações
0214-23,Vida Nova Primavera do Leste 394 - Empreendimento Imobiliário Ltda,Creci – Primavera do Leste,,Encerrado,,Apresentar as informações sobre o lançamento do produto em Primavera do Leste.
0213-23,Vida Nova Londrina - Empreendimento Imobiliário Ltda.,Heritage Imóveis Ltda.,,Encerrado,,Realização de reparos na calçada do Imóvel
0212-23,Pacaembu Nova Aurora - 365 - Empreendimento Imobiliário Ltda.,K.V.C da Silva Construções,,Encerrado,,Apresentação incompleta de documentação
0211-23,Pacaembu Cafelândia - 364 - Empreendimento Imobiliário Ltda.,Construtora Luan Ltda,,Encerrado,,Apresentação incompleta de documentação
0210-23,Vida Nova Itapetininga III - Empreendimento Imobiliário Ltda,Thales Nabor Holtz Jubram,,Encerrado,,Contrato de Compra e Venda de Lote Comercial
0000946-95.2023.5.09.0678,Pacaembu Construtora S/A,Bruno Francisco Martini,Primeira Instância,Encerrado - sem notificação,Trabalhista,
0209-23,Pacaembu Construtora S/A,Pamela Cristina Menezes,,Ativo,,Relógio de Energia
0208-23,Pacaembu Construtora S/A,Raysses Murielen Felipe Angelo Gonçalves,,Ativo,,"Recursos Próprios, Muro de Arrimo, Vaga de Garagem e Proibição da ampliação da Casa"
0207-23,Pacaembu Construtora S/A,Erik da Silva Santos,,Ativo,,Recursos Próprios e Muro de Arrimo
0206-23,Pacaembu Construtora S/A,Regiane Nunes,,Ativo,,Vícios Construtivos e muro de arrimo
0205-23,Pacaembu Construtora S/A,Jeferson de Oliveira Ribeiro da Costa,,Ativo,,"Muro de Arrimo, Vícios Construtivos, Vaga de Garagem e Recursos Próprios"
0204-23,Pacaembu Construtora S/A,Adelson de Oliveira Castellon,,Ativo,,"Vícios Construtivos, Muro de Arrimo e Vaga de Garagem"
0203-23,Pacaembu Construtora S/A,Jackeline Navarro Amorim,,Ativo,,Muro de Arrimo e Vaga de Garagem
0202-23,Pacaembu Construtora S/A,Rute Souza de Andrade,,Ativo,,Recursos Próprios
0201-23,Pacaembu Construtora S/A,Thais Felipe de Oliveira e outros,,Ativo,,Muro de Arrimo
0200-23,Pacaembu Construtora S/A,Felipe Peck de Moura Gomes,,Ativo,,Vaga de Garagem
0199-23,Pacaembu Construtora S/A,Danielle Seçolli Alves,,Ativo,,Vícios Construtivos
0723.0006188/2023,Pacaembu Piracicaba Com Viva - Empreendimento Imobiliário Ltda. (Filial),Promotoria de Justiça de Piracicaba,,Ativo,Inquérito Civil,Desnível de Lotes
0198-23,Pacaembu Construtora S/A,Janice Gabriele de Almeida de Oliveira,,Encerrado,,Veiculação de imagem de criança sem autorização em material publicitário
0197-23,Pacaembu Construtora S/A,Luciane Ramos Domiciano da Costa,,Ativo,,Cobrança indevida
0070880-51.2023.8.16.0014,Pacaembu Construtora S/A,Lucas de Andrade Mattozo,Primeira Instância,Arquivado,Cível,Cobrança indevida - ITBI
0070873-59.2023.8.16.0014,Pacaembu Construtora S/A,Lais Fernanda Rodrigues da Silva,Segunda Instância,Arquivado,Cível,Cobrança indevida - ITBI
0070708-12.2023.8.16.0014,Pacaembu Construtora S/A,Andrea Margonar,Segunda Instância,Arquivado,Cível,Cobrança indevida - ITBI
0070882-21.2023.8.16.0014,Pacaembu Construtora S/A,Lucas Vinicius Fernandes,Primeira Instância,Arquivado,Cível,Cobrança indevida - ITBI
0070855-38.2023.8.16.0014,Pacaembu Construtora S/A,Francielle Teixeira de Assis,Primeira Instância,Arquivado,Cível,Cobrança indevida - ITBI
0071217-40.2023.8.16.0014,Pacaembu Construtora S/A,Renata Oliveira da Silva,Segunda Instância,Arquivado,Cível,Cobrança indevida - ITBI
0070793-95.2023.8.16.0014,Pacaembu Construtora S/A,Beatriz da Silva Mendes,Primeira Instância,Arquivado,Cível,Cobrança indevida - ITBI
0070894-35.2023.8.16.0014,Pacaembu Construtora S/A,Sidneia Firmino de Lima,Primeira Instância,Arquivado,Cível,Cobrança indevida - ITBI
0011371-40.2023.5.15.0089,Vida Nova Sao Carlos - Empreendimento Imobiliario LTDA,Jose Ronaldo Domingo,Primeira Instância,Encerrado,Trabalhista,
0011469-72.2023.5.15.0041,Pacaembu Construtora S/A,Maria Elmita Simonete Alves Soares,Primeira Instância,Encerrado,Trabalhista,
0011166-58.2023.5.15.0138,Pacaembu Construtora S/A,Ivo Pereira Dias,Primeira Instância,Encerrado,Trabalhista,
0011173-60.2023.5.15.0070,Pacaembu Catanduva III - Empreendimento Imobiliário Ltda.,Welston Ellyson de Mello,Primeira Instância,Encerrado,Trabalhista,
2023/001969,Ariane Tomaz do Nascimento,CRECI - Conselho Regional de Corretores de Imóveis,,Ativo,Cível Administrativo,Auto de Constatação
0000918-30.2023.5.09.0678,Pacaembu Construtora S/A,Edna Alves Melo,Primeira Instância,Encerrado,Trabalhista,
0000882-42.2023.5.09.0660,Pacaembu Construtora S/A,Ana Claudia Sansana de Moura,Primeira Instância,Encerrado,Trabalhista,
0000886-38.2023.5.09.0124,Pacaembu Construtora S/A,Lourdes Coelho da Silva,Primeira Instância,Encerrado,Trabalhista,
0196-23,Pacaembu Construtora S/A,Câmara Municipal de Barretos,,Ativo,,Oitiva de Testemunha
0195-23,Pacaembu São José do Rio Preto - Empreendimento Imobiliário Ltda.,Igor Antônio Rodrigues,,Encerrado,,Solicitação de Memorial Descritivo
1021641-32.2023.8.26.0451,Pacaembu Piracicaba Incorporadora Ltda.,Débora da Silva Galvão,Primeira Instância,Ativo,Cível,Vícios Construtivos
0194-23,Pacaembu Construtora S/A,SAAEB,,Encerrado,,Substituição de válvula
0193-23,Pacaembu Assis Chateaubriand 357 e 358 - Empreendimento Imobiliário Ltda.,Daiane Bochnia,,Encerrado,,Cobrança Indevida – Nota Fiscal de prestação de serviços de marketing
1021612-79.2023.8.26.0451,Pacaembu Piracicaba Incorporadora Ltda.,Valdete de Souza Santos,Segunda Instância,Arquivado,Cível,Vícios Construtivos
1517252-87.2023.8.26.0566,Vida Nova Sao Carlos - Empreendimento Imobiliario LTDA,SAAE - São Carlos,Primeira Instância,Ativo,Cível,Execução Fiscal
1019644-14.2023.8.26.0451,Pacaembu Piracicaba Incorporadora Ltda.,Milena Amaral Silva,Primeira Instância,Ativo,Cível,Vícios Construtivos
1021113-95.2023.8.26.0451,Pacaembu Piracicaba Incorporadora Ltda.,Anderson Bezerra Santos Souza,Primeira Instância,Ativo,Cível,Vícios Construtivos
1020757-03.2023.8.26.0451,Pacaembu Piracicaba Com Viva - Empreendimento Imobiliário Ltda. (Filial),Guilherme da Silva Araujo,Primeira Instância,Ativo,Cível,Erro no produto
1009040-42.2023.8.26.0047,Pacaembu Construtora S/A,Guilherme Jose Malaguti,Primeira Instância,Arquivado,Cível,Retorno de Esgoto
1017286-52.2023.8.26.0071,Pacaembu Bauru II- Empreendimento Imobiliário Ltda.,Mariana Doca Monteiro,Primeira Instância,Ativo,Cível,Alienação Fiduciária
0192-23,Vida Nova Itapetininga III - Empreendimento Imobiliário Ltda,Celso Antonio Alves,,Encerrado,,Contrato de Compra e Venda de Unidade Habitacional
1024194-28.2023.8.26.0071,Pacaembu Bauru - Empreendimento Imobiliário Ltda.,Márcia Cristina Bertucci,Primeira Instância,Arquivado,Cível,Ação de Revisão Contratual
0001020-89.2023.5.09.0019,Pacaembu Construtora S/A,Fabia Nathyele Bernadino Silva,Primeira Instância,Encerrado,Trabalhista,
0001055-54.2023.5.09.0664,Pacaembu Construtora S/A,Bruna Ribeiro Pugioli,Primeira Instância,Encerrado,Trabalhista,
0001020-92.2023.5.09.0018,Pacaembu Construtora S/A,Erica Cristina de Camargo Cruz,Primeira Instância,Encerrado,Trabalhista,
0191-23,Pacaembu Construtora S/A,Gilmar Nidialco,,Encerrado,,Retirada do nome como fiador
0188-23,Pacaembu Construtora S/A,Câmara Municipal de Arapongas,,Ativo,,Esclarecimentos pós entrega
0190-23,Pacaembu Construtora S/A,Patricia Luciane Torres de Castro,,Ativo,,Negativação de nome
0189-23,Vida Nova Ponta Grossa - Empreendimento Imobiliário Ltda.,Nadianne Christiane Pontes,,Ativo,,Vícios Construtivos
1016063-21.2023.8.26.0344,Pacaembu Construtora S/A,Alexandre de Alencar,Primeira Instância,Arquivado,Cível,Vícios Construtivos
1049868-45.2023.8.26.0576,Pacaembu Construtora S/A,Auryelly Tainara de Souza Lopes,Primeira Instância,Ativo,Cível,Vícios Construtivos e muro de arrimo
2023/001862,Gabriele Aparecida Silva de Paula,CRECI - Conselho Regional de Corretores de Imóveis,,Ativo,Cível Administrativo,Auto de Constatação
2023/001860,Monique Cristina Quachio Fernandes,CRECI - Conselho Regional de Corretores de Imóveis,,Ativo,Cível Administrativo,Auto de Constatação
1006679-88.2023.8.26.0132,Pacaembu Catanduva III - Empreendimento Imobiliário Ltda.,Maurício Bento,Primeira Instância,Arquivado,Cível,Rescisão Contratual
1020187-17.2023.8.26.0451,Pacaembu Piracicaba Incorporadora Ltda.,Neide Molitor de Lima,Primeira Instância,Arquivado,Cível,Vícios Construtivos
1022847-70.2023.8.26.0196,Pacaembu Construtora S/A,Elenice Alves Ferreira Andrade,Primeira Instância,Arquivado,Cível,Consignação em Pagamento
1020496-38.2023.8.26.0451,Pacaembu Construtora S/A,Lilian Pires Antonio,Primeira Instância,Arquivado,Cível,Vícios Construtivos
0187-23,Salto de Pirapora Empreendimento Imobiliário,Joni Edson Campos,,Encerrado,,Rescisão Contratual
0186-23,Vida Nova Ponta Grossa - Empreendimento Imobiliário Ltda.,Tainá Antunes da Rosa,,Ativo,,Rescisão Contratual
0185-23,Residencial Vida Nova Franca 3,Condomínio Vida Nova Franca I,,Ativo,,Devolução de Valores
0011665-11.2023.5.15.0116,Vida Nova Tatuí III Empreendimento Imobiliário Ltda.,Matheus Henrique Pontes Siqueira Silva,Primeira Instância,Ativo,Trabalhista,
0184-23,Vida Nova Ponta Grossa - Empreendimento Imobiliário Ltda.,Abreu Gesso Ltda.,,Encerrado,,Retenção de valores
0183-23,Pacaembu Tatuí Caguassu - Empreendimento Imobiliário Ltda.,Sermov - Vigilancia e Segurança Patrimonial Ltda.,,Ativo,,Descumprimento Contratual
1019366-13.2023.8.26.0451,Pacaembu Piracicaba Incorporadora Ltda.,Luciano Jeronimo Nagata,Primeira Instância,Ativo,Cível,Vícios Construtivos
0005048-06.2023.8.26.0269,Pacaembu Construtora S/A,Rafael Siqueira Oliveira,Primeira Instância,Arquivado,Cível,Honorários Sucumbenciais
0182-23,Pacaembu São José do Rio Preto - Empreendimento Imobiliário Ltda.,Josivan Dias de Almeida,,Encerrado,,Contrato de Compra e Venda de Lote Comercial – Egydio Zani
0181-23,Pacaembu Construtora S/A,Elisângela Mora da Silva Costa,,Encerrado,,Contrato de Compra e Venda de Lote Comercial
0011707-65.2023.5.15.0082,Pacaembu Construtora S/A,Marcos Henrique Santana de Almeida,Primeira Instância,Ativo,Trabalhista,
0011588-11.2023.5.15.0113,Pacaembu Construtora S/A,Valdenor Pereira da Mota de Lima,Primeira Instância,Ativo,Trabalhista,
1050215-78.2023.8.26.0576,Pacaembu São José do Rio Preto 336 - Empreendimento Imobiliário Ltda.,Prefeitura Municipal de São José do Rio Preto,Segunda Instância,Ativo,Tributário,Cobrança indevida - ITBI
0009381-66.2023.8.16.0014,Pacaembu Construtora S/A,Renata Oliveira da Silva,Primeira Instância,Ativo,Cível,Vícios Construtivos e muro de arrimo
0180-23,Pacaembu Araçatuba I - Empreendimento Imobiliário LTDA,Danny Carolina Sotillo Castellanos,,Encerrado,,Impossibilidade de contratação do Financiamento Bancário
0179-23,Pacaembu Construtora S/A,Câmara Municipal de Sjpr,,Ativo,,Iluminação Pública
0178-23,Pacaembu Construtora S/A,Denise Campos,,Encerrado,,Devolução de grade
0177-23,Pacaembu Construtora S/A,José Araujo de Pontes,,Encerrado,,Ofício Judicial
0176-23,Poá Empreendimento Imobiliário Ltda,Prefeitura Municipal de Ribeirão Preto,,Ativo,,Limpeza de lote
0175-23,Pacaembu Construtora S/A,Maria Jose Francisca Barbosa,,Encerrado,,Assistência técnica
0174-23,Pacaembu Arapongas 1 - Empreendimento Imobiliário Ltda.,Igor Antônio Rodrigues,,Encerrado,,Muro de arrimo
1046009-37.2023.8.26.0506,Poá Empreendimento Imobiliário Ltda,Andressa Danielle de Araújo Melo,Segunda Instância,Arquivado,Cível,Alienação Fiduciária
0173-23,Pacaembu São José do Rio Preto - Empreendimento Imobiliário Ltda.,Prefeitura Municipal de São José do Rio Preto,,Encerrado,,Irregularidade - ausência da alvará
0011329-38.2023.5.15.0041,Pacaembu Construtora S/A,Laryssa Lys Fidelis Carvalho de Lima,Primeira Instância,Encerrado,Trabalhista,
1017284-82.2023.8.26.0071,Pacaembu Bauru II- Empreendimento Imobiliário Ltda.,Fábio Silva de Almeida,Primeira Instância,Arquivado,Cível,Alienação Fiduciária
1017792-52.2023.8.26.0451,Pacaembu Piracicaba Incorporadora Ltda.,Alan Eduardo dos Santos Nogueira,Primeira Instância,Ativo,Cível,Vícios Construtivos
0172-23,Pacaembu Construtora S/A,Fundação Casa,,Ativo,,Esclarecimentos sobre Prestação de Serviço
0171-23,Poá Empreendimento Imobiliário Ltda,Prefeitura Municipal de Ribeirão Preto,,Ativo,,Cobrança de IPTU
0170-23,Pacaembu Construtora S/A,Prefeitura Municipal de Ribeirão Preto,,Ativo,,Reparação de asfalto
0169-23,Pacaembu Construtora S/A,Camila Beatriz da Costa Lopes,,Encerrado,,Distrato de contrato
0168-23,Pacaembu Bauru - Empreendimento Imobiliário Ltda.,Prefeitura de Bauru,,Encerrado,,Regularização de dívidas
29.0001.0054228.2023-52,Pacaembu Construtora S/A,7º Promotoria de Justiça de Franca,,Ativo,Inquérito Civil,
14185.021683/2023-27,Pacaembu Construtora S/A,MPT - Gerência Regional do Trabalho de Bauru/SP,,Encerrado,Procedimento Administrativo,
1044928-37.2023.8.26.0576,Urban Fortes Empreendimentos Imobiliários I Spe ltda,Danilo Bessa Marques,Primeira Instância,Arquivado,Cível,Ação de Rescisão Contratual
1036537-93.2023.8.26.0576,Urban Fortes Empreendimentos Imobiliários I Spe ltda,Antonio Augusto Gaspar,Primeira Instância,Arquivado,Cível,Ação Declaratória - Cobrança IPTU
0000785-85.2023.5.09.0678,Pacaembu Construtora S/A,Bruno Francisco Martini,Primeira Instância,Encerrado,Trabalhista,
0018270-09.2023.8.16.0014,Pacaembu Construtora S/A,Elias da Silva Santos,Primeira Instância,Arquivado,Cível,Vícios Construtivos e muro de arrimo
0004731-08.2023.8.26.0269,Pacaembu Construtora S/A,Vitoria Caroline dos Santos Souza,,Arquivado,,Negativação indevida
1008835-26.2023.8.26.0269,Pacaembu Construtora S/A,Rogério Prado Antunes,Primeira Instância,Arquivado,Cível,Vícios Construtivos
0167-23,Pacaembu Construtora S/A,Carlos Eduardo Margi - ME,,Encerrado,,Reclamação trabalhista nº 0011480-12.2022.5.15.0082
0166-23,Pacaembu Bauru - Empreendimento Imobiliário Ltda.,Prefeitura Municipal de Bauru,,Ativo,,Regularização de obras
0011480-75.2023.5.15.0082,Pacaembu Construtora S/A,Admiltom Rocha da Silva,Primeira Instância,Encerrado,Trabalhista,
0493321/2023,Pacaembu Construtora S/A,Tauani Carolina Padrão,,Encerrado,Cível Administrativo,Recursos Próprios
0010782-15.2023.5.15.0100,Pacaembu Construtora S/A,Isabela Silva,,Encerrado,Trabalhista,
0165-23,Poá Empreendimento Imobiliário Ltda,Prefeitura de Ribeirão Preto,,Ativo,,Limpeza de Terreno
0028510-42.2023.8.16.0019,Pacaembu Construtora S/A,Djonatan Pereira Fogaça Ferreira,Primeira Instância,Arquivado,Cível,Negativação indevida
0000897-32.2023.5.09.0653,Pacaembu Arapongas 1 - Empreendimento Imobiliário Ltda.,Mario Cesar Fernandes da Silva,Primeira Instância,Ativo,Trabalhista,
1001349-58.2023.5.02.0705,Pacaembu Construtora S/A,Deusdete Luiz de Lima,Primeira Instância,Encerrado,Trabalhista,
1038192-19.2023.8.26.0506,Poá Empreendimento Imobiliário Ltda,Maik Silva de Oliveira,Segunda Instância,Arquivado,Cível,Alienação Fiduciária
0011118-68.2023.5.15.0116,Pacaembu Construtora S/A,Gregorio Velasco,Primeira Instância,Ativo,Trabalhista,
0011185-64.2023.5.15.0041,Pacaembu Construtora S/A,Valdineia Aparecida Pires,,Encerrado,Trabalhista,
0016365-18.2023.5.16.0014,Pacaembu Construtora S/A,Jose Augusto Sousa,Primeira Instância,Encerrado,Trabalhista,
0164-23,Pacaembu Construtora S/A,C. H. Xavier Estruturas - ME,,Encerrado,,Pagamento contribuição previdenciária - RT 0010433-53.2019.5.15.0067
0163-23,Pacaembu Construtora S/A,Tauani Carolina Padrão,,Ativo,,Recursos Próprios
0162-23,Pacaembu Construtora S/A,Heitor Obici Pepino,,Ativo,,Inexigibilidade de IPTU
0161-23,Pacaembu Construtora S/A,Giovanna de Brito Antônio,,Ativo,,Devolução de valor
0160-23,Pacaembu Construtora S/A,Notificação coletiva,,Ativo,,Muro de Arrimo
0159-23,Vida Nova Trindade - Empreendimento Imobiliário Ltda.,Antonio Silva Ferreira,,Encerrado,,Resposta de ofício
1044926-67.2023.8.26.0576,Pacaembu Água Santa - Empreendimento Imobiliário Ltda.,Prefeitura de São José do Rio Preto,Primeira Instância,Ativo,Tributário,Extinção do Crédito Tributário
0004052-92.2023.8.26.0047,Pacaembu Construtora S/A,Paulo Roberto Tomaz Junior,Primeira Instância,Arquivado,Cível,Vícios Construtivos
0004020-87.2023.8.26.0047,Pacaembu Construtora S/A,Paulo Roberto Tomaz Junior,Primeira Instância,Arquivado,Cível,Vícios Construtivos
0016361-78.2023.5.16.0014,Pacaembu Construtora S/A,Jose Augusto Sousa,Primeira Instância,Encerrado,Trabalhista,
0427854/2023,Pacaembu Construtora S/A,Mateus Henrique Duarte,,Ativo,Cível Administrativo,Vícios Construtivos
0158-23,Vida Nova Sao Carlos - Empreendimento Imobiliario LTDA,K2 CONSTRUÇÕES E SERVIÇOS LTDA,,Encerrado,,Retenção de valores - CT/182E0065
0157-23,Pacaembu Construtora S/A,Vanessa Pereira de Souza,,Encerrado,,Cobrança indevida
1016787-92.2023.8.26.0451,Pacaembu Piracicaba Incorporadora Ltda.,Franciele Wust Grance,Primeira Instância,Arquivado,Cível,Vícios Construtivos
2023/001643,Karina Reis de Pontes,CRECI - Conselho Regional de Corretores de Imóveis,,Ativo,Cível Administrativo,Auto de Constatação
2023/001640,Larissa Oliveira Barbieri,CRECI - Conselho Regional de Corretores de Imóveis,,Ativo,Cível Administrativo,Auto de Constatação
2023/001641,Tainara Regina Albino,CRECI - Conselho Regional de Corretores de Imóveis,,Ativo,Cível Administrativo,Auto de Constatação
0156-23,Pacaembu Cafelândia - 364 - Empreendimento Imobiliário Ltda.,Ekipa Industria de Moveis Ltda,,Encerrado,,Protesto Indevido
1009829-81.2023.8.26.0066,Pacaembu Construtora S/A,Gabriel Santos Magalhães,Primeira Instância,Arquivado,Cível,Negativação Indevida
0155-23,Vida Nova Ponta Grossa - Empreendimento Imobiliário Ltda.,Juliani Segurança Patrimonial Ltda,,Encerrado,,Contrato de Prestação de Serviços de Portaria
0154-23,Vida Nova Ponta Grossa - Empreendimento Imobiliário Ltda.,Andressa Marçal,,Ativo,,Negativação indevida
0153-23,Haus Compra e Venda de Bens Imóveis Ltda.,Prefeitura Municipal de Lins,,Ativo,,Limpeza de terreno
0152-23,Pacaembu Construtora S/A,Prefeitura Municipal de Ribeirão Preto,,Ativo,,
0010896-44.2023.5.15.0070,Pacaembu Construtora S/A,Adriano Martimiano,Primeira Instância,Encerrado,Trabalhista,
1503853-43.2022.8.26.0269,Haus Compra e Venda de Bens Imóveis Ltda.,Prefeitura de Itapetininga,Primeira Instância,Ativo,Cível,Execução Fiscal - IPTU
1502991-40.2023.8.26.0624,Haus Compra e Venda de Bens Imóveis Ltda.,Prefeitura Municipal de Tatui,Primeira Instância,Ativo,Cível,Execução Fiscal - IPTU
1502990-55.2023.8.26.0624,Haus Compra e Venda de Bens Imóveis Ltda.,Prefeitura Municipal de Tatui,Primeira Instância,Ativo,Cível,Execução Fiscal - IPTU
1502989-70.2023.8.26.0624,Haus Compra e Venda de Bens Imóveis Ltda.,Prefeitura Municipal de Tatui,Primeira Instância,Ativo,Cível,Execução Fiscal - IPTU
1502988-85.2023.8.26.0624,Haus Compra e Venda de Bens Imóveis Ltda.,Prefeitura Municipal de Tatui,Primeira Instância,Ativo,Cível,Execução Fiscal - IPTU
1502986-18.2023.8.26.0624,Haus Compra e Venda de Bens Imóveis Ltda.,Prefeitura Municipal de Tatui,Primeira Instância,Arquivado,Cível,Execução Fiscal - IPTU
1501988-27.2023.8.26.0664,Haus Compra e Venda de Bens Imóveis Ltda.,Prefeitura de Votuporanga,Primeira Instância,Arquivado,Cível,Execução Fiscal - IPTU
1019822-49.2023.8.26.0196,Pacaembu Construtora S/A,Vinícius Braulio da Costa,Primeira Instância,Ativo,Cível,Vícios Construtivos
1005322-85.2023.8.26.0322,Pacaembu Construtora S/A,Lucas de Andrade Fidelis,Segunda Instância,Arquivado,Cível,Reparação por Danos Morais e Estéticos
1040318-26.2023.8.26.0576,Pacaembu Construtora S/A,Lidiane Roberta da Silva Maciel,Primeira Instância,Ativo,Cível,Vícios Construtivos
0000679-26.2023.5.09.0678,Pacaembu Construtora S/A,Sandroelson Bandeira,Primeira Instância,Encerrado,Trabalhista,
0151-23,Vida Nova Itapetininga III - Empreendimento Imobiliário Ltda,Thales Nabor Holtz Jubram,,Encerrado,,Contrato de Compra e Venda de Lote Comercial
0150-23,Pacaembu São José do Rio Preto - Empreendimento Imobiliário Ltda.,Josivan Dias de Almeida,,Encerrado,,Contrato de Compra e Venda de Lote Comercial – Egydio Zani
0149-23,Pacaembu Itapetininga Cristovao Colombo,Alexandre Correa Cisterna,,Ativo,,Valor promocional
0011232-07.2023.5.15.0116,Pacaembu Construtora S/A,Samir Rogerio de Camargo,Primeira Instância,Encerrado,Trabalhista,
0148-23,Vida Nova Dignidade 2 Empreendimento Imobiliário ltda,Alisson Patrocinio dos Santos,,Ativo,,Juros e correção monetária
0147-23,Vida Nova Tatuí III Empreendimento Imobiliário Ltda.,Prefeitura Municipal de Tatui,,Encerrado,,Limpeza de Lote
1017036-19.2023.8.26.0071,Pacaembu Bauru II- Empreendimento Imobiliário Ltda.,Fábio Silva de Almeida,Primeira Instância,Arquivado,Cível,Alienação Fiduciária
0016851-30.2023.5.16.0005,Pacaembu Construtora S/A,Jadeilson Sarges Ribeiro,Primeira Instância,Encerrado,Trabalhista,
1017041-41.2023.8.26.0071,Pacaembu Bauru II- Empreendimento Imobiliário Ltda.,Mariana Doca Monteiro,Primeira Instância,Arquivado,Cível,Alienação Fiduciária
0011119-53.2023.5.15.0116,Pacaembu Construtora S/A,Gregorio Velasco,Primeira Instância,Ativo,Trabalhista,
0146-23,Pacaembu Construtora S/A,Rebecca Ravagani de Mello,,Encerrado,,Oficio
0145-23,Pacaembu Construtora S/A,Soraya Fiorante,,Encerrado,,Oficio
1503588-86.2023.8.26.0566,Vida Nova Sao Carlos - Empreendimento Imobiliario LTDA,SAAE - São Carlos,Primeira Instância,Ativo,Cível,Execução Fiscal
0018785-44.2023.8.16.0014,Pacaembu Construtora S/A,Lucas Vinicius Fernandes,Primeira Instância,Ativo,Cível,Vícios Construtivos e muro de arrimo
1035892-68.2023.8.26.0576,Pacaembu São José do Rio Preto - Empreendimento Imobiliário Ltda.,Debora Regina Dias da Silva,Primeira Instância,Arquivado,Cível,Negativação indevida
1106361-15.2023.8.26.0100,Pacaembu Cafelândia - 364 - Empreendimento Imobiliário Ltda.,S.V. Vendramin & CIA Ltda.,Primeira Instância,Arquivado,Cível,Sustação de Protesto
1013979-17.2023.8.26.0451,Pacaembu Piracicaba Incorporadora Ltda.,Lays dos Santos Alves,Primeira Instância,Ativo,Cível,Vícios Construtivos
1006068-17.2023.8.26.0624,Vida Nova Tatuí III Empreendimento Imobiliário Ltda.,Aline Abruise,Segunda Instância,Arquivado,Cível,Alienação Fiduciária
0000666-46.2023.5.22.0102,Pacaembu Construtora S/A,Rafael da Costa Lima,Primeira Instância,Encerrado,Trabalhista,
1033541-25.2023.8.26.0576,Urban Fortes Empreendimentos Imobiliários I Spe ltda,Manoel Carlos de Azevedo,Primeira Instância,Arquivado,Cível,Ação Declaratória - Cobrança IPTU
0002502-98.2023.8.26.0132,Pacaembu Construtora S/A,Francine Cristine Travassos,Primeira Instância,Arquivado,Cível,Indenização por Danos Morais e Materiais
0010691-13.2023.5.15.0103,Pacaembu Construtora S/A,Ramon Argentino de Oliveira,Primeira Instância,Encerrado,Trabalhista,
0033616-97.2023.8.16.0014,Vida Nova Londrina - Empreendimento Imobiliário Ltda.,Daniele Cristina Luiz da Silva,Segunda Instância,Ativo,Cível,Muro de Arrimo
0143-23,Pacaembu Ourinhos Constante - Empreendimento Imobiliário Ltda.,Prefeitura Municipal Ourinhos,,Encerrado,,Atualização Cadastral
0018779-37.2023.8.16.0014,Pacaembu Construtora S/A,Ivania Ribeiro da Silva Luciano,Primeira Instância,Arquivado,Cível,Vícios Construtivos e muro de arrimo
0142-23,Pacaembu Cafelândia - 364 - Empreendimento Imobiliário Ltda.,S.V. Vendramin & CIA Ltda.,,Ativo,,
1006683-05.2023.8.26.0269,Pacaembu Construtora S/A,Lucimara de Syllos Delfino,Primeira Instância,Arquivado,Cível,Negativação indevida
1006666-66.2023.8.26.0269,Pacaembu Construtora S/A,Henrique de Syllos Delfino,Primeira Instância,Arquivado,Cível,Negativação indevida
0141-23,Pacaembu Construtora S/A,Franciele Renata Silva dos Santos,,Ativo,,Vícios Construtivos
0140-23,Pacaembu Construtora S/A,Ana Laura Albuquerque Santos,,Ativo,,Ofício - envio de CCV
0139-23,Pacaembu Arapongas 1 - Empreendimento Imobiliário Ltda.,C e Margi Refeições Ltda.,,Encerrado,,Rescisão Contratual
0010766-83.2023.5.15.0028,Pacaembu Construtora S/A,Stephania Cristina Nunes Pereira,Primeira Instância,Encerrado,Trabalhista,
0000101-55.1993.8.26.0625,Gold Land Empreendimentos Imobiliários Ltda,Prefeitura Municipal de Taubaté,Primeira Instância,Arquivado - não Pacaembu,Cível,Outros Feitos não Especificados
1013010-02.2023.8.26.0451,Pacaembu Piracicaba Incorporadora Ltda.,Natalia Cristina Corazza Joly,Primeira Instância,Arquivado,Cível,Vícios Construtivos
1077743-60.2023.8.26.0100,Janaina Helena de Almeida,Itaú Unibanco S.a,Primeira Instância,Ativo - não Pacaembu,Cível,Declaratória de Inexigibilidade de Crédito
1004191-75.2023.8.26.0322,Pacaembu Lins III - Empreendimento Imobiliario Spe Ltda,Alex Andre Leite Borges,Primeira Instância,Arquivado,Cível,Vícios Construtivos e muro de arrimo
1005423-89.2023.8.26.0624,Vida Nova Tatuí III Empreendimento Imobiliário Ltda.,Valquiria Aparecida Vaz,Segunda Instância,Arquivado,Cível,Alienação Fiduciária
1000905-16.2023.5.02.0320,Pacaembu Construtora S/A,Antonio Ernaldo Freires da Silva,Primeira Instância,Ativo,Trabalhista,
1001202-97.2023.8.26.0451,Pacaembu Construtora S/A,Serviço Municipal Autônomo de Água e Esgoto Piracicaba,Primeira Instância,Arquivado,Cível,Ressarcimento de danos
0018775-97.2023.8.16.0014,Pacaembu Construtora S/A,Gabriel Lucas Sarmento dos Reis,Primeira Instância,Arquivado,Cível,Vícios Construtivos e muro de arrimo
0138-23,Pacaembu Construtora S/A,Guilherme Silva,,Ativo,,IPTU
0016735-24.2023.5.16.0005,Pacaembu Construtora S/A,Jadeilson Sarges Ribeiro,Primeira Instância,Encerrado,Trabalhista,
0000601-51.2023.5.22.0102,Pacaembu Construtora S/A,Ronilson Gonzaga da Silva,Primeira Instância,Encerrado,Trabalhista,
0137-23,Pacaembu Construtora S/A,Marcelo Batista Junior,,Ativo,,Devolução de sinal
0136-23,Pacaembu Construtora S/A,Maria Graziela Santana Vitagliano,,Ativo,,Rescisão contratual
0135-23,Pacaembu Ourinhos Constante 2 - Empreendimento Imobiliário,Prefeitura Municipal Ourinhos,,Ativo,,Limpeza de Terreno
1004195-15.2023.8.26.0322,Pacaembu Lins III - Empreendimento Imobiliario Spe Ltda,Luzia Cristina Picinato,Primeira Instância,Ativo,Cível,Vícios Construtivos e muro de arrimo
1027618-34.2023.8.26.0506,Pacaembu Cedral I - Empreendimento Imobiliário Ltda,Viviane Marta da Silva,Primeira Instância,Arquivado,Cível,Indenização por Dano Material
0144-23,Vida Nova Itapetininga III - Empreendimento Imobiliário Ltda,Rodrigo de Moura Sasada,Primeira Instância,Ativo,,Ofício
0002644-57.2024.8.26.0071,Pacaembu Bauru - Empreendimento Imobiliário Ltda.,Marcelo Mathews Almeida Ramos,Primeira Instância,Ativo,Cível,Vícios Construtivos
0009383-36.2023.8.16.0014,Pacaembu Construtora S/A,Romilda Mendes Mesini de Melo,Primeira Instância,Arquivado,Cível,Vícios Construtivos e muro de arrimo
5004020-36.2023.4.03.6106,Pacaembu Construtora S/A,Naylla Vitoria Rosemberg Marcelo,Primeira Instância,Aguardando Citação,Cível,Ação de Rescisão Contratual
1032131-29.2023.8.26.0576,Pacaembu Construtora S/A,Ednice Moreira do Prado,Primeira Instância,Arquivado,Cível,Ação Declaratória - Cobrança IPTU
5000192-58.2021.4.03.6314,Pacaembu Construtora S/A,Silvia de Sant Anna,Primeira Instância,Ativo,Cível,Vícios Construtivos
35.001.034.23.0313942,Pacaembu São Carlos - Empreendimento Imobiliario Ltda,Rodrigo Martins dos Santos,,Arquivado,Cível,Juros e correção monetária
0134-23,Vida Nova Itapetininga III - Empreendimento Imobiliário Ltda,Hellen Fernanda Monteiro Lopes,,Ativo,,Muro de Arrimo
0133-23,Vida Nova Barretos IV - Empreendimento Imobiliário Ltda.,Paula Furtado Valeriano,,Ativo,,Revisão contratual
0132-23,Pacaembu Construtora S/A,Naylla Vitoria Rosemberg Marcelo,,Ativo,,Rescisão contratual
0131-23,Pacaembu Bauru II- Empreendimento Imobiliário Ltda.,Prefeitura Municipal de Bauru,,Ativo,,Reparação de passeio público
1003501-13.2023.8.26.0624,Vida Nova Tatuí III Empreendimento Imobiliário Ltda.,Geraldo Cunha Neto,Primeira Instância,Ativo,Cível,Alienação Fiduciária
0018267-54.2023.8.16.0014,Pacaembu Construtora S/A,Daiane Miranda Luz Rodrigues,Primeira Instância,Arquivado,Cível,Vícios Construtivos e muro de arrimo
0031660-46.2023.8.16.0014,Pacaembu Construtora S/A,Marta Bomfim,Primeira Instância,Arquivado,Cível,Restituição de Valores
1005347-51.2023.8.26.0079,Vida Nova Botucatu - Empreendimento Imobiliário Ltda.,Alison Rodrigo Ferreira,Segunda Instância,Arquivado,Cível,Alienação Fiduciária
1029098-31.2023.8.26.0576,Urban Fortes Empreendimentos Imobiliários I Spe ltda,Ionice Aparecida Martins dos Reis,Primeira Instância,Arquivado,Cível,Ação Declaratória - Cobrança IPTU
0011018-21.2023.5.15.0082,Pacaembu Construtora S/A,Monica Antônio dos Santos,Primeira Instância,Encerrado,Trabalhista,
0010977-95.2023.5.15.0133,Pacaembu Construtora S/A,Jefferson de Souza Castro,Primeira Instância,Encerrado,Trabalhista,
0010847-38.2023.5.15.0026,Pacaembu Construtora S/A,Rafael Carvalho de Farias,Primeira Instância,Ativo,Trabalhista,
1000209-59.2024.5.02.0056,Pacaembu Construtora S/A,Natanael Rodrigues Carneiro de Santana,Primeira Instância,Ativo,Trabalhista,
0010891-03.2023.5.15.0044,Pacaembu Construtora S/A,Geferson Alef da Silva,Primeira Instância,Encerrado,Trabalhista,
0130-23,Pacaembu Construtora S/A,Indústria e Comércio de Plast. Cos. Majestic Ltda,,Encerrado,,Cessão de Direitos em Termo de Confissão de Dívida
0129-23,Pacaembu Presidente Prudente III - Empreendimento Imobiliário Ltda.,,,Cancelado,,Reclamações trabalhistas nº 0010699-27.2023.5.15.0026 e 0010679-36.2023.5.15.0026
0010469-87.2023.5.15.0089,Vida Nova Sao Carlos - Empreendimento Imobiliario LTDA,Jose Ronaldo Domingo,Primeira Instância,Encerrado,Trabalhista,
1005940-22.2023.8.26.0066,Vida Nova Barretos IV - Empreendimento Imobiliário Ltda.,Débora Cardoso Guedes,Primeira Instância,Arquivado,Cível,Declaratória de Inexigibilidade de Débito
5009382-23.2023.4.04.7001,Pacaembu Arapongas 1 - Empreendimento Imobiliário Ltda.,Ane Caroline de Marchiori,Primeira Instância,Arquivado,Cível,Ação de Rescisão Contratual
1004140-52.2023.8.26.0132,Nova Catanduva III - Empreendimentos Imobiliários SPE LTDA,Diatel Telecomunicações e Comércio ltda me,Primeira Instância,Arquivado,Cível,Contratos
0031817-19.2023.8.16.0014,Pacaembu Construtora S/A,Nilza Garcia de Araujo,Primeira Instância,Ativo,Cível,Vícios Construtivos e muro de arrimo
86259220158110046,Pacaembu Construtora S/A,CAIXA ECONOMICA FEDERAL - CEF,,Ativo,,Processos judiciais FAR - Caixa
0127-23,Vida Nova Ponta Grossa - Empreendimento Imobiliário Ltda.,Arena Participações Societárias Ltda.,,Encerrado,,Descumprimento de obrigações contratuais
0018262-32.2023.8.16.0014,Pacaembu Construtora S/A,Adriana Servo Lino,Segunda Instância,Arquivado,Cível,Vícios Construtivos e muro de arrimo
1003765-63.2023.8.26.0322,Pacaembu Lins III - Empreendimento Imobiliario Spe Ltda,Kelly Picinato Pereira,Primeira Instância,Ativo,Cível,Vícios Construtivos e muro de arrimo
1003766-48.2023.8.26.0322,Pacaembu Lins III - Empreendimento Imobiliario Spe Ltda,Marcelo Alessandro dos Reis,Segunda Instância,Arquivado,Cível,Vícios Construtivos e muro de arrimo
1003768-18.2023.8.26.0322,Pacaembu Lins III - Empreendimento Imobiliario Spe Ltda,Wesley Prado dos Santos Tosi,Primeira Instância,Ativo,Cível,Vícios Construtivos e muro de arrimo
1003770-85.2023.8.26.0322,Pacaembu Lins III - Empreendimento Imobiliario Spe Ltda,Marcia Pereira Bezerra,Primeira Instância,Arquivado,Cível,Vícios Construtivos e muro de arrimo
1003771-70.2023.8.26.0322,Pacaembu Lins III - Empreendimento Imobiliario Spe Ltda,Guilherme Moraes de Lima,Primeira Instância,Ativo,Cível,Vícios Construtivos e muro de arrimo
1003909-37.2023.8.26.0322,Pacaembu Lins III - Empreendimento Imobiliario Spe Ltda,Mariene dos Santos Cavalaria,Primeira Instância,Ativo,Cível,Vícios Construtivos e muro de arrimo
1003911-07.2023.8.26.0322,Pacaembu Lins III - Empreendimento Imobiliario Spe Ltda,Elaine Aparecida Dias,Primeira Instância,Ativo,Cível,Vícios Construtivos e muro de arrimo
1003913-74.2023.8.26.0322,Pacaembu Lins III - Empreendimento Imobiliario Spe Ltda,Guilherme Carminato Dutra,Primeira Instância,Ativo,Cível,Vícios Construtivos e muro de arrimo
1003914-59.2023.8.26.0322,Pacaembu Lins III - Empreendimento Imobiliario Spe Ltda,Wilhan Prado de Souza,Primeira Instância,Ativo,Cível,Vícios Construtivos e muro de arrimo
1003742-20.2023.8.26.0322,Pacaembu Lins III - Empreendimento Imobiliario Spe Ltda,Allan Sales,Primeira Instância,Arquivado,Cível,Vícios Construtivos e muro de arrimo
1003744-87.2023.8.26.0322,Pacaembu Lins III - Empreendimento Imobiliario Spe Ltda,Beatriz Fernandes Moreira,Primeira Instância,Ativo,Cível,Vícios Construtivos e muro de arrimo
1003753-49.2023.8.26.0322,Pacaembu Lins III - Empreendimento Imobiliario Spe Ltda,Mayara Daiane Ferreira Martins,Primeira Instância,Ativo,Cível,Vícios Construtivos e muro de arrimo
1003756-04.2023.8.26.0322,Pacaembu Lins III - Empreendimento Imobiliario Spe Ltda,Nathalia Andreza Canteiro de Lima,Primeira Instância,Ativo,Cível,Vícios Construtivos e muro de arrimo
1003757-86.2023.8.26.0322,Pacaembu Lins III - Empreendimento Imobiliario Spe Ltda,Antonio Rogerio Borges,Primeira Instância,Ativo,Cível,Vícios Construtivos e muro de arrimo
1003758-71.2023.8.26.0322,Pacaembu Lins III - Empreendimento Imobiliario Spe Ltda,Marcia Cristina Polone,Primeira Instância,Arquivado,Cível,Vícios Construtivos e muro de arrimo
1003761-26.2023.8.26.0322,Pacaembu Lins III - Empreendimento Imobiliario Spe Ltda,Marcela de Brito,Primeira Instância,Ativo,Cível,Vícios Construtivos e muro de arrimo
1013357-11.2023.8.26.0071,Pacaembu Bauru II- Empreendimento Imobiliário Ltda.,Sidnei Barbosa Teixeira,Primeira Instância,Ativo,Cível,Alienação Fiduciária
1003762-11.2023.8.26.0322,Pacaembu Lins III - Empreendimento Imobiliario Spe Ltda,Jean Carlos Porto Vancin,Primeira Instância,Ativo,Cível,Vícios Construtivos e muro de arrimo
1003763-93.2023.8.26.0322,Pacaembu Lins III - Empreendimento Imobiliario Spe Ltda,Cristiano dos Santos,Primeira Instância,Ativo,Cível,Vícios Construtivos e muro de arrimo
1003751-79.2023.8.26.0322,Pacaembu Lins III - Empreendimento Imobiliario Spe Ltda,Davisson Adriano da Silva,Primeira Instância,Arquivado,Cível,Vícios Construtivos e muro de arrimo
1013358-93.2023.8.26.0071,Pacaembu Bauru II- Empreendimento Imobiliário Ltda.,Clovis Aparecido Pedroso,Primeira Instância,Arquivado,Cível,Alienação Fiduciária
0010952-36.2023.5.15.0116,Pacaembu Construtora S/A,Evandro Brandino,Primeira Instância,Encerrado,Trabalhista,
0126-23,Pacaembu Construtora S/A,Fernanda Aparecida Do Carmo Araujo,,Ativo,,Negativação de nome
0125-23,Pacaembu Construtora S/A,Alisson Gustavo Sampaio,,Ativo,,Valores das Parcelas
0124-23,Pacaembu Construtora S/A,SAAEB,,Ativo,,Reparos e Manutenções
0123-23,Vida Nova Tatuí III Empreendimento Imobiliário Ltda.,Prefeitura Municipal de Tatui,,Ativo,,Limpeza de terreno
0122-23,Pacaembu Presidente Prudente III - Empreendimento Imobiliário Ltda.,Vicente Jose de Oliveira,,Encerrado,,Descumprimento de obrigações contratuais
0010950-03.2023.5.15.0137,Pacaembu Construtora S/A,Daniela Darly Pereira Lima,Primeira Instância,Ativo,Trabalhista,
35.001.003.23.0273314,Pacaembu Construtora S/A,Allan Diogo Ferreira,,Ativo,Cível Administrativo,Devolução de sinal
1009834-19.2023.8.26.0482,Pacaembu Construtora S/A,Daniel dos Santos Gonçalves,Primeira Instância,Ativo,Cível,Vícios Construtivos
0121-23,Pacaembu Água Santa - Empreendimento Imobiliário Ltda.,Carla Maria da Costa,,Ativo,,Envio de documentos
0120-23,Pacaembu Cianorte - Empreendimento Imobiliário Ltda,Ozias Pereira Santiago,,Ativo,,Devolução de sinal.
0119-23,Vida Nova Barretos IV - Empreendimento Imobiliário Ltda.,Gabriel dos Santos Trucolo,,Ativo,,Negativação indevida
0118-23,Vida Nova Itapetininga III - Empreendimento Imobiliário Ltda,Prefeitura do Município de Itapetininga,,Ativo,,Limpeza de terreno
0117-23,Pacaembu Construtora S/A,Mayara Daiane Ferreira Martins,,Ativo,,
1002832-90.2023.8.26.0322,Pacaembu Lins III - Empreendimento Imobiliario Spe Ltda,Bárbara Cris de Campos,Primeira Instância,Arquivado,Cível,Negativação indevida
0028295-81.2023.8.16.0014,Pacaembu Construtora S/A,Greyce Antonio,Primeira Instância,Arquivado,Cível,Muro de Arrimo
0008314-76.2024.8.26.0071,Pacaembu Bauru - Empreendimento Imobiliário Ltda.,Daiane Cristina da Silva,Primeira Instância,Ativo,Cível,Vícios Construtivos
1010001-32.2023.8.26.0451,Pacaembu Piracicaba Incorporadora Ltda.,Marlina Santos Lima,Primeira Instância,Arquivado,Cível,Vícios Construtivos
0004626-09.2024.8.26.0071,Pacaembu Bauru - Empreendimento Imobiliário Ltda.,Matheus Henrique Goncalves,Primeira Instância,Ativo,Cível,Vícios Construtivos
1505605-14.2021.8.26.0066,Gold Land Barretos,Prefeitura Municipal de Barretos,Primeira Instância,Arquivado,Cível,Execução Fiscal - IPTU
0010643-57.2023.5.15.0005,Pacaembu Construtora S/A,Paulo Ricardo Santos Vicentino,Primeira Instância,Ativo,Trabalhista,
0003154-22.2023.8.26.0066,Pacaembu Construtora S/A,Paula Furtado Valeriano,,Arquivado,Cível,Revisão contratual
0001694-08.2023.8.26.0322,Pacaembu Construtora S/A,Danielle Cristiane Bento,Primeira Instância,Ativo,Cível,Muro de Arrimo
0007798-30.2023.8.26.0576,Pacaembu Construtora S/A,Stefane Paedra Pedroso Lima,Primeira Instância,Arquivado,Cível,Inclusão Indevida em Cadastro de Inadimplentes
0018265-84.2023.8.16.0014,Pacaembu Construtora S/A,Andrea Margonar,Instância Superior,Ativo,Cível,Vícios Construtivos e muro de arrimo
1010114-83.2023.8.26.0451,Pacaembu Piracicaba Incorporadora Ltda.,Robson Gomes dos Santos,Primeira Instância,Ativo,Cível,Vícios Construtivos
1025740-58.2023.8.26.0576,Pacaembu Construtora S/A,Wildeglan Costa de Sousa,Primeira Instância,Arquivado,Cível,Negativação indevida
0010672-43.2023.5.15.0091,Pacaembu Construtora S/A,Matheus Henrique Ortiz de Oliveira,Primeira Instância,Encerrado,Trabalhista,
1004727-51.2023.8.26.0269,Pacaembu Construtora S/A,Natalia Luciana Alves,Primeira Instância,Arquivado,Cível,Negativação indevida
0011728-59.2023.5.15.0076,Pacaembu Construtora S/A,Vinicius Laudares da Fonseca,Primeira Instância,Ativo,Trabalhista,
0010923-60.2023.5.15.0059,Pacaembu Construtora S/A,Daniela Moreira,Primeira Instância,Encerrado,,
1518456-49.2022.8.26.0196,Pacaembu Construtora S/A,Prefeitura Municipal de Franca,Primeira Instância,Arquivado,Cível,Execução Fiscal - IPTU
0011638-40.2023.5.15.0015,Pacaembu Construtora S/A,Robson Amaral de Souza,Primeira Instância,Ativo,Trabalhista,
0116-23,Pacaembu Presidente Prudente III - Empreendimento Imobiliário Ltda.,Tucano’s Terraplenagem e Construções Ltda.,,Encerrado,,Descumprimento Contratual
0115-23,Pacaembu Assis 370 - Empreendimento Imobiliário Ltda.,Allan Diogo Ferreira,,Ativo,,Estorno de Sinal
0114-23,Pacaembu Bauru II- Empreendimento Imobiliário Ltda.,Clovis Aparecido Pedroso,,Ativo,,Rescisão Contratual
0113-23,Pacaembu Bauru II- Empreendimento Imobiliário Ltda.,Sidnei Barbosa Teixeira,,Ativo,,Rescisão Contratual
0112-23,Pacaembu Cedral I - Empreendimento Imobiliário Ltda,Susana Maria de Souza,,Encerrado,,Boleto
0018266-69.2023.8.16.0014,Pacaembu Construtora S/A,Beatriz da Silva Mendes,Primeira Instância,Arquivado,Cível,Vícios Construtivos e muro de arrimo
0010634-31.2023.5.15.0091,Pacaembu Lins III - Empreendimento Imobiliario Spe Ltda,Vitor Alexandre Martins de Araujo,Primeira Instância,Encerrado,Trabalhista,
1004560-34.2023.8.26.0269,Pacaembu Construtora S/A,Christian Muller da Silva,Primeira Instância,Arquivado,Cível,Negativação indevida
1021359-07.2023.8.26.0576,Pacaembu Água Santa - Empreendimento Imobiliário Ltda.,Carla Maria da Costa,Primeira Instância,Ativo,Cível,Vícios Construtivos
0111-23,Pacaembu Construtora S/A,SAAEB,,Ativo,,Reposição de asfalto
1003587-67.2023.8.26.0079,Vida Nova Botucatu - Empreendimento Imobiliário Ltda.,Fatima Batista Neto,Segunda Instância,Ativo,Cível,Vícios Construtivos
1001948-14.2023.8.26.0079,Vida Nova Botucatu - Empreendimento Imobiliário Ltda.,Carlicélio Gomes Ribeiro,Segunda Instância,Arquivado,Cível,Alienação Fiduciária
1024972-35.2023.8.26.0576,Pacaembu Construtora S/A,Jardim California Empreendimentos Imobiliarios Spe ltda,Primeira Instância,Ativo,Cível,Monitória
0000404-20.2023.5.09.0018,Pacaembu Construtora S/A,Admilson Caetano,Primeira Instância,Encerrado,Trabalhista,
0010699-27.2023.5.15.0026,Pacaembu Construtora S/A,Guilherme Dias Braghin,Primeira Instância,Encerrado,Trabalhista,
0001176-17.2023.8.16.0089,Pacaembu Construtora S/A,Anderson Pereira,Primeira Instância,Arquivado,Cível,Negativação indevida
0110-23,Pacaembu Construtora S/A,Hellen Fernanda Monteiro Lopes,,Ativo,,Muro de Arrimo
0109-23,Pacaembu Construtora S/A,Vilaeneli Empreendimentos Imobiliários Ltda.,,Encerrado,,Devolução de imóvel locado
0010679-36.2023.5.15.0026,Pacaembu Construtora S/A,Italo da Silva Ferreira,Primeira Instância,Encerrado,Trabalhista,
0018784-59.2023.8.16.0014,Pacaembu Construtora S/A,Raimundo Nogueira da Silva,Primeira Instância,Arquivado,Cível,Vícios Construtivos e muro de arrimo
0004901-49.2023.8.16.0045,Pacaembu Arapongas 1 - Empreendimento Imobiliário Ltda.,Eduardo Cesar Melegari Vecchiatto,Primeira Instância,Arquivado,Cível,Indenização por Danos Morais e Materiais
0108-23,Pacaembu Construtora S/A,Prefeitura de Itapetininga,,Ativo,,Renegociação de dívida
1506318-19.2020.8.26.0132,Gold Land Catanduva I,Município de Catanduva,,Ativo,Cível,Execução Fiscal
1501234-03.2021.8.26.0132,Gold Land Catanduva I,Município de Catanduva,,Ativo,Cível,Execução Fiscal
1501233-18.2021.8.26.0132,Gold Land Catanduva I,Município de Catanduva,,Ativo,Cível,Execução Fiscal
0107-23,Pacaembu Construtora S/A,Otávio Mauso,,Ativo,,Contrato comercial
0106-23,Pacaembu Construtora S/A,Lucas Lopes de Almeida,,Ativo,,Renegociação de dívida
0013088-42.2023.8.16.0014,Pacaembu Construtora S/A,Adriana de Oliveira,Segunda Instância,Ativo,Cível,Vícios Construtivos e muro de arrimo
0010456-41.2023.5.15.0137,Pacaembu Piracicaba Incorporadora Ltda.,Alex Correia da Silva,Primeira Instância,Encerrado - sem notificação,Trabalhista,
1001003-38.2023.8.26.0625,Gold Land Barretos,Prefeitura Municipal de Taubaté,,Ativo - não Pacaembu,Cível,Registro de imóveis
1504903-98.2020.8.26.0132,Gold Land Empreendimentos Imobiliários Ltda,Município de Catanduva,Primeira Instância,Ativo,Cível,Execução Fiscal - IPTU
1511102-14.2022.8.26.0344,Gold Land Empreendimentos Imobiliários Ltda,Adelia da Silva Ribeiro Batista,,Ativo,Cível,Execução Fiscal - IPTU
1500210-12.2023.8.26.0344,Gold Land Empreendimentos Imobiliários Ltda,Vanderlei Voltareli,,Ativo,Cível,Execução Fiscal - IPTU
1505788-58.2020.8.26.0344,Gold Land Empreendimentos Imobiliários Ltda,Município de Marília,,Arquivado - não Pacaembu,Cível,Execução Fiscal - IPTU
0009628-91.2023.8.26.0071,Pacaembu Bauru - Empreendimento Imobiliário Ltda.,Maria de Lourdes Oliveira,Primeira Instância,Ativo,Cível,Vícios Construtivos
0009674-80.2023.8.26.0071,Pacaembu Bauru - Empreendimento Imobiliário Ltda.,Gabriel Bispo da Silva,Primeira Instância,Ativo,Cível,Vícios Construtivos
0009680-87.2023.8.26.0071,Pacaembu Bauru - Empreendimento Imobiliário Ltda.,Eduardo Lunas Chimenez,Primeira Instância,Arquivado,Cível,Vícios Construtivos
0009666-06.2023.8.26.0071,Pacaembu Bauru - Empreendimento Imobiliário Ltda.,Alan Cesar Ambrozio,Primeira Instância,Ativo,Cível,Vícios Construtivos
0009657-44.2023.8.26.0071,Pacaembu Bauru II- Empreendimento Imobiliário Ltda.,Adriano Cataluppi,Primeira Instância,Ativo,Cível,Vícios Construtivos
0105-23,Pacaembu Construtora S/A,Condomínio Residencial Vida Nova Franca Iv,,Ativo,,Instalação de postes e vícios construtivos
1009786-32.2023.8.26.0071,Pacaembu Bauru II- Empreendimento Imobiliário Ltda.,Alisson Diego Barbosa,Primeira Instância,Arquivado,Cível,Alienação Fiduciária
0104-23,Vida Nova Barretos IV - Empreendimento Imobiliário Ltda.,Paulo Ferreira da Cruz,,Ativo,,Cobrança em duplicidade
0103-23,Pacaembu Piracicaba Incorporadora Ltda.,Mb Serviços de Marilia Ltda.,,Encerrado,,Descumprimento contratual
0102-23,Poá Empreendimento Imobiliário Ltda,José Marcos Felix de Lima,,Ativo,,Prestação de contas de Leilão
0101-23,Vida Nova Londrina - Empreendimento Imobiliário Ltda.,DEXCO S.A.,,Cancelado,,Cobranças indevidas
0018780-22.2023.8.16.0014,Pacaembu Construtora S/A,Sidneia Firmino de Lima,Primeira Instância,Ativo,Cível,Vícios Construtivos e muro de arrimo
0068990-14.2022.8.16.0014,Pacaembu Construtora S/A,Joaquim Vieira,Primeira Instância,Ativo,Cível,Perdas e Danos
0100-23,Pacaembu Construtora S/A,Prefeitura Municipal de São José do Rio Preto,,Arquivado,,reparos de drenagem
0099-23,Pacaembu Cedral I - Empreendimento Imobiliário Ltda,Construtora Conspav São Paulo Eireli - ME,,Encerrado,,Descumprimento contratual
0098-23,Pacaembu São José do Rio Preto - Empreendimento Imobiliário Ltda.,Prefeitura Municipal de São José do Rio Preto,,Ativo,,Multas por falta de limpeza
0018268-39.2023.8.16.0014,Pacaembu Construtora S/A,Denis Willian da Silva,Primeira Instância,Arquivado,Cível,Vícios Construtivos e muro de arrimo
0018273-61.2023.8.16.0014,Pacaembu Construtora S/A,Francielle Teixeira de Assis,Primeira Instância,Arquivado,Cível,Vícios Construtivos e muro de arrimo
0097-23,Pacaembu São José do Rio Preto - Empreendimento Imobiliário Ltda.,C e Margi Refeições Ltda.,,Encerrado,,Descumprimento contratual
0001207-38.2023.8.26.0322,Pacaembu Construtora S/A,Italo Mana Sacchi,Primeira Instância,Arquivado,Cível,Muro de Arrimo
0096-23,Pacaembu Bauru II- Empreendimento Imobiliário Ltda.,Alisson Diego Barbosa,,Ativo,,Distrato de contrato
230277,Pacaembu Construtora S/A,Prefeitura de São José do Rio Preto,,Ativo,Cível Administrativo,IPTU
0600193-97.2023.8.04.7300,Pacaembu Construtora S/A,John Welin Villacorta Rios,Primeira Instância,Arquivado,Cível,Negativação indevida
0003353-57.2023.8.26.0482,Pacaembu Construtora S/A,Juliana Isabele Pereira dos Santos,,Arquivado,Cível,Inclusão Indevida em Cadastro de Inadimplentes
1003318-40.2023.8.26.0269,Pacaembu Construtora S/A,Rogério Prado Antunes,Primeira Instância,Arquivado,Cível,Indenização por Danos Morais e Materiais
1003137-39.2023.8.26.0269,Pacaembu Construtora S/A,Marcos Henrique Gomes de Oliveira,Primeira Instância,Encerrado,Cível,Vícios Construtivos
1008753-95.2022.8.26.0344,Gold Land Empreendimentos Imobiliários Ltda,Eixo-sp Concessionária de Rodovias s/a,Primeira Instância,Arquivado - não Pacaembu,Cível,Desapropriação
1510471-75.2019.8.26.0344,Gold Land Empreendimentos Imobiliários Ltda,Prefeitura Municipal de Marília,Primeira Instância,Arquivado,Cível,ISS - Imposto Sobre Serviços
0009377-29.2023.8.16.0014,Pacaembu Construtora S/A,Rafaela Pereira Lima da Silva,Primeira Instância,Arquivado,Cível,Vícios Construtivos e muro de arrimo
0018272-76.2023.8.16.0014,Pacaembu Construtora S/A,Felipe Prudêncio Caetano,Primeira Instância,Arquivado,Cível,Vícios Construtivos e muro de arrimo
0095-23,Pacaembu Bauru - Empreendimento Imobiliário Ltda.,Prefeitura Municipal de Bauru Secretaria de Obras,,Ativo,,Adutora de agua danificada
0094-23,Pacaembu Construtora S/A,SAAEB,,Ativo,,Adutora de agua danificada
1015616-67.2022.8.26.0344,Gold Land Empreendimentos Imobiliários Ltda,Eixo-sp Concessionária de Rodovias s/a,Primeira Instância,Arquivado,Cível,Homologação de acordo
2079570-98.2023.8.26.0000,Pacaembu Construtora S/A,Concrefer Industria e Comercio de Postes e Artefatos de Cimento Ltda,Primeira Instância,Arquivado,Cível,Obrigações / Espécies de Contrato
0093-23,Pacaembu Construtora S/A,Juliana Isabele Pereira dos Santos,,Encerrado,,Negativação indevida
0092-23,Pacaembu Construtora S/A,Fabio Henrique Pereira Lopes,,Encerrado,,Muro de Arrimo
0091-23,Pacaembu Construtora S/A,CAIXA ECONOMICA FEDERAL - CEF,,Encerrado,,Muro de Arrimo
0090-23,Pacaembu Água Santa - Empreendimento Imobiliário Ltda.,Dany Telatin – Consultoria Imobiliária Ltda,,Encerrado,,Retirada de site do ar. Ausência de autorização para manutenção do mesmo.
0010485-06.2023.5.15.0133,Pacaembu Construtora S/A,Orlando Carlos Hummel Julian,Primeira Instância,Ativo,Trabalhista,
0010481-66.2023.5.15.0133,Pacaembu Construtora S/A,Orivando Henrique Bertolucci Junior,Primeira Instância,Ativo,Trabalhista,
0010477-29.2023.5.15.0133,Pacaembu Construtora S/A,Antonio Rodrigues Rocca,Primeira Instância,Encerrado,Trabalhista,
0010448-76.2023.5.15.0133,Pacaembu Construtora S/A,Eva Lopes Silva Alves (espólio de Wilson Aparecido Alves),Primeira Instância,Ativo,Trabalhista,
0010474-33.2023.5.15.0082,Pacaembu Construtora S/A,Andre Luiz Marchi,Primeira Instância,Ativo,Trabalhista,
0010455-28.2023.5.15.0017,Pacaembu Construtora S/A,Ivair Roberto Nunes Alves,Primeira Instância,Ativo,Trabalhista,
0010822-58.2023.5.15.0015,Pacaembu Construtora S/A,Lucas Ferreira Augusto,Primeira Instância,Ativo,Trabalhista,
0010522-89.2023.5.15.0082,Pacaembu Construtora S/A,Simone Aparecida Perle,Primeira Instância,Encerrado,Trabalhista,
0088-23,Pacaembu Construtora S/A,SUPERINTENDÊNCIA DE ÁGUA E ESGOTO DE CATANDUVA - SAEC,,Ativo,,recomposição de pavimento
0087-23,Pacaembu Construtora S/A,SAAE Barretos,,Encerrado,,vícios construtivos
0086-23,Pacaembu Construtora S/A,Vilaneli Empreendimentos Imobiliários,,Encerrado,,Devolução de imóvel locado
0085-23,Pacaembu Construtora S/A,Reginaldo Cardoso de Souza,,Encerrado,,Boletos
1012781-55.2023.8.26.0576,Pacaembu Cedral I - Empreendimento Imobiliário Ltda,Jose Antonio Araujo,Primeira Instância,Arquivado,Cível,Muro de Arrimo
1011325-70.2023.8.26.0576,Pacaembu Cedral I - Empreendimento Imobiliário Ltda,João Marcos Barbara,Primeira Instância,Arquivado,Cível,Muro de Arrimo
0013089-27.2023.8.16.0014,Pacaembu Construtora S/A,David Lucas Araujo,Primeira Instância,Arquivado,Cível,Vícios Construtivos e muro de arrimo
0007333-37.2023.8.16.0014,Pacaembu Construtora S/A,Leandro Aparecido Pimentel,Primeira Instância,Arquivado,Cível,Cobrança indevida - ITBI
1001842-35.2023.8.26.0408,Pacaembu Construtora S/A,Marcia Nicoleti de Moraes,Primeira Instância,Arquivado,Cível,Negativação indevida
0084-23,Pacaembu Construtora S/A,Adileusa Aparecida de Godoy,,Encerrado,,Boletos
35.001.003.23.0124487,Pacaembu Lins III - Empreendimento Imobiliario Spe Ltda,Mariane da Silva,,Ativo,Cível Administrativo,Muro de Arrimo
0083-23,Pacaembu Construtora S/A,Thayse de Jesus Silva,,Encerrado,,Recursos próprios
0005872-30.2023.8.16.0014,Pacaembu Construtora S/A,Carlos Alberto do Nascimento,Primeira Instância,Arquivado,Cível,Cobrança indevida - ITBI
1010468-24.2023.8.26.0576,Pacaembu Cedral I - Empreendimento Imobiliário Ltda,Alexandre Esplendor Junior,Primeira Instância,Arquivado,Cível,Muro de Arrimo
0082-23,Pacaembu Construtora S/A,Priscila da Silva Brasiliense,,Encerrado,,ausência de relógio medidor de energia elétrica
0002727-67.2023.8.16.0045,Pacaembu Arapongas 1 - Empreendimento Imobiliário Ltda.,Liolene de Fatima Brocanelli,Primeira Instância,Arquivado,Cível,Ação de Rescisão Contratual
0010428-39.2023.5.15.0116,Pacaembu Construtora S/A,Edvaldo Vieira Ferreira Teodoro,Primeira Instância,Encerrado,Trabalhista,
1001294-27.2023.8.26.0079,Vida Nova Botucatu - Empreendimento Imobiliário Ltda.,Ginesto Marques da Silva,Primeira Instância,Arquivado,Cível,Ação de Rescisão Contratual
0081-23,Pacaembu Arapongas 1 - Empreendimento Imobiliário Ltda.,Siqueira Construtora Edificações e Reformas Ltda,,Encerrado,,Resilição Contratual
0080-23,Pacaembu Construtora S/A,Secretaria Municipal de Araras,,Encerrado,,Manutenção da Iluminação Pública
0079-23,Gold Land Barretos,Luis Rogerio Silva Ruyz,,Encerrado,,IPTU
0078-23,Pacaembu Arapongas 1 - Empreendimento Imobiliário Ltda.,C e Margi Refeições Ltda.,,Encerrado,,Descumprimento contratual
0077-23,Pacaembu Construtora S/A,DAE - Departamento de Água e Esgoto de Bauru,,Encerrado,,Contribuição de FTE
1001215-95.2023.8.26.0322,Pacaembu Lins III - Empreendimento Imobiliario Spe Ltda,Helen Cristina dos Passos Catarino,Primeira Instância,Arquivado,Cível,Indenização por Danos Morais e Materiais
5021199-84.2023.4.04.7001,Pacaembu Arapongas 1 - Empreendimento Imobiliário Ltda.,Mayara Roberta Vaz Joaquim,Primeira Instância,Arquivado,Cível,Alienação Fiduciária
1002187-18.2023.8.26.0079,Pacaembu Construtora S/A,Barbara Barreto Araujo,Primeira Instância,Arquivado,Cível,Negativação indevida
0010333-47.2023.5.03.0082,Pacaembu Construtora S/A,Delson Fernandes Souza,Primeira Instância,Encerrado,Trabalhista,
35.001.003.23.0097451,Pacaembu Lins III - Empreendimento Imobiliario Spe Ltda,Rubens Gadyel Moraes Ortega,,Ativo,Cível Administrativo,Muro de Arrimo
0076-23,Gold Land Barretos,Fabricio Hilario de Souza,,Encerrado,,IPTU
0075-23,Poá Empreendimento Imobiliário Ltda,Prefeitura Municipal de Ribeirão Preto – Dep. De Fiscalização Geral,,Encerrado,,Infração e Multa
0072-23,Gold Land Barretos,Bianca Cristina Pereira,,Encerrado,,IPTU
0073-23,Gold Land Barretos,Javan Galvão Pires,,Encerrado,,IPTU
0074-23,Gold Land Barretos,Edilson Nogueira Queiroz,,Encerrado,,IPTU
0071-23,Pacaembu Construtora S/A,Juliano Costa,,Cancelado,,Divulgação indevida de imagens da obra em Presidente Prudente
0070-23,Loteamento Egydio Zani SPE Ltda.,Prefeitura Municipal de SJRP - Inspetoria Fiscal de Postura,,Encerrado,,Multa
0000291-57.2023.5.22.0001,Pacaembu Construtora S/A,Renato Justino Alves Lima,Primeira Instância,Encerrado,Trabalhista,
0069-23,Pacaembu Construtora S/A,João Batista Nogueira,,Encerrado,,IPTU
0068-23,Pacaembu Construtora S/A,Thamyres Maria Candido Da Silva,,Encerrado,,Muro de Arrimo
0067-23,Pacaembu Construtora S/A,Washington Domingos Ambrosio,,Encerrado,,Muro de Arrimo
0010254-73.2023.5.18.0010,Pacaembu Construtora S/A,Larissa Nunes Mota,Primeira Instância,Encerrado,Trabalhista,
0002649-16.2023.8.26.0071,Pacaembu Construtora S/A,Concrefer Industria e Comercio de Postes e Artefatos de Cimento Ltda,Primeira Instância,Arquivado,Cível,Cumprimento de sentença
1505566-17.2021.8.26.0066,Gold Land Empreendimentos Imobiliários Ltda,Prefeitura Municipal de Barretos,Primeira Instância,Arquivado - não Pacaembu,Cível,Execução Fiscal - IPTU
1505653-70.2021.8.26.0066,Gold Land Empreendimentos Imobiliários Ltda,Prefeitura Municipal de Barretos,Primeira Instância,Arquivado - não Pacaembu,Cível,Execução Fiscal - IPTU
0066-23,Pacaembu Construtora S/A,Italo Mana Sacchi,,Encerrado,,Muro de Arrimo
0065-23,Pacaembu Construtora S/A,CAIXA ECONOMICA FEDERAL - CEF,,Encerrado,,Muro de Arrimo
0064-23,Pacaembu Construtora S/A,CAIXA ECONOMICA FEDERAL - CEF,,Encerrado,,Muro de arrimo
1505613-88.2021.8.26.0066,Gold Land Empreendimentos Imobiliários Ltda,Prefeitura Municipal de Barretos,Primeira Instância,Arquivado,Cível,Execução Fiscal
0063-23,Poá Empreendimento Imobiliário Ltda,Prefeitura de Ribeirão Preto,,Encerrado,,Inexistência de muro/mureta no imóvel
1501474-11.2022.8.26.0664,Haus Compra e Venda de Bens Imóveis Ltda.,Prefeitura de Votuporanga,Primeira Instância,Ativo,Tributário,Execução Fiscal - IPTU
0062-23,Pacaembu Construtora S/A,Barbara Barreto Araujo,,Encerrado,,Negativação
0061-23,Pacaembu Construtora S/A,Keysi Lane Santana Severino,,Encerrado,,Muro de Arrimo
0000892-72.2023.8.26.0269,Pacaembu Itapetininga Cristovao Colombo,Renata Fernanda Costa,Primeira Instância,Arquivado,Cível,Financiamento reprovado
0001996-67.2023.8.26.0506,Pacaembu Construtora S/A,Viviane Marta da Silva,Primeira Instância,Arquivado,Cível,Perdas e Danos
0060-23,Pacaembu Construtora S/A,Amanda Fabio,,Encerrado,,Muro de Arrimo
0059-23,Pacaembu Construtora S/A,Tamiris Francine Felipe da Cunha,,Encerrado,,Vícios construtivos
0009376-44.2023.8.16.0014,Pacaembu Construtora S/A,Lais Fernanda Rodrigues da Silva,Primeira Instância,Arquivado,Cível,Vícios Construtivos e muro de arrimo
0058-23,Pacaembu Construtora S/A,Ney Titze,,Encerrado,,Calçada danificada e esclarecimentos contratuais
0057-23,Pacaembu Construtora S/A,Danielle Cristiane Bento,,Encerrado,,muro de arrimo
0016168-90.2023.5.16.0005,Pacaembu Construtora S/A,Natoniel Froes Amaral,Primeira Instância,Encerrado,Trabalhista,
1001490-93.2023.8.26.0047,Pacaembu Construtora S/A,Romilda Paes de Oliveira,Primeira Instância,Arquivado,Cível,Vícios Construtivos
5005041-13.2023.4.03.6182,Ana Caroline Pires de Souza Prieto,Conselho de Arquitetura e Urbanismo de São Paulo,Primeira Instância,Ativo - não Pacaembu,Cível,Embargos à Execução
0056-23,Pacaembu Construtora S/A,Rodrigo Bento da Silva,,Encerrado,,Esclarecimento contratuais
0055-23,Pacaembu Construtora S/A,Mariane da Silva,,Encerrado,,Muro de arrimo
0054-23,Pacaembu Construtora S/A,Antônio Carlos dos Santos Pereira,,Encerrado,,Relógio do imóvel trincado
0010168-08.2023.5.15.0133,Pacaembu Construtora S/A,Jefferson de Souza Castro,Primeira Instância,Encerrado,Trabalhista,
0053-23,Pacaembu Piracicaba Incorporadora Ltda.,SEMAE Piracicaba | Reparos na Estação Elevatória Aquarius,,Ativo,,Vicio Construtivo
0052-23,Pacaembu Construtora S/A,Flávia Leticia Gomes Ferras,,Encerrado,,Muro de arrimo
0051-23,Pacaembu Construtora S/A,Polícia Civil Presidente Prudente - SP,,Encerrado,,Comparecimento a delegacia
0050-23,Pacaembu São José do Rio Preto - Empreendimento Imobiliário Ltda.,Prefeitura de SJRP,,Encerrado,,Limpeza de Lotes
0049-23,Pacaembu Tatuí Caguassu - Empreendimento Imobiliário Ltda.,Carlos Eduardo Margi - ME,,Encerrado,,Descumprimento contratual
0048-23,Pacaembu Tatuí Caguassu - Empreendimento Imobiliário Ltda.,Higatec Saneamento Ltda.,,Encerrado,,Descumprimento contratual
0047-23,Pacaembu Construtora S/A,Jose Antonio Araujo,,Encerrado,,Muro de Arrimo
0046-23,Pacaembu Assis 370 - Empreendimento Imobiliário Ltda.,Douglas Gabriel Lopes de Sá,,Encerrado,,Reembolso de Sinal.
0045-23,Pacaembu Construtora S/A,Rubens Gadyel Moraes Ortega,,Encerrado,,Muro de Arrimo
0044-23,Pacaembu Construtora S/A,Ney Titze,,Encerrado,,Calçada danificada
0043-23,Pacaembu Construtora S/A,Luis Augusto de Souza,,Encerrado,,Muro de Arrimo
0042-23,Pacaembu Construtora S/A,José Paulo Pereira Dos Santos,,Encerrado,,Muro de Arrimo
0041-23,Pacaembu Construtora S/A,Eric Vinicius Cardoso Vieira Dos Santos,,Encerrado,,Muro de Arrimo
0040-23,Pacaembu Construtora S/A,Adriano Alves Da Silva,,Encerrado,,Muro de Arrimo
0039-23,Pacaembu Construtora S/A,Luiz Carlos Ferraz,,Encerrado,,Comissão de corretagem.
0060675-94.2022.8.16.0014,Pacaembu Construtora S/A,Maicon de Souza Rosanelli,Primeira Instância,Arquivado,Cível,Cobrança indevida - ITBI
0038-23,Vida Nova Botucatu - Empreendimento Imobiliário Ltda.,Jefferson Ribeiro da Silva,,Encerrado,,Leilão Extrajudicial
0037-23,Pacaembu Construtora S/A,Paulo Henrique Barbosa da Rocha Rodrigues,,Encerrado,,Móvel danificado
0036-23,Pacaembu São José do Rio Preto - Empreendimento Imobiliário Ltda.,"Secretário Municipal de Trânsito, Transportes e Segurança de São José do Rio Preto",,Encerrado,,Sinalização Viária
0035-23,Pacaembu Loteadora – Olímpia IV Ltda.,Claudenilson Silva Dias,,Ativo,,Divergência entre o endereço de localização e QD/Lt
0034-23,Pacaembu Bauru - Empreendimento Imobiliário Ltda.,Aurenice de Oliveira Alves,,Encerrado,,Devedora
0033-23,Vida Nova Barretos IV - Empreendimento Imobiliário Ltda.,Ney Titze,,Ativo,,Parcelas com correção monetária e juros
0032-23,Pacaembu Construtora S/A,Volmira de Jesus Santos,,Encerrado,,Parcelas com correção monetária e juros
0030-23,Vida Nova Ponta Grossa - Empreendimento Imobiliário Ltda.,Bandolin Fornecimento de Refeições Ltda.,,Encerrado,,Encerramento do Contrato pela Pacaembu. Resilição. CT/308E0015.
0031-23,Pacaembu Barretos 368 - Empreendimento Imobiliário Ltda.,Gustavo Leite Talarico,,Encerrado,,Rescisão Contratual
0029-23,Pacaembu Construtora S/A,Solpi Instalações Industrializadas Ltda.,,Encerrado,,Reclamação nº 0010043-80.2023.5.15.0152
5000715-06.2022.4.03.6324,Pacaembu Construtora S/A,Isadora Flores e Mateus Ferreira,Primeira Instância,Arquivado,Cível,Ação de Rescisão Contratual
0005394-67.2022.8.26.0664,Pacaembu Construtora S/A,César Vitor Freire de Melo,Primeira Instância,Arquivado,Cível,Indenização por Danos Morais e Materiais
0006435-68.2023.8.26.0071,Pacaembu Bauru II- Empreendimento Imobiliário Ltda.,Luiz Henrique Vendramin Rosalin,Primeira Instância,Ativo,Cível,Vícios Construtivos
0004191-97.2022.8.26.0073,Pacaembu Construtora S/A,Prefeitura Municipal de Avaré,Primeira Instância,Arquivado,Cível,Execução Fiscal
0017571-96.2022.8.26.0071,Pacaembu Construtora S/A,Paulo da Silva Costa,Primeira Instância,Arquivado,Cível,Indenização por Danos Morais
0028-23,Pacaembu Construtora S/A,Gilson Inacio,,Encerrado,,IPTU Fenhouse
0027-23,Pacaembu Construtora S/A,Delegacia Seccional de Polícia de Botucatu/SP,,Encerrado,,Material apreendido
0026-23,Pacaembu Construtora S/A,Egnar Cordeiro de Oliveira Erais,,Encerrado,,Vícios construtivos
0025-23,Pacaembu Construtora S/A,Ronaldo Amate,,Encerrado,,"Divulgação de imagens de obras em SJRP com título apelativo e inverídico, causando desinformação, inobservâncias das normas de voo da Anac."
0024-23,Pacaembu Construtora S/A,Jardim Califórnia Empreendimentos Imobiliários Ltda.,,Encerrado,,Restituição de valor pago em duplicidade
1005313-68.2016.8.26.0161,Vida Nova Tatuí III Empreendimento Imobiliário Ltda.,Banco Bradesco S/A,Primeira Instância,Arquivado - não Pacaembu,Cível,Contratos Bancários
1058286-22.2022.8.26.0506,Pacaembu Construtora S/A,Liziana Moreira Pinto,Primeira Instância,Ativo,Cível,Muro de Arrimo
0016056-24.2023.5.16.0005,Pacaembu Construtora S/A,Carlos Douglas Morais Neves,Primeira Instância,Encerrado,Trabalhista,
0016047-68.2023.5.16.0003,Pacaembu Construtora S/A,Carlos Douglas Morais Neves,Primeira Instância,Encerrado - sem notificação,Trabalhista,
0000114-81.2023.5.22.0102,Pacaembu Construtora S/A,Ariosvaldo Lima da Costa,Primeira Instância,Encerrado,Trabalhista,
0023-23,Pacaembu Construtora S/A,Bruno Martins Dallacqua,,Encerrado,,Reembolso de sinal
0010043-80.2023.5.15.0152,Pacaembu Construtora S/A,Renan Pereira Fernandes,Primeira Instância,Encerrado,Trabalhista,
1002223-24.2023.8.26.0576,Pacaembu Construtora S/A,1 Oficial de Registro de Imóveis de São José do Rio Preto,Primeira Instância,Arquivado,Cível,Registro de imóveis
0017-23,Pacaembu Construtora S/A,CAIXA ECONOMICA FEDERAL - CEF,,Encerrado,,vícios construtivos
0021-23,Poá Empreendimento Imobiliário Ltda,Talita Gracielle da Mata Bianchi,,Encerrado,,Desocupação de imóvel
0020-23,Poá Empreendimento Imobiliário Ltda,Fábio Henrique da Silva Oliveira,,Encerrado,,Desocupação de imóvel
0019-23,Poá Empreendimento Imobiliário Ltda,Edilson Lima Santos,,Encerrado,,Desocupação de imóvel
0018-23,Pacaembu Construtora S/A,Ark Tec,,Encerrado,,Rescisão do contrato de guarda de documentos
0022-23,Pacaembu Construtora S/A,Iron Mountain Ltda.,,Encerrado,,Rescisão contratual
0016-23,Pacaembu Construtora S/A,Joaquim Alves Lacerda,,Encerrado,,vícios construtivos (Trincos e fissuras).
0015-23,Pacaembu Construtora S/A,Fit Telecomunicações America Net Ltda.,,Cancelado,,Protesto indevido
0014-23,Pacaembu Ourinhos Constante 2 - Empreendimento Imobiliário,Fabio Luis Teiga Garcia,,Encerrado,,Resilição do Contrato de Intermediação Imobiliária
0013-23,Pacaembu Ourinhos Constante 2 - Empreendimento Imobiliário,Guilherme Ferreira Felipe,,Encerrado,,Resilição do Contrato de Intermediação Imobiliária
0012-23,Pacaembu Ourinhos Constante 2 - Empreendimento Imobiliário,Renata Aparecida Agostinho Lara,,Encerrado,,Resilição do Contrato de Intermediação Imobiliária
0011-23,Pacaembu Ourinhos Constante 2 - Empreendimento Imobiliário,William Donizete Paulino,,Cancelado,,Resilição do Contrato de Intermediação Imobiliária
0010020-15.2023.5.15.0030,Pacaembu Construtora S/A,Ricardo da Silva Cruz,Primeira Instância,Encerrado,Trabalhista,
0000001-30.2023.5.22.0102,Pacaembu Construtora S/A,Leandro Lima de Sousa,Primeira Instância,Encerrado,Trabalhista,
0022721-95.2022.8.26.0576,Pacaembu Construtora S/A,José Antônio Candido,Primeira Instância,Arquivado,Cível,Taxa de Obra
0004-23,Pacaembu Construtora S/A,Luiz Carlos Ferraz,,Encerrado,,Postagem indevida utilizando logomarca da Cia
0010-23,Pacaembu Construtora S/A,Condomínio Residencial Vida Nova Franca I,,Encerrado,,Falta de escoamento de água
0009-23,Pacaembu Construtora S/A,SEMAE Piracicaba,,Ativo,,Pagamento por prejuízos causados
0008-23,Pacaembu Construtora S/A,DAEE – Ribeirão Preto,,Encerrado,,Medidores de água
0007-23,Pacaembu Construtora S/A,Diene Pereira Rodrigues,,Encerrado,,Obrigações contratuais
0006-23,Pacaembu Construtora S/A,Daee Bacia do Baixo Tietê,,Encerrado,,Cobrança pelo uso dos recursos hídricos
0005-23,Pacaembu Construtora S/A,Viviane Marta da Silva,,Encerrado,,Vícios ocultos
0189-22,Pacaembu Construtora S/A,Andressa e Andson Pereira de Lima,,Encerrado,,Dúvidas e condições do contrato
0003-23,Pacaembu Construtora S/A,Bianca de Souza Oliveira,,Encerrado,,Valor fixo na parcela do financiamento imobiliário e o estorno em dobro
0002-23,Pacaembu Construtora S/A,Maria Luiza de Souza Schraider,,Encerrado,,Devolução de imóvel locado
0001-23,Pacaembu Construtora S/A,Lucineia Ferreira Leal,,Encerrado,,Construção de muro de arrimo
1001755-83.2022.5.02.0036,Pacaembu Construtora S/A,Thayna Ramos Fernandes,Primeira Instância,Ativo,Trabalhista,
0016007-80.2023.5.16.0005,Pacaembu Construtora S/A,Cleudenir Nunes Diniz,Primeira Instância,Encerrado,Trabalhista,
0012077-78.2022.5.15.0082,Pacaembu Construtora S/A,Fernando Ishizaka da Costa,Primeira Instância,Encerrado,Trabalhista,
0013036-67.2022.5.15.0076,Pacaembu Construtora S/A,Silvio Luis Ferreira,Primeira Instância,Encerrado,Trabalhista,
0013033-15.2022.5.15.0076,Pacaembu Construtora S/A,Carlos Eduardo Silva Augusto,Primeira Instância,Encerrado,Trabalhista,
0190-22,Pacaembu Construtora S/A,Patricia Silva de Lima,,Encerrado,,Acréscimo das parcelas e promessa de muro de arrimo
131.344/2022,Pacaembu Construtora S/A,Prefeitura de Bauru,,Ativo,Cível Administrativo,Tributos
0068864-61.2022.8.16.0014,Pacaembu Construtora S/A,Rodrigo Godin de Almeida,Primeira Instância,Arquivado,Cível,Vícios Construtivos
0182-22,Pacaembu Bauru - Empreendimento Imobiliário Ltda.,Prefeitura Municipal de Bauru Secretária de Planejamento,,Encerrado,,Regularização de imóvel
1056411-17.2022.8.26.0506,Poá Empreendimento Imobiliário Ltda,Fabio Henrique da Silva Oliveira,Primeira Instância,Ativo,Cível,Alienação Fiduciária
0188-22,Pacaembu Construtora S/A,José Henrique Nunes Adriano,,Encerrado,,Ofício judicial
0186-22,Pacaembu Ourinhos Constante 2 - Empreendimento Imobiliário,Renata Garcia Carrilo,,Encerrado,,Resilição do Contrato de Intermediação Imobiliária
0185-22,Pacaembu Água Santa - Empreendimento Imobiliário Ltda.,Ana Lucia Joaquim Gênova,,Encerrado,,Vícios construtivos
0184-22,Pacaembu Água Santa - Empreendimento Imobiliário Ltda.,Carla Maria da Costa,,Encerrado,,Vícios construtivos
0183-22,Pacaembu Água Santa - Empreendimento Imobiliário Ltda.,Orlando Cesar,,Encerrado,,Vícios construtivos
0181-22,Pacaembu Arapongas 1 - Empreendimento Imobiliário Ltda.,Giuliano Imóveis Ltda.,,Encerrado,,Telhado quebrado por vizinho. Infiltração na loja
0187-22,Pacaembu Construtora S/A,Procon Barretos,,Encerrado,,Explicações e visita técnica
0011936-03.2022.5.15.0133,Pacaembu Construtora S/A,Julio Cezar Vendramini,Primeira Instância,Ativo,Trabalhista,
0012016-24.2022.5.15.0017,Pacaembu Construtora S/A,Odair Bueno da Silva,Primeira Instância,Ativo,Trabalhista,
0011506-86.2022.5.15.0089-2,Pacaembu Construtora S/A,Matheus Henrique Ortiz de Oliveira,Primeira Instância,Encerrado,Trabalhista,
1006872-71.2022.8.26.0445,Pacaembu Construtora S/A,Prefeitura Municipal de Pindamonhangaba,Segunda Instância,Arquivado,Tributário,Mandado de Segurança - Cível
0011944-36.2022.5.15.0082,Pacaembu Construtora S/A,Vaulte Aparecido Mendes Rodrigues,Primeira Instância,Ativo,Trabalhista,
0014265-79.2022.8.16.0045,Pacaembu Construtora S/A,Giovana de Oliveira,Primeira Instância,Arquivado,Cível,Declaratória de Inexigibilidade de Crédito
0011506-86.2022.5.15.0089,Pacaembu Construtora S/A,Fabio Galvão de Oliveira e outro (1),Primeira Instância,Ativo,Trabalhista,
0011920-25.2022.5.15.0044,Pacaembu Construtora S/A,Aecio Ribeiro Cunha,Primeira Instância,Ativo,Trabalhista,
0180-22,Poá Empreendimento Imobiliário Ltda,Prefeitura Municipal de Ribeirão Preto,,Ativo,,"Notificação para limpar e/ou carpir o passeio público do lote 35, Quadra 101 e Lote 19 - Quadra 104."
0179-22,Vida Nova Salto de Pirapora - Empreendimento Imobiliário Ltda.,Vilaeneli Empreendimentos Imobiliários Ltda.,,Encerrado,,Infiltrações na loja decorrentes de problemas no imóvel vizinho
0178-22,Poá Empreendimento Imobiliário Ltda,Laurindo de Oliveira,,Encerrado,,Pedido de Distrato
0177-22,Poá Empreendimento Imobiliário Ltda,1ª Vara de Araguari,,Encerrado,,Ofício 1ª Vara de Araguari - Informações Contrato AF
0176-22,Pacaembu Bauru - Empreendimento Imobiliário Ltda.,Secretaria de Economia e Finanças de Bauru,,Encerrado,,"Atualização do cadastro municipal, individualização dos cadastros e transferência da dívida do IPTU"
0175-22,Pacaembu Construtora S/A,Fleetzil Locação e Serviços Ltda,,Encerrado,,Sinistro do veículo Virtus placa RHR5G79
0174-22,Vida Nova Ponta Grossa - Empreendimento Imobiliário Ltda.,"Ambar Industria e Comercio de Componentes e Instalações Eletricas, Importação e Exportação S.A.",,Encerrado,,Descumprimento das obrigações contratuais. Potencial atraso no cronograma por problema com a mão-de-obra. CT/292E0035
0173-22,Pacaembu Construtora S/A,Andre de Freitas Novaes,,Encerrado,,Cliente inadimplente – Negociação
1006327-50.2022.8.26.0073,Pacaembu Construtora S/A,katia Karina Pires,Primeira Instância,Arquivado,Cível,Reparação por Danos Morais e Estéticos
1001615-89.2022.5.02.0055,Pacaembu Construtora S/A,Giovanna dos Santos Cesario,Primeira Instância,Encerrado,Trabalhista,
0172-22,Vida Nova Ponta Grossa - Empreendimento Imobiliário Ltda.,Wallclick Ind Com e Serv para Construção Ltda.,,Encerrado,,Descumprimento das obrigações contratuais. Falta de entrega de documentação. CT/292E0013.
0011743-85.2022.5.15.0133,Pacaembu Construtora S/A,Elton John da Cunha Araujo,Primeira Instância,Encerrado,Trabalhista,
0171-22,Poá Empreendimento Imobiliário Ltda,Jelu Refrigeração Ltda.,,Encerrado,,"Notificação para limpar e/ou carpir o passeio público do lote 35, Quadra 101."
0170-22,Vida Nova Londrina - Empreendimento Imobiliário Ltda.,Rafael Silva Rego Krocus,,Encerrado,,Reclamação – Metragem do Terreno
1048969-97.2022.8.26.0506,Poá Empreendimento Imobiliário Ltda,Marli José de Andrade Canas,Primeira Instância,Arquivado,Cível,Alienação Fiduciária
0169-22,Pacaembu Construtora S/A,Solpi Instalações Industrializadas Ltda.,,Encerrado,,Reclamação nº 0011247-96.2022.5.15.0152
0168-22,Pacaembu Construtora S/A,Guarany Empreendimentos Gerais Ltda.,,Encerrado,,Devolução de imóvel locado
0167-22,Vida Nova Trindade - Empreendimento Imobiliário Ltda.,RM1 Transportes Eireli,,Encerrado,,Descumprimento de obrigações contratuais
0166-22,Vida Nova Trindade - Empreendimento Imobiliário Ltda.,Águia Construções Eireli,,Encerrado,,Descumprimento contratual
0165-22,Vida Nova Barretos III - Empreendimento Imobiliário Ltda.,SAAE Barretos,,Encerrado,,Quebra da boia de reservatório
0011559-83.2022.5.15.0116,Pacaembu Construtora S/A,Marilene Santos da Silva,Primeira Instância,Encerrado,Trabalhista,
0011147-22.2022.5.18.0003,Vida Nova Trindade - Empreendimento Imobiliário Ltda.,Derinaldo Gomes Antunes Silva,Primeira Instância,Encerrado,Trabalhista,
1010458-50.2022.8.26.0079,Pacaembu Construtora S/A,Daiane Cristina Pontes,Primeira Instância,Arquivado,Cível,Alienação Fiduciária
0164-22,Vida Nova Barretos III - Empreendimento Imobiliário Ltda.,João Rafael de Oliveira,,Encerrado,,Solicitação do comprovante de quitação do financiamento do imóvel
0163-22,Pacaembu Presidente Prudente - Empreendimento Imobiliário Ltda.,ECO Partners Industria e Comercio Ltda,,Encerrado,,Descumprimento de obrigações contratuais
0162-22,Pacaembu Construtora S/A,Jefferson Luis Marcolino,,Encerrado,,Reclamação referente a aplicação de juros nas parcelas dos Recursos Próprios
0161-22,Pacaembu Construtora S/A,Carlos Cesar Francisco de Lima,,Encerrado,,Reclamação referente a aplicação de juros nas parcelas dos Recursos Próprios
0005816-51.2022.8.26.0079,Vida Nova Botucatu - Empreendimento Imobiliário Ltda.,Raul de Oliveira Gaia,Primeira Instância,Arquivado,Cível,Ação de Revisão Contratual
0160-22,Pacaembu Construtora S/A,Camila Heloraine dos Santos,,Encerrado,,Reclamação referente a aplicação de juros nas parcelas dos Recursos Próprios
0159-22,Vida Nova Barretos III - Empreendimento Imobiliário Ltda.,Bianca de Souza Oliveira,,Encerrado,,Reclamação sobre a correção do valor da taxa de construção.
0156-22,Pacaembu Construtora S/A,Mileny Reche de Oliveira,,Encerrado,,Reclamação sobre supostas trincas na parede.
0155-22,Pacaembu Construtora S/A,Alessandra Maria de Oliveira,,Encerrado,,Reclamação sobre supostas trincas de destacamento da sanca de gesso.
0154-22,Pacaembu Construtora S/A,Tatiane Maria Santana Lopes,,Encerrado,,Reclamação sobre piso estufado na sala.
0153-22,Pacaembu Construtora S/A,Marcia Helena Silva Bastos,,Encerrado,,Reclamação sobre supostos danos no forro de gesso
0157-22,Pacaembu Presidente Prudente - Empreendimento Imobiliário Ltda.,Rogério Minozzi Correa,,Encerrado,,Encerramento do Contrato 221E0078 (TCRA) por insuficiência na prestação dos serviços.
0158-22,Excom Empreendimentos Imobiliários Ltda,Secretaria de Administração e Planejamento de Itapetininga,,Encerrado,,Troca de lâmpadas no empreendimento Vida Nova Itapetininga
0152-22,Pacaembu São José do Rio Preto - Empreendimento Imobiliário Ltda.,2° Vara de Família e Sucessões da Comarca de São José do Rio Preto,,Encerrado,,Processo de divórcio Litigioso
1024478-70.2022.8.26.0071,Pacaembu Bauru - Empreendimento Imobiliário Ltda.,Jefferson Camilo Pereira,Primeira Instância,Ativo,Cível,Alienação Fiduciária
1052770-05.2022.8.26.0576,Pacaembu Cedral I - Empreendimento Imobiliário Ltda,Ana Carolina da Silva Jesus,Primeira Instância,Ativo,Cível,Alienação Fiduciária
0150-22,Pacaembu Construtora S/A,Renascer Construções Elétricas Eireli,,Encerrado,,Problemas na iluminação pública do empreendimento.
2022/001853,Vivia Baptista de Lima,CRECI - Conselho Regional de Corretores de Imóveis,,Encerrado,Cível Administrativo,Autos de Infração
0055276-84.2022.8.16.0014,Pacaembu Construtora S/A,Samanta Carpinel,Primeira Instância,Arquivado,Cível,Vícios Construtivos
1019488-26.2021.8.26.0506,Poá Empreendimento Imobiliário Ltda,Leandro Willian dos Santos Marioti,Primeira Instância,Arquivado,Cível,Alienação Fiduciária
0011247-96.2022.5.15.0152,Pacaembu Construtora S/A,Antonio Alef Doroteu de Sousa,Primeira Instância,Encerrado,Trabalhista,
0011631-19.2022.5.15.0133,Pacaembu Construtora S/A,José Luis de Sousa Vaz,Primeira Instância,Encerrado - sem notificação,Trabalhista,
0011564-14.2022.5.15.0017,Pacaembu Construtora S/A,Rafael Mendes Barros,Primeira Instância,Encerrado,Trabalhista,
0000356-87.2022.5.06.0371,Pacaembu Construtora S/A,Richarlisson Antonio Bezerra Diniz,Primeira Instância,Ativo,Trabalhista,
083896/2019-97,Pacaembu Construtora S/A,CETESB - Companhia Ambiental do Estado de São Paulo,Primeira Instância,Ativo,Cível Administrativo,Crime Ambiental
1024523-74.2022.8.26.0071,Pacaembu Bauru - Empreendimento Imobiliário Ltda.,Ernane Jose de Melo Costa,Primeira Instância,Ativo,Cível,Execução de Título Extrajudicial
0149-22,Pacaembu Construtora S/A,Gilda Perpétua Irineu Pereira,,Encerrado,,Solicitação de rescisão contratual
0010914-96.2022.5.03.0082,Pacaembu Construtora S/A,Delson Fernandes Souza,Primeira Instância,Encerrado,Trabalhista,
0010912-29.2022.5.03.0082,Pacaembu Construtora S/A,Jose Roberto de Souza,Primeira Instância,Encerrado,Trabalhista,
0010911-44.2022.5.03.0082,Pacaembu Construtora S/A,Paulo César Borges de Souza,Primeira Instância,Encerrado,Trabalhista,
0001333-66.2022.5.22.0102,Pacaembu Construtora S/A,Elizeu Ferreira Neto,Primeira Instância,Encerrado,Trabalhista,
42.0205.0000514/2022-7,Pacaembu Construtora S/A,3° Promotoria de Justiça de Barretos,Primeira Instância,Arquivado,Inquérito Civil,Danos Construtivos – Áreas externas (vizinhança/viela /obras públicas)
0001334-51.2022.5.22.0102,Pacaembu Construtora S/A,Elizeu Ferreira Neto,Primeira Instância,Encerrado,Trabalhista,
0148-22,Pacaembu Construtora S/A,Caixa Econômica Federal,,Encerrado,,Solicitação de subsídios pela CEF para ações judiciais de vícios construtivos
14152.122179/2022-40,Pacaembu São José do Rio Preto - Empreendimento Imobiliário Ltda.,MPT - Gerência Regional do Trabalho de Bauru/SP,,Encerrado,Procedimento Administrativo,Ausência do recolhimento do FGTS 01/2021
0147-22,Pacaembu Construtora S/A,Camila Heloraine dos Santos,,Encerrado,,Reclamação referente a aplicação de juros nas parcelas dos Recursos Próprios
0146-22,Vida Nova Ponta Grossa - Empreendimento Imobiliário Ltda.,Dalaqua Construções,,Encerrado,,Ameaça de abandono de obra
0145-22,Pacaembu Arapongas 1 - Empreendimento Imobiliário Ltda.,Caroline Dalaqua,,Encerrado,,Ameaça de abandono de obra
0144-22,Pacaembu Presidente Prudente - Empreendimento Imobiliário Ltda.,MT Construções Eireli,,Encerrado,,Descumprimento de obrigações contratuais
1103321-59.2022.8.26.0100,Pacaembu Piracicaba Incorporadora Ltda.,Alexandre Ferreira de Moura,Primeira Instância,Ativo,Cível,Sustação de Protesto
5014008-22.2022.4.04.7001,Pacaembu Construtora S/A,Rodrigo Godin de Almeida,Primeira Instância,Arquivado,Cível,Indenização por Danos Morais e Materiais
0011011-19.2022.5.18.0005,Pacaembu Construtora S/A,Kairo Queven Oliveira Gomes,Instância Superior,Ativo,Trabalhista,
0003961-63.2022.8.26.0038,Jardim Vida Nova Araras Empreendimento Imobiliário Ltda,Claudio Taveira Bianchi,Primeira Instância,Arquivado,Cível,Ação de Revisão Contratual
0143-22,Pacaembu Construtora S/A,Vara Única da Comarca de Conchal,,Encerrado,,Ofício para a realização de descontos mensais a título de alimentos da folha de pagamento do colaborador
0142-22,Pacaembu Construtora S/A,NEIDE BECHARA IMOBILIÁRIA LTDA,,Encerrado,,Devolução de salão comercial
0141-22,Vida Nova Ponta Grossa - Empreendimento Imobiliário Ltda.,Hdoliveira Vigilância e Segurança Ltda.,,Encerrado,,Rescisão do contrato
0140-22,Vida Nova Ponta Grossa - Empreendimento Imobiliário Ltda.,Hdoliveira Vigilância e Segurança Ltda.,,Encerrado,,Ofício recebido do SIEMACO-Ponta Grossa
0139-22,Vida Nova Ponta Grossa - Empreendimento Imobiliário Ltda.,Hdoliveira Vigilância e Segurança Ltda.,,Encerrado,,Intimação recebida de processo trabalhista
0138-22,Pacaembu Construtora S/A,Daniel Vinicius Ferreira,,Encerrado,,Solicitação de rescisão do contrato AF.
0137-22,Vida Nova Barretos III - Empreendimento Imobiliário Ltda.,Bruno Ferreira Marcondes,,Encerrado,,Reclamação sobre a correção do valor da taxa de construção
1039638-91.2022.8.26.0506,Poá Empreendimento Imobiliário Ltda,Luis Henrique Remont de Almeida,Primeira Instância,Arquivado,Cível,Obrigação de Fazer / Não Fazer
0136-22,Vida Nova Salto de Pirapora - Empreendimento Imobiliário Ltda.,Konfido Serviços de informática Ltda.,,Encerrado,,Rescisão do contrato de prestação de serviços
0135-22,Pacaembu Construtora S/A,Davi Monteiro Gomes,,Encerrado,,Reclamação referente a aplicação de juros nas parcelas dos Recursos Próprios
0000646-27.2022.5.09.0660,Pacaembu Construtora S/A,Paulo Fernandes Correa,Primeira Instância,Encerrado,Trabalhista,
0000608-71.2022.5.09.0124,Pacaembu Construtora S/A,Jomar Santos,Primeira Instância,Encerrado,Trabalhista,
0000603-58.2022.5.09.0024,Pacaembu Construtora S/A,Daniel Unrein Acosta,Primeira Instância,Encerrado,Trabalhista,
0011480-12.2022.5.15.0082,Pacaembu Construtora S/A,Daiane Souza Sampaio,Primeira Instância,Encerrado,Trabalhista,
0134-22,Pacaembu Piracicaba Incorporadora Ltda.,Alexandre Ferreira de Moura,,Encerrado,,Solicitação de retirada de funcionário da obra.
0133-22,Vida Nova Londrina - Empreendimento Imobiliário Ltda.,Solpi Instalações Industrializadas Ltda.,,Encerrado,,Falsificação de ASO por parte da RC Engenharia (terceirizada da Solpi no CT/294E0054)
0132-22,Pacaembu São José do Rio Preto - Empreendimento Imobiliário Ltda.,CMC – Módulos Construtivos Ltda.,,Encerrado,,Solicitação de retificação da GFIP 07/22 para constar os funcionários que prestaram no serviço no mês no CEI da obra.
0131-22,Carlos Henrique Duarte D’Ávila,Concessionária de Rodovias do Oeste de São Paulo - Viaoeste S/A,,Encerrado,,Solicitação de toda documentação e materiais referentes ao acidente sofrido pelo Notificante
0130-22,Pacaembu Construtora S/A,Fleetzil Locação e Serviços Ltda,,Encerrado,,Solicitação de procuração para colaborador Pacaembu
0129-22,Pacaembu Construtora S/A,1° Vara de Família e Sucessões de SJRP,,Encerrado,,Informações acerca de um funcionário da Pacaembu
0128-22,Pacaembu Piracicaba Incorporadora Ltda.,Alexandre Ferreira de Moura,,Encerrado,,Descumprimento de obrigações contratuais
14152.035747/2022-73,Pacaembu Construtora S/A,MPT - Gerência Regional do Trabalho de Bauru/SP,,Ativo,Procedimento Administrativo,Vagas PCD
14152.115804/2022-05,Pacaembu Construtora S/A,MPT - Gerência Regional do Trabalho de Bauru/SP,,Encerrado,Procedimento Administrativo,Chuveiros
14152.116735/2022-49,Pacaembu Construtora S/A,MPT - Gerência Regional do Trabalho de Bauru/SP,,Encerrado,Procedimento Administrativo,DSR
14152.116638/2022-56,Pacaembu Construtora S/A,MPT - Gerência Regional do Trabalho de Bauru/SP,,Encerrado,Procedimento Administrativo,Distância dos banheiros
14152.079926/2021-31,Pacaembu Construtora S/A,MPT - Gerência Regional do Trabalho de Bauru/SP,Primeira Instância,Encerrado,Procedimento Administrativo,Ausência de documentos
0127-22,Pacaembu Piracicaba Incorporadora Ltda.,Comer Bem Refeições Empresariais Ltda.,,Encerrado,,Notificação para adequação de conduta
1500221-89.2020.8.26.0071,Pacaembu Construtora S/A,Clodoaldo Armando Gazzetta,Primeira Instância,Ativo,Criminal,Difamação
1042558-22.2022.8.26.0576,Pacaembu São José do Rio Preto - Empreendimento Imobiliário Ltda.,Janailda Alves da Silva,Primeira Instância,Arquivado,Cível,Indenização por Danos Morais
14.0722.00027382020-6,Pacaembu Construtora S/A,7º Promotoria de Justiça de Franca,Primeira Instância,Arquivado,Inquérito Civil,Crime Ambiental
0126-22,Pacaembu Construtora S/A,Lidia Alves Soria,,Encerrado,,Solicitação de novos boletos para o pagamento do débito em atraso.
0125-22,Pacaembu Construtora S/A,2° Vara de Família e Sucessões de Bauru,,Encerrado,,Informações acerca de um funcionário da Pacaembu
0124-22,Vida Nova Dignidade 2 Empreendimento Imobiliário ltda,Carlos Eduardo Margi - ME,,Encerrado,,Atraso no horário das entregas das refeições e funcionários sem uniforme
0123-22,Vida Nova Salto de Pirapora - Empreendimento Imobiliário Ltda.,Secretaria de Planejamento e Urbanismo de Salto de Pirapora,,Encerrado,,Discussão sobre a suspensão da implantação do empreendimento
0122-22,Vida Nova Londrina - Empreendimento Imobiliário Ltda.,Solpi Instalações Industrializadas Ltda.,,Encerrado,,Descumprimento do cronograma de execução
35.001.003.22.0464026,Pacaembu Bauru - Empreendimento Imobiliário Ltda.,Raul de Oliveira Gaia,Primeira Instância,Ativo,Cível Administrativo,Reclamação referente aos juros aplicados nas parcelas dos Recursos Próprios
1517764-37.2022.8.26.0071,Pacaembu Lins III - Empreendimento Imobiliario Spe Ltda,Fazenda Pública do Estado de São Paulo,Primeira Instância,Ativo,Tributário,Execução Fiscal
1004076-88.2022.8.26.0322,Haus Compra e Venda de Bens Imóveis Ltda.,Giovani Correa,Primeira Instância,Arquivado,Cível,Alienação Fiduciária
1019715-26.2022.8.26.0071,Pacaembu Construtora S/A,Paulo da Silva Costa,Primeira Instância,Arquivado,Cível,Indenização por Danos Morais
0121-22,Pacaembu Construtora S/A,Guarany Empreendimentos Gerais Ltda.,,Encerrado,,Devolução do Terreno
0120-22,Pacaembu São José do Rio Preto - Empreendimento Imobiliário Ltda.,Secretaria Municipal de Serviços Gerais de SJRP,,Encerrado,,Advertência sobre a falta de limpeza no terreno e geral no passeio público
0119-22,Pacaembu Bauru - Empreendimento Imobiliário Ltda.,Raul de Oliveira Gaia,,Encerrado,,Reclamação referente aos juros aplicados nas parcelas dos Recursos Próprios
0118-22,Pacaembu Construtora S/A,3° Vara Criminal da Comarca de Bauru,,Encerrado,,Informações sobre os adquirentes dos imóveis do Vida Nova Bauru
0011127-92.2022.5.15.0042,Pacaembu Construtora S/A,Josenildo dos Santos Almeida,Primeira Instância,Encerrado,Trabalhista,
0010765-20.2022.5.15.0033,Pacaembu Construtora S/A,Jose de Moura,Primeira Instância,Encerrado,Trabalhista,
1035306-12.2020.8.26.0196,Pacaembu Construtora S/A,Daniel Gomes Marcelino,Primeira Instância,Arquivado - não Pacaembu,Cível,Indenização por Danos Morais
353973.29072022.2,Pacaembu Construtora S/A,Ministério Público do Trabalho,Primeira Instância,Ativo,Trabalhista,
1040075-19.2022.8.26.0576,Pacaembu Construtora S/A,Claudemiro Aparecido Lacerda,Primeira Instância,Ativo,Cível,Embargos à Execução
1004993-74.2022.8.26.0624,Pacaembu Construtora S/A,Charles Vinicius Prestes Rodrigues,Primeira Instância,Arquivado,Cível,Pedido de Repactuação de Dívida
1074850-33.2022.8.26.0100,Pacaembu Construtora S/A,Eletron Empresarial Eireli,Primeira Instância,Arquivado,Cível,Ação de Cobrança
0117-22,Vida Nova Botucatu - Empreendimento Imobiliário Ltda.,David Venancio Aires,,Encerrado,,Erosão em unidade habitacional
1006831-19.2022.8.26.0344,Atlanta Construções Comercio e Empreendimentos Ltda,Sônia Aparecida da Costa Biet,Primeira Instância,Ativo - não Pacaembu,Cível,Usucapião Extraordinário
0116-22,Pacaembu Construtora S/A,Alessandra de Castro,,Encerrado,,Solicitação da troca do telhado
0115-22,Vida Nova Barretos IV - Empreendimento Imobiliário Ltda.,Sodal Caçambas Ltda.,,Encerrado,,Cancelamento NF em desacordo.
1014790-15.2022.8.26.0482,Pacaembu Construtora S/A,Alice Nunes Banhete,Primeira Instância,Arquivado,Cível,Indenização por Danos Morais
0011552-17.2022.5.15.0076,Pacaembu Construtora S/A,Rogerio Belarmino da Silva,Primeira Instância,Encerrado,Trabalhista,
0114-22,Pacaembu Construtora S/A,2° Vara Cível da Comarca de Guaíra,,Encerrado,,Informações acerca dos beneficiários dos pagamentos realizados por conta da aquisição dos reservatórios junto à Rima
0113-22,Loteamento Egydio Zani SPE Ltda.,Secretaria Municipal de Serviços Gerais - SJRP,,Encerrado,,Multa por falta de limpeza no terreno
0112-22,Excom Empreendimentos Imobiliários Ltda,Secretaria de Administração e Planejamento de Itapetininga,,Encerrado,,Troca de lâmpadas no Loteamento Reserva da Mata
0111-22,Pacaembu Construtora S/A,5º Vara Cível de Ribeirão Preto,,Encerrado,,Informações acerca de pagamentos em nome do Sr. Rogério Bianchi Mazzei
0110-22,Vida Nova Itapetininga III - Empreendimento Imobiliário Ltda,Lucineia de Oliveira,,Encerrado,,Juros nas parcelas referente aos Recursos Próprios
0109-22,Pacaembu Construtora S/A,Sandra Soares Plínio,,Encerrado,,Vícios Construtivos
0011558-24.2022.5.15.0076,Pacaembu Construtora S/A,Thaysson Francisnaldo Martins Silva Gomes,Primeira Instância,Encerrado,Trabalhista,
1014585-83.2022.8.26.0482,Pacaembu Construtora S/A,Teobaldo Domingos Banhete,Primeira Instância,Arquivado,Cível,Indenização por Danos Morais
5013782-17.2022.4.04.7001,Vida Nova Londrina - Empreendimento Imobiliário Ltda.,Rosiane Ferreira Gonçalves,Primeira Instância,Arquivado,Cível,Vícios Construtivos
0108-22,Pacaembu Bauru - Empreendimento Imobiliário Ltda.,Averbach Cobranças Ltda.,,Encerrado,,Notificação por factoring não autorizado gerando cobranças e risco de protesto
0107-22,Pacaembu Construtora S/A,3° Vara Criminal de São José do Rio Preto,,Encerrado,,Solicitação dos dados cadastrais de um funcionário
0106-22,Pacaembu Construtora S/A,Secretaria Municipal de Serviços Gerais - SJRP,,Encerrado,,Advertência sobre a falta de limpeza no terreno e do passeio público
0105-22,Poá Empreendimento Imobiliário Ltda,Diego Del Sant,,Encerrado,,Pagamento de IPTU do exercício de 2019
0104-22,Vida Nova Londrina - Empreendimento Imobiliário Ltda.,Paschoalotto Serviços Financeiros Ltda.,,Encerrado,,Notificação por factoring não autorizado gerando cobranças e risco de protesto
0103-22,Vida Nova Londrina - Empreendimento Imobiliário Ltda.,Dexco S/A.,,Encerrado,,Notificação por factoring não autorizado gerando cobranças e risco de protesto
0102-22,Pacaembu Água Santa - Empreendimento Imobiliário Ltda.,Carlos Eduardo Margi - ME,,Encerrado,,Atraso no horário das entregas das refeições/funcionários sem uniforme
0101-22,Carlos Eduardo Agel Benedetti,Prefeitura Municipal de Franca,,Encerrado,,Instalação de placas de denominação de ruas no loteamento
0003182-73.2022.8.26.0664,Pacaembu Construtora S/A,Milena de Araújo Garcia,Primeira Instância,Arquivado,Cível,Danos Construtivos – Áreas Privativas
0010932-16.2022.5.15.0137,Pacaembu Piracicaba Incorporadora Ltda.,Leandro Liberato de Oliveira Puga,Primeira Instância,Encerrado,Trabalhista,
0010466-86.2022.5.15.0051,Pacaembu Piracicaba Incorporadora Ltda.,Marlon Baglioni,Primeira Instância,Encerrado,Trabalhista,
0010144-66.2022.5.15.0051,Pacaembu Piracicaba Incorporadora Ltda.,Julio Cesar Mateus,Primeira Instância,Encerrado,Trabalhista,
0010432-34.2022.5.15.0012,Pacaembu Piracicaba Incorporadora Ltda.,Daniele Nunes de Araujo,Primeira Instância,Encerrado,Trabalhista,
0100-22,Pacaembu Presidente Prudente III - Empreendimento Imobiliário Ltda.,Carlos Eduardo Margi - ME,,Encerrado,,Problemas de higiene nas estruturas/armazenamento e caixas de transporte
0099-22,Pacaembu Presidente Prudente - Empreendimento Imobiliário Ltda.,Igor Mendes da Silva,,Encerrado,,Solicitação de distrato
0098-22,Vida Nova Botucatu - Empreendimento Imobiliário Ltda.,Alison Matheus Ruy de Moura,,Encerrado,,Erosão em unidade habitacional
0000378-70.2022.5.09.0660,Pacaembu Construtora S/A,Andrei da Rosa Dallacorte,Primeira Instância,Encerrado,Trabalhista,
0011022-36.2022.5.15.0133,Pacaembu Construtora S/A,Elton John da Cunha Araujo,Primeira Instância,Encerrado,Trabalhista,
0011376-38.2022.5.15.0076,Pacaembu Construtora S/A,Zaqueu Andrade Silva,Primeira Instância,Ativo,Trabalhista,
0097-22,Pacaembu Construtora S/A,Franciane Aparecida de Faria,,Encerrado,,Solicitação para alterar o local dos interruptores
0096-22,Pacaembu Construtora S/A,Juliana Thomaz Castro,,Encerrado,,Reclamação referente aos juros nas parcelas
0011369-35.2022.5.15.0015,Pacaembu Construtora S/A,Jose Cristiano da Silva,Primeira Instância,Ativo,Trabalhista,
1004467-84.2022.8.26.0664,Pacaembu Construtora S/A,Aline Cristina Filó Arruda,Primeira Instância,Arquivado,Cível,Alienação Fiduciária
0095-22,Vida Nova Ponta Grossa - Empreendimento Imobiliário Ltda.,Valdinei da Silva Rodrigues,,Encerrado,,Arrependimento Contratual
1005433-56.2022.8.26.0079,Vida Nova Botucatu - Empreendimento Imobiliário Ltda.,Danilo de Souza Nogueira,Primeira Instância,Arquivado,Cível,Indenização por Danos Morais
0094-22,Pacaembu Construtora S/A,Silvia Aparecida da Silva,,Encerrado,,Atualização do cadastro junto à Prefeitura
1023360-18.2022.8.26.0602,Vida Nova Salto de Pirapora - Empreendimento Imobiliário Ltda.,RL Administração de Bens Eireli,Primeira Instância,Arquivado,Cível,Tutela Cautelar Antecedente
1000746-60.2022.5.02.0077,Pacaembu Construtora S/A,R.L.G,Primeira Instância,Encerrado,Trabalhista,
0093-22,Pacaembu Construtora S/A,CPFL Companhia paulista de Força e Luz,,Encerrado,,Cobranças referente ao contrato CCER
0010554-96.2022.5.18.0001,Pacaembu Construtora S/A,Wesley Pereira de Sousa,Primeira Instância,Encerrado,Trabalhista,
1022918-49.2022.8.26.0506,Poá Empreendimento Imobiliário Ltda,Brenda Cristina da Silva Theodoro,Primeira Instância,Ativo,Cível,Alienação Fiduciária
0011212-62.2022.5.15.0015,Pacaembu Construtora S/A,Eliseu Martins Silva,Primeira Instância,Encerrado,Trabalhista,
0092-22,Pacaembu Construtora S/A,2ª Vara da Família e Sucessões Bauru,,Encerrado,,Informações acerca dos recebimentos do colaborador Vinicius Mayoral Fardin
0091-22,Pacaembu Bauru - Empreendimento Imobiliário Ltda.,Natalino Guedes da Silveira,,Encerrado,,Necessidade de regularização perante o DAE-Bauru
0010690-64.2022.5.15.0070,Pacaembu Construtora S/A,Lilian Cristina Turco Silva,Primeira Instância,Arquivado,Trabalhista,
0090-22,Pacaembu Construtora S/A,Maria Claudia Silva,,Encerrado,,Reclamação referente aos juros das parcelas
0089-22,Pacaembu Construtora S/A,Secretaria Municipal de Obras - SJRP,,Encerrado,,Solicitação de reparos no loteamento
0088-22,Pacaembu Bauru - Empreendimento Imobiliário Ltda.,Secretaria Municipal de Obras de Bauru,,Encerrado,,Reparos na rua Projetada I
0000622-73.2022.5.22.0001,Pacaembu Construtora S/A,Marcos Felipe Sousa Alves,Primeira Instância,Encerrado,Trabalhista,
0002300-49.2022.8.26.0038,Jardim Vida Nova Araras Empreendimento Imobiliário Ltda,Claudio Taveira Bianchi,Primeira Instância,Arquivado,Cível,Reclamação Pré-processual
1003498-92.2022.8.26.0624,Vida Nova Tatuí III Empreendimento Imobiliário Ltda.,Joice Aparecida Ferreira dos Santos,Primeira Instância,Arquivado,Cível,Alienação Fiduciária
0016686-17.2022.5.16.0005,Pacaembu Construtora S/A,Gleilson Rodrigues,Primeira Instância,Encerrado,Trabalhista,
0016688-84.2022.5.16.0005,Pacaembu Construtora S/A,Gleidson Lopes Pavão,Primeira Instância,Encerrado,Trabalhista,
0087-22,Pacaembu Construtora S/A,Walter Moreira da Silva Filho,,Encerrado,,Rescisão Contratual e devolução dos valores pagos
0016681-92.2022.5.16.0005,Pacaembu Construtora S/A,Manoel Alexandre Brito Silva,Primeira Instância,Encerrado,Trabalhista,
0016683-62.2022.5.16.0005,Pacaembu Construtora S/A,Jose Raimundo Nogueira Lopes,Primeira Instância,Encerrado,Trabalhista,
0086-22,Pacaembu Construtora S/A,Secretaria de Obras e Infraestrutura de Tatuí,,Ativo,,Problemas na pavimentação do acesso do empreendimento
0085-22,Pacaembu Presidente Prudente - Empreendimento Imobiliário Ltda.,Marciano Serviços e Apoio a Empresas S/S Ltda.,,Encerrado,,Ocorrência de furtos na obra
1021266-94.2022.8.26.0506,Poá Empreendimento Imobiliário Ltda,Elton Lopes Doretto,Primeira Instância,Arquivado,Cível,Alienação Fiduciária
0016682-77.2022.5.16.0005,Pacaembu Construtora S/A,Jose Ribamar Sousa Lira,Primeira Instância,Encerrado,Trabalhista,
0010729-96.2022.5.15.0026,Pacaembu Construtora S/A,Thiago Augusto Fidelis,Primeira Instância,Ativo,Trabalhista,
35.001.003.22.0324599,Pacaembu Bauru - Empreendimento Imobiliário Ltda.,Stefany Damazio de Oliveira,,Ativo,Cível Administrativo,Reclamação referente aos juros das parcelas
1504047-49.2022.8.26.0073,Pacaembu Construtora S/A,Prefeitura Municipal de Avaré,Primeira Instância,Arquivado,Cível,Execução Fiscal
0001898-74.2022.8.26.0132,Pacaembu Construtora S/A,Ângelo Rodrigues,Primeira Instância,Arquivado,Cível,Cumprimento de sentença
0084-22,Pacaembu Construtora S/A,Fabiano Cristian Vitorio Rosa,,Encerrado,,Negativação em nome do fiador e do titular do contrato
0083-22,Pacaembu Bauru - Empreendimento Imobiliário Ltda.,Stefany Damazio de Oliveira,,Encerrado,,Reclamação referente aos juros das parcelas
0082-22,Vida Nova Trindade Empreendimento Imobiliário ltda,Wellington Pereira dos Anjos,,Encerrado,,Demora na entrega do imóvel
0081-22,Pacaembu Construtora S/A,Descco Consultoria Ltda,,Encerrado,,Rescisão Contratual
1004129-13.2022.8.26.0664,Pacaembu Construtora S/A,Aline Cristina Filó Arruda,Primeira Instância,Arquivado,Cível,Ação de Rescisão Contratual
0080-22,Pacaembu Bauru - Empreendimento Imobiliário Ltda.,Condomínio Vargem Limpa,,Encerrado,,Suspensão dos pagamentos das contas de água e esgoto das unidades habitacionais
1004665-68.2022.8.26.0132,Nova Catanduva III - Empreendimentos Imobiliários SPE LTDA,"1º Registro de Imóveis, Títulos e Documentos e Civil das Pessoas Jurídicas de Catanduva",Primeira Instância,Arquivado,Tributário,Mandado de Segurança
1010936-38.2022.8.26.0506,Poá Empreendimento Imobiliário Ltda,Aline Aparecida dos Santos,Primeira Instância,Arquivado,Cível,Ação de Revisão Contratual
0079-22,Pacaembu Construtora S/A,Defesa Civil São José do Rio Preto,,Encerrado,,Risco de queda de árvore
0078-22,Pacaembu Construtora S/A,Procon Sorocaba,,Encerrado,,Cumprimento da oferta
0077-22,Pacaembu Construtora S/A,Procon Itapetininga,,Encerrado,,Danos em móveis e proposta de acordo.
0010517-88.2022.5.15.0151,Pacaembu Construtora S/A,Sebastião Soares Santana,Primeira Instância,Encerrado,Trabalhista,
0076-22,Pacaembu Construtora S/A,Procon Ponta Grossa,,Encerrado,,Devolução do valor pago a título de Recursos Próprios
1002006-20.2022.8.26.0445,Pacaembu Construtora S/A,Vitor Franca Macedo,Primeira Instância,Ativo,Cível,Produção Antecipada de Provas
1003988-80.2022.8.26.0506,Poá Empreendimento Imobiliário Ltda,Talita Gracielle da Mata Bianchi,Segunda Instância,Ativo,Cível,Alienação Fiduciária
5000620-49.2022.4.03.6138,Pacaembu Construtora S/A,Marcelo Tashiro de Souza,Primeira Instância,Arquivado,Cível,Ação de Rescisão Contratual
0075-22,Vida Nova Salto de Pirapora - Empreendimento Imobiliário Ltda.,Enedi Guilherme Vieira Leite,,Encerrado,,Devolução do Imóvel
0074-22,Pacaembu Presidente Prudente - Empreendimento Imobiliário Ltda.,Tucano’s Terraplenagem e Construções Ltda.,,Encerrado,,Descumprimento do contrato 221E0003
0073-22,Vida Nova Salto de Pirapora - Empreendimento Imobiliário Ltda.,Porto Seguro Capitalização S.A.,,Encerrado,,Título de Capitalização Portocap Aluguel 30M_100% - Processo SUSEP NR. 15414.606126/2020-50. Não liberação do valor para eventual levantamento antecipado por parte do Locador/Administradora.
0010880-95.2022.5.15.0015,Pacaembu Construtora S/A,Silvio Arruda Cardoso,Primeira Instância,Encerrado,Trabalhista,
0010894-90.2022.5.15.0076,Pacaembu Construtora S/A,Luciano Marcos Camilo,Primeira Instância,Encerrado,Trabalhista,
0016943-20.2022.8.26.0100,Pacaembu Construtora S/A,Vargenski e Stadler Engenharia Ltda - ME,Primeira Instância,Ativo,Cível,Cumprimento de sentença
0072-22,Pacaembu Construtora S/A,Procon São José do Rio Preto,,Encerrado,,Proposta de acordo para pagamento dos débitos em atraso.
0010450-34.2022.5.15.0116,Pacaembu Construtora S/A,Maione Rodrigues dos Santos,Primeira Instância,Encerrado,Trabalhista,
0010449-49.2022.5.15.0116,Pacaembu Construtora S/A,Maione Rodrigues dos Santos,Primeira Instância,Encerrado,Trabalhista,
0010541-49.2022.5.15.0044,Pacaembu Construtora S/A,Monica Antônio dos Santos,Primeira Instância,Encerrado,Trabalhista,
0017512-21.2022.8.26.0100,Pacaembu Construtora S/A,Hpe Automotores do Brasil Ltda,Primeira Instância,Ativo - não Pacaembu,Cível,Cumprimento de sentença
0071-22,Pacaembu Construtora S/A,Prefeitura Municipal de São José do Rio Preto,,Encerrado,,Autos de infração referente a falta de limpeza no terreno
0070-22,Pacaembu Construtora S/A,Viviane Carla Campos de Oliveira,,Encerrado,,Cobrança indevida de IPTU
0069-22,Pacaembu Construtora S/A,Sergio Lucchesi,,Encerrado,,Cobrança indevida de IPTU
1000704-55.2022.5.02.0612,Pacaembu Construtora S/A,Ricardo de Sousa Silva,Primeira Instância,Encerrado,Trabalhista,
1000654-26.2022.5.02.0613,Pacaembu Construtora S/A,Carlito Gonçalves de Sousa Oliveira,Primeira Instância,Encerrado,Trabalhista,
0005107-40.2022.8.26.0071,Pacaembu Bauru - Empreendimento Imobiliário Ltda.,Carlos Augusto Costa,Primeira Instância,Arquivado,Cível,Cumprimento de sentença
0010411-61.2022.5.18.0081,Vida Nova Trindade - Empreendimento Imobiliário Ltda.,Raphael Ferreira Martins,Primeira Instância,Encerrado,Trabalhista,
0068-22,Pacaembu Bauru - Empreendimento Imobiliário Ltda.,MT Construções Eireli,,Encerrado,,Descumprimento das obrigações contratuais. Falta de pagamento das refeições de colaboradores na obra. CT/268E0030 e CT/268E0059.
1019921-77.2022.8.26.0576,Pacaembu Construtora S/A,Claudemiro Aparecido Lacerda,Primeira Instância,Ativo,Cível,Execução de Título Extrajudicial
0067-22,Pacaembu Construtora S/A,Procon Itapetininga,,Encerrado,,Rachaduras e trincas no imóvel
0066-22,Pacaembu Construtora S/A,Caixa Econômica Federal,,Encerrado,,Solicitação de subsídios pela CEF para ações judiciais de vícios construtivos
0004016-65.2022.8.16.0014,Vida Nova Londrina - Empreendimento Imobiliário Ltda.,Alisson Augusto da Silva,Primeira Instância,Arquivado,Cível,Ação de Rescisão Contratual
0016383-03.2022.5.16.0005,Pacaembu Construtora S/A,Josynaldo Rodrigues,Primeira Instância,Encerrado,Trabalhista,
0065-22,Vida Nova Trindade - Empreendimento Imobiliário Ltda.,Nilmar Francisco da Silva Moreira,,Encerrado,,Informar sobre o distrato
0064-22,Vida Nova Barretos III - Empreendimento Imobiliário Ltda.,Procon Barretos,,Encerrado,,Negativação em nome da fiadora do contrato
0063-22,Pacaembu Construtora S/A,Prefeitura Municipal de Araras,,Encerrado,,Manutenção da iluminação pública em LED no loteamento Jardim Vida Nova Araras
0062-22,Pacaembu Ourinhos Constante - Empreendimento Imobiliário Ltda.,Odete Spada,,Encerrado,,Pedido de distrato
1000242-37.2022.8.26.0400,Pacaembu Loteadora Olímpia IV LTDA,Josilene Monteiro dos Santos,Primeira Instância,Arquivado,Cível,Indenização por Danos Morais e Materiais
0010472-29.2022.5.15.0137,Pacaembu Piracicaba Incorporadora Ltda.,Alex Fernando de Moraes,Primeira Instância,Encerrado,Trabalhista,
0010349-67.2022.5.15.0028,Pacaembu Construtora S/A,Stephania Cristina Nunes Pereira,Primeira Instância,Encerrado,Trabalhista,
0061-22,Vida Nova Ponta Grossa - Empreendimento Imobiliário Ltda.,Szcymezszyn e Cia Ltda.,,Encerrado,,Não assinatura do boletim de medição do mês 03/2022 pela Notificada. Ausência da respectiva emissão de nota fiscal. Encerramento do Contrato pela Pacaembu. Resilição. CT/292E0005
0060-22,Vida Nova Londrina - Empreendimento Imobiliário Ltda.,P. G. Xavier Estruturas,,Encerrado,,Não apresentação da GPS-DARF paga referente a 01/2022. CT/294E0048.
0059-22,Pacaembu Construtora S/A,Agropecuária 3R Ltda.,,Encerrado,,Devolução do imóvel
0058-22,Pacaembu Construtora S/A,Central de Policia Judiciaria de Assis,,Encerrado,,Informações a respeito de eventual contrato em nome de Carlos Roberto Cláudio
0057-22,Pacaembu São José do Rio Preto - Empreendimento Imobiliário Ltda.,Daniela da Silva Oliveira Naves,,Encerrado,,Ação de Divórcio Litigioso
0056-22,Vida Nova Barretos III - Empreendimento Imobiliário Ltda.,Procon Barretos,,Encerrado,,Esclarecimentos sobre a atual situação contratual da consumidora
1002685-42.2022.8.26.0664,Pacaembu Construtora S/A,Superintendencia de Água e Esgoto e Meio Ambiente de Votuporanga,Primeira Instância,Arquivado,Tributário,Execução Fiscal
1011674-26.2022.8.26.0506,Poá Empreendimento Imobiliário Ltda,Michelle Cristina da Silva,Primeira Instância,Ativo,Cível,Alienação Fiduciária
2022/0332190,Poá Empreendimento Imobiliário Ltda,Prefeitura Municipal de Ribeirão Preto,,Ativo,Cível Administrativo,Autos de Infração
0055-22,Vida Nova Londrina - Empreendimento Imobiliário Ltda.,Carlos Eduardo Margi - ME,,Encerrado,,Reincidência na violação do dever de higiene no preparo dos alimentos. Presença de larvas na carne servida em refeição de colaborador. Aplicação de multa e advertência.
0054-22,Pacaembu Construtora S/A,Marciano Serviços e Apoio a Empresas S/S Ltda.,,Encerrado,,Descumprimento de pagamento de acordo celebrado em Ação Trabalhista. Despacho direcionado à Pacaembu (responsável subsidiária) para pagamento das parcelas em aberto em caso de responsabilidade principal da Brumar de Marília Portaria e Limpeza LTDA. - ME.
0053-22,Pacaembu Construtora S/A,Luciano Ambrosio Tavares,,Encerrado,,Solicitação do envio do contrato CEF
2022/1/484,Gold Land Empreendimentos Imobiliários Ltda,PREFEITURA MUNICIPAL DE CATANDUVA,,Ativo,Cível Administrativo,Execução Fiscal - IPTU
0052-22,Pacaembu Construtora S/A,CETESB - Companhia Ambiental do Estado de São Paulo,,Encerrado,,Arborização das áreas verdes e sistema de lazer do loteamento Maria Serantes
1000373-94.2022.5.02.0023,Pacaembu Construtora S/A,Anderson Vilarouca Sampaio,Primeira Instância,Encerrado,Trabalhista,
0010361-35.2022.5.15.0011,Pacaembu Construtora S/A,Airton Braz Novaes,Primeira Instância,Encerrado,Trabalhista,
0051-22,Gold Land Empreendimentos Imobiliários Ltda,CETESB - Companhia Ambiental do Estado de São Paulo,,Encerrado,,Informar sobre o cumprimento do TCRA 91.444/2015.
0050-22,Pacaembu Construtora S/A,Jornal Valor Econômico,,Encerrado,,Notificação de Notas Fiscais
0016384-85.2022.5.16.0005,Pacaembu Construtora S/A,Lucas Rodrigues Alves,Primeira Instância,Encerrado,Trabalhista,
1006715-57.2021.8.26.0664,Haus Compra e Venda de Bens Imóveis Ltda.,Aline Cristina Filó Arruda,Primeira Instância,Arquivado,Cível,Ação de Rescisão Contratual
1006714-72.2021.8.26.0664,Haus Compra e Venda de Bens Imóveis Ltda.,Aline Cristina Filó Arruda,Primeira Instância,Arquivado,Cível,Ação de Rescisão Contratual
0049-22,Pacaembu Construtora S/A,Procon Londrina,,Encerrado,,Reembolso dos Recursos Próprios
0048-22,Pacaembu Construtora S/A,SETPAR Empreendimentos,,Encerrado,,"Pagamento da multa aplicada pela CETESB, por conta do descumprimento do TCRA nº 0000083009/2013"
0047-22,Pacaembu Arapongas 1 - Empreendimento Imobiliário Ltda.,Novo Padrão Imobiliário Ltda.,,Encerrado,,Uso indevido do nome da Notificada como “Responsável Técnico” do empreendimento.
0046-22,Pacaembu Construtora S/A,Arval Brasil Ltda.,,Encerrado,,"Troca/reparo de motor do veículo de placa GDG4255, alugado pela Pacaembu da Arval. Responsabilidade pelo reparo e método de cobrança indevidos"
0045-22,Vida Nova Trindade - Empreendimento Imobiliário Ltda.,GTC Vigilância e Segurança Ltda.,,Encerrado,,Mora/Restituição de Importâncias Descontadas Indevidamente
0044-22,Pacaembu Construtora S/A,Tessa Tecnologia e Desenvolvimento Ltda.,,Encerrado,,Despacho em ação trabalhista direcionado à Pacaembu (responsável subsidiária) para pagamento ou garantia de execução em caso de responsabilidade principal da C. H. Xavier Estruturas.
0043-22,Pacaembu Construtora S/A,C. H. Xavier Estruturas,,Encerrado,,Descumprimento de pagamento de sentença judicial condenatória em Ação Trabalhista. Despacho direcionado à Pacaembu (responsável subsidiária) para pagamento ou garantia de execução em caso de responsabilidade principal da C. H. Xavier Estruturas.
1049194-54.2021.8.26.0506,Poá Empreendimento Imobiliário Ltda,Gustavo Silvano Franco,Segunda Instância,Arquivado,Cível,Alienação Fiduciária
1002495-03.2022.8.26.0269,Pacaembu Construtora S/A,Matheus José Menezes Paulino Seabra,Primeira Instância,Arquivado,Cível,Vícios Construtivos
1002491-63.2022.8.26.0269,Pacaembu Construtora S/A,Marcio Henrique Ramos da Silva,Primeira Instância,Arquivado,Cível,Vícios Construtivos
0010230-88.2022.5.18.0007,Pacaembu Construtora S/A,Rafael da Silva Pereira,Primeira Instância,Encerrado,Trabalhista,
0042-22,CM Aparecidinha Empreendimentos Imobiliários Ltda,Prefeitura Municipal de Sorocaba,,Encerrado,,Reparos no pavimento das vias do loteamento Jardim Nikkey
0041-22,Pacaembu Piracicaba Incorporadora Ltda.,TF Rios Empreiteira,,Encerrado,,"CT/232E0011, Ausência de pagamento de salários por parte da Notificada, mesmo com adiantamento realizado pela Notificante para este fim. Funcionários da Notificada que não receberam salários organizaram ida ao Sindicato para expor a situação. Documentações mensais da Notificada com várias pendências e com informação de que não serão regularizadas, por haver pendências fiscais da Notificada."
0040-22,Vida Nova Itapetininga III - Empreendimento Imobiliário Ltda,Rodrigo de Moura Sasada,,Encerrado,,Indisponibilidade de bens
0039-22,Vida Nova Botucatu - Empreendimento Imobiliário Ltda.,Luis Rogerio Silva Ruiz,,Encerrado,,Indisponibilidade de bens
0038-22,Vida Nova Botucatu - Empreendimento Imobiliário Ltda.,Felipe Rodrigues de Souza Araujo,,Encerrado,,Indisponibilidade de bens
0037-22,Vida Nova Itapetininga III - Empreendimento Imobiliário Ltda,Zak Madeiras Ltda,,Encerrado,,Regularização dos pagamentos de ITBI e registro do contrato.
0036-22,Pacaembu São José do Rio Preto - Empreendimento Imobiliário Ltda.,Juliana da Silveira Borges,,Encerrado,,Regularização dos pagamentos de ITBI e registro do contrato.
0035-22,Pacaembu São José do Rio Preto - Empreendimento Imobiliário Ltda.,Josivan Dias Almeida,,Encerrado,,Regularização dos pagamentos de ITBI e registro do contrato.
0034-22,Pacaembu Bauru II- Empreendimento Imobiliário Ltda.,Antonio Marcos da Silva,,Encerrado,,Regularização dos pagamentos de ITBI e registro do contrato.
0033-22,Pacaembu Bauru II- Empreendimento Imobiliário Ltda.,Weverson Fernando de Oliveira,,Encerrado,,Regularização dos pagamentos de ITBI e registro do contrato.
0032-22,Pacaembu Bauru II- Empreendimento Imobiliário Ltda.,Fernando Vinicius Bergonzine de Andrade Petená,,Encerrado,,Regularização dos pagamentos de ITBI e registro do contrato.
0031-22,Pacaembu Bauru II- Empreendimento Imobiliário Ltda.,Diego Henrique de Sousa,,Encerrado,,Regularização dos pagamentos de ITBI e registro do contrato.
0030-22,Pacaembu Bauru II- Empreendimento Imobiliário Ltda.,Antonio Carlos de Oliveira Matheus Junior,,Encerrado,,Regularização dos pagamentos de ITBI e registro do contrato.
0029-22,Pacaembu Bauru II- Empreendimento Imobiliário Ltda.,Jefferson Camilo Pereira,,Encerrado,,Regularização dos pagamentos de ITBI e registro do contrato.
0028-22,Pacaembu Bauru II- Empreendimento Imobiliário Ltda.,Marcos Denis Ferreira do Carmo,,Encerrado,,Regularização dos pagamentos de ITBI e registro do contrato.
0027-22,Pacaembu Bauru II- Empreendimento Imobiliário Ltda.,Welbert Aparecido Alves,,Encerrado,,Regularização dos pagamentos de ITBI e registro do contrato.
0010142-19.2022.5.15.0012,Pacaembu Piracicaba Incorporadora Ltda.,Mizael Dias de Almeida,Primeira Instância,Encerrado,Trabalhista,
0008233-11.2022.8.26.0100,Pacaembu Construtora S/A,Consfran Engenharia e Comercio Ltda.,Primeira Instância,Ativo - não Pacaembu,Cível,Cumprimento de sentença
0000625-32.2022.8.26.0400,Pacaembu Construtora S/A,Douglas de Pieri - Advogado Mc Construtora,Primeira Instância,Arquivado,Cível,Cumprimento de sentença
0002312-98.2022.8.26.0576,Pacaembu Construtora S/A,João Martinez Sanches,Primeira Instância,Arquivado,Cível,Cumprimento de sentença
0002310-31.2022.8.26.0576,Pacaembu Construtora S/A,Eduardo Ismael Tortorello S J Rio Preto - ME,Primeira Instância,Arquivado,Cível,Cumprimento de sentença
35.001.003.22.0091618,Pacaembu Construtora S/A,Jacques Douglas da Silva,,Ativo,Cível Administrativo,Ação de Revisão Contratual
0025-22,Jardim Vida Nova Araras Empreendimento Imobiliário Ltda,Aracons Construtora Ltda.,,Encerrado,,"Protesto da Duplicata Mercantil nº 1579, referente a título emitido em 08/02/2022, com vencimento em 14/02/2022 e valor de R$ 117.260,53. Valor protestado de R$ 119.153,01, com vencimento em 04/03/2022. Método inadequado de cobrança do valor retido a título de retenção. Contratos celebrados entre a Notificante e a Notificada que esclarecem sobre o procedimento da devolução dos valores."
0026-22,Pacaembu Construtora S/A,COMPDEC - Coordenadoria Municipal de Proteção e Defesa Civil - Avaré,,Encerrado,,Casa alagada por problemas no sistema de drenagem
0010154-57.2022.5.15.0101,Pacaembu Construtora S/A,Gilcimar José de Carvalho,Primeira Instância,Encerrado,Trabalhista,
1000121-29.2022.5.02.0076,Pacaembu Construtora S/A,Jaqueline Cristina Silva Brandão,Primeira Instância,Encerrado,Trabalhista,
0010265-18.2022.5.15.0044,Pacaembu Construtora S/A,Monica Antônio dos Santos,Primeira Instância,Encerrado,Trabalhista,
1001571-77.2022.8.26.0079,Pacaembu Construtora S/A,Benedito Batista dos Santos,Primeira Instância,Arquivado,Cível,Vícios Construtivos
35.001.003.21.5491848,Pacaembu Bauru - Empreendimento Imobiliário Ltda.,Arnaldo Leoncio Júnior,,Arquivado,Cível Administrativo,Danos Construtivos – Áreas Privativas
0024-22,Pacaembu Construtora S/A,Prefeitura Municipal de Araras,,Encerrado,,Manutenção da iluminação pública em LED no loteamento Jardim Vida Nova Araras
0023-22,Pacaembu Construtora S/A,SABESP - Itapetininga,,Encerrado,,Obras para Correção do Caimento da Rede de Esgoto.
0022-22,Pacaembu Construtora S/A,SAEE - São Carlos,,Encerrado,,Erosão no emissário São Carlos
1000867-82.2022.8.26.0073,Pacaembu Construtora S/A,Evandro de Oliveira,Segunda Instância,Arquivado,Cível,Vícios Construtivos
0021-22,Pacaembu Bauru - Empreendimento Imobiliário Ltda.,Tulio Cesar Ferreira Marmontel,,Encerrado,,Regularização dos pagamentos de ITBI e registro do contrato
0020-22,Pacaembu Bauru - Empreendimento Imobiliário Ltda.,Sandra Maria Ponce do Amaral,,Encerrado,,Regularização dos pagamentos de ITBI e registro do contrato
0019-22,Pacaembu Bauru - Empreendimento Imobiliário Ltda.,Lucas D'Avila Vidrih Ferreira,,Encerrado,,Regularização dos pagamentos de ITBI e registro do contrato.
0018-22,Pacaembu Bauru - Empreendimento Imobiliário Ltda.,João Pedro Vieira Colomare,,Encerrado,,Regularização dos pagamentos de ITBI e registro do contrato.
0017-22,Pacaembu Construtora S/A,Secretaria Municipal de Obras de Rio Preto,,Encerrado,,Solicitação para o reparo da erosão que está ao lado do poço de visita de drenagem no Residencial Fraternidade II
0010305-87.2022.5.15.0015,Pacaembu Construtora S/A,Marcelo Barbosa Cardoso,Primeira Instância,Encerrado,Trabalhista,
0016-22,Jardim Vida Nova Araras Empreendimento Imobiliário Ltda,Secretaria Municipal de Desenvolvimento Urbano e Obras Públicas (SMDUOP) de Araras/SP,,Encerrado,,"Notificações FU2022018959, FU2022018966, FU2022019027 e FU2022019043 – SMDUOP (Município de Araras). Necessidade de limpeza de 4 lotes em Jardim Vida Nova Araras."
0015-22,Pacaembu Construtora S/A,Câmara Municipal de Barretos,,Encerrado,,Solicitação de informações sobre o andamento da obra do Residencial Vida Nova Barretos IV
0014-22,Pacaembu Construtora S/A,Juliana Rodrigues de Carvalho,,Encerrado,,Reembolso dos Recursos Próprios
1000882-45.2022.8.26.0269,Pacaembu Construtora S/A,Allan Vinicius Rodrigues Machado Ribeiro,Primeira Instância,Arquivado,Cível,Ação Declaratória
0013-22,Pacaembu Construtora S/A,Procon Bauru,,Encerrado,,Divergência sobre o valor das parcelas referente a entrada do imóvel
0012-22,Pacaembu Presidente Prudente - Empreendimento Imobiliário Ltda.,Marciano Serviços e Apoio a Empresas S/S Ltda.,,Encerrado,,Furtos ocorridos em 20/10/2021 e de 30/12/2021 a 03/01/2022 em empreendimento cujo monitoramento é realizado e de responsabilidade da Notificada (CT/221E0014).
0011-22,Vida Nova Trindade - Empreendimento Imobiliário Ltda.,Marciano Serviços e Apoio a Empresas S/S Ltda.,,Encerrado,,Furtos ocorridos em 23/06/2021 e 28/07/2021 em empreendimento cujo monitoramento era realizado e de responsabilidade da Notificada (CT/286E0016 e boletins de medição até 11/08/2021)
0010-22,Vida Nova Itapetininga III - Empreendimento Imobiliário Ltda,R. A. Sousa Coelho Construções Ltda.,,Encerrado,,"Enquadramento incorreto nas notas emitidas pela Notificada (R. A. Sousa) perante à Prefeitura de Itapetininga/SP, com consequente multa dirigida à Notificante."
1000602-74.2022.8.26.0269,Pacaembu Construtora S/A,Allan Vinicius Rodrigues Machado Ribeiro,Primeira Instância,Arquivado,Cível,Ação Declaratória
0009-22,Pacaembu Construtora S/A,Procon Bauru,,Encerrado,,Conserto da porta da sala e o reembolso pelo dano ao rack
0008-22,Pacaembu Construtora S/A,Prefeitura Municipal de Ribeirão Preto,,Encerrado,,Falta de manutenção e limpeza em geral nas áreas verdes públicas e avenidas.
0007-22,Pacaembu Piracicaba Incorporadora Ltda.,SAMAE - Serviço Municipal de Água e Esgoto - Piracicaba/SP,,Encerrado,,Rompimento de rede pública de abastecimento de água
0006-22,Vida Nova Salto de Pirapora - Empreendimento Imobiliário Ltda.,RL Administração de Bens Eireli,,Encerrado,,Encerramento da locação por inadequação do imóvel locado ao fim pretendido pela Notificante (montagem de seu stand de vendas na cidade de Sorocaba/SP).
1500076-56.2022.8.26.0073,Pacaembu Construtora S/A,Prefeitura Municipal de Avaré,Primeira Instância,Arquivado,Tributário,Execução Fiscal - ISS
0005-22,Vida Nova Trindade - Empreendimento Imobiliário Ltda.,Alset Engenharia e Comércio Ltda.,,Encerrado,,"Denúncia de acomodações precárias feita por colaborador, o que motivou a vistoria e fiscalização por fiscal do Ministério do Trabalho."
0000596-93.2021.5.05.0030-7,Pacaembu Construtora S/A,Magno Dias Alves,Primeira Instância,Encerrado,Trabalhista,
0000596-93.2021.5.05.0030-6,Pacaembu Construtora S/A,Agenilton Santos de Oliveira,Primeira Instância,Encerrado,Trabalhista,
0000596-93.2021.5.05.0030-5,Pacaembu Construtora S/A,Juscelino Ribeiro dos Santos,Primeira Instância,Encerrado,Trabalhista,
0000596-93.2021.5.05.0030-4,Pacaembu Construtora S/A,Eduardo Oliveira de Andrade,Primeira Instância,Encerrado,Trabalhista,
0000596-93.2021.5.05.0030-3,Pacaembu Construtora S/A,Leandro Dia Santos,Primeira Instância,Encerrado,Trabalhista,
0000596-93.2021.5.05.0030-2,Pacaembu Construtora S/A,Jackson Santos de Jesus,Primeira Instância,Encerrado,Trabalhista,
0000596-93.2021.5.05.0030-1,Pacaembu Construtora S/A,Marcio Dias Alves Junior,Primeira Instância,Encerrado,Trabalhista,
0004-22,Vida Nova Ponta Grossa - Empreendimento Imobiliário Ltda.,Troia Construção Civil Ltda,,Encerrado,,Protesto Indevido
0016009-57.2022.5.16.0014,Pacaembu Construtora S/A,Laezio Porto Santos,Primeira Instância,Encerrado,Trabalhista,
0016008-72.2022.5.16.0014,Pacaembu Construtora S/A,Laecio Porto Santos,Primeira Instância,Encerrado,Trabalhista,
0016007-87.2022.5.16.0014,Pacaembu Construtora S/A,Ricardo Milhomem de Araujo,Primeira Instância,Encerrado,Trabalhista,
1000066-42.2022.8.26.0664,Pacaembu Construtora S/A,Ana Maria Pinheiro Neves,Primeira Instância,Arquivado,Cível,Danos Construtivos – Áreas externas (vizinhança/viela /obras públicas)
0003-22,Pacaembu Construtora S/A,Marcelo Tashiro de Souza,,Encerrado,,Recusa do recebimento das chaves e distrato do contrato
0002-22,Pacaembu Construtora S/A,Superintendencia de Água e Esgoto e Meio Ambiente de Votuporanga,,Encerrado,,Cobrança de débitos do Empreendimento Vida Nova Votuporanga II
0001-22,Pacaembu Construtora S/A,Prefeitura do Município de Araras,,Encerrado,,Entrega da documentação para conclusão do TAC.
1504061-84.2021.8.26.0132,Gold Land Empreendimentos Imobiliários Ltda,Prefeitura do Município de Catanduva,Primeira Instância,Ativo,Cível,Execução Fiscal
0114-21,Pacaembu Bauru - Empreendimento Imobiliário Ltda.,Procon Bauru,,Encerrado,,Conserto das portas externas da cozinha e sala
0011924-97.2021.5.15.0076,Pacaembu Construtora S/A,Ronaldo Rogério Junior,Primeira Instância,Ativo,Trabalhista,
0011928-37.2021.5.15.0076,Pacaembu Construtora S/A,Lucas Francisco Souza,Primeira Instância,Ativo,Trabalhista,
0011915-38.2021.5.15.0076,Pacaembu Construtora S/A,Carlos Eduardo Ferreira de Jesus,Primeira Instância,Ativo,Trabalhista,
0012016-64.2021.5.15.0015,Pacaembu Construtora S/A,Vimerson Jose do Nascimento,Primeira Instância,Encerrado,Trabalhista,
0011470-39.2021.5.15.0005,Pacaembu Construtora S/A,Marcos Alexandre Raniere da Silva,Primeira Instância,Encerrado,Trabalhista,
0113-21,Imobiliária J. A. J. Ltda,CETESB - Companhia Ambiental do Estado de São Paulo,,Encerrado,,Cumprimento de TCRA
0112-21,Pacaembu Construtora S/A,Prefeitura de Votuporanga,,Encerrado,,Reparo em rede de água pluviais e asfalto
1011449-60.2021.8.26.0079,Vida Nova Botucatu - Empreendimento Imobiliário Ltda.,João Orisvaldo Putti,Primeira Instância,Arquivado,Cível,Ação Declaratória
0111-21,Gold Land Empreendimentos Imobiliários Ltda,Prefeitura do Município de Catanduva,,Encerrado,,Auto de Infração e Imposição de Multa n° 179/2021
0110-21,Gold Land Empreendimentos Imobiliários Ltda,Prefeitura do Município de Catanduva,,Encerrado,,Auto de Infração e Imposição de Multa n° 180/2021
0109-21,Vida Nova Botucatu - Empreendimento Imobiliário Ltda.,Bruno & Bruno Serviços e Apoio a Empresas Ltda - ME,,Encerrado,,"Furto ocorrido em 01/06/2021 em empreendimento cujo monitoramento é realizado e de responsabilidade da Notificada, CT/226E0034"
0000596-93.2021.5.05.0030,Pacaembu Construtora S/A,Marcio Dias Alves e Outros (7),Primeira Instância,Encerrado,Trabalhista,
0017110-84.2021.5.16.0008,Pacaembu Construtora S/A,Antonio Gilvan da Silva da Conceição,Primeira Instância,Encerrado,Trabalhista,
0108-21,Pacaembu Construtora S/A,DAE - Departamento de Água e Esgoto de Bauru,,Encerrado,,Cobrança do valor de contribuição do Fundo de Tratamento de Esgoto
0001205-92.2021.5.22.0001,Pacaembu Construtora S/A,Amauri Nunes da Silva,Primeira Instância,Encerrado,Trabalhista,
0001206-77.2021.5.22.0001,Pacaembu Construtora S/A,Pablo Braga Bispo,Primeira Instância,Encerrado,Trabalhista,
0107-21,Pacaembu Construtora S/A,Procon Presidente Prudente,,Encerrado,,Renegociação da dívida
1035245-60.2021.8.26.0506,Poá Empreendimento Imobiliário Ltda,Jéssica Monaliza de Souza,Primeira Instância,Arquivado,Cível,Alienação Fiduciária
0106-21,Pacaembu Construtora S/A,Aref Benyammine El Adass,,Encerrado,,Instrumento Particular de Opção de Compra de Área com Condições Precedentes OPC nº 04-00/17. Devolução integral à Notificante do valor antecipado aos Notificados.
0105-21,Pacaembu Construtora S/A,Roberto Hilvo Giovani Purini,,Encerrado,,Instrumento Particular de Opção de Compra de Área com Condições Precedentes OPC nº 05-00/17. Devolução integral à Notificante do valor antecipado aos Notificados.
0017109-02.2021.5.16.0008,Pacaembu Construtora S/A,Antonio Gilvan da Silva da Conceição,Primeira Instância,Encerrado,Trabalhista,
5023648-97.2021.4.03.6100,Gold Land Empreendimentos Imobiliários Ltda,Extrativa de Argila Taubaté Ltda.,Primeira Instância,Arquivado - não Pacaembu,Cível,Produção Antecipada de Provas
0103-21,Pacaembu Construtora S/A,Condomínio Residencial Vida Nova Franca Iv,,Encerrado,,Esclarecimentos sobre a cobrança da taxa de evolução de obra referente ao mês de novembro de 2021.
1061064-80.2021.8.26.0576,Pacaembu Construtora S/A,Genivaldo Ribeiro,Primeira Instância,Arquivado,Cível,Obrigação de Fazer / Não Fazer
0104-21,Pacaembu Construtora S/A,Silvio Eduardo Ferreira de Souza,,Encerrado,,Venda de lotes já Reservados
14.1149.0000002/2020-1,Pacaembu Construtora S/A,Promotoria de Ribeirão Preto,,Ativo,Inquérito Civil,Contrapartida não cumprida – Construção de CEIs
0102-21,Vida Nova Botucatu - Empreendimento Imobiliário Ltda.,Carlicélio Gomes Ribeiro,,Encerrado,,Solicitação para Distrato e Restituição das parcelas pagas
1009092-09.2021.8.26.0047,Pacaembu Construtora S/A,Paulo Roberto Tomaz Junior,Primeira Instância,Arquivado,Cível,Vícios Construtivos
1043906-28.2021.8.26.0506,Pacaembu Construtora S/A,Secretário da Fazenda do Município de Ribeirão Preto,Primeira Instância,Arquivado,Tributário,Suspensão da Exigibilidade
0011616-43.2021.5.15.0082,Pacaembu Construtora S/A,Bruna Vera Koch,Primeira Instância,Encerrado,Trabalhista,
1009558-16.2021.8.26.0269,Pacaembu Construtora S/A,Juliane Cristina Pinto,Primeira Instância,Arquivado,Cível,Indenização por Dano Material e Dano Moral
0011639-07.2021.5.15.0076,Pacaembu Construtora S/A,Marcelo Adriano Porto,Primeira Instância,Ativo,Trabalhista,
0011721-27.2021.5.15.0015,Pacaembu Construtora S/A,Geraldo Cardoso Filho,Primeira Instância,Encerrado,Trabalhista,
0031365-05.2019.8.26.0100,Pacaembu Construtora S/A,Icmm Participações e Empreendimentos Imobiliários ltda,Primeira Instância,Ativo - não Pacaembu,Cível,Ação de Rescisão Contratual
0101-21,Pacaembu Bauru - Empreendimento Imobiliário Ltda.,Gulo & Pinhaneli Construções Rio Preto Ltda.,,Encerrado,,Ausência da apresentação da documentação trabalhista dos Colaboradores
0100-21,Pacaembu Piracicaba Incorporadora Ltda.,Gulo & Pinhaneli Construções Rio Preto Ltda.,,Encerrado,,Ausência da apresentação da documentação trabalhista dos Colaboradores
0010197-76.2021.8.26.0196,Pacaembu Construtora S/A,Edvania Costa de Souza,Primeira Instância,Arquivado,Cível,Cumprimento de sentença
0099-21,Pacaembu Construtora S/A,Teju Participações Ltda.,,Encerrado,,Devolução do imóvel
0011520-45.2021.5.15.0044,Pacaembu Construtora S/A,Jailson Rodrigues Siqueira,,Encerrado,Trabalhista,
0011302-98.2021.5.15.0017,Pacaembu Construtora S/A,Edmilson Rosa Tavares,,Encerrado,Trabalhista,
0011087-95.2021.5.15.0026,Pacaembu Construtora S/A,Viviane dos Santos Epifanio,,Ativo,Trabalhista,
0011829-26.2021.5.15.0025,Pacaembu Construtora S/A,Lucas Lopes de Jesus,,Encerrado,Trabalhista,
0011082-21.2021.5.15.0011,Pacaembu Construtora S/A,Adair Wilson Magro Neto,Primeira Instância,Encerrado,Trabalhista,
0011052-83.2021.5.15.0011,Pacaembu Construtora S/A,Wellington Renato Domingues,Primeira Instância,Encerrado,Trabalhista,
0010957-97.2021.5.18.0131,Pacaembu Construtora S/A,Jose Luiz de Oliveira,Primeira Instância,Encerrado,Trabalhista,
0092-21,Pacaembu Presidente Prudente - Empreendimento Imobiliário Ltda.,Radi Construções Eireli,,Encerrado,,"Prejuízos ocasionados pelas tempestades às Notificantes em seus canteiros de obras. Vigência dos Contratos de Empreitada Global CT/221E0020 e CT/294E0014, pactuados entre as Notificantes e a Notificada."
1006876-90.2021.8.26.0624,Vida Nova Tatuí III Empreendimento Imobiliário Ltda.,Elisabete Cresciulo,Segunda Instância,Ativo,Cível,Alienação Fiduciária
0096-21,Pacaembu Construtora S/A,Daniele Mantovani Gonçalves,,Encerrado,,Reclamação de trincas e fissuras de imóvel em residencial vizinho
0094-21,Pacaembu Construtora S/A,Secretaria Municipal de Obras de Rio Preto,,Encerrado,,Vicios Construtivos
0091-21,Pacaembu Construtora S/A,Reginaldo Penezi,,Encerrado,,Cobrança de Comissão de Corretagem
0000900-07.2021.5.09.0863,Pacaembu Construtora S/A,Silvana Aparecida Inocencio Andrade,Primeira Instância,Encerrado,Trabalhista,
0093-21,Vida Nova Londrina - Empreendimento Imobiliário Ltda.,VITORIA ALESSANDRA BRANDAO DO NASCIMENTO,,Encerrado,,Distrato e Devolução de Valores
0090-21,Poá Empreendimento Imobiliário Ltda,Andson Pereira de Lima,,Encerrado,,Inadimplemento Contratual
0011489-26.2021.5.15.0076,Pacaembu Construtora S/A,João dos Reis Guiraldelli,Primeira Instância,Ativo,Trabalhista,
0010716-82.2021.5.15.0107,Pacaembu Construtora S/A,Cleber Pedrosa da Silva,Primeira Instância,Encerrado,Trabalhista,
0010720-22.2021.5.15.0107,Pacaembu Construtora S/A,Julio Cesar Flavio,Primeira Instância,Encerrado,Trabalhista,
0011382-78.2021.5.15.0044,Pacaembu Construtora S/A,Jefferson França de Freitas,Primeira Instância,Encerrado,Trabalhista,
0089-21,Vida Nova Londrina - Empreendimento Imobiliário Ltda.,CARLOS EDUARDO MARGI,,Encerrado,,Falta de higiene na conservação e preparo dos alimentos fornecidos à obra.
1031137-85.2021.8.26.0506,Pacaembu Construtora S/A,Maria Helena de Souza Chadderton,Primeira Instância,Arquivado,Cível,Indenização por Danos Morais
0017926-80.2021.8.26.0576,Pacaembu Construtora S/A,Alan Amorim de Souza,Primeira Instância,Arquivado,Cível,Indenização por Danos Morais
0017929-35.2021.8.26.0576,Pacaembu Construtora S/A,Wesley Garuzi,Primeira Instância,Arquivado,Cível,Indenização por Danos Morais e Materiais
02/2016/41086-6,Pacaembu Construtora S/A,Prefeitura Municipal de Ribeirão Preto,,Arquivado,Cível Administrativo,
0010977-90.2021.5.15.0028,Pacaembu Construtora S/A,Andre Luis Daltin,,Ativo,Trabalhista,
5004590-56.2021.4.03.6182,Potencial Empreendimentos Ltda.,Conselho Regional de Engenharia e Agronomia do Estado de São Paulo,Primeira Instância,Ativo,Cível,Execução Fiscal
0011004-79.2021.5.15.0026,Pacaembu Construtora S/A,Viviane dos Santos Epifanio,Primeira Instância,Encerrado,Trabalhista,
1506357-25.2021.8.26.0344,Gold Land Empreendimentos Imobiliários Ltda,Prefeitura Municipal de Marília,Primeira Instância,Arquivado - não Pacaembu,Cível,Execução Fiscal
0011167-28.2021.5.15.0004,Pacaembu Construtora S/A,Nivaldo Ribeiro de Souza Sobrinho,Primeira Instância,Encerrado,Trabalhista,
0088-21,Pacaembu Construtora S/A,Dae Bauru,,Encerrado,,Multa por falta de análise bacteriológica da água de poço
1506356-40.2021.8.26.0344,Gold Land Empreendimentos Imobiliários Ltda,Prefeitura Municipal de Marília,Primeira Instância,Ativo,Cível,Execução Fiscal
104.631/2021,Pacaembu Bauru Empreendimento ImobiliÃ¡rio Ltda. (criar nova pessoa jurÃ­dica),Departamento de Arrecadação Tributária do Município de Bauru,,Ativo,Cível Administrativo,Impugnação de Tributos Lançados (ISS)
0055-21,Pacaembu Construtora S/A,Sabesp Presidente Prudente,,Encerrado,,Reparos da erosão no Parque do Povo
0016934-22.2021.8.26.0576,Pacaembu Construtora S/A,João Martinez Sanches,Primeira Instância,Arquivado,Cível,Cumprimento de sentença
0016926-45.2021.8.26.0576,Pacaembu Construtora S/A,Eduardo Ismael Tortorello S J Rio Preto - ME,Primeira Instância,Arquivado,Cível,Cumprimento de sentença
0087-21,Pacaembu Presidente Prudente - Empreendimento Imobiliário Ltda.,Marciano Serviços e Apoio a Empresas S/S Ltda.,,Cancelado,,"Furto ocorrido em 17/09/2021 em empreendimento cujo monitoramento é realizado e de responsabilidade da Notificada, CT/221E0014."
0083-21,Pacaembu São José do Rio Preto,Marciano Serviços e Apoio a Empresas S/S Ltda.,,Encerrado,,"Furtos ocorridos de julho/2021 a setembro/2021 em empreendimento cujo monitoramento é realizado e de responsabilidade da Notificada, CT/239E0006"
0086-21,Vida Nova Londrina - Empreendimento Imobiliário Ltda.,Enflar Assistência de Enfermagem Domiciliar Ltda,,Encerrado,,Funcionário não integrado no canteiro
1505878-32.2021.8.26.0344,Potencial Empreendimentos Ltda.,Prefeitura Municipal de Marília,Primeira Instância,Ativo,Cível,Execução Fiscal - IPTU
1003440-03.2021.8.26.0664,Pacaembu Construtora S/A,Amanda Carla Garcia Souza,Primeira Instância,Arquivado,Cível,Ação de extinção de condominio
0082-21,Pacaembu Bauru - Empreendimento Imobiliário Ltda.,Gulo & Pinhaneli Construções Rio Preto Ltda.,,Encerrado,,Apresentação de exames falsos
0084-21,Vida Nova Londrina - Empreendimento Imobiliário Ltda.,CARLOS EDUARDO MARGI,,Encerrado,,Funcionário não integrado à obra
0085-21,Pacaembu Construtora S/A,Sabesp - Assis,,Encerrado,,Afundamento na canaleta do asfalto da Av. Dom Antonio - Assis
0017108-17.2021.5.16.0008,Pacaembu Construtora S/A,Antonio Gilvan da Silva da Conceição,Primeira Instância,Encerrado,Trabalhista,
0079-21,Vida Nova Tatuí III Empreendimento Imobiliário Ltda.,L2j Solucoes Tecnologicas ltda,,Encerrado,,Retenção Contratual/Devolução dos valores retidos.
0080-21,Vida Nova Araras Empreendimento Imobiliário Ltda.,Secretaria Municipal de Desenvolvimento Urbano e Obras Públicas (smduop) do Município de Araras/sp,,Encerrado,,Recalque da pavimentação asfáltica da Estrada Municipal José Estevam Zurita provocado pelas instalações das redes de água e esgoto do empreendimento que o interligam ao sistema público.
0078-21,Pacaembu Construtora S/A,Replan Saneamento e Obras ltda,,Encerrado,,Descumprimento Contratual
0070-21,Pacaembu Presidente Prudente - Empreendimento Imobiliário Ltda.,One7 Securitizadora de Créditos Comerciais S.a.,,Encerrado,,Descumprimento Contratual
0063-21,Pacaembu São José do Rio Preto - Empreendimento Imobiliário Ltda.,Gos Incorporadora e Administradora de Obras ltda,,Encerrado,,Descumprimento Contratual
0062-21,Pacaembu Piracicaba Incorporadora Ltda.,L.C.F. da Silva Serviços de Limpeza e Portaria EPP,,Encerrado,,Descumprimento Contratual
0060-21,Pacaembu Construtora S/A,Isabella Zampieri,,Encerrado,,Venda Ilegal de unidades no empreendimento Vida Nova Catanduva 3
0059-21,Vida Nova Trindade Empreendimento Imobiliário ltda,Cematel Comercial Elétrica Eireli,,Cancelado,,Desistência de compra manifestada em tempo hábil
0058-21,Vida Nova Barretos III - Empreendimento Imobiliário Ltda.,Plantae Reflorestamento ltda,,Encerrado,,Descumprimento Contratual
0057-21,Pacaembu Piracicaba Incorporadora Ltda.,Jrr Factory Fomento Mercantil ltda,,Encerrado,,Irregularidade na cessão de crédito
0054-21,Vida Nova Dignidade 2 Empreendimento Imobiliário ltda,"Cavalari Engenharia, Topografia e Comercio ltda",,Encerrado,,Descumprimento contratual
0048-21,Vida Nova Barretos IV - Empreendimento Imobiliário Ltda.,Tm Refeições Coletivas Eireli,,Encerrado,,Descumprimento contratual
0046-21,Vida Nova Tatuí III Empreendimento Imobiliário Ltda.,Boss Prestação de Serviços e Portaria Limita me,,Encerrado,,Necessidade de emissão de nota fiscal para pagamento do valor devido
0037-21,Vida Nova Itapetininga III - Empreendimento Imobiliário Ltda,R. Ferreira Padrões Elétricos Ltda (Emsole),,Encerrado,,Risco iminente de contaminação no canteiro de obra por presença de colaborar positivado para COVID 19
0036-21,Vida Nova Itapetininga III - Empreendimento Imobiliário Ltda,Sibrape Fundações e Construções ltda,,Encerrado,,Risco iminente de contaminação no canteiro de obra por presença de colaborar positivado para COVID 19
0026-21,Pacaembu São José do Rio Preto,Gos Incorporadora e Administradora de Obras,,Encerrado,,Descumprimento Contratual
0023-21,Pacaembu Construtora S/A,Rodney Lopes dos Santos & Cia Ltda.,,Encerrado,,Descumprimento Contratual
0021-21,Pacaembu Construtora S/A,Abrão Chaihe Zimberg,,Encerrado,,Informar a resilição do contrato de locação do 7º da Sabará
0020-21,Pacaembu Construtora S/A,Smc Empreendimentos Imobiliários ltda,,Encerrado,,Informar a resilição do contrato de locação do 12º da Sabará
0019-21,Pacaembu Construtora S/A,Maria José Volpe Arouca,,Encerrado,,Informar a resilição do contrato de locação do 20º da Sabará
0018-21,Pacaembu Construtora S/A,Salman Administradora e Participações ltda,,Encerrado,,Informar a resilição do contrato de locação do 13º da Sabará
0081-21,Pacaembu Construtora S/A,Luiz Carlos Ferraz,,Encerrado,,Pagamento de Comissão de Corretagem
0008321-86.2021.8.26.0196,Pacaembu Construtora S/A,ANA FLÁVIA APARECIDA SOUSA,Primeira Instância,Arquivado,Cível,Indenização por Danos Morais
1014963-36.2020.8.26.0344,Imobiliária Rio Branco ltda,Ricardo Cadasquevis dos Santos,Primeira Instância,Arquivado - não Pacaembu,Cível,Usucapião
0077-21,Pacaembu Construtora S/A,Secretaria de Obras de SJRP,,Encerrado,,Problemas no pavimento sobre a rede de drenagem
0076-21,Pacaembu Construtora S/A,Câmara Municipal de Botucatu,,Encerrado,,Construção de Muros de Arrimo em Lotes Comercializados Pacaembu
0075-21,Vida Nova Araras – Empreendimento Imobiliário Ltda,Cardo Instaladora Elétrica Ltda..,,Encerrado,,"Notificação recebida do Município de Araras/SP, referente a pontos de iluminação danificados na iluminação pública do loteamento denominado “Jardim Vida Nova Araras”, da Notificante, em desrespeito à Lei de Parcelamento de Solo do Município (Lei Complementar nº 3.902/2006). Prestação de Serviços realizada pela Notificada, vide CT/265E0048"
1022657-78.2021.8.26.0196,Pacaembu Construtora S/A,Jackson Luiz da Silva,Primeira Instância,Arquivado,Cível,Indenização por Danos Morais e Materiais
0066-21,Pacaembu Presidente Prudente - Empreendimento Imobiliário Ltda.,Fundo de Investimentos em Direitos Creditórios Multissetorial Hope LP,,Encerrado,,Irregularidade na cessão de crédito envolvendo a notificada como cessionária
0067-21,Pacaembu Presidente Prudente - Empreendimento Imobiliário Ltda.,Eco Partners Industria e Comércio ltda,,Encerrado,,Irregularidade na cessão de crédito envolvendo a notificada como cedente
0069-21,Pacaembu Presidente Prudente - Empreendimento Imobiliário Ltda.,Multi Recebíveis II Fundo de Investimento em Direitos Creditórios,,Encerrado,,Irregularidade na cessão de crédito envolvendo a notificada como cessessionaria
0068-21,Pacaembu Presidente Prudente - Empreendimento Imobiliário Ltda.,New Trade Fundo de Investimento em Direitos Creditórios Não Padronizados Multissetorial,,Encerrado,,Irregularidade na cessão de crédito envolvendo a notificada como cessessionaria
0071-21,Pacaembu Presidente Prudente - Empreendimento Imobiliário Ltda.,Brendhalimp Serviços de Limpeza e Portaria Eireli,,Encerrado,,Descumpimento do contrato quanto à manutenção dos postos de limpeza com no mínimo 01 funcionário
0074-21,Jardim Vida Nova Araras Empreendimento Imobiliário Ltda,Aracons Construtora Ltda..,,Encerrado,,"Notificação recebida do Município de Araras/SP, referente a Recalque da pavimentação asfáltica da Estrada Municipal José Estevam Zurita provocado pelas instalações das redes de água e esgoto do empreendimento que o interligam ao sistema público. Prestação de Serviços realizada pela Notificada, vide CT/265E0043."
0073-21,Pacaembu Construtora S/A,Renata de Cássia dos Santos,,Encerrado,,Reparos em residência vizinha ao empreendimento Catanduva
0072-21,Pacaembu Construtora S/A,Secretaria de Obras de Araras,,Encerrado,,Recalque da pavimentação asfáltica na Estrada Municipal José Estevam Zurita
0056-21,Pacaembu Construtora S/A,SAAE Barretos,,Encerrado,,Rompimento da rede interna do centro de reservação.
0009173-87.2020.8.26.0506,Pacaembu Construtora S/A,Espólio de Quintino Facci,Primeira Instância,Arquivado,Cível,Cumprimento de Sentença
1032425-25.2021.8.26.0100,Pacaembu Construtora S/A,Rossana Gisanti Cid,Primeira Instância,Arquivado,Cível,Embargos de Terceiro
0024389-11.2021.8.26.0100,Pacaembu Construtora S/A,Luciane Cristine Lopes,Primeira Instância,Arquivado,Cível,Cumprimento de Sentença
0061-21,Pacaembu Construtora S/A,Secretaria Municipal de Obras - SJRP,,Encerrado,,Problemas no pavimento sobre a rede de drenagem
1005954-26.2021.8.26.0664,Pacaembu Construtora S/A,Jonas Bruno Cursi de Caires,Segunda Instância,Arquivado,Cível,Vícios Construtivos
1010067-47.2020.8.26.0344,Imobiliária Rio Branco ltda,Prefeitura Municipal de Marília,Primeira Instância,Ativo,Cível,Embargos à execução
0010574-51.2021.5.15.0116,Pacaembu Construtora S/A,Diana Eduarda Vitoria Almeida de Andrade,Primeira Instância,Encerrado,Trabalhista,
1001012-82.2021.5.02.0012,Pacaembu Construtora S/A,Arthur Henrique Penteado Lunardi,Primeira Instância,Encerrado,Trabalhista,
1004450-20.2021.8.26.0038,Jardim Vida Nova Araras Empreendimento Imobiliário Ltda,Ariane Germano de Jesus,Primeira Instância,Arquivado,Cível,Taxa de Obra
1016846-27.2021.8.26.0071,Pacaembu Construtora S/A,Carlos Augusto Costa,Primeira Instância,Arquivado,Cível,Ação Declaratória
5001817-24.2022.4.03.6337,Pacaembu Construtora S/A,Vanderson da Silva Melo,Primeira Instância,Ativo,Cível,Indenização por Danos Morais
1005050-06.2021.8.26.0664,Pacaembu Construtora S/A,César Vitor Freire de Melo,Segunda Instância,Arquivado,Cível,Indenização por Danos Morais e Materiais
0011086-46.2021.5.15.0015,Pacaembu Construtora S/A,José da Penha Ribeiro Lopes,Primeira Instância,Ativo,Trabalhista,
0005171-40.2021.8.26.0506,Pacaembu Construtora S/A,DAERP - Departamento de Água e Esgoto de Ribeirão Preto,Primeira Instância,Arquivado,Cível,Expedição de RVP
0004785-81.2014.8.26.0400,Pacaembu Construtora S/A,MC Construtora e Topografia LTDA,Segunda Instância,Arquivado,Cível,Ação de Rescisão Contratual
1010492-30.2014.8.26.0071,Pacaembu Construtora S/A,MC Construtora e Topografia LTDA,Primeira Instância,Arquivado,Cível,Sustação de Protesto
0043538-61.2019.8.26.0100,Haus Compra e Venda de Bens Imóveis Ltda.,Fernando Pinheinho Dias CPF 07936256610,Primeira Instância,Suspenso,Cível,Cumprimento de sentença
0028984-56.2016.8.26.0576,Haus Compra e Venda de Bens Imóveis Ltda.,O L G S Empreiteira Rio Preto Ltda,Primeira Instância,Suspenso,Cível,Ação de Cobrança
1021956-60.2021.8.26.0506,Pacaembu Construtora S/A,Ana Claudia Cristina Coutinho,Primeira Instância,Arquivado,Cível,Ação de Rescisão Contratual
1021889-95.2021.8.26.0506,Pacaembu Construtora S/A,Fabio Cristofoli,Primeira Instância,Ativo,Cível,Alienação Fiduciária
0001108-08.2017.5.13.0026,"Beach Shoes Comércio, Importação, Exportação e Franquia de Calçados e Bolsas Ltda. - EPP",Luciano Batista Dutra,Primeira Instância,Ativo,Trabalhista,
1004418-77.2021.8.26.0664,Pacaembu Construtora S/A,Ana Maria Pinheiro Neves,Primeira Instância,Arquivado,Cível,Danos Construtivos – Áreas Privativas
1001911-79.2021.8.26.0071,Pacaembu Construtora S/A,Olival Tavares de Souza Filho,Primeira Instância,Arquivado,Cível,
1001323-55.2021.8.26.0400,Pacaembu Loteadora – Olímpia IV Ltda.,Lucas Fossalussa Lisse,Primeira Instância,Arquivado,Cível,Ação de Rescisão Contratual - Alienação Fiduciária
14.0716.0006506/2019,Padre Nobrega Empreendimentos Imobiliários SPE Ltda.,Promotoria de Justiça de Marília,,Ativo,Inquérito Civil,Inquérito Civil
14.0201.0001560-2015,Pacaembu Construtora S/A,Câmara de vereadores de Avaré,,Arquivado,Inquérito Civil,Obra Mario Emilio em Avaré
0010635-52.2021.5.15.0134,Pacaembu Construtora S/A,Igor da Silva Amaral,Primeira Instância,Encerrado,Trabalhista,
0000239-57.2021.4.03.6334,Pacaembu Construtora S/A,Marcos Paulo de Oliveira,Primeira Instância,Ativo,Cível,Vícios Construtivos
0010685-81.2021.5.15.0133,Pacaembu Construtora S/A,José Silva de Jesus,Primeira Instância,Encerrado,Trabalhista,
1003708-78.2021.8.26.0269,Pacaembu Construtora S/A,Vera Lucia de Sousa Faustino,Segunda Instância,Arquivado,Cível,Negativação indevida
1008116-64.2021.8.26.0576,Pacaembu São José do Rio Preto - Empreendimento Imobiliário Ltda.,Stefane Paedra Pedroso Lima,Primeira Instância,Arquivado,Cível,Inclusão Indevida em Cadastro de Inadimplentes
0010603-16.2021.5.15.0015,Pacaembu Construtora S/A,Jose Aparecido Ferreira,Primeira Instância,Ativo,Trabalhista,
0001138-55.2017.5.13.0022,"Beach Shoes Comércio, Importação, Exportação e Franquia de Calçados e Bolsas Ltda. - EPP",Rosinalva Leôncio de Lima,Primeira Instância,Ativo,Trabalhista,
0010494-71.2021.5.15.0089,Pacaembu Construtora S/A,SINTRACON/SP,Primeira Instância,Encerrado,Trabalhista,
0010559-08.2021.5.15.0076,Pacaembu Construtora S/A,Nairan de Jesus Almeida,Primeira Instância,Encerrado,Trabalhista,
0010571-22.2021.5.15.0076,Pacaembu Construtora S/A,Cesar Augusto Barbosa de Oliveira,Primeira Instância,Encerrado,Trabalhista,
5006405-47.2020.4.03.6110,Pacaembu Construtora S/A,Damares Vitoria Matias de Campos,Primeira Instância,Arquivado,Cível,Obrigação de Fazer / Não Fazer
0010432-72.2021.5.18.0016,Pacaembu Construtora S/A,Daniel Pereira Rosa,Primeira Instância,Encerrado,Trabalhista,
0000401-15.2021.5.22.0005,Pacaembu Construtora S/A,Antonio Carlos da Silva Veras,Primeira Instância,Encerrado,Trabalhista,
1000446-09.2021.5.02.0603,Pacaembu Construtora S/A,Fabiano Luis da Silva,Primeira Instância,Encerrado,Trabalhista,
0010294-29.2021.5.15.0133,Pacaembu Construtora S/A,Alexandre Belarmino Fernades,Primeira Instância,Encerrado,Trabalhista,
0010207-54.2021.5.15.0107,Pacaembu Construtora S/A,Juarez Cândido Bastos,Primeira Instância,Ativo,Trabalhista,
0010444-18.2021.5.15.0001,Pacaembu Construtora S/A,Rodrigo Coelho Ferreira,Primeira Instância,Encerrado,Trabalhista,
0011174-33.2020.5.15.0011,Pacaembu Construtora S/A,André Luiz de Oliveira,Primeira Instância,Ativo,Trabalhista,
0000233-19.2021.5.06.0341,Pacaembu Construtora S/A,Rivaldo Felix Sobinho,Primeira Instância,Encerrado,Trabalhista,
0010247-86.2021.5.15.0058,Pacaembu Construtora S/A,Rosane Maria de Oliveira (Espolio de Ricardo Guessi),Primeira Instância,Encerrado,Trabalhista,
1006577-80.2021.8.26.0344,Pacaembu Construtora S/A,CETESB - Companhia Ambiental do Estado de São Paulo,Primeira Instância,Arquivado,Cível,Ação Declaratória
1011940-07.2021.8.26.0196,Pacaembu Construtora S/A,Edvania Costa de Souza,Primeira Instância,Arquivado,Cível,Ação Declaratória
1044733-57.2020.8.26.0576,Pacaembu Construtora S/A,Jeane Pedretti,Primeira Instância,Arquivado,Cível,Danos Construtivos – Áreas Privativas
0000092-88.2021.5.22.0006,Pacaembu Construtora S/A,Antonio Claudio Silva,Primeira Instância,Encerrado,Trabalhista,
0010519-26.2021.5.15.0076,Pacaembu Construtora S/A,Gregory Oliveira da Cruz,Primeira Instância,Ativo,Trabalhista,
1501597-33.2021.8.26.0344,Gold Land Empreendimentos Imobiliários Ltda,Prefeitura Municipal Marilia,Primeira Instância,Ativo,Cível,Execução Fiscal - IPTU
0000010-57.2021.5.22.0006,Pacaembu Construtora S/A,Leonardo de Oliveira Domingues,Primeira Instância,Encerrado,Trabalhista,
0002786-88.2020.4.03.6307,Pacaembu Construtora S/A,Genivaldo Cardoso da Silva Santos,Primeira Instância,Arquivado,Cível,Vícios Construtivos
0010384-03.2021.5.15.0015,Pacaembu Construtora S/A,Fabio de Almeida Chamorro,Primeira Instância,Ativo,Trabalhista,
0010238-63.2021.5.15.0046,Pacaembu Construtora S/A,Elcio Garcia Martins Filho,Primeira Instância,Encerrado,Trabalhista,
0010277-44.2021.5.15.0116,Pacaembu Construtora S/A,Matheus de Barros Florencio,Primeira Instância,Encerrado,Trabalhista,
0010215-10.2021.5.15.0017,Pacaembu Construtora S/A,Alan Henrique da Silva,Primeira Instância,Encerrado,Trabalhista,
0011735-12.2020.5.15.0026,Pacaembu Construtora S/A,Carlos Aparecido Martins,Primeira Instância,Encerrado,Trabalhista,
0011555-23.2020.5.15.0017,Pacaembu Construtora S/A,Cicero Jose Rocha,Primeira Instância,Encerrado,Trabalhista,
0000023-80.2021.4.03.6307,Pacaembu Construtora S/A,Gilberto Nascimento Fermino,Segunda Instância,Arquivado,Cível,Vícios Construtivos
1001968-64.2021.8.26.0664,Pacaembu Construtora S/A,Carlos Augusto Xavier Rosa,Primeira Instância,Arquivado,Cível,Danos Construtivos – Áreas Privativas
1005721-62.2021.8.26.0071,Pacaembu Construtora S/A,Adrielle Fernanda Fernandes da Silva,Primeira Instância,Arquivado,Cível,Indenização por Danos Morais e Materiais
1001844-81.2021.8.26.0664,Pacaembu Construtora S/A,Bruna Regina Bianchini Roveda,Primeira Instância,Arquivado,Cível,Danos Construtivos – Áreas Privativas
0003230-67.2020.4.03.6325,Pacaembu Construtora S/A,Jonas Victor dos Santos Araujo,Primeira Instância,Arquivado,Cível,Indenização por Danos Morais
0000001-98.2021.5.22.0005,Pacaembu Construtora S/A,Reginaldo Vieira de Aguiar Junior,Primeira Instância,Encerrado,Trabalhista,
1006917-07.2021.8.26.0576,Pacaembu Construtora S/A,Prefeitura de São José do Rio Preto,Primeira Instância,Encerrado,Cível,"Mandado de Segurança Contra Ato Coator Praticado Pelo Sr. Israel Cestari Junior (Secretário De Planejamento Estratégico, Ciência, Tecnologia E Inovação) da Prefeitura de São José do Rio Preto"
0000010-66.2021.5.22.0003,Pacaembu Construtora S/A,Leonardo de Oliveira Domingues,Primeira Instância,Encerrado,Trabalhista,
14.0474.0030071/2020-1,Pacaembu Construtora S/A,Promotoria de Justiça Votuporanga,,Arquivado,Inquérito Civil,Defeitos na Obra - Vícios Construtivos
14.0739.0014313/2020,Pacaembu Construtora S/A,Promotoria de Justiça de Bebedouro,,Arquivado,Inquérito Civil,Defeitos na Obra - Vícios Construtivos
0010259-63.2020.5.15.0017,Pacaembu Construtora S/A,Thais Fernanda de Carvalho,Primeira Instância,Encerrado,Trabalhista,
1007744-79.2020.8.26.0664,Pacaembu Construtora S/A,Paola Iury Guarnieri,Primeira Instância,Arquivado,Cível,Indenização Danos Morais
0000002-86.2021.5.22.0004,Pacaembu Construtora S/A,Reginaldo Vieira de Aguiar Junior,Primeira Instância,Encerrado,Trabalhista,
0001739-58.2020.5.22.0102,Pacaembu Construtora S/A,Ariel de Jesus dos Santos Silva,Primeira Instância,Encerrado,Trabalhista,
1000670-63.2020.5.02.0317,Jeferson Marcelo Machado,Thiago Jesus Mingguci,Primeira Instância,Ativo,Trabalhista,
1000672-18.2020.5.02.0322,Jeferson Marcelo Machado,Thais do Carmo,,Ativo,Trabalhista,
0012073-30.2020.5.15.0076,Pacaembu Construtora S/A,Ivo Donizetti do Vale,Primeira Instância,Encerrado,Trabalhista,
0012142-62.2020.5.15.0076,Pacaembu Construtora S/A,Mateus de Paula Xavier,Primeira Instância,Ativo,Trabalhista,
0012069-79.2020.5.15.0015,Pacaembu Construtora S/A,Maicom Dione Barbosa Alencar,Primeira Instância,Encerrado,Trabalhista,
2274967-03.2020.8.26.0000,Pacaembu Construtora S/A,André Tavolaro,Segunda Instância,Arquivado,Cível,Obrigações - Espécies de Contratos - Prestação de Serviços
1032886-74.2020.8.26.0506,Poá Empreendimento Imobiliário Ltda,Roberto Cesar de Morais,Primeira Instância,Arquivado,Cível,Alienação Fiduciária
0011276-77.2020.5.15.0133,Pacaembu Construtora S/A,Juraci Soares Pinto,Primeira Instância,Encerrado,Trabalhista,
0012074-15.2020.5.15.0076,Pacaembu Construtora S/A,Nilson da Solidade Santos,Primeira Instância,Encerrado,Trabalhista,
0011992-70.2020.5.15.0015,Pacaembu Construtora S/A,Sidiney Pires Batista,Primeira Instância,Encerrado,Trabalhista,
5052288-36.2020.4.04.7000,"Beach Shoes Comércio, Importação, Exportação e Franquia de Calçados e Bolsas Ltda. - EPP",INFRAERO - Empresa Brasileira de Infra-Estrutura Aeroportuária,Primeira Instância,Ativo,Processo Cível,"Transporte Aéreo - Aeroporto, Concessão / Permissão / Autorização, Serviços, DIREITO ADMINISTRATIVO E OUTRAS MATÉRIAS DE DIREITO PÚBLICO"
5000438-40.2020.4.04.7000,"Beach Shoes Comércio, Importação, Exportação e Franquia de Calçados e Bolsas Ltda. - EPP",INFRAERO - Empresa Brasileira de Infra-Estrutura Aeroportuária,Primeira Instância,Ativo,Processo Cível,"Execução Contratual, Contratos Administrativos, DiIREITO ADMINISTRATIVO E OUTRAS MATÉRIAS DE DIREITO PÚBLICO"
1006879-64.2020.8.26.0047,Pacaembu Construtora S/A,Gisele Aparecida Batista Massaroni,Primeira Instância,Arquivado,Cível,Indenização por Danos Morais
0012002-17.2020.5.15.0015,Pacaembu Construtora S/A,Luis Paulo Santos Silva,Primeira Instância,Encerrado,Trabalhista,
0011427-51.2020.5.15.0001,Pacaembu Construtora S/A,Rebeca Soares Souza,Primeira Instância,Encerrado,Trabalhista,Aviso Prévio
1044746-56.2020.8.26.0576,Pacaembu Construtora S/A,Jeane Pedretti,Primeira Instância,Ativo,Cível,Indenização por Danos Morais e Materiais
0000653-92.2020.5.10.0811,Pacaembu Construtora S/A,Ismael Dias Sousa,Primeira Instância,Encerrado,Trabalhista,
1001622-24.2020.5.02.0614,Pacaembu Construtora S/A,Mateus Gomes de Assis,Primeira Instância,Encerrado,Trabalhista,
0011418-63.2020.5.15.0042,Pacaembu Construtora S/A,Antonio Carlos de Oliveira do Nascimento,Primeira Instância,Encerrado,Trabalhista,Anotação / Baixa / Retificação
1027024-82.2020.8.26.0196,Pacaembu Construtora S/A,Alessandra Del Bianco de Paula,Primeira Instância,Arquivado,Cível,Negativação indevida
0011118-65.2020.5.15.0151,Pacaembu Construtora S/A,Edissandro de Souza Rios,Primeira Instância,Encerrado,Trabalhista,
1006998-17.2020.8.26.0664,Pacaembu Construtora S/A,Marcos José Gonçalves,Primeira Instância,Arquivado,Cível,Indenização por Danos Morais
1001016-29.2020.5.02.0603,Pacaembu Construtora S/A,Fabiano Luis da Silva,Primeira Instância,Encerrado,Trabalhista,
0011060-34.2019.5.15.0107,Pacaembu Marilia Altos do Palmital 379 - Empreendimento Imobiliario LTDA,Confederação da Agricultura e Pecuária do Brasil,Primeira Instância,Ativo,Trabalhista,
1507279-37.2019.8.26.0344,Gold Land Empreendimentos Imobiliários Ltda,Prefeitura Municipal de Marília,Primeira Instância,Arquivado - não Pacaembu,Processo Cível,IPTU/ Imposto Predial e Territorial Urbano
0011728-53.2020.5.15.0015,Pacaembu Construtora S/A,Misael Fernando Ambrosio de Andrade,Primeira Instância,Encerrado,Trabalhista,
0011159-45.2020.5.15.0082,Pacaembu Construtora S/A,Ismael Jose de Souza,Primeira Instância,Encerrado,Trabalhista,
5003829-93.2020.4.03.6106,Pacaembu Construtora S/A,Djayson Yrving Caetano Godoy,Primeira Instância,Arquivado,Cível,Reintegração de posse
1007887-92.2019.8.26.0344,Imobiliária Rio Branco Wilson Almeida,Sonia de Fatima Alves Izidio da Rocha,,Encerrado,Cível,Usucapião Extraordinário
0010805-60.2020.5.15.0004,Pacaembu Construtora S/A,Artunes Diniz Barreto Lima,Primeira Instância,Encerrado,Trabalhista,
0011289-75.2020.5.15.0004,Pacaembu Construtora S/A,Emmanuel da Fonseca Batista Barreto,Primeira Instância,Encerrado,Trabalhista,
1006254-22.2020.8.26.0664,Pacaembu Construtora S/A,Mauro Miguel Neca de Oliveira,Primeira Instância,Arquivado,Cível,Vícios Construtivos
1000779-92.2020.5.02.0603,Pacaembu Construtora S/A,Genilson Pinheiro Camara,Primeira Instância,Encerrado,Trabalhista,
0007211-37.2020.4.03.6315,Pacaembu Construtora S/A,Damares Vitoria Matias de Campos,Primeira Instância,Aguardando Notificação,Cível,Produção de Provas
0010630-59.2020.5.03.0082,Pacaembu Construtora S/A,Adivon Jose dos Santos,Primeira Instância,Encerrado,Trabalhista,
0016359-07.2020.5.16.0017,Pacaembu Construtora S/A,Raimundo de Sousa Silva,Primeira Instância,Encerrado,Trabalhista,
0010680-74.2020.5.15.0107,Pacaembu Construtora S/A,Elmo Antonio Silva Clarindo,Primeira Instância,Encerrado,Trabalhista,
0000427-50.2020.5.08.0130,Pacaembu Construtora S/A,Antonio Jose Ferreira Alves,Primeira Instância,Encerrado,Trabalhista,
0010872-11.2020.5.15.0041,Pacaembu Construtora S/A,Jose Edson Pereira,Primeira Instância,Encerrado,Trabalhista,
0010950-20.2020.5.15.0133,Pacaembu Construtora S/A,Adilson Raimundo de Souza,Primeira Instância,Encerrado,Trabalhista,
0010894-84.2020.5.15.0133,Pacaembu Construtora S/A,Euzeli Bertelli,,Encerrado,Trabalhista,
1000838-12.2020.5.02.0076,Pacaembu Construtora S/A,Eutico de Oliveira,Primeira Instância,Encerrado,Trabalhista,
1004939-56.2020.8.26.0664,Pacaembu Construtora S/A,Joelma Carla Morais da Silva,Primeira Instância,Arquivado,Cível,Vícios Construtivos
1005010-58.2020.8.26.0664,Pacaembu Construtora S/A,Mara Lucia da Silva Perez,Primeira Instância,Arquivado,Cível,Vícios Construtivos
1005411-57.2020.8.26.0664,Pacaembu Construtora S/A,Gilmara Serra Galvão,Primeira Instância,Arquivado,Cível,Vícios Construtivos
1031304-23.2020.8.26.0576,Pacaembu Construtora S/A,Daniele Cristine Serafim,Primeira Instância,Encerrado,Cível,Indenização por Danos Morais e Materiais
0011175-06.2020.5.15.0015,Pacaembu Construtora S/A,Tiago da Silva Melo,Primeira Instância,Encerrado,Trabalhista,
1001011-74.2020.5.02.0613,Pacaembu Construtora S/A,Jose Luis da Silva Junior,Primeira Instância,Encerrado,Trabalhista,
1001042-06.2020.5.02.0610,Pacaembu Construtora S/A,Osvaldo dos Santos Silva Junior,Primeira Instância,Ativo,Trabalhista,
0000476-58.2020.4.03.6324,Pacaembu Construtora S/A,Marisa da Silva Pereira,Primeira Instância,Encerrado,Cível,Indenização por Danos Morais e Materiais
0000183-88.2020.4.03.6324,Pacaembu Construtora S/A,Nayara Cristina Nascimento,Primeira Instância,Encerrado,Cível,Indenização por Danos Morais e Materiais
0000214-11.2020.4.03.6324,Pacaembu Construtora S/A,Jhonatan Ribeiro de Brito,Primeira Instância,Encerrado,Cível,Indenização por Danos Morais e Materiais
0000462-74.2020.4.03.6324,Pacaembu Construtora S/A,Jesus Donizeti Sivieri,Primeira Instância,Encerrado,Cível,Indenização por Danos Morais e Materiais
0006639-88.2019.4.03.6324,Pacaembu Construtora S/A,Carmito Batista Santos,Primeira Instância,Encerrado,Cível,Indenização por Danos Morais e Materiais
0011338-94.2020.5.15.0076,Pacaembu Construtora S/A,Joselino Ranuzii da Silva,Primeira Instância,Ativo,Trabalhista,
1000981-48.2020.5.02.0610,Pacaembu Construtora S/A,Luiz Claudio Rodrigues,Primeira Instância,Encerrado,Trabalhista,
0001113-21.2017.5.13.0029,"Beach Shoes Comércio, Importação, Exportação e Franquia de Calçados e Bolsas Ltda. - EPP",Gracielle Nunes dos Santos Silva,Primeira Instância,Ativo,Trabalhista,
0010756-87.2020.5.15.0046,Pacaembu Construtora S/A,Solange Dos Santos Silva,Primeira Instância,Encerrado,Trabalhista,
0010586-08.2020.5.15.0017,Pacaembu Construtora S/A,Wagner de Sena Rosa Sa,Primeira Instância,Encerrado,Trabalhista,
1060205-71.2020.8.26.0100,Wilson de Almeida Junior,CONDOMÍNIO CAROLINA,Primeira Instância,Arquivado - não Pacaembu,Processo Cível,Execução de Título
1504305-61.2018.8.26.0344,Imobiliaria Seguranca Marilia Ltda,Prefeitura Municipal de Marília,Primeira Instância,Ativo,Processo Cível,Execução Fiscal
1508618-02.2017.8.26.0344,Imobiliária Rio Branco Wilson Almeida,Prefeitura Municipal de Marília,Primeira Instância,Ativo,Processo Cível,Execução Fiscal
0011174-21.2020.5.15.0015,Pacaembu Construtora S/A,Gilmar Abilo Dias,Primeira Instância,Ativo,Trabalhista,
0011168-14.2020.5.15.0015,Pacaembu Construtora S/A,Juliano Aparecido Barbosa,Primeira Instância,Ativo,Trabalhista,Abandono de Emprego
0011170-81.2020.5.15.0015,Pacaembu Construtora S/A,Tiago da Silva Melo,Primeira Instância,Ativo,Trabalhista,
1020230-85.2020.8.26.0506,Poá Empreendimento Imobiliário Ltda,Samoel Rodrigues de Matos Filho,Primeira Instância,Arquivado,Cível,Ação de Consignação em Pagamento
0011198-49.2020.5.15.0015,Pacaembu Construtora S/A,Elismar Bento dos Santos,Primeira Instância,Ativo,Trabalhista,
0011199-34.2020.5.15.0015,Pacaembu Construtora S/A,Samuel da Silva,Primeira Instância,Ativo,Trabalhista,Adicional
0011230-65.2020.5.15.0076,Pacaembu Construtora S/A,Mateus Olavo Costa,Primeira Instância,Encerrado,Trabalhista,
0011197-64.2020.5.15.0015,Pacaembu Construtora S/A,Eliseu Teixeira da Silva,Primeira Instância,Ativo,Trabalhista,Contrato Individual de Trabalho
0010543-70.2020.5.15.0082,Pacaembu Construtora S/A,Elton Feitosa da Silva,Primeira Instância,Encerrado,Trabalhista,
0010295-50.2020.5.15.0100,Pacaembu Construtora S/A,Arnaldo Amaro de Sousa,Primeira Instância,Ativo,Trabalhista,
0010823-39.2020.5.15.0115,Pacaembu Construtora S/A,Rafaela Martins Silva,Primeira Instância,Encerrado,Trabalhista,
0010674-93.2020.5.15.0066,Pacaembu Construtora S/A,Joyce Daiana Targas Mastrangelo,Primeira Instância,Encerrado,Trabalhista,
0011196-90.2020.5.15.0076,Pacaembu Construtora S/A,Gabriel Pereira Ribeiro,Primeira Instância,Ativo,Trabalhista,Abono
0011192-53.2020.5.15.0076,Pacaembu Construtora S/A,William Bernardes da Silva,Primeira Instância,Ativo,Trabalhista,Abono
0010529-81.2020.5.15.0116,Pacaembu Construtora S/A,Eliete Aparecida Rosa de Campos Oliveira,Primeira Instância,Encerrado,Trabalhista,Adicional de Hora Extra
0010697-02.2020.5.15.0046,Pacaembu Construtora S/A,José Jesus Ferreira,Primeira Instância,Ativo,Trabalhista,
1018843-70.2019.8.26.0053,Olinda Maria Gomes da Costa Brito Eusébio,CETESB - Companhia Ambiental do Estado de São Paulo,Primeira Instância,Ativo,Processo Cível,Mandado de Segurança
0011119-26.2020.5.15.0062,Pacaembu Construtora S/A,Leones Henrique Patriota da Silva,Primeira Instância,Encerrado,Trabalhista,
0001322-29.2020.4.03.6307,Pacaembu Construtora S/A,Debora Borges de Souza,Primeira Instância,Arquivado,Cível,Vícios Construtivos
1000652-33.2020.5.02.0611,Pacaembu Construtora S/A,Cicero Antas de Sousa,Primeira Instância,Encerrado,Trabalhista,
0000519-25.2020.4.03.6314,Pacaembu Construtora S/A,Rosa Gandini,Primeira Instância,Pendente de Citação,,Indenização por Danos Morais e Materiais
0000513-18.2020.4.03.6314,Pacaembu Construtora S/A,Jaqueline Leite da Silva,Primeira Instância,Pendente de Citação,Cível,Indenização por Danos Morais e Materiais
0000511-48.2020.4.03.6314,Pacaembu Construtora S/A,Cleide Donizetti da Silva Nascimento,Primeira Instância,Pendente de Citação,Cível,Indenização por Danos Morais e Materiais
0000515-85.2020.4.03.6314,Pacaembu Construtora S/A,Luciana Aparecida Rosa,Primeira Instância,Pendente de Citação,Cível,Indenização por Danos Morais e Materiais
0000509-78.2020.4.03.6314,Pacaembu Construtora S/A,Elizabeth Francisco Ferreira,Primeira Instância,Pendente de Citação,Cível,Indenização por Danos Morais e Materiais
1000185-03.2020.5.02.0434,Pacaembu Construtora S/A,Valmir Epifanio Bezerra,Primeira Instância,Encerrado,Trabalhista,
0011113-19.2020.5.15.0062,Pacaembu Construtora S/A,Genildo de Jesus Reis e Reis,Primeira Instância,Encerrado,Trabalhista,
0010620-90.2020.5.15.0046,Pacaembu Construtora S/A,José Rosivaldo dos Santos,Primeira Instância,Encerrado,Trabalhista,
0008592-20.2009.4.01.3600,Habitar Brasil Empreendimentos Imobiliários S/A,União Federal,Instância Superior,Ativo,Processo Cível,Execução Fiscal
1000857-59.2018.8.26.0079,Pacaembu Construtora S/A,Leonice Bueno de Camargo,Primeira Instância,Arquivado,Cível,Danos Construtivos – Áreas Privativas
1011541-36.2020.8.26.0576,Pacaembu Construtora S/A,Olival Tavares de Souza Filho,Segunda Instância,Arquivado - não Pacaembu,Cível,Danos Construtivos – Áreas externas (vizinhança/viela /obras públicas)
0000517-55.2020.4.03.6314,Pacaembu Construtora S/A,Damaris Francisca de Assis,Primeira Instância,Encerrado,Cível,
1003367-65.2020.8.26.0664,Pacaembu Construtora S/A,Nayara Cristina Nascimento,Primeira Instância,Arquivado,Cível,Vícios Construtivos
1002846-23.2020.8.26.0664,Pacaembu Construtora S/A,Vanderson da Silva Melo,Primeira Instância,Encerrado,Cível,Indenização por Danos Morais e Materiais
1504241-02.2020.8.26.0079,Haus Compra e Venda de Bens Imóveis Ltda.,Prefeitura Municipal de Botucatu,Primeira Instância,Encerrado,Cível,Execução Fiscal
1504242-84.2020.8.26.0079,Haus Compra e Venda de Bens Imóveis Ltda.,Prefeitura Municipal de Botucatu,Primeira Instância,Encerrado,Cível,Execução Fiscal
1003255-96.2020.8.26.0664,Pacaembu Construtora S/A,Gustavo Henrique Soares,Primeira Instância,Encerrado,Cível,Rescisão Contratual
0017156-17.2019.5.16.0017,Pacaembu Construtora S/A,Ismael Dias Sousa,Primeira Instância,Encerrado,Trabalhista,
0010112-59.2020.5.15.0042,Pacaembu Construtora S/A,Jose Leonardo Dos Anjos,Primeira Instância,Ativo,Trabalhista,
0011816-69.2019.5.15.0066,Pacaembu Construtora S/A,Dorival Aparecido Oliveira,Primeira Instância,Encerrado,Trabalhista,
0010365-51.2020.5.15.0073,Pacaembu Construtora S/A,Claudemar Jose da Silva,Primeira Instância,Encerrado,Trabalhista,
1504216-86.2020.8.26.0079,Haus Construtora Ltda,Prefeitura Municipal de Botucatu,Primeira Instância,Encerrado,Cível,Execução Fiscal
0000646-60.2020.5.22.0102,Pacaembu Construtora S/A,Valdemar Aguiar Ferreira,Primeira Instância,Encerrado,Trabalhista,
0010402-51.2020.5.15.0082,Pacaembu Construtora S/A,Vanessa Silva de Araujo,Primeira Instância,Encerrado,Trabalhista,
1006719-92.2020.8.26.0482,Pacaembu Construtora S/A,Daniel Gomes da Silva,Primeira Instância,Arquivado,Cível,Indenização por Danos Morais e Materiais
0010112-17.2020.5.15.0153,Pacaembu Construtora S/A,Tulio de Sousa Silva,Primeira Instância,Encerrado,Trabalhista,
1002821-10.2020.8.26.0664,Pacaembu Construtora S/A,Clodoaldo Batista Prado,Primeira Instância,Arquivado,Cível,Vícios Construtivos
1002702-97.2020.8.26.0066,Vida Nova Barretos III - Empreendimento Imobiliário Ltda.,José Altino Alves Neto,Primeira Instância,Arquivado,Cível,Rescisão Contratual
0016080-21.2020.5.16.0017,Pacaembu Construtora S/A,Antoniel Silva,Primeira Instância,Encerrado,Trabalhista,
1500744-92.2019.8.26.0344,Imobiliária Rio Branco Wilson Almeida,Prefeitura do Município de Marília,Primeira Instância,Ativo,Processo Cível,Execução Fiscal
1002489-43.2020.8.26.0664,Pacaembu Construtora S/A,Vanderson da Silva Melo,Segunda Instância,Arquivado,Cível,Danos Construtivos – Áreas externas (vizinhança/viela /obras públicas)
1002442-69.2020.8.26.0664,Pacaembu Construtora S/A,Marisa da Silva Pereira,Primeira Instância,Arquivado,Cível,Vícios Construtivos
1002441-84.2020.8.26.0664,Pacaembu Construtora S/A,Denisio José Ferreira,Primeira Instância,Arquivado,Cível,Vícios Construtivos
1002430-55.2020.8.26.0664,Pacaembu Construtora S/A,Ana Maria Pinheiro Neves,Segunda Instância,Arquivado,Cível,Danos Construtivos – Áreas externas (vizinhança/viela /obras públicas)
1000422-32.2020.5.02.0371,Pacaembu Construtora S/A,Genilson Pinheiro Camara,Primeira Instância,Encerrado,Trabalhista,
0010046-09.2020.5.03.0141,Pacaembu Construtora S/A,Davidson Alves de Souza Moreira,Primeira Instância,Encerrado,Trabalhista,
0010166-47.2020.5.15.0067,Pacaembu Construtora S/A,Rita de Cassia de Brito,Primeira Instância,Encerrado,Trabalhista,Acúmulo de Função
1008905-16.2020.8.26.0506,Poá Empreendimento Imobiliário Ltda,Prefeitura Municipal de Ribeirão Preto,Segunda Instância,Arquivado,Tributário,Extinção do Crédito Tributário - IPTU
0010259-80.2020.5.15.0076,Pacaembu Construtora S/A,Anderson Vieira,Primeira Instância,Encerrado,Trabalhista,
1018628-16.2020.8.26.0100,Pacaembu Construtora S/A,Consfran Engenharia e Comercio Ltda.,Primeira Instância,Arquivado,Cível,Ação de Cobrança
1000113-03.2020.8.26.0400,Pacaembu Construtora S/A,Rodrigo Presentino dos Anjos,Primeira Instância,Arquivado,Cível,Ação Declaratória
1005235-51.2020.8.26.0576,Pacaembu Construtora S/A,Vivian Geraldo Rino,Primeira Instância,Arquivado,Cível,Indenização Danos Materiais e Morais
0010130-64.2020.5.15.0015,Pacaembu Construtora S/A,Eneias Junior Mendonça,Primeira Instância,Ativo,Trabalhista,
1000188-21.2020.5.02.0607,Pacaembu Construtora S/A,Damiao Mamede dos Santos,Primeira Instância,Encerrado,Trabalhista,
0006421-60.2019.4.03.6324,Pacaembu Construtora S/A,Jairo Costa Fonseca,Primeira Instância,Encerrado,Cível,Taxa de Obra / Correção de Valor / Danos Morais
0006462-27.2019.4.03.6324,Pacaembu Construtora S/A,Maressa Fernanda Paracatu,Primeira Instância,Encerrado,Cível,Taxa de Obra / Correção de Valor / Danos Morais
0006278-71.2019.4.03.6324,Pacaembu Construtora S/A,Daniel Guerra Santos,Primeira Instância,Encerrado,Cível,Taxa de Obra / Correção de Valor / Danos Morais
0004583-82.2019.4.03.6324,Pacaembu Construtora S/A,Elismar Santana de Souza Queiroz,Primeira Instância,Pendente de Citação,Cível,Taxa de Obra / Correção de Valor / Danos Morais
0004938-92.2019.4.03.6324,Pacaembu Construtora S/A,Fernando Roberto MIlani Cortez,Primeira Instância,Encerrado,Cível,Taxa de Obra / Correção de Valor / Danos Morais
0004584-67.2019.4.03.6324,Pacaembu Construtora S/A,Rodrigo Ferreira da Silva,Primeira Instância,Encerrado,Cível,Taxa de Obra / Correção de Valor / Danos Morais
0006386-03.2019.4.03.6324,Pacaembu Construtora S/A,Ana Maria Pinheiro Neves,Primeira Instância,Encerrado,Cível,Taxa de Obra / Correção de Valor / Danos Morais
0006489-10.2019.4.03.6324,Pacaembu Construtora S/A,Ubiratan de Araujo,Primeira Instância,Encerrado,Cível,Taxa de Obra / Correção de Valor / Danos Morais
0006222-38.2019.4.03.6324,Pacaembu Construtora S/A,Marcos Aurelio de Melo,Primeira Instância,Encerrado,Cível,Taxa de Obra / Correção de Valor / Danos Morais
0005647-30.2019.4.03.6324,Pacaembu Construtora S/A,Michele Fernanda da Silva Bernardino,Primeira Instância,Encerrado,Cível,Taxa de Obra / Correção de Valor / Danos Morais
0006169-57.2019.4.03.6324,Pacaembu Construtora S/A,Allan da Silva,Primeira Instância,Encerrado,Cível,Taxa de Obra / Correção de Valor / Danos Morais
0006277-86.2019.4.03.6324,Pacaembu Construtora S/A,Rosana Dagma Schumaher Campos,Primeira Instância,Encerrado,Cível,Taxa de Obra / Correção de Valor / Danos Morais
0006420-75.2019.4.03.6324,Pacaembu Construtora S/A,João Vitor de Souza Mendes,Primeira Instância,Encerrado,Cível,Taxa de Obra / Correção de Valor / Danos Morais
0006640-73.2019.4.03.6324,Pacaembu Construtora S/A,Ana Paula de souza Pereira,Primeira Instância,Encerrado,Cível,Taxa de Obra / Correção de Valor / Danos Morais
0006196-40.2019.4.03.6324,Pacaembu Construtora S/A,Diego de Azevedo e Silva,Primeira Instância,Encerrado,Cível,Taxa de Obra / Correção de Valor / Danos Morais
0006463-12.2019.4.03.6324,Pacaembu Construtora S/A,Alan Diogo Milani Aguiar,Primeira Instância,Encerrado,Cível,Taxa de Obra / Correção de Valor / Danos Morais
0005423-92.2019.4.03.6324,Pacaembu Construtora S/A,Elisliane dos Santos Rodrigues Ribeiro,Primeira Instância,Encerrado,Cível,Taxa de Obra / Correção de Valor / Danos Morais
0006441-51.2019.4.03.6324,Pacaembu Construtora S/A,Sandra Regina Milani,Primeira Instância,Encerrado,Cível,Taxa de Obra / Correção de Valor / Danos Morais
0006195-55.2019.4.03.6324,Pacaembu Construtora S/A,Adriana Liberalino de Carvalho,Primeira Instância,Encerrado,Cível,Taxa de Obra / Correção de Valor / Danos Morais
0006221-53.2019.4.03.6324,Pacaembu Construtora S/A,Marcos Beluci Morgoni,Primeira Instância,Encerrado,Cível,Taxa de Obra / Correção de Valor / Danos Morais
0004581-15.2019.4.03.6324,Pacaembu Construtora S/A,Onelia Brito Nogueira,Primeira Instância,Encerrado,Cível,Taxa de Obra / Correção de Valor / Danos Morais
0006442-36.2019.4.03.6324,Pacaembu Construtora S/A,Ana Carolina Santos Ferreira,Primeira Instância,Encerrado,Cível,Taxa de Obra / Correção de Valor / Danos Morais
0006235-37.2019.4.03.6324,Pacaembu Construtora S/A,Hedivam Jardim Campos,Primeira Instância,Encerrado,,Taxa de Obra / Correção de Valor / Danos Morais
0006387-85.2019.4.03.6324,Pacaembu Construtora S/A,Gledson de Matos Brito,Primeira Instância,Encerrado,Cível,Taxa de Obra / Correção de Valor / Danos Morais
0006510-83.2019.4.03.6324,Pacaembu Construtora S/A,Meire Margarete Catelan Lopes,Primeira Instância,Encerrado,Cível,Taxa de Obra / Correção de Valor / Danos Morais
0006156-58.2019.4.03.6324,Pacaembu Construtora S/A,Aparecida de Fatima Vecchiati Dias,Primeira Instância,Encerrado,Cível,Taxa de Obra / Correção de Valor / Danos Morais
0004578-60.2019.4.03.6324,Pacaembu Construtora S/A,Jessica Luana Morgani Silva,Primeira Instância,Encerrado,Cível,Taxa de Obra / Correção de Valor / Danos Morais
0011960-12.2019.5.15.0044,Pacaembu Construtora S/A,Sonia Maria Cabral dos Santos,Primeira Instância,Encerrado,Trabalhista,
0004576-90.2019.4.03.6324,Pacaembu Construtora S/A,Maria de Lourdes de Carlo Bertolino,Primeira Instância,Encerrado,Cível,Taxa de Obra / Correção de Valor / Danos Morais
0004580-30.2019.4.03.6324,Pacaembu Construtora S/A,Leticia Balduino Ferreira,Primeira Instância,Encerrado,Cível,Taxa de Obra / Correção de Valor / Danos Morais
0006163-50.2019.4.03.6324,Pacaembu Construtora S/A,Bruna Peres,Primeira Instância,Encerrado,Cível,Taxa de Obra / Correção de Valor / Danos Morais
0006236-22.2019.4.03.6324,Pacaembu Construtora S/A,Luana da Silva Parra,Primeira Instância,Arquivado,Cível,Ação Cobrança – Taxa Evolução de Obra
0004586-37.2019.4.03.6324,Pacaembu Construtora S/A,Valdemar Santos Aranha,Primeira Instância,Encerrado,Cível,Taxa de Obra / Correção de Valor / Danos Morais
0004579-45.2019.4.03.6324,Pacaembu Construtora S/A,Maria do Perpetuo Socorro Maciel Chixaro,Primeira Instância,Encerrado,Cível,Taxa de Obra / Correção de Valor / Danos Morais
0095100-59.2003.5.02.0401,Embras - Empreendimentos e Construções Ltda,Jose Rodrigues Filho,,Ativo,Trabalhista,
0010989-32.2019.5.15.0107,Pacaembu Construtora S/A,Jose Carlos Ferreira de Freitas,Primeira Instância,Encerrado,Trabalhista,
0012012-27.2019.5.15.0070,Pacaembu Construtora S/A,Gilberto Carlos Favarao,Primeira Instância,Ativo,Trabalhista,
1000044-96.2020.8.26.0132,Pacaembu Construtora S/A,Superintendência de Água e Esgoto de Catanduva,Primeira Instância,Ativo,Tributário,Execução Fiscal
0017087-21.2019.5.16.0005,Pacaembu Construtora S/A,Luciano de Jesus Ferreira Dias,Primeira Instância,Encerrado,Trabalhista,
1504388-68.2019.8.26.0368,Pacaembu Construtora S/A,Prefeitura Municipal de Monte Alto,Primeira Instância,Encerrado,Cível,Dívida Ativa
0011901-07.2019.5.15.0082,Pacaembu Construtora S/A,Claudia do Socorro Gomes Furtado,Primeira Instância,Encerrado,Trabalhista,
0003108-91.2019.4.03.6324,Pacaembu Construtora S/A,Luana da Silva Parra,Primeira Instância,Encerrado,Cível,Taxa de Evolução de Obra/Revisional
1001598-77.2019.5.02.0081,Plastic Beach Industria e Comercio de Calçados Eireli,Walter Oliveira da Fonseca,Primeira Instância,Ativo,Trabalhista,
0011932-63.2019.5.15.0070,Pacaembu Construtora S/A,Andre Luis Daltin,Primeira Instância,Ativo,Trabalhista,
0011986-58.2019.5.15.0028,Pacaembu Construtora S/A,Delvaci Francisco Teixeira,Primeira Instância,Ativo,Trabalhista,
0011130-22.2019.5.15.0052,Pacaembu Construtora S/A,Aparecido Donizeti de Oliveira Silva,Primeira Instância,Encerrado,Trabalhista,
0011438-05.2019.5.15.0005,Pacaembu Construtora S/A,Valdemir Fernandes Gomes,Primeira Instância,Encerrado,Trabalhista,
86259220158110045,Pacaembu Construtora S/A,Anderson Sousa de Moraes,,Ativo,Trabalhista,
86259220158110044,Pacaembu Construtora S/A,Anderson Sousa de Moraes,,Ativo,Trabalhista,
0011153-25.2019.5.15.0033,Pacaembu Construtora S/A,Anderson Sousa de Moraes,Primeira Instância,Encerrado,Trabalhista,
1009288-87.2019.8.26.0066,Pacaembu Construtora S/A,Jaine Aparecida de Oliveira,Primeira Instância,Arquivado,Cível,Ação de Cobrança
0014350-67.2019.8.26.0344,Pacaembu Construtora S/A,Adriano Piovan,Primeira Instância,Arquivado,Processo Cíveis,Indenização por Danos Morais e Materiais
0016929-63.2019.5.16.0005,Pacaembu Construtora S/A,Fredison Costa Frazao,Primeira Instância,Encerrado,Trabalhista,
0017257-90.2019.5.16.0005,Pacaembu Construtora S/A,Jose Mariano Correa Araujo,Primeira Instância,Encerrado,Trabalhista,
0011446-82.2019.5.15.0004,Pacaembu Construtora S/A,Milena Mirley Mendes,Primeira Instância,Encerrado,Trabalhista,
0003295-02.2019.4.03.6324,Pacaembu Construtora S/A,Bruna Mayara Honorio Rodrigues Rautch,Primeira Instância,Arquivado,Cível,Ação de Revisão Contratual
5003070-76.2018.4.03.6114,Pacaembu Construtora S/A,Raimundo Alves de Andrade,Primeira Instância,Arquivado,Cível,Ação de Revisão Contratual
0001421-09.2019.5.22.0006,Pacaembu Construtora S/A,Elton Feitosa da Silva,Primeira Instância,Encerrado,Trabalhista,
0010809-34.2019.5.15.0101,Pacaembu Construtora S/A,Natalia Caroline de Oliveira Afonso,Primeira Instância,Encerrado,Trabalhista,
1001320-10.2019.5.02.0006,Pacaembu Construtora S/A,Elian Gonçalves de Souza,Primeira Instância,Encerrado,Trabalhista,
0011127-27.2019.5.15.0033,Pacaembu Construtora S/A,Marcos Paulo de Souza,Primeira Instância,Encerrado,Trabalhista,
2208176-86.2019.8.26.0000,Pacaembu Construtora S/A,Município de Presidente Prudente,Segunda Instância,Arquivado,Tributário,DIREITO TRIBUTÁRIO - Impostos - ISS/ Imposto sobre Serviços
1008471-72.2019.8.26.0664,Pacaembu Construtora S/A,Ana Maria Pinheiro Neves,Primeira Instância,Encerrado,Cível,Produção antecipada de provas
1032939-89.2019.8.26.0506,Pacaembu Construtora S/A,Leda Cristina Neri de Souza,Primeira Instância,Arquivado,Cível,Indenização Danos Morais
0002021-33.2019.5.22.0102,Pacaembu Construtora S/A,Valdinar Oliveira Sousa,Primeira Instância,Encerrado,Trabalhista,
1001283-02.2019.5.02.0032,Pacaembu Construtora S/A,Jenilson Ribeiro da Silva,Primeira Instância,Encerrado,Trabalhista,
0010446-29.2019.5.15.0107,Pacaembu Construtora S/A,Ednaldo Rodrigues Vaz,Primeira Instância,Ativo,Trabalhista,
0010447-14.2019.5.15.0107,Pacaembu Construtora S/A,Ailton Antonio do Prado,Primeira Instância,Encerrado,Trabalhista,
0011448-35.2019.5.15.0042,Pacaembu Construtora S/A,Ezequias Vicente de Oliveira,Primeira Instância,Encerrado,Trabalhista,
0010980-74.2019.5.15.0041,Pacaembu Construtora S/A,Ronaldo Santos Carvalho,Primeira Instância,Encerrado,Trabalhista,
0011199-04.2019.5.15.0004,Pacaembu Construtora S/A,Chagas da Cunha Santos,Primeira Instância,Encerrado,Trabalhista,
0011364-12.2019.5.15.0017,Pacaembu Construtora S/A,Danilo Jose da Silva,Primeira Instância,Encerrado,Trabalhista,
0012571-16.2017.5.15.0082,"Beach Shoes Comércio, Importação, Exportação e Franquia de Calçados e Bolsas Ltda. - EPP",Fabiana Regina de Paula,Primeira Instância,Ativo,Trabalhista,
1000382-87.2018.5.02.0058,"Beach Shoes Comércio, Importação, Exportação e Franquia de Calçados e Bolsas Ltda. - EPP",Jhony Vieira Vasconcelos,Primeira Instância,Ativo,Trabalhista,
0001708-72.2019.5.22.0102,Pacaembu Construtora S/A,Joelson Santos Lopes,Primeira Instância,Encerrado,Trabalhista,
0017015-34.2019.5.16.0005,Pacaembu Construtora S/A,Leylson Carlos Fonseca Peixoto,Primeira Instância,Encerrado,Trabalhista,
1561189-62.2019.8.26.0090,Potencial Empreendimentos Ltda.,Prefeitura do Município de São Paulo,Primeira Instância,Ativo,Processo Cível,Execução Fiscal - IPTU/ Imposto Predial e Territorial Urbano
0001221-17.2019.5.22.0001,Pacaembu Construtora S/A,Francisco Pereira de Lima,Primeira Instância,Encerrado,Trabalhista,
0000552-11.2019.5.06.0291,Pacaembu Construtora S/A,Luidson Rodrigues da Silva,Primeira Instância,Encerrado,Trabalhista,
0010908-14.2019.5.15.0033,Pacaembu Construtora S/A,Carlos Augusto Correa,Primeira Instância,Encerrado,Trabalhista,
0010978-21.2019.5.15.0004,Pacaembu Construtora S/A,Iraciel Carlos Vieira de Santana,Primeira Instância,Encerrado,Trabalhista,
0010918-31.2019.5.15.0042,Pacaembu Construtora S/A,Altamiro dos Santos,Primeira Instância,Encerrado,Trabalhista,
1502232-90.2019.8.26.0309,Pacaembu Construtora S/A,Prefeitura do Município de Jundiaí,Primeira Instância,Arquivado,Cível,Taxa de Coleta de Lixo
5002849-83.2019.4.03.6106,Pacaembu Construtora S/A,Allan da Silva,Primeira Instância,Encerrado,Cível,"Indenização por Dano Moral, Material, Financiamento de Produto, Cláusulas Abusivas"
0010911-56.2019.5.15.0004,Pacaembu Construtora S/A,Francisco Assis de Sousa,Primeira Instância,Encerrado,Trabalhista,
0011005-20.2019.5.15.0031,Pacaembu Construtora S/A,Giliard Conceicao dos Santos,Primeira Instância,Encerrado,Trabalhista,
1006462-40.2019.8.26.0664,Pacaembu Construtora S/A,Letícia Alves da Silva,Primeira Instância,Arquivado,Cível,Danos Construtivos – Áreas Privativas
1010264-66.2019.8.26.0625,Ana Beatriz de Almeida Escobar ME,Itaú Unibanco S/A,Primeira Instância,Encerrado,Cível,
1504493-92.2019.8.26.0223,Frederico de Almeida Escobar,Prefeitura Municipal de Guarujá,Primeira Instância,Arquivado - não Pacaembu,Processo Cível,
1090469-42.2018.8.26.0100,Plastic Beach Industria e Comercio de Calçados Eireli,"Eazycomm Suporte, Serviços e Comércio de Informática e Telecomunicações Ltda.",Primeira Instância,Ativo,Processo Cível,
1001033-19.2018.8.26.0344,Wilson de Almeida Junior,Teruaki Kushikawa,Primeira Instância,Ativo - não Pacaembu,Cível,Usucapião
0501349-07.2009.8.26.0344,Wilson de Almeida Junior,Prefeitura Municipal de Marília,Primeira Instância,Arquivado - não Pacaembu,Processo Cível,
1002232-14.2019.8.26.0224,Frederico de Almeida Escobar,Banco do Brasil,Primeira Instância,Encerrado,Cível,
0013554-77.2009.8.26.0554,Frederico de Almeida Escobar,Odair Vilani,Primeira Instância,Extinto sem Resolução,Cível,
1000320-34.2017.8.26.0003,Frederico de Almeida Escobar,Banco do Brasil,Primeira Instância,Arquivado,Cível,
1029239-33.2017.8.26.0100,Frederico de Almeida Escobar,Itaú Unibanco S/A,Primeira Instância,Encerrado,Cível,
1134345-18.2016.8.26.0100,Frederico de Almeida Escobar,Banco do Brasil,Primeira Instância,Arquivado - não Pacaembu,Processo Cível,
1090468-28.2016.8.26.0100,Frederico de Almeida Escobar,Itaú Unibanco S/A,Primeira Instância,Arquivado - não Pacaembu,Processo Cível,
0016554-11.2009.8.26.0223,Frederico de Almeida Escobar,Antonio Luiz Gomes,Primeira Instância,Extinto com Resolução,Cível,
5013184-53.2017.4.03.6100,Frederico de Almeida Escobar,Caixa Econômica Federal,Primeira Instância,Arquivado - não Pacaembu,Processo Cível,
0513003-87.2014.8.26.0223,Frederico de Almeida Escobar,Prefeitura Municipal de Guarujá,Primeira Instância,Arquivado - não Pacaembu,Processo Cível,
1007636-11.2018.8.26.0344,Eduardo Robson Raineri de Almeida,Ivani Ferreira dos Santos,Primeira Instância,Arquivado - não Pacaembu,Processo Cível,
0048306-10.2018.8.26.0021,"Beach Shoes Comércio, Importação, Exportação e Franquia de Calçados e Bolsas Ltda. - EPP",GUARDEX SELF STORAGE SALVADOR LTDA ME,Primeira Instância,Encerrado,Cível,
0004468-80.2019.8.26.0021,"Beach Shoes Comércio, Importação, Exportação e Franquia de Calçados e Bolsas Ltda. - EPP",GUARDEX SELF STORAGE SALVADOR LTDA ME,Primeira Instância,Extinto com Resolução,Cível,
0001866-29.2018.8.26.0417,"Beach Shoes Comércio, Importação, Exportação e Franquia de Calçados e Bolsas Ltda. - EPP",EMPRESA BRASILEIRA DE INFRA-ESTRUTURA AEROPORTUÁRIA,Primeira Instância,Extinto com Resolução,Cível,
1010830-87.2016.8.26.0344,"Beach Shoes Comércio, Importação, Exportação e Franquia de Calçados e Bolsas Ltda. - EPP",Alessandra Idalgo Iague,Primeira Instância,Ativo,Processo Cível,
1045130-36.2013.8.26.0100,"Beach Shoes Comércio, Importação, Exportação e Franquia de Calçados e Bolsas Ltda. - EPP",Sandra Regina Freitas Queiroga de Sousa,Primeira Instância,Encerrado,Cível,
0017646-92.2015.8.26.0100,"Beach Shoes Comércio, Importação, Exportação e Franquia de Calçados e Bolsas Ltda. - EPP",Mariley Martins de Miranda Silveira,Primeira Instância,Ativo,Processo Cível,
0031436-46.2015.8.26.0100,"Beach Shoes Comércio, Importação, Exportação e Franquia de Calçados e Bolsas Ltda. - EPP",Mariley Martins de Miranda Silveira,Primeira Instância,Encerrado,Cível,
1052248-58.2016.8.26.0100,"Beach Shoes Comércio, Importação, Exportação e Franquia de Calçados e Bolsas Ltda. - EPP",Carla Fernanda Roani,Primeira Instância,Encerrado,Cível,
1094058-13.2016.8.26.0100,"Beach Shoes Comércio, Importação, Exportação e Franquia de Calçados e Bolsas Ltda. - EPP",Alessandra Santos do Vale Ferreira,Primeira Instância,Ativo,Processo Cível,
1138369-89.2016.8.26.0100,"Beach Shoes Comércio, Importação, Exportação e Franquia de Calçados e Bolsas Ltda. - EPP",Itaú Unibanco S/A,Primeira Instância,Encerrado,Cível,
1039990-79.2017.8.26.0100,"Beach Shoes Comércio, Importação, Exportação e Franquia de Calçados e Bolsas Ltda. - EPP",Viviane Nervo Pergher,Primeira Instância,Ativo,Processo Cível,
0012866-81.2010.8.26.0554,Frederico de Almeida Escobar,Odair Vilani,Primeira Instância,Encerrado,Cível,
1122000-20.2016.8.26.0100,Ana Beatriz de Almeida Escobar ME,Itaú Unibanco S/A,Primeira Instância,Encerrado,Cível,
1088024-51.2018.8.26.0100,Ana Beatriz de Almeida Escobar,Itaú Unibanco S/A,Primeira Instância,Encerrado,Cível,
1065707-59.2018.8.26.0100,Ana Beatriz de Almeida Escobar,Banco do Brasil,Primeira Instância,Encerrado,Processo Cível,
1070307-89.2019.8.26.0100,Pacaembu Construtora S/A,Tiago Pereira Francisco - ME,Segunda Instância,Arquivado,Cível,Ação de Cobrança
0010684-85.2019.5.03.0041,Pacaembu Construtora S/A,Ezequias Vicente de Oliveira,Primeira Instância,Encerrado,Trabalhista,
0010868-83.2019.5.15.0113,Pacaembu Construtora S/A,Jose Leite Candido,Primeira Instância,Encerrado,Trabalhista,
0016566-76.2019.5.16.0005,Pacaembu Construtora S/A,Jose Augusto Borges,Primeira Instância,Encerrado,Trabalhista,
0010791-87.2019.5.15.0044,Pacaembu Construtora S/A,Fabio Sebastiao da Silva,Primeira Instância,Encerrado,Trabalhista,
0020484-70.2014.5.04.0305,Beach Mix Comercio de Calçados e Bolsas Ltda,Raquel Fernanda Rodrigues Paim,,Ativo,Trabalhista,
1000542-83.2019.5.02.0024,Beach Mix Comercio de Calçados e Bolsas Ltda,Anderson José Ramos da Silva,,Ativo,Trabalhista,
0003706-22.2019.8.26.0132,Pacaembu Construtora S/A,Diva Aparecida Rodrigues de Souza,Primeira Instância,Encerrado,,CEJUSC (Pré-Processual)
1002873-67.2019.8.26.0073,Pacaembu Construtora S/A,Marli Ferrari Paulino,Primeira Instância,Encerrado,Cível,Rescisão do contrato e devolução do dinheiro
1021027-95.2019.8.26.0506,Pacaembu Construtora S/A,Liliane Neves Fradique,Primeira Instância,Arquivado,Cível,Ação Cobrança – Taxa Evolução de Obra
86259220158110043,Pacaembu Construtora S/A,José Luiz Feliciano,Primeira Instância,Ativo,Trabalhista,
0010947-14.2018.5.15.0011,Pacaembu Construtora S/A,Alaecio Ferreira Costa,Primeira Instância,Encerrado,Trabalhista,
1004693-94.2019.8.26.0664,Pacaembu Construtora S/A,Éder Fernando Munhoz de Oliveira,Segunda Instância,Arquivado,Cível,Danos Construtivos – Áreas Privativas
0010792-72.2019.5.15.0044,Pacaembu Construtora S/A,Fabio Sebastiao da Silva,Primeira Instância,Ativo,Trabalhista,
0000871-14.2019.5.22.0006,Pacaembu Construtora S/A,Alberto Silva Carvalho,Primeira Instância,Encerrado,Trabalhista,
0010433-53.2019.5.15.0067,Pacaembu Construtora S/A,Diones Alves Frazao,Primeira Instância,Encerrado,Trabalhista,
0001274-83.2019.5.22.0102,Pacaembu Construtora S/A,Valdinar Oliveira Sousa,Primeira Instância,Encerrado,Trabalhista,
0001146-63.2019.5.22.0102,Pacaembu Construtora S/A,Oriele Ribeiro da Costa,Primeira Instância,Encerrado,Trabalhista,
0010604-88.2019.5.15.0041,Pacaembu Construtora S/A,Joyce Nunes da Fonseca,Primeira Instância,Encerrado,Trabalhista,
0000878-18.2019.5.22.0002,Pacaembu Construtora S/A,Bruno Vieira Pereira,Primeira Instância,Encerrado,Trabalhista,
0010765-15.2019.5.15.0004,Pacaembu Construtora S/A,Weslei Romario Silva Lourenço,Primeira Instância,Ativo,Trabalhista,
1018737-10.2019.8.26.0506,Pacaembu Construtora S/A,Meire das Neves,Primeira Instância,Arquivado,Cível,Ação Cobrança – Taxa Evolução de Obra
1018723-26.2019.8.26.0506,Pacaembu Construtora S/A,Maria da Silva Santos dos Reis e outro,Segunda Instância,Arquivado,Cível,Ação Cobrança – Taxa Evolução de Obra
0000464-70.2019.5.06.0291,Pacaembu Construtora S/A,Lindinaldo de Souza,Primeira Instância,Encerrado,Trabalhista,
0000881-73.2019.5.22.0001,Pacaembu Construtora S/A,Bruno Vieira Pereira,Primeira Instância,Encerrado,Trabalhista,
0010708-54.2019.5.15.0082,Pacaembu Construtora S/A,Adriano Belo Florentino Pereira,Primeira Instância,Encerrado,Trabalhista,
0010535-95.2019.5.15.0028,Pacaembu Construtora S/A,Fernando Perpetuo Correia,Primeira Instância,Encerrado,Trabalhista,
0016231-57.2019.5.16.0005,Pacaembu Construtora S/A,José Raimundo Correa,Primeira Instância,Encerrado,Trabalhista,
0010593-33.2019.5.15.0082,Pacaembu Construtora S/A,Manoel Rogerio de Souza,Primeira Instância,Encerrado,Trabalhista,
1000502-31.2019.5.02.0015,Pacaembu Construtora S/A,Karina Marcelo Cunha Campos,Primeira Instância,Encerrado,Trabalhista,
0010768-45.2019.5.15.0076,Pacaembu Construtora S/A,Alex Garcia Mendes,Primeira Instância,Encerrado,Trabalhista,
0010686-32.2019.5.15.0070,Pacaembu Construtora S/A,Jose Roberto Serafim,Primeira Instância,Encerrado,Trabalhista,
1003873-22.2019.8.26.0132,Pacaembu Construtora S/A,Ângelo Rodrigues,Segunda Instância,Arquivado,Cível,Vícios Construtivos
0010694-21.2019.5.15.0066,Pacaembu Construtora S/A,Marcelo Candido Vieira,Primeira Instância,Encerrado,Trabalhista,
1004212-34.2019.8.26.0664,Pacaembu Construtora S/A,Tiago de Brito Rodrigues,Primeira Instância,Encerrado,Cível,Exibição de Documentos
0002868-44.2019.8.26.0079,Pacaembu Construtora S/A,Jaqueline Lopes Taborda,,Encerrado,Cível,Obrigações
1015160-08.2019.8.26.0576,Pacaembu Construtora S/A,Luciano Raduan Dias e outros,Primeira Instância,Arquivado,Cível,Direito de Vizinhança
0020990-42.2019.8.26.0100,Pacaembu Construtora S/A,"Irmãos Nonato Comercio da Materiais Elétricos, Hidraulicos, Prestação de Serviços e Locações Ltda",Primeira Instância,Extinto com Resolução,Cível,Devolução de caução
0010973-27.2019.5.15.0027,Pacaembu Construtora S/A,Raimundo Jose Mendonça Junior,Primeira Instância,Encerrado,Trabalhista,
0003658-40.2019.8.26.0269,Pacaembu Construtora S/A,Leovacir Vieira dos Santos,Primeira Instância,Encerrado,Cível,Indenização por Dano Material
0010299-31.2019.5.15.0033,Pacaembu Construtora S/A,Delcilina da Silva Pereira,Primeira Instância,Encerrado,Trabalhista,
0010414-50.2019.5.15.0066,Pacaembu Construtora S/A,Reginaldo Ribeiro da Costa,Primeira Instância,Encerrado,Trabalhista,
0010370-03.2019.5.03.0151,Pacaembu Construtora S/A,Marcelo Candido Vieira,Primeira Instância,Encerrado,Trabalhista,
1002851-98.2019.8.26.0011,Pacaembu Construtora S/A,André Tavolaro,Segunda Instância,Arquivado,Cível,Ação Declaratória
0016439-41.2019.5.16.0005,Pacaembu Construtora S/A,Ronilson Rodrigues,Primeira Instância,Encerrado,Trabalhista,
0016443-78.2019.5.16.0005,Pacaembu Construtora S/A,Rui Nery Pereira Martins,Primeira Instância,Encerrado,Trabalhista,
0016437-71.2019.5.16.0005,Pacaembu Construtora S/A,Raimundo Santos Franca Silva,Primeira Instância,Encerrado,Trabalhista,
0016436-86.2019.5.16.0005,Pacaembu Construtora S/A,Denilson dos Santos Pereira Soares,Primeira Instância,Encerrado,Trabalhista,
0010280-59.2019.5.15.0054,Pacaembu Construtora S/A,Josuel Manoel de Lima,Primeira Instância,Encerrado,Trabalhista,
0010269-30.2019.5.15.0054,Pacaembu Construtora S/A,Jose da Silva Lins,Primeira Instância,Encerrado,Trabalhista,
0016252-33.2019.5.16.0005,Pacaembu Construtora S/A,Ronildo Amaral Sousa,Primeira Instância,Encerrado,Trabalhista,
1016057-36.2019.8.26.0576,Pacaembu Construtora s/a (stuck) (criar nova pessoa fÃ­sica),Mafre Seguros,Primeira Instância,Encerrado,Cível,Oitiva
0010175-48.2019.5.15.0033,Pacaembu Construtora S/A,Antonio Flavio Pereira,Primeira Instância,Encerrado,Trabalhista,
0010224-87.2019.5.15.0066,Pacaembu Construtora S/A,Osmar da Costa Moura,Primeira Instância,Encerrado,Trabalhista,
0016081-76.2019.5.16.0005,Pacaembu Construtora S/A,Enildo Barbosa Diniz,Primeira Instância,Encerrado,Trabalhista,
0016078-24.2019.5.16.0005,Pacaembu Construtora S/A,Valber Marques Araujo,Primeira Instância,Encerrado,Trabalhista,
0016032-35.2019.5.16.0005,Pacaembu Construtora S/A,Givaldo dos Santos Correa,Primeira Instância,Encerrado,Trabalhista,
0010469-51.2019.5.15.0017,Pacaembu Construtora S/A,Raimundo Jose Mendonça Junior,Primeira Instância,Encerrado,Trabalhista,
0010353-84.2019.5.15.0101,Pacaembu Construtora S/A,Francisco das Chagas Durans,Primeira Instância,Encerrado,Trabalhista,
0010705-70.2019.5.15.0027,Pacaembu Construtora S/A,Raimundo Jose Mendonça Junior,Primeira Instância,Encerrado,Trabalhista,
0010281-83.2019.5.15.0041,Pacaembu Construtora S/A,Helio da Costa Lima,Primeira Instância,Encerrado,Trabalhista,
0016005-52.2019.5.16.0005,Pacaembu Construtora S/A,João Batista Rodrigues Silva,Primeira Instância,Encerrado,Trabalhista,
0017267-71.2018.5.16.0005,Pacaembu Construtora S/A,Rubenildo Rodrigues Araujo,Primeira Instância,Encerrado,Trabalhista,
0017043-36.2018.5.16.0005,Pacaembu Construtora S/A,Joelson Araujo Fonseca,Primeira Instância,Encerrado,Trabalhista,
0016193-79.2018.5.16.0005,Pacaembu Construtora S/A,Jardison Garcia Moraes,Primeira Instância,Encerrado,Trabalhista,
0010837-56.2018.5.15.0062,Pacaembu Construtora S/A,Fernando Nascimento,Primeira Instância,Encerrado,Trabalhista,
0010835-86.2018.5.15.0062,Pacaembu Construtora S/A,Julio Cesar Dias,Primeira Instância,Encerrado,Trabalhista,
0010113-78.2019.5.15.0042,Pacaembu Construtora S/A,Julio Cesar dos Santos Carvalho Pereira,Primeira Instância,Encerrado,Trabalhista,
0010338-19.2019.5.15.0133,Pacaembu Construtora S/A,Edimilson Gomes de Souza,Primeira Instância,Ativo,Trabalhista,
1000969-12.2019.8.26.0073,Pacaembu Construtora S/A,Prefeitura Municipal de Avaré,Segunda Instância,Arquivado,Tributário,Embargos à Execução Fiscal - ISS
1000939-74.2019.8.26.0073,Pacaembu Construtora S/A,Prefeitura Municipal de Avaré,Segunda Instância,Arquivado,Tributário,Embargos à Execução Fiscal - ISS
1004453-69.2019.8.26.0482,Pacaembu Construtora S/A,Coordenador Fiscal e Tributário do Município de Presidente Prudente,Primeira Instância,Arquivado,Tributário,Mandado de Segurança
0010358-66.2019.5.15.0082,Pacaembu Construtora S/A,Weber Alexandre de Paula,Primeira Instância,Encerrado,Trabalhista,
0010340-62.2019.5.15.0044,Pacaembu Construtora S/A,Jose Robevan Alves de Souza,Primeira Instância,Ativo,Trabalhista,
0010030-79.2019.5.15.0004,Pacaembu Construtora S/A,Jose Gonçalves de Jesus,Primeira Instância,Encerrado,Trabalhista,
0010273-88.2019.5.15.0144,Pacaembu Construtora S/A,Jose Maria Costa Ferreira,Primeira Instância,Encerrado,Trabalhista,
1010466-93.2019.8.26.0576,Pacaembu Construtora S/A,Isabela Karina de Almeida Fagundes,Primeira Instância,Encerrado,Cível,Indenização por Dano Moral
0001034-13.2019.8.26.0400,Pacaembu Construtora S/A,Cristiane de Assis Macedo Alves,Primeira Instância,Encerrado,Cível,Evicção ou Vicio Redibitório
0010266-96.2019.5.15.0144,Pacaembu Construtora S/A,Claudionor Costa Ferreira,Primeira Instância,Encerrado,Trabalhista,
0010267-81.2019.5.15.0144,Pacaembu Construtora S/A,Alex Ferreira Rios,Primeira Instância,Encerrado,Trabalhista,
0010113-81.2019.5.15.0041,Pacaembu Construtora S/A,Carlos Eduardo da Silva,Primeira Instância,Encerrado,Trabalhista,Acidente de Trabalho
0010224-20.2019.5.15.0153,Pacaembu Construtora S/A,Edmar Virgilio Mendes Cosme,Primeira Instância,Encerrado,Trabalhista,Aviso Prévio
0017725-88.2018.5.16.0005,Pacaembu Construtora S/A,Josivaldo dos Santos Silva Serrao,Primeira Instância,Encerrado,Trabalhista,
0016006-37.2019.5.16.0005,Pacaembu Construtora S/A,Alexsandro Serrao,Primeira Instância,Encerrado,Trabalhista,
0011121-49.2018.5.15.0067,Pacaembu Construtora S/A,Tatiara dos Santos Evangelista de Souza,Primeira Instância,Encerrado,Trabalhista,Aviso Prévio
0011331-95.2018.5.15.0101,Pacaembu Construtora S/A,Cleide Teixeira,Primeira Instância,Encerrado,Trabalhista,"Remuneração, Verbas Indenizatórias e Benefícios"
0011336-20.2018.5.15.0101,Pacaembu Construtora S/A,Josiane Aparecida Astolfi Silva,Primeira Instância,Encerrado,Trabalhista,Verbas Rescisórias
0012020-43.2018.5.15.0133,Pacaembu Construtora S/A,Aparecido Val Cote,Primeira Instância,Encerrado,Trabalhista,
0011338-87.2018.5.15.0101,Pacaembu Construtora S/A,Elizabeth Regina de Melo Toreti,Primeira Instância,Encerrado,Trabalhista,Adicional
0011337-05.2018.5.15.0101,Pacaembu Construtora S/A,Denise de Oliveira de Souza Viana,Primeira Instância,Encerrado,Trabalhista,Adicional de Insalubridade
1001366-88.2019.8.26.0132,Pacaembu Construtora S/A,SUPERINTENDENCIA DE ÁGUA E ESGOTO DE CATANDUVA – SAEC,Primeira Instância,Arquivado,Cível,Execução Fiscal
0011322-46.2018.5.15.0033,Pacaembu Construtora S/A,Maria da Gloria Rodrigues dos Santos,Primeira Instância,Ativo,Trabalhista,Adicional
0011320-76.2018.5.15.0033,Pacaembu Construtora S/A,Rita Paula Lemos,Primeira Instância,Encerrado,Trabalhista,"Remuneração, Verbas Indenizatórias e Benefícios"
0011321-61.2018.5.15.0033,Pacaembu Construtora S/A,Lucineia Aparecida da Costa Nunes,Primeira Instância,Encerrado,Trabalhista,"Remuneração, Verbas Indenizatórias e Benefícios"
0011318-09.2018.5.15.0033,Pacaembu Construtora S/A,Maria de Fatima dos Santos,Primeira Instância,Encerrado,Trabalhista,Adicional de Insalubridade
0011316-39.2018.5.15.0033,Pacaembu Construtora S/A,Quiteria Maria da Silva,Primeira Instância,Encerrado,Trabalhista,Rescisão do Contrato de Trabalho
0011143-84.2018.5.15.0107,Pacaembu Construtora S/A,Jose Carlos Ferreira de Freitas,Primeira Instância,Encerrado,Trabalhista,
0000248-50.2019.5.22.0102,Pacaembu Construtora S/A,Julane da Silva Afonso,Primeira Instância,Encerrado,Trabalhista,
0010649-37.2017.5.15.0082,Beach Mix Comercio de Calçados e Bolsas Ltda,Jaqueline de Souza Silva,Primeira Instância,Ativo,Trabalhista,Anotação / Baixa / Retificação
0012397-41.2016.5.15.0082,Beach Mix Comercio de Calçados e Bolsas Ltda,Jaqueline de Souza Silva,Primeira Instância,Ativo,Trabalhista,Aviso Prévio
0012382-89.2016.5.15.0044,Beach Mix Comercio de Calçados e Bolsas Ltda,Michele dos Santos Vicentini,Primeira Instância,Ativo,Trabalhista,FGTS
0012720-63.2016.5.15.0044,Beach Mix Comercio de Calçados e Bolsas Ltda,Silvia Liliam de Oliveira,Primeira Instância,Ativo,Trabalhista,FGTS
0011457-93.2016.5.15.0044,Beach Mix Comercio de Calçados e Bolsas Ltda,Samantha Scaamardi Silvado,Primeira Instância,Ativo,Trabalhista,Multa do Artigo 477 da CLT
0012038-81.2015.5.15.0129,Beach Mix Comercio de Calçados e Bolsas Ltda,Jeniffer Kelly Oliveira Viana,Primeira Instância,Ativo,Trabalhista,Outras Hipóteses de Estabilidade
0011731-30.2016.5.15.0053,Beach Mix Comercio de Calçados e Bolsas Ltda,Daniele Roberta Candido da Silva,Primeira Instância,Ativo,Trabalhista,Sucumbência
0011405-70.2016.5.15.0053,Beach Mix Comercio de Calçados e Bolsas Ltda,Claudineia Miguel Costa,Primeira Instância,Ativo,Trabalhista,Verbas Rescisórias
0010975-84.2016.5.15.0032,Beach Mix Comercio de Calçados e Bolsas Ltda,Juliana Alves Galhardo,Primeira Instância,Ativo,Trabalhista,Rescisão do Contrato de Trabalho
0011459-95.2016.5.15.0001,Beach Mix Comercio de Calçados e Bolsas Ltda,Viviane Ferreira de Oliveira Fermino,Primeira Instância,Ativo,Trabalhista,Responsabilidade Civil do Empregador
1001444-64.2018.5.02.0705,Beach Mix Comercio de Calçados e Bolsas Ltda,Marcia Rosana Pereira Santos,Primeira Instância,Ativo,Trabalhista,
1000211-84.2018.5.02.0720,Beach Mix Comercio de Calçados e Bolsas Ltda,Danielly Carla Pereira Serrone Barbosa,Primeira Instância,Ativo,Trabalhista,
1000215-58.2018.5.02.0062,Beach Mix Comercio de Calçados e Bolsas Ltda,Beatriz Souza Mendes de Oliveira,Primeira Instância,Ativo,Trabalhista,
1000005-53.2018.5.02.0079,Beach Mix Comercio de Calçados e Bolsas Ltda,Valdir Oliveira,Primeira Instância,Ativo,Trabalhista,
0012118-05.2015.5.15.0110,Beach Mix Comercio de Calçados e Bolsas Ltda,Denise Fernanda Gonçalves,Primeira Instância,Ativo,Trabalhista,Rescisão do Contrato de Trabalho
0016525-46.2018.5.16.0005,Pacaembu Construtora S/A,Denildo de Jesus Reis e Reis,Primeira Instância,Encerrado,Trabalhista,
0016532-38.2018.5.16.0005,Pacaembu Construtora S/A,Raimundo Jose Araujo Fonseca,Primeira Instância,Encerrado,Trabalhista,
0011494-16.2018.5.15.0153,Pacaembu Construtora S/A,Jucivan dos Santos Almeida,Primeira Instância,Encerrado,Trabalhista,Horas Extras
1001704-80.2018.5.02.0014,Gold Land Empreendimentos Imobiliários Ltda,Confederação da Agricultura e Pecuária do Brasil,Primeira Instância,Encerrado,Trabalhista,
1500047-11.2019.8.26.0073,Pacaembu Construtora S/A,Prefeitura Municipal de Avaré,Primeira Instância,Arquivado,Tributário,Execução Fiscal - ISS
0020231-59.2018.8.26.0344,Pacaembu Construtora S/A,Elaine Barbosa,Primeira Instância,Encerrado,Cível,Obrigação de Fazer / Não Fazer
0011339-57.2018.5.15.0106,Pacaembu Construtora S/A,Antonio Rodrigues de Souza,Primeira Instância,Encerrado,Trabalhista,
0011371-62.2018.5.15.0106,Pacaembu Construtora S/A,Gean Antonio Ferreira,Primeira Instância,Encerrado,Trabalhista,
0011908-33.2018.5.15.0082,Pacaembu Construtora S/A,David Lucas Gomes,Primeira Instância,Encerrado,Trabalhista,Repouso Semanal Remunerado
0011789-40.2018.5.15.0028,Pacaembu Construtora S/A,Benedito Aparecido Ferreira,Primeira Instância,Encerrado,Trabalhista,Férias Proporcionais
0002656-48.2018.5.22.0102,Pacaembu Construtora S/A,Raimundo Adenir Pindaiba Marques,Primeira Instância,Encerrado,Trabalhista,
0002654-78.2018.5.22.0102,Pacaembu Construtora S/A,Luiz Neiva Ribeiro Soares,Primeira Instância,Encerrado,Trabalhista,
0000642-07.2018.5.06.0371,Pacaembu Construtora S/A,Claudio Ferreira dos Santos,Primeira Instância,Encerrado,Trabalhista,
1503009-41.2018.8.26.0073,Pacaembu Construtora S/A,Prefeitura Municipal de Avaré,Primeira Instância,Arquivado,Tributário,Execução Fiscal - ISS
0018175-65.2017.5.16.0005,Pacaembu Construtora S/A,Lindoelson de Jesus Araujo Fonseca,Primeira Instância,Encerrado,Trabalhista,
1001473-39.2018.5.02.0051,Wilson de Almeida Junior,José medeiros de Brito,Primeira Instância,Ativo,,
2668/2018,Pacaembu Construtora S/A,Wilson Lima Bruno,,Ativo,Trabalhista,Clausulas Abusivas - Proteção Contratual
5001769-06.2018.4.03.6111,Pacaembu Construtora S/A,Antônio Aparecido de Oliveira,Primeira Instância,Encerrado,Cível,Obrigações / Espécies de Contrato
0011132-66.2018.5.03.0082,Pacaembu Construtora S/A,Mauro Cesar Lopes,Primeira Instância,Encerrado,Trabalhista,
0010603-33.2018.5.15.0011,Pacaembu Construtora S/A,Cledenilson Faustino Pereira,Primeira Instância,Encerrado,Trabalhista,DIREITO DO TRABALHO
0008111-38.2018.8.26.0132,Pacaembu Construtora S/A,Paulo Ferreira Junior,Primeira Instância,Encerrado,Cível,Obrigações / Espécies de Contrato
0011747-40.2018.5.15.0044,Pacaembu Construtora S/A,Francisco de Oliveira,Primeira Instância,Encerrado,Trabalhista,
0011315-52.2018.5.15.0066,Pacaembu Construtora S/A,Claudio Erasmo da Silva,Primeira Instância,Encerrado,Trabalhista,
0011027-89.2018.5.03.0082,Pacaembu Construtora S/A,Marcio Borges Pinto,Primeira Instância,Encerrado,Trabalhista,
0011026-07.2018.5.03.0082,Pacaembu Construtora S/A,Marcio Borges Pinto,,Encerrado,Trabalhista,
1101328-20.2018.8.26.0100,Pacaembu Construtora S/A,Mafre Seguros e outros,Primeira Instância,Arquivado,Cível,Ação Declaratória
0011307-75.2018.5.15.0066,Pacaembu Construtora S/A,Rodrigo Carlos Rodrigues,Primeira Instância,Encerrado,Trabalhista,
0011141-18.2018.5.15.0042,Pacaembu Construtora S/A,Rafael Geraldo da Silva,Primeira Instância,Encerrado,Trabalhista,
0011021-82.2018.5.03.0082,Pacaembu Construtora S/A,Gabriel Cardoso de Brito,Primeira Instância,Encerrado,Trabalhista,
0000032-26.2018.4.03.6314,Pacaembu Construtora S/A,Fabiano Lunardello,Segunda Instância,Encerrado,Cível,Taxa de Evolução de Obra/Revisional
0000039-18.2018.4.03.6314,Pacaembu Construtora S/A,Elizete Santos Ribeiro,Segunda Instância,Encerrado,Cível,Taxa de Evolução de Obra/Revisional
0011288-69.2018.5.15.0066,Pacaembu Construtora S/A,Gilson Martins Alexandre Cardoso,Primeira Instância,Encerrado,Trabalhista,
0010235-27.2018.5.15.0107,Pacaembu Construtora S/A,Anderson Ricardo Tomazeli,Primeira Instância,Encerrado,Trabalhista,Intervalo Intrajornada
0010812-34.2018.8.26.0079,Pacaembu Construtora S/A,Elisabete de Oliveira Almeida,Primeira Instância,Encerrado,Cível,Obrigação de Fazer / Não Fazer
0011119-15.2018.5.15.0153,Pacaembu Construtora S/A,Antonio Carlos de Sousa,Primeira Instância,Encerrado,Trabalhista,
0011247-05.2018.5.15.0066,Pacaembu Construtora S/A,Fabiola de Oliveira Navarro,Primeira Instância,Encerrado,Trabalhista,
0011088-39.2018.5.15.0106,Pacaembu Construtora S/A,Antonio Rodrigues de Souza,Primeira Instância,Encerrado,Trabalhista,
0011074-70.2018.5.15.0101,Pacaembu Construtora S/A,Sandra Cristina Ferreira da Silva Moreira,Primeira Instância,Encerrado,Trabalhista,Salário / Diferença Salarial
0000008-34.2018.5.05.0631,Pacaembu Construtora S/A,Giliard Conceicao dos Santos,Primeira Instância,Encerrado,Trabalhista,
0010088-24.2018.5.15.0067,Pacaembu Construtora S/A,Marcos Antonio Isabel Junior,Primeira Instância,Encerrado,Trabalhista,Expurgos Inflacionários
0001322-76.2018.5.22.0102,Pacaembu Construtora S/A,Gilson Dias Lima,Primeira Instância,Pendente,Trabalhista,
0011076-50.2018.5.15.0033,Pacaembu Construtora S/A,Rosineide Aparecida Monteiro da Costa (espólio) de Divino Monteiro da Costa,Primeira Instância,Encerrado,Trabalhista,
1097824-06.2018.8.26.0100,Pacaembu Construtora S/A,Consfran Engenharia e Comercio Ltda.,Primeira Instância,Arquivado,Cível,Indenização Danos Materiais
1001192-77.2018.5.02.0053,Pacaembu Construtora S/A,Antonio Carlos Carvalho Vanderlei,Primeira Instância,Encerrado,Trabalhista,
0011366-56.2018.5.15.0133,Pacaembu Construtora S/A,Hernandes Jeronimo da Silva,Primeira Instância,Encerrado,Trabalhista,Intervalo Intrajornada
0011365-71.2018.5.15.0133,Pacaembu Construtora S/A,Hernandes Jeronimo da Silva,Primeira Instância,Encerrado,Trabalhista,Responsabilidade Solidária / Subsidiária
000526.2018.15.006/6,Pacaembu Construtora S/A,Ministério Público do Trabalho,,Ativo,Trabalhista,Acidente de Trabalho
0011464-97.2018.5.15.0082,Pacaembu Construtora S/A,Rodrigo Aparecido dos Santos,Primeira Instância,Encerrado,Trabalhista,
0010963-50.2018.5.15.0113,Pacaembu Construtora S/A,Wladimir Luiz da Silva Amorim,Primeira Instância,Encerrado,Trabalhista,
35.005.002.18-0005600,Pacaembu Construtora S/A,Valeria Valdriana Deroide,,Ativo,Procedimento Administrativo,Pós Obra
1101107-37.2018.8.26.0100,Pacaembu Construtora S/A,Concrefer Industria e Comercio de Postes e Artefatos de Cimento Ltda,Segunda Instância,Arquivado,Cível,Ação de Cobrança
1001182-69.2018.5.02.0041,Pacaembu Construtora S/A,Manoel Filho Celino Bispo,Primeira Instância,Encerrado,Trabalhista,
35.005.002.18-0005279,Pacaembu Construtora S/A,Isabela Iasmin Alves Machado,,Ativo,Procedimento Administrativo,Pós Obra
0011420-22.2018.5.15.0133,Pacaembu Construtora S/A,Jose Wilson da Conceicao Sousa,Primeira Instância,Encerrado,Trabalhista,
0011172-80.2018.5.15.0028,Pacaembu Construtora S/A,Cleber Flavio Braga,Primeira Instância,Encerrado,Trabalhista,Partes e Procuradores
35.044.001.18-0002515,Pacaembu Construtora S/A,Aline Venancio da Silva,,Ativo,Trabalhista,Pós Obra
1001040-20.2018.5.02.0056,Pacaembu Construtora S/A,União Federal,,Ativo,Trabalhista,Autos de Infração
0000270-04.2018.5.06.0292,Pacaembu Construtora S/A,Lindinaldo de Souza,Primeira Instância,Encerrado,Trabalhista,
0018358-36.2017.5.16.0005,Pacaembu Construtora S/A,Jose Nilton Araujo de Oliveira,Primeira Instância,Encerrado,Trabalhista,
1006391-19.2018.8.26.0132,Pacaembu Construtora S/A,Jaime Jose das Neves,Primeira Instância,Encerrado,Cível,Serviços Profissionais
0011418-52.2018.5.15.0133,Pacaembu Construtora S/A,Daniel Carlos de Souza,Primeira Instância,Encerrado,Trabalhista,Verbas Rescisórias
0011370-53.2018.5.15.0017,Pacaembu Construtora S/A,Cicero Ramalho Gustavo da Silva,Primeira Instância,Encerrado,Trabalhista,FGTS
0010986-32.2018.5.15.0101,Pacaembu Construtora S/A,Adilson Soares de Oliveira,Primeira Instância,Encerrado,Trabalhista,Rescisão Indireta
1086820-69.2018.8.26.0100,Pacaembu Construtora S/A,Vargenski e Stadler Engenharia Ltda - ME,Primeira Instância,Arquivado,Cível,Indenização
0001092-34.2018.5.22.0102,Pacaembu Construtora S/A,Aldemar Santos de Lacerda,Primeira Instância,Encerrado,Trabalhista,
0012745-44.2017.5.15.0011,Pacaembu Construtora S/A,Jonas Ferreira Santos,Primeira Instância,Encerrado,Trabalhista,Adicional
0016524-61.2018.5.16.0005,Pacaembu Construtora S/A,Genildo de Jesus Reis e Reis,Primeira Instância,Encerrado,Trabalhista,
0011413-07.2018.5.15.0076,Pacaembu Construtora S/A,Ronilson Batista de Amorim,Primeira Instância,Encerrado,Trabalhista,
5000713-20.2018.4.03.6116,Pacaembu Construtora S/A,Anay Aline Rossi,Primeira Instância,Arquivado,Cível,Ação Declaratória
0012925-82.2017.5.15.0133,Pacaembu Construtora S/A,Romão Batista da Silva,Primeira Instância,Encerrado,Trabalhista,DIREITO DO TRABALHO
0011367-17.2018.5.15.0044,Pacaembu Construtora S/A,Jose Ailton Cavalcante,Primeira Instância,Encerrado,Trabalhista,
0017019-08.2018.5.16.0005,Pacaembu Construtora S/A,Joseilton Pereira,Primeira Instância,Encerrado,Trabalhista,
0017018-23.2018.5.16.0005,Pacaembu Construtora S/A,Alberto Gil Pereira,Primeira Instância,Encerrado,Trabalhista,
0017017-38.2018.5.16.0005,Pacaembu Construtora S/A,Denis Jorge Pereira,Primeira Instância,Encerrado,Trabalhista,
0017815-33.2017.5.16.0005,Pacaembu Construtora S/A,Carlos Augusto Correa,Primeira Instância,Encerrado,Trabalhista,
0018054-37.2017.5.16.0005,Pacaembu Construtora S/A,Antonio Flavio Pereira,Primeira Instância,Encerrado,Trabalhista,
1000812-45.2018.5.02.0056,Pacaembu Construtora S/A,União Federal,Primeira Instância,Encerrado,Trabalhista,Anulatória de Débito Fiscal
1000811-60.2018.5.02.0056,Pacaembu Construtora S/A,União Federal,,Encerrado,Trabalhista,
0011237-66.2018.5.15.0031,Pacaembu Construtora S/A,Augusto Manoel Nilsa,Primeira Instância,Encerrado,Trabalhista,
0010733-29.2018.5.15.0106,Pacaembu Construtora S/A,Ananias Ferreira dos Santos,Primeira Instância,Encerrado,Trabalhista,
0010681-33.2018.5.15.0106,Pacaembu Construtora S/A,Antonio Rodrigues de Souza,Primeira Instância,Encerrado,Trabalhista,
0010708-16.2018.5.15.0106,Pacaembu Construtora S/A,Gean Antonio Ferreira,Primeira Instância,Encerrado,Trabalhista,Verbas Rescisórias
0018263-06.2017.5.16.0005,Pacaembu Construtora S/A,Frankland Lobato Araujo,Primeira Instância,Encerrado,Trabalhista,
0018262-21.2017.5.16.0005,Pacaembu Construtora S/A,Francisco das Chagas Durans,Primeira Instância,Encerrado,Trabalhista,
0018261-36.2017.5.16.0005,Pacaembu Construtora S/A,Marciel Campos Veloso,Primeira Instância,Pendente,Trabalhista,
0000743-31.2018.5.22.0102,Pacaembu Construtora S/A,Jose Benevides moreira,Primeira Instância,Encerrado,Trabalhista,
0000769-29.2018.5.22.0102,Pacaembu Construtora S/A,Edmilson dos Santos Costa,Primeira Instância,Encerrado,Trabalhista,
0010909-84.2018.5.15.0113,Pacaembu Construtora S/A,Antonio Marcos da Silva,Primeira Instância,Encerrado,Trabalhista,
1078226-66.2018.8.26.0100,Pacaembu Construtora S/A,Soletrol Indústria e Comércio Ltda,Primeira Instância,Arquivado,Cível,Espécies de Contratos
0010823-48.2018.5.15.0070,Pacaembu Construtora S/A,Marcelo Luciano da Silva,Primeira Instância,Encerrado,Trabalhista,Prorrogação do Horário Noturno
0017629-44.2016.5.16.0005,Pacaembu Construtora S/A,José Raimundo Correa,Primeira Instância,Encerrado,Trabalhista,
0010248-32.2018.5.15.0008,Pacaembu Construtora S/A,Maurilho Ferreira da Silva,Primeira Instância,Encerrado,Trabalhista,
35.008.001.18-0004544,Pacaembu Construtora S/A,Jeverson de Carvalho Cita,,Ativo,Trabalhista,Indenização por Dano Material
1012528-60.2017.8.26.0032,Pacaembu Construtora S/A,Soluções em Aço Usiminas S.a.m Aço,Primeira Instância,Arquivado,Ação Declaratória,Esclarecimento - Oficio
1054983-93.2018.8.26.0100,Pacaembu Construtora S/A,Michele Vasques do Nascimento - ME,Segunda Instância,Ativo,Cível,Ação de Cobrança
0012239-77.2017.5.15.0008,Pacaembu Construtora S/A,Arão Ferreira dos Santos,Primeira Instância,Encerrado,Trabalhista,
0010836-71.2018.5.15.0062,Pacaembu Construtora S/A,Rinaldo Rossi,Primeira Instância,Encerrado,Trabalhista,
0001072-49.2018.5.22.0003,Pacaembu Construtora S/A,Elton Feitosa da Silva,Primeira Instância,Encerrado,Trabalhista,
1000594-67.2018.5.02.0007,Pacaembu Construtora S/A,Jose Alexandre dos Santos,Primeira Instância,Encerrado,Trabalhista,
0010725-52.2018.5.15.0106,Pacaembu Construtora S/A,Jose Erivaldo de Oliveira,1,Encerrado,Trabalhista,Adicional de Hora Extra
0012875-56.2017.5.15.0133,Pacaembu Construtora S/A,Evandro Jader Batista,Primeira Instância,Encerrado,Trabalhista,
0011046-30.2018.5.15.0028,Pacaembu Construtora S/A,Michele Ariane Ferreira da Silva,Primeira Instância,Encerrado,Trabalhista,
0010314-29.2018.5.15.0067,Pacaembu Construtora S/A,Josenildo Alexandre de Sousa,Primeira Instância,Encerrado,Trabalhista,Horas Extras
0010741-59.2018.5.15.0153,Pacaembu Construtora S/A,Luiz Antonio Liberio de Lima,Primeira Instância,Encerrado,Trabalhista,
TCRA - 110329/2011,Pacaembu Construtora S/A,Imobiliária J.AJ - LTDA,Instância Administrativa,Arquivado,Inquérito Civil,Crime Ambiental
5001768-48.2018.4.03.6102,Pacaembu Construtora S/A,Matheus Fernando Simão Costa,Primeira Instância,Encerrado,Cível,Taxa de Evolução de Obra/Revisional
0015911-43.2017.8.26.0071,Pacaembu Construtora S/A,D'cinco Produtos Ciderúrgicos,,Encerrado,Cível,
0010564-50.2018.5.03.0082,Pacaembu Construtora S/A,Weslei Romario Silva Lourenço,Primeira Instância,Encerrado,Trabalhista,Fruição / Gozo
0018186-94.2017.5.16.0005,Pacaembu Construtora S/A,Jose Carlos Barbosa Cabral,Primeira Instância,Encerrado,Trabalhista,
0010571-13.2018.5.15.0113,Pacaembu Construtora S/A,Jose Otaviano Silva Filho,Primeira Instância,Encerrado,Trabalhista,
0004683-48.2018.8.26.0132,Pacaembu Construtora S/A,Leonardo Rodrigues Valente,,Encerrado,Cível,Obrigação de Fazer / Não Fazer
1500423-91.2018.8.26.0344,Gold Land Empreendimentos Imobiliários Ltda,Prefeitura Municipal de Marília,Primeira Instância,Arquivado - não Pacaembu,Cível,IPTU/ Imposto Predial e Territorial Urbano
0010963-64.2018.5.15.0076,Pacaembu Construtora S/A,Debora Cristina Oliveira Barbosa,Primeira Instância,Pendente,Trabalhista,Indenização por Dano Moral
0003937-83.2018.8.26.0132,Pacaembu Construtora S/A,Maria Pereira,,Encerrado,Cível,Obrigação de Fazer / Não Fazer
0018140-08.2017.5.16.0005,Pacaembu Construtora S/A,Wallas Murilo Nunes Araujo,Primeira Instância,Pendente,Trabalhista,
0018092-49.2017.5.16.0005,Pacaembu Construtora S/A,Marcio Fernando Silva,Primeira Instância,Encerrado,Trabalhista,
0018053-52.2017.5.16.0005,Pacaembu Construtora S/A,Antonio Flavio Pereira,Primeira Instância,Encerrado,Trabalhista,
0010553-28.2018.5.15.0101,Pacaembu Construtora S/A,Nelson Fonseca,Primeira Instância,Encerrado,Trabalhista,Anotação / Baixa / Retificação
0010146-14.2018.5.15.0136,Pacaembu Construtora S/A,Epitacio Carlos dos Santos Junior,Primeira Instância,Encerrado,Trabalhista,
0010799-85.2018.5.15.0016,Pacaembu Construtora S/A,Rogerio Andrade,Primeira Instância,Ativo,Trabalhista,Indenizado - Efeitos
0010822-28.2018.5.15.0017,Pacaembu Construtora S/A,Carlos Andre Rodrigues Teixeira,Primeira Instância,Encerrado,Trabalhista,
0010825-80.2018.5.15.0017,Pacaembu Construtora S/A,Robson Gilberto Baptista Teixeira,Primeira Instância,Encerrado,Trabalhista,
1000408-85.2018.5.02.0446,Pacaembu Construtora S/A,Marcos Correa da Silva,Primeira Instância,Ativo,Trabalhista,
0010820-58.2018.5.15.0017,Pacaembu Construtora S/A,Carlos Adriano Rocha Bata,Primeira Instância,Encerrado,Trabalhista,Adicional
1013694-65.2015.8.26.0625,Gold Land Empreendimentos Imobiliários Ltda,Aparecido Guedes da Silva,Primeira Instância,Arquivado - não Pacaembu,Processo Cível,Usucapião Ordinária
0010829-20.2018.5.15.0017,Pacaembu Construtora S/A,Lucio da Silva Feliciano,Primeira Instância,Encerrado,Trabalhista,
0010136-58.2018.5.15.0042,Pacaembu Construtora S/A,Fabio Francisco do Nascimento,Primeira Instância,Encerrado,Trabalhista,
0017689-80.2017.5.16.0005,Pacaembu Construtora S/A,Rubenildo Rodrigues Araujo,,Encerrado,Trabalhista,
0017687-13.2017.5.16.0005,Pacaembu Construtora S/A,Jose Fernando Azevedo Ferreira,Primeira Instância,Encerrado,Trabalhista,
0017686-28.2017.5.16.0005,Pacaembu Construtora S/A,João Batista Soares Filho,Primeira Instância,Encerrado,Trabalhista,
IP - 625/15,Pacaembu Construtora S/A,Aguimac Comércio e Locação de Ferramentas,,Ativo,Inquérito Policial,
1000755-37.2018.8.26.0370,Atlanta Construções Comercio e Empreendimentos Ltda,Marlene Marinalva da Conceição da Silva Leite,Primeira Instância,Encerrado,Processo Cíveis,Usucapião Ordinario
1501534-13.2018.8.26.0344,Gold Land Empreendimentos Imobiliários Ltda,Prefeitura Municipal Marilia,Primeira Instância,Ativo,Cível,IPTU/ Imposto Predial e Territorial Urbano
0010817-46.2018.5.15.0133,Pacaembu Construtora S/A,José Luiz Feliciano,Primeira Instância,Encerrado,Trabalhista,
0010287-26.2018.5.15.0106,Pacaembu Construtora S/A,Antonio Rodrigues de Souza,Primeira Instância,Encerrado,Trabalhista,
IC - 14.0720.0004133/2022-8,Pacaembu Construtora S/A,Ministério Público Federal de Presidente Prudente,,Arquivado,Inquérito Civil,Crime Ambiental
IC - 1.34.007.000.050/2016-69,Pacaembu Construtora S/A,Ministério Público Federal de Marília,Instância Administrativa,Arquivado,Inquérito Civil,Obrigações / Espécies de Contrato
14.0214.0000288/2017-1,Pacaembu Construtora S/A,1ª Promotoria de Justiça de Botucatu,,Arquivado,Inquérito Civil,Crime Ambiental
IP - 40/2018,Pacaembu Construtora S/A,Promotoria de Votuporanga,Instância Administrativa,Ativo,Inquérito Policial,Crime Ambiental
14.0201.0001560/2015,Pacaembu Construtora S/A,Ministério Público de Avaré,Instância Administrativa,Arquivado,Inquérito Civil,Saneamento - Resíduos
IC - 14.0722.0006880/2017,Pacaembu Construtora S/A,1ª Promotoria de Justiça de Franca,Instância Administrativa,Encerrado,Inquérito Civil,Improbidade Administrativa
14.0722.0002059/2017,Pacaembu Construtora S/A,2ª promotoria de Habitação e Urbanismo de Franca,Instância Administrativa,Arquivado,Inquérito Civil,Improbidade Administrativa
0010758-17.2018.5.15.0082,Pacaembu Construtora S/A,Altair de Souza,Primeira Instância,Pendente,Trabalhista,Verbas Rescisórias
0004829-54.2018.8.26.0079,Pacaembu Construtora S/A,Jessica Medeiros de Jesus,Primeira Instância,Encerrado,Processo Cíveis,
0010374-95.2018.5.15.0036,Pacaembu Construtora S/A,Denivaldo Almeida,Primeira Instância,Encerrado,Trabalhista,
1000591-58.2018.5.02.0704,Pacaembu Construtora S/A,Antonio Andrade de Sa,Primeira Instância,Encerrado,Trabalhista,
0010781-61.2018.5.15.0017,Pacaembu Construtora S/A,Reginaldo Alves Batista,Primeira Instância,Encerrado,Trabalhista,Contrato Individual de Trabalho
0000368-30.2018.5.22.0102,Pacaembu Construtora S/A,Ailton Soares Lima,Primeira Instância,Encerrado,Trabalhista,
0000372-67.2018.5.22.0102,Pacaembu Construtora S/A,Leonel Soares Lima,Primeira Instância,Encerrado,Trabalhista,
0010074-36.2018.5.15.0133,Pacaembu Construtora S/A,Marcos Rogerio Guimaraes,Primeira Instância,Encerrado,Trabalhista,
0011619-65.2017.5.15.0008,Pacaembu Construtora S/A,Marques Peixoto de Queiroz Freitas,Primeira Instância,Encerrado,Trabalhista,Adicional
0012044-12.2017.5.15.0067,Pacaembu Construtora S/A,Tatiara dos Santos Evangelista de Souza,,Encerrado,Trabalhista,
0010244-89.2018.5.15.0106,Pacaembu Construtora S/A,Gean Antonio Ferreira,Primeira Instância,Encerrado,Trabalhista,
0010086-50.2018.5.15.0133,Pacaembu Construtora S/A,Adelson Rodrigues da Silva,Primeira Instância,Encerrado,Trabalhista,Abrangência da Condenação
0012063-65.2017.5.15.0116,Pacaembu Construtora S/A,Michele Francisca dos Santos,Primeira Instância,Encerrado,Trabalhista,
0010392-15.2018.5.15.0005,Pacaembu Construtora S/A,Joao Batista Magno Santiago,Primeira Instância,Ativo,Trabalhista,Acordo e Convenção Coletivos de Trabalho
0010503-59.2018.5.15.0082,Pacaembu Construtora S/A,Julio Cesar dos Santos Ribeiro,Primeira Instância,Pendente,Trabalhista,Adicional de Horas Extras
0011628-27.2017.5.15.0008,Pacaembu Construtora S/A,Vailson Conceicao Santos,Primeira Instância,Encerrado,Trabalhista,Adicional
0000277-37.2018.5.22.0102,Pacaembu Construtora S/A,José Carlos Lima dos Santos,Primeira Instância,Encerrado,Trabalhista,
0017191-81.2017.5.16.0005,Pacaembu Construtora S/A,Antonio Luis Silva Ferreira,Primeira Instância,Pendente,Trabalhista,
0017190-96.2017.5.16.0005,Pacaembu Construtora S/A,Fabielson de Jesus Campos Melo,Primeira Instância,Pendente,Trabalhista,
0017193-51.2017.5.16.0005,Pacaembu Construtora S/A,Jose Mariano Correa Araujo,Primeira Instância,Encerrado,Trabalhista,
0017192-66.2017.5.16.0005,Pacaembu Construtora S/A,Carlos Cesar Barbosa Cabral,Primeira Instância,Encerrado,Trabalhista,
000187-29.2018.5.22.0102,Pacaembu Construtora S/A,Carlito dos Santos Lima,Primeira Instância,Encerrado,Trabalhista,
0000171-75.2018.5.22.0102,Pacaembu Construtora S/A,Galberto Campos Costa,Primeira Instância,Encerrado,Trabalhista,
0010350-30.2018.5.15.0113,Pacaembu Construtora S/A,Rogerio Candido,Primeira Instância,Encerrado,Trabalhista,
0010404-93.2018.5.15.0113,Pacaembu Construtora S/A,Lenivaldo Neri dos Santigo,Primeira Instância,Encerrado,Trabalhista,
1036792-97.2018.8.26.0100,Haus Construtora Ltda,João Carlos Raineri Me,,Encerrado,Processo Cíveis,
0000034-93.2018.4.03.6314,Pacaembu Construtora S/A,Wellington Alfredo Perez,Segunda Instância,Encerrado,Processo Cíveis,Taxa de Evolução de Obra/Revisional
0000181-22.2018.4.03.6314,Pacaembu Construtora S/A,Tamires Arieli Alves Damaceno,Segunda Instância,Arquivado,Processo Cíveis,Taxa de Evolução de Obra/Revisional
0002364-97.2017.5.22.0102,Pacaembu Construtora S/A,Jenilson Francisco dos Santos,Primeira Instância,Encerrado,Trabalhista,
0011471-54.2017.5.15.0008,Pacaembu Construtora S/A,Samuel Antonio de Oliveira,Primeira Instância,Encerrado,Trabalhista,
0012011-22.2017.5.15.0067,Pacaembu Construtora S/A,Wesley de Oliveira Alarcão dos Santos,Primeira Instância,Encerrado,Trabalhista,
1001382-32.2018.8.26.0664,Pacaembu Construtora S/A,Apoliana Divina Ferreira de Araújo,Primeira Instância,Encerrado,Cível,
1007519-03.2018.8.26.0576,Pacaembu Construtora S/A,Leandro Antonio Sant Ana Groto,Primeira Instância,Encerrado,Processo Cíveis,
1523800-13.2018.8.26.0176,Wilson de Almeida,Prefeitura do Município de Embu das Artes,Primeira Instância,Encerrado,Processo Cíveis,
0012145-72.2017.5.15.0027,Pacaembu Construtora S/A,Magno Luiz Morais de Oliveira,Primeira Instância,Encerrado,Trabalhista,
0010485-38.2018.5.15.0082,Pacaembu Construtora S/A,Aparecido Alexandre dos Santos,Primeira Instância,Encerrado,Trabalhista,
0010564-18.2018.5.15.0017,Pacaembu Construtora S/A,Nilton Cesar Pereira de Souza,Primeira Instância,Encerrado,Trabalhista,
1000276-38.2018.5.02.0087,Pacaembu Construtora S/A,Gerlany Ferreira Barbosa,Primeira Instância,Encerrado,Trabalhista,
0012551-26.2017.5.15.0017,Pacaembu Construtora S/A,João Elielton de Oliveira Santos,Primeira Instância,Pendente,Trabalhista,Ajuda / Tíquete Alimentação
0010629-68.2018.5.15.0031,Pacaembu Construtora S/A,Edmar Emídio Rodrigues,Primeira Instância,Encerrado,Trabalhista,
0010514-89.2018.5.15.0017,Pacaembu Construtora S/A,Neilson Aparecido da Silva,Primeira Instância,Encerrado,Trabalhista,Contrato Individual de Trabalho
0010278-76.2018.5.15.0005,Pacaembu Construtora S/A,Jose Vanderley Miranda Dias,Primeira Instância,Encerrado,Trabalhista,Adicional
0011557-19.2017.5.15.0107,Pacaembu Construtora S/A,Feliciano da Silva,Primeira Instância,Encerrado,Trabalhista,
1000269-85.2018.5.02.0074,Pacaembu Construtora S/A,Leandro Ferreira de Souza,Primeira Instância,Encerrado,Trabalhista,
0010325-14.2018.5.15.0017,Pacaembu Construtora S/A,Ronaldo Adriano Amancio,,Encerrado,Trabalhista,
0011178-02.2017.5.15.0100,Pacaembu Construtora S/A,Marcio Ciriaco da Gama,Primeira Instância,Encerrado,Trabalhista,
0011185-91.2017.5.15.0100,Pacaembu Construtora S/A,Geovani de Jesus Silva,Primeira Instância,Encerrado,Trabalhista,
0011176-32.2017.5.15.0100,Pacaembu Construtora S/A,Gilberto da Silva Reis,Primeira Instância,Encerrado,Trabalhista,
0011177-17.2017.5.15.0100,Pacaembu Construtora S/A,Jose Carlos Pereira da Silva,Primeira Instância,Encerrado,Trabalhista,
0011266-55.2017.5.15.0095,Pacaembu Construtora S/A,Wanderson da Silva Lima,Primeira Instância,Encerrado,Trabalhista,
0011540-80.2017.5.15.0107,Pacaembu Construtora S/A,Rafael Canevaroli,Primeira Instância,Encerrado,Trabalhista,
0000327-75.2018.5.22.0001,Pacaembu Construtora S/A,Luiz da Silva,Primeira Instância,Encerrado,Trabalhista,
0000044-31.2018.5.22.0105,Pacaembu Construtora S/A,Jose Roberto Ferreira de Sousa,Primeira Instância,Encerrado,Trabalhista,
0017087-89.2017.5.16.0005,Pacaembu Construtora S/A,Lourinaldo Soares,Primeira Instância,Encerrado,Trabalhista,
0017077-45.2017.5.16.0005,Pacaembu Construtora S/A,Lusivaldo Soares,Primeira Instância,Encerrado,Trabalhista,
0017072-23.2017.5.16.0005,Pacaembu Construtora S/A,Fabio dos Santos Pereira,Primeira Instância,Encerrado,Trabalhista,
0012925-58.2017.5.15.0044,Pacaembu Construtora S/A,Louzian Martin de Oliveira,Primeira Instância,Encerrado,Trabalhista,
0010420-02.2018.5.15.0031,Pacaembu Construtora S/A,Manuela da Silva Martins,Primeira Instância,Encerrado,Trabalhista,
0010105-40.2018.5.15.0106,Pacaembu Construtora S/A,Antonio Rodrigues de Souza,Primeira Instância,Encerrado,Trabalhista,
0017401-69.2016.5.16.0005,Pacaembu Construtora S/A,Paulo Cesar Silva Cruz,Primeira Instância,Encerrado,Trabalhista,
0016582-98.2017.5.16.0005,Pacaembu Construtora S/A,Raimundo Miguel Pereira Martins,Primeira Instância,Encerrado,Trabalhista,
0010918-44.2017.5.15.0028,Pacaembu Construtora S/A,Jeansi Nascimento Cruz,Primeira Instância,Encerrado,Trabalhista,
0011716-32.2017.5.15.0116,Pacaembu Construtora S/A,Luana Pereira de Campos,Primeira Instância,Encerrado,Trabalhista,
1000135-78.2018.5.02.0035,Pacaembu Construtora S/A,Israel Santos de Carvalho,Primeira Instância,Encerrado,Trabalhista,
0012231-16.2017.5.15.0133,Pacaembu Construtora S/A,Antonio Joaquim dos Anjos,Primeira Instância,Encerrado,Trabalhista,
0011885-42.2017.5.15.0076,Pacaembu Construtora S/A,Ronilson Batista de Amorim,Primeira Instância,Encerrado,Trabalhista,
0012152-61.2017.5.15.0028,Pacaembu Construtora S/A,Agnaldo Aparecido Trovo,Primeira Instância,Pendente,Trabalhista,Adicional
0012206-03.2017.5.15.0133,Pacaembu Construtora S/A,Ivonildo Cândido Barbosa,Primeira Instância,Encerrado,Trabalhista,
1000094-05.2018.5.02.0232,Pacaembu Construtora S/A,Osvaldino Rodrigues Cardoso,Primeira Instância,Encerrado,Trabalhista,
0011316-43.2017.5.15.0043,Pacaembu Construtora S/A,Celso Lopes Santiago,Primeira Instância,Encerrado,Trabalhista,
0012392-77.2017.5.15.0116,Pacaembu Construtora S/A,Geferson Expedito Ribeiro,Primeira Instância,Encerrado,Trabalhista,
0010143-31.2018.5.15.0016,Pacaembu Construtora S/A,Elizeu Paulo Coelho,Primeira Instância,Encerrado,Trabalhista,
0011587-54.2017.5.15.0107,Pacaembu Construtora S/A,Floriano Alves de Souza,Primeira Instância,Encerrado,Trabalhista,
0010012-12.2017.5.15.0042,Pacaembu Construtora S/A,Josiel Pacheco Leite,Primeira Instância,Encerrado,Trabalhista,Contrato Individual de Trabalho
1001006-93.2017.5.02.0019,Pacaembu Construtora S/A,Will Robson de Carvalho,Primeira Instância,Encerrado,Trabalhista,
0011946-32.2017.5.15.0033,Pacaembu Construtora S/A,Maria Ines da Silva Rosa,Primeira Instância,Encerrado,Trabalhista,
0012958-31.2017.5.15.0082,Pacaembu Construtora S/A,Jether Augusto da Silva Lemos Toledo,Primeira Instância,Encerrado,Trabalhista,Adicional Noturno
0012884-74.2017.5.15.0082,Pacaembu Construtora S/A,Antonio Alexandre Andreguetti,Primeira Instância,Encerrado,Trabalhista,
0012888-14.2017.5.15.0082,Pacaembu Construtora S/A,Ricardo Soares Fenti,Primeira Instância,Encerrado,Trabalhista,Adicional
0012883-89.2017.5.15.0082,Pacaembu Construtora S/A,Jefferson Ferreira Funchal,1,Encerrado,Trabalhista,Adicional
1006708-16.2018.8.26.0100,Pacaembu Construtora S/A,Construtora Conspav São Paulo Eireli - ME,Primeira Instância,Arquivado,Cível,Ação de cobrança
0012178-30.2017.5.15.0070,Pacaembu Construtora S/A,Vanderlei Roberto Calderan,Primeira Instância,Encerrado,Trabalhista,
0017331-52.2016.5.16.0005,Pacaembu Construtora S/A,Francisco das Chagas Sodre Pinheiro,Primeira Instância,Encerrado,Trabalhista,
0017357-50.2016.5.16.0005,Pacaembu Construtora S/A,Carlos Augusto Correa,Primeira Instância,Encerrado,Trabalhista,
0011070-46.2017.5.15.0011,Pacaembu Construtora S/A,Mirele Cristina da Fonseca,Primeira Instância,Encerrado,Trabalhista,
0017374-86.2016.5.16.0005,Pacaembu Construtora S/A,Jose Vanilson Araujo,Primeira Instância,Encerrado,Trabalhista,
0000200-56.2018.8.26.0396,Pacaembu Construtora S/A,Luis Carlos Lizardo,Segunda Instância,Encerrado,Processo Cíveis,Acidente de Trânsito
0010063-03.2018.5.15.0005,Pacaembu Construtora S/A,Anderson Ricardo Tomazeli,,Encerrado,Trabalhista,
0012890-82.2017.5.15.0017,Pacaembu Construtora S/A,Francisco Lima dos Santos,Primeira Instância,Encerrado,Trabalhista,
0011944-08.2017.5.15.0051,Pacaembu Construtora S/A,Macilei Batista de Oliveira,Primeira Instância,Encerrado,Trabalhista,
0011937-70.2017.5.15.0033,Pacaembu Construtora S/A,Marcia dos Santos Costa,Primeira Instância,Encerrado,Trabalhista,
0010906-81.2017.5.15.0011,Pacaembu Construtora S/A,Ricardo Gomes de Barros,Primeira Instância,Encerrado,Trabalhista,
0012929-50.2016.5.15.0135,Pacaembu Construtora S/A,Roberto Bortolli,Primeira Instância,Encerrado,Trabalhista,
0012852-70.2017.5.15.0017,Pacaembu Construtora S/A,Claudio Fernando Bergamasco,Primeira Instância,Encerrado,Trabalhista,Adicional
0012862-17.2017.5.15.0017,Pacaembu Construtora S/A,Ricardo Junio Zago Vilela,Primeira Instância,Encerrado,Trabalhista,Adicional
0012143-70.2017.5.15.0070,Pacaembu Construtora S/A,Adenir Arruda,Primeira Instância,Encerrado,Trabalhista,
0002502-64.2017.5.22.0102,Pacaembu Construtora S/A,Reinaldo Rozeno dos Santos,Primeira Instância,Pendente,Trabalhista,
0011134-32.2017.5.15.0116,Pacaembu Construtora S/A,Bruno Sampaio Alcantara,Primeira Instância,Encerrado,Trabalhista,Adicional
0011135-17.2017.5.15.0116,Pacaembu Construtora S/A,Silas Santos de Moraes,Primeira Instância,Encerrado,Trabalhista,Adicional
1000209-21.2018.8.26.0066,Pacaembu Construtora S/A,Alessandro Sampaio Mioto ME,Segunda Instância,Encerrado,Processo Cíveis,Obrigações / Empreitada
0001601-35.2017.5.10.0101,Pacaembu Construtora S/A,Alaecio Ferreira Costa,Primeira Instância,Encerrado,Trabalhista,
0001508-49.2017.5.06.0371,Pacaembu Construtora S/A,Claudio Jose do Nascimento,Primeira Instância,Encerrado,Trabalhista,
0012158-26.2017.5.15.0042,Pacaembu Construtora S/A,Jefeter de Araujo,Primeira Instância,Encerrado,Trabalhista,
1001827-92.2017.5.02.0441,Pacaembu Construtora S/A,Luciano Farias Sampaio,Primeira Instância,Encerrado,Trabalhista,
0010988-88.2017.5.15.0116,Pacaembu Construtora S/A,Luis Fernando Lins de Albuquerque,Primeira Instância,Encerrado,Trabalhista,
0012024-05.2016.5.15.0116,Pacaembu Construtora S/A,Gustavo Lopes dos Santos,Primeira Instância,Encerrado,Trabalhista,Contrato Individual de Trabalho
1503493-90.2017.8.26.0073,Pacaembu Construtora S/A,Prefeitura Municipal de Avaré,Primeira Instância,Arquivado,Tributário,ISS - Imposto Sobre Serviços
1508290-72.2017.8.26.0344,AJ Comercial e Construtora Ltda.,Prefeitura do Município de Marília,Primeira Instância,Ativo,Cível,Execução Fiscal
0012020-59.2017.5.15.0042,Pacaembu Construtora S/A,Anatanael Souza dos Santos,Primeira Instância,Encerrado,Trabalhista,
0011735-11.2017.5.15.0028,Pacaembu Construtora S/A,Rodrigo de Freitas Barbosa,,Encerrado,Trabalhista,
0002322-48.2017.5.22.0102,Pacaembu Construtora S/A,Fernando Pereira dos Santos,Primeira Instância,Encerrado,Trabalhista,
1001119-27.2017.5.02.0252,Pacaembu Construtora S/A,Epitacio Carlos dos Santos Junior,Primeira Instância,Suspenso,Trabalhista,DIREITO DO TRABALHO
1060042-42.2017.8.26.0506,Pacaembu Construtora S/A,Departamento de Água e Esgoto de Ribeirão Preto,Segunda Instância,Arquivado,Tributário,Competência do Órgão Fiscalizador
0002302-57.2017.5.22.0102,Pacaembu Construtora S/A,Adão da Silva Santos,Primeira Instância,Encerrado,Trabalhista,
0002318-11.2017.5.22.0102,Pacaembu Construtora S/A,Raimundo Adenir Pindaiba Marques,Primeira Instância,Encerrado,Trabalhista,
0011191-96.2017.5.15.0036,Pacaembu Construtora S/A,Sinval Fernandes da Silva,Primeira Instância,Encerrado,Trabalhista,
0012267-62.2017.5.15.0067,Pacaembu Construtora S/A,Carla Mari Souza dos Reis,Primeira Instância,Encerrado,Trabalhista,
0016580-31.2017.5.16.0005,Pacaembu Construtora S/A,Enildo Barbosa Diniz,,Encerrado,Trabalhista,
0016576-91.2017.5.16.0005,Pacaembu Construtora S/A,Marcenilton Souza Rocha,Primeira Instância,Encerrado,Trabalhista,
0011166-83.2017.5.15.0036,Pacaembu Construtora S/A,Jose Alves de Melo,Primeira Instância,Encerrado,Trabalhista,
0011167-68.2017.5.15.0036,Pacaembu Construtora S/A,Janielson Carneiro da Silva,Primeira Instância,Encerrado,Trabalhista,
0011192-81.2017.5.15.0036,Pacaembu Construtora S/A,Adalto de Almeida Lopes,Primeira Instância,Encerrado,Trabalhista,
0011380-69.2017.5.15.0070,Pacaembu Construtora S/A,Benedito Teixeira da Silva,Primeira Instância,Encerrado,Trabalhista,
1058260-81.2017.8.26.0576,Pacaembu Construtora S/A,Carlos Donizeti Pereira,Segunda Instância,Encerrado,Processo Cíveis,Prestação de Serviço
1005872-61.2017.8.26.0073,Pacaembu Construtora S/A,Luis Carlos Cavalcante Celestino,Primeira Instância,Encerrado,Cível,
0011182-37.2017.5.15.0036,Pacaembu Construtora S/A,Denivaldo Almeida,Primeira Instância,Encerrado,Trabalhista,
0016581-16.2017.5.16.0005,Pacaembu Construtora S/A,Valber Marques Araujo,Primeira Instância,Encerrado,Trabalhista,
0016574-24.2017.5.16.0005,Pacaembu Construtora S/A,Julio Cesar Sousa,Primeira Instância,Encerrado,Trabalhista,
0016579-46.2017.5.16.0005,Pacaembu Construtora S/A,Givaldo dos Santos Correa,,Encerrado,Trabalhista,
0016577-76.2017.5.16.0005,Pacaembu Construtora S/A,Marcenildo Souza Rocha,Primeira Instância,Encerrado,Trabalhista,
0012240-36.2017.5.15.0049,Pacaembu Construtora S/A,David Juliano de Oliveira,Primeira Instância,Encerrado,Trabalhista,Adicional de Hora Extra
1005822-24.2017.8.26.0400,Aparecida Luzia Albano de Toledo,,Primeira Instância,Encerrado,Cível,
0011201-45.2017.5.15.0100,Pacaembu Construtora S/A,José Adriano Deodato dos Santos,Primeira Instância,Encerrado,Trabalhista,
0011186-76.2017.5.15.0100,Pacaembu Construtora S/A,Gilmar Vieira de Sales,Primeira Instância,Encerrado,Trabalhista,
0011101-89.2017.5.03.0176,Pacaembu Construtora S/A,Jonathan Henrique Santos Silva,Primeira Instância,Encerrado,Trabalhista,
0001195-60.2017.5.22.0107,Pacaembu Construtora S/A,Francisco da Rocha Carvalho,Primeira Instância,Encerrado,Trabalhista,
1014783-39.2017.8.26.0016,Victor Bassan de Almeida,Englishtown do Brasil Intermediações Ltda,Primeira Instância,Extinto com Resolução,Processo Cíveis,Cobrança indevida
0002206-42.2017.5.22.0102,Pacaembu Construtora S/A,Luis Santana Lima,Primeira Instância,Encerrado,Trabalhista,
0002211-64.2017.5.22.0102,Pacaembu Construtora S/A,Salvador Brito Lima,Primeira Instância,Encerrado,Trabalhista,
0002214-19.2017.5.22.0102,Pacaembu Construtora S/A,Pedro Nunes Ferreira Neto,Primeira Instância,Encerrado,Trabalhista,
0002278-29.2017.5.22.0102,Pacaembu Construtora S/A,Sidney Oliveira Pereira,Primeira Instância,Encerrado,Trabalhista,
0012383-30.2017.5.15.0015,Pacaembu Construtora S/A,Carlos Henrique de Souza,Primeira Instância,Encerrado,Trabalhista,
0010958-53.2017.5.15.0116,Pacaembu Construtora S/A,Marcos Rogerio de Almeida Alves,,Encerrado,Trabalhista,
0011067-65.2017.5.03.0063,Pacaembu Construtora S/A,Osmilton Silva Oliveira,,Encerrado,Trabalhista,
0012895-59.2016.5.15.0011,Pacaembu Construtora S/A,Valeria Cristina Ferreira da Silva,Primeira Instância,Encerrado,Trabalhista,
0012352-04.2017.5.15.0017,Pacaembu Construtora S/A,David Lucas Gomes,Primeira Instância,Encerrado,Trabalhista,
0011850-03.2017.5.15.0070,Pacaembu Construtora S/A,Adao Aparecido da Silva,Primeira Instância,Pendente,Trabalhista,Contrato Individual de Trabalho
1001953-85.2017.5.02.0072,Pacaembu Construtora S/A,Jheoaes Belo da Silva,Primeira Instância,Encerrado,Trabalhista,
0016471-17.2017.5.16.0005,Pacaembu Construtora S/A,Luis Carlos Sousa,Primeira Instância,Encerrado,Trabalhista,
0016413-14.2017.5.16.0005,Pacaembu Construtora S/A,Joao Marcone Carvalho Lopes,Primeira Instância,Encerrado,Trabalhista,
0016412-29.2017.5.16.0005,Pacaembu Construtora S/A,Jose Ferreira Braga,,Encerrado,Trabalhista,
0016482-46.2017.5.16.0005,Pacaembu Construtora S/A,Denildo de Jesus Reis e Reis,,Encerrado,Trabalhista,
0016425-28.2017.5.16.0005,Pacaembu Construtora S/A,Raimundo dos Santos Lima,,Encerrado,Trabalhista,
0016408-89.2017.5.16.0005,Pacaembu Construtora S/A,Janailson Costa Frazao,Primeira Instância,Pendente,Trabalhista,
0012548-29.2017.5.15.0031,Pacaembu Construtora S/A,Jose Henrique de Oliveira Alves,,Encerrado,Trabalhista,
0012547-44.2017.5.15.0031,Pacaembu Construtora S/A,Joao Vitor Alves,Primeira Instância,Encerrado,Trabalhista,
0016414-96.2017.5.16.0005,Pacaembu Construtora S/A,Frank David Reis,Primeira Instância,Encerrado,Trabalhista,
0016422-73.2017.5.16.0005,Pacaembu Construtora S/A,VALBER PINHEIRO SILVA,,Encerrado,Trabalhista,
0016423-58.2017.5.16.0005,Pacaembu Construtora S/A,Genivaldo Pinheiro,Primeira Instância,Encerrado,Trabalhista,
0012546-59.2017.5.15.0031,Pacaembu Construtora S/A,Mateus Mascarello,Primeira Instância,Encerrado,Trabalhista,
0012240-35.2017.5.15.0017,Pacaembu Construtora S/A,Alex Ricardo Pimentel,Primeira Instância,Encerrado,Trabalhista,
0011060-73.2017.5.03.0063,Pacaembu Construtora S/A,Josimar Silva Oliveira do Nascimento,,Encerrado,Trabalhista,
0016411-44.2017.5.16.0005,Pacaembu Construtora S/A,Fredison Costa Frazao,,Encerrado,Trabalhista,
0016503-22.2017.5.16.0005,Pacaembu Construtora S/A,Genildo de Jesus Reis e Reis,Primeira Instância,Encerrado,Trabalhista,
0016485-98.2017.5.16.0005,Pacaembu Construtora S/A,Lenildo Pereira e Pereira,Primeira Instância,Encerrado,Trabalhista,
0010598-21.2017.5.15.0116,Pacaembu Construtora S/A,Aline Vanessa de Carvalho,Primeira Instância,Encerrado,Trabalhista,
0011750-37.2017.5.15.0106,Pacaembu Construtora S/A,José Marcelo Pereira Alves,Primeira Instância,Encerrado,Trabalhista,
0011753-89.2017.5.15.0106,Pacaembu Construtora S/A,Deuzimar Rodrigues da Silva,Primeira Instância,Encerrado,Trabalhista,
0101818-11.2017.5.01.0401,Pacaembu Construtora S/A,Claudio Alberto Rodrigues Brum,Primeira Instância,Encerrado,Trabalhista,
0012311-36.2017.5.15.0082,Pacaembu Construtora S/A,Klebeano dos Santos Ferreira,Primeira Instância,Encerrado,Trabalhista,
0011163-31.2017.5.15.0036,Pacaembu Construtora S/A,José Cícero dos Santos Silva,Primeira Instância,Encerrado,Trabalhista,
0011164-16.2017.5.15.0036,Pacaembu Construtora S/A,José da Silva Oliveira,Primeira Instância,Encerrado,Trabalhista,
0011106-91.2017.5.15.0107,Pacaembu Construtora S/A,Milton de Jesus Santos,Primeira Instância,Encerrado,Trabalhista,Adicional
0011045-36.2017.5.15.0107,Pacaembu Construtora S/A,Everton Perpétuo dos Santos,Primeira Instância,Encerrado,Trabalhista,
0011103-39.2017.5.15.0107,Pacaembu Construtora S/A,Marlene Carvalho de Brito Camelo,Primeira Instância,Encerrado,Trabalhista,
5000504-12.2017.4.03.6108,Pacaembu Construtora S/A,Delegado da Receita Federal do Brasil em Bauru Sp,Segunda Instância,Ativo,Tributário,FINSOCIAL - Contribuição Social
0011342-57.2017.5.15.0070,Pacaembu Construtora S/A,Daniel Henrique Franca,Primeira Instância,Encerrado,Trabalhista,
0012302-75.2017.5.15.0017,Pacaembu Construtora S/A,Marcia Marciano,Primeira Instância,Encerrado,Trabalhista,Acidente de Trabalho
0011717-90.2017.5.15.0027,Pacaembu Construtora S/A,Ricardo Aparecido Costa Silva,Primeira Instância,Encerrado,Trabalhista,
0016308-37.2017.5.16.0005,Pacaembu Construtora S/A,Moisses da Hora Rodrigues,Primeira Instância,Encerrado,Trabalhista,
0010431-04.2017.5.15.0116,Pacaembu Construtora S/A,Lucas Gabriel D Abronzo,Primeira Instância,Encerrado,Trabalhista,
0011210-07.2017.5.15.0100,Pacaembu Construtora S/A,Mauro Lúcio Bezerra,Primeira Instância,Encerrado,Trabalhista,Aviso Prévio
0012871-31.2016.5.15.0011,Pacaembu Construtora S/A,Marcia Helena Chiavegatti da Silva,Primeira Instância,Encerrado,Trabalhista,
0010754-09.2017.5.15.0116,Pacaembu Construtora S/A,Diego Augusto Silva,Primeira Instância,Encerrado,Trabalhista,
0011177-15.2017.5.15.0036,Pacaembu Construtora S/A,José Antônio Pereira,Primeira Instância,Encerrado,Trabalhista,
1048393-80.2017.8.26.0506,Pacaembu Construtora S/A,Superintendente do Departamento de Água e Esgotos de Ribeirão Preto-daerp,,Encerrado,Processo Cíveis,Suspensão da Exigibilidade
0011362-52.2017.5.15.0101,Pacaembu Construtora S/A,José Roberto Mendes,Primeira Instância,Encerrado,Trabalhista,
0010203-53.2017.5.15.0011,Pacaembu Construtora S/A,Ricardo Juliano Fernandes Andreassa,Primeira Instância,Encerrado,Trabalhista,Adicional
0010748-02.2017.5.15.0116,Pacaembu Construtora S/A,Willian Guilherme Silva,Primeira Instância,Encerrado,Trabalhista,
0010751-54.2017.5.15.0116,Pacaembu Construtora S/A,Willian Guilherme Silva,Primeira Instância,Encerrado,Trabalhista,
1001451-63.2017.5.02.0714,Pacaembu Construtora S/A,Weber Bragança,Primeira Instância,Encerrado,Trabalhista,
1051981-79.2017.8.26.0576,Pacaembu Construtora S/A,Olival Tavares de Souza Filho,Primeira Instância,Arquivado,Processo Cíveis,Indenização por Danos Morais e Materiais
0022625-84.2017.8.26.0405,Atlanta Construções Comercio e Empreendimentos Ltda,Condomínio Recanto das Flores,Primeira Instância,Arquivado - não Pacaembu,Processo Cível,Indenização por Dano Material
5002831-45.2017.4.03.6102,Pacaembu Construtora S/A,Valter Barreto da Silva,Primeira Instância,Encerrado,Processo Cíveis,Indenização por Danos Morais e Materiais
1001677-22.2017.5.02.0018,Pacaembu Construtora S/A,Leonardo Ferreira de Souza,Primeira Instância,Encerrado,Trabalhista,
0010589-59.2017.5.15.0116,Pacaembu Construtora S/A,Heliton dos Santos Souza,Primeira Instância,Encerrado,Trabalhista,
0001675-53.2017.5.22.0102,Pacaembu Construtora S/A,José Carlos Lima dos Santos,Primeira Instância,Encerrado,Trabalhista,
0010408-58.2017.5.15.0116,Pacaembu Construtora S/A,Francisco Pereira Filho,Primeira Instância,Encerrado,Trabalhista,
0001891-14.2017.5.22.0102,Pacaembu Construtora S/A,Rander Pereira Marques,Primeira Instância,Encerrado,Trabalhista,
0010760-71.2017.5.03.0141,Pacaembu Construtora S/A,Alexandre de Souza Nunes,Primeira Instância,Encerrado,Trabalhista,
0010761-56.2017.5.03.0141,Pacaembu Construtora S/A,Valdiney Felipe Oliveira,Primeira Instância,Encerrado,Trabalhista,
0000869-94.2017.5.22.0109,Pacaembu Construtora S/A,Maria da Paz Osternes Araujo Ferreira,Primeira Instância,Encerrado,Trabalhista,
0011435-49.2017.5.15.0028,Pacaembu Construtora S/A,Rodrigo de Freitas Barbosa,Primeira Instância,Encerrado,Trabalhista,
0017656-27.2016.5.16.0005,Pacaembu Construtora S/A,Evandro Correa Guedes,Primeira Instância,Encerrado,Trabalhista,
0017644-13.2016.5.16.0005,Pacaembu Construtora S/A,Jachson Carlos Perreira,Primeira Instância,Encerrado,Trabalhista,
0017377-41.2016.5.16.0005,Pacaembu Construtora S/A,Jose Domingos Sousa,Primeira Instância,Encerrado,Trabalhista,
0017657-12.2016.5.16.0005,Pacaembu Construtora S/A,Raimundo Sergio Menezes Pereira,Primeira Instância,Encerrado,Trabalhista,
0017661-49.2016.5.16.0005,Pacaembu Construtora S/A,Claudio Marcio Pacheco,Primeira Instância,Encerrado,Trabalhista,
1001543-41.2017.5.02.0714,Pacaembu Construtora S/A,Luiz Gonzaga Lopes Dias,Primeira Instância,Encerrado,Trabalhista,
1017204-85.2017.8.26.0344,Pacaembu Construtora S/A,Ana Carolina do Carmo Pereira,Primeira Instância,Encerrado,Cível,Taxa de Evolução de Obra/Revisional
0017653-72.2016.5.16.0005,Pacaembu Construtora S/A,Jobson Claudio Pacheco,Primeira Instância,Encerrado,Trabalhista,
0017645-95.2016.5.16.0005,Pacaembu Construtora S/A,Nataniel dos Santos Ribeiro,Primeira Instância,Encerrado,Trabalhista,
0017662-34.2016.5.16.0005,Pacaembu Construtora S/A,Tarley Cesar Ferreira Soares,Primeira Instância,Encerrado,Trabalhista,
0016051-12.2017.5.16.0005,Pacaembu Construtora S/A,Tarley Cesar Ferreira Soares,Primeira Instância,Encerrado,Trabalhista,
0017659-79.2016.5.16.0005,Pacaembu Construtora S/A,Domingos Adelson Chagas Barbosa,Primeira Instância,Encerrado,Trabalhista,
0017678-85.2016.5.16.0005,Pacaembu Construtora S/A,Daniel Cruz Dias,Primeira Instância,Encerrado,Trabalhista,
0017660-64.2016.5.16.0005,Pacaembu Construtora S/A,Raimundo José Soares,Primeira Instância,Encerrado,Trabalhista,
0016045-05.2017.5.16.0005,Pacaembu Construtora S/A,Tarley Cesar Ferreira Soares,Primeira Instância,Encerrado,Trabalhista,
001228-94.2017.5.15.0025,Pacaembu Construtora S/A,Lucas Roberto de Almeida,Primeira Instância,Encerrado,Trabalhista,
0010308-30.2017.5.15.0011,Pacaembu Construtora S/A,Drieli Lima da Silva,Primeira Instância,Encerrado,Trabalhista,
0011369-11.2017.5.15.0015,Pacaembu Construtora S/A,Osmar Chaim Júnior,Primeira Instância,Encerrado,Trabalhista,
0012460-70.2016.5.15.0113,Pacaembu Construtora S/A,Adenilson Sousa da Silva,Primeira Instância,Encerrado,Trabalhista,Contrato Individual de Trabalho
1001209-95.2017.5.02.0232,Pacaembu Construtora S/A,Osvaldino Rodrigues Cardoso,Primeira Instância,Encerrado,Trabalhista,
0001622-72.2017.5.22.0102,Pacaembu Construtora S/A,Manoel Ribeiro Soares,Primeira Instância,Encerrado,Trabalhista,
0012875-68.2016.5.15.0011,Pacaembu Construtora S/A,Patricia Helena Pereira,Primeira Instância,Encerrado,Trabalhista,
0012877-38.2016.5.15.0011,Pacaembu Construtora S/A,Vera Lúcia de Paula,Primeira Instância,Encerrado,Trabalhista,
0012937-11.2016.5.15.0011,Pacaembu Construtora S/A,Eliane Victorio,Primeira Instância,Encerrado,Trabalhista,
0012861-84.2016.5.15.0011,Pacaembu Construtora S/A,Conceição de Maria Pereira do Nascimento,Primeira Instância,Encerrado,Trabalhista,
0012873-98.2016.5.15.0011,Pacaembu Construtora S/A,Márcia Pereira de Macedo,Primeira Instância,Encerrado,Trabalhista,
0010271-03.2017.5.15.0011,Pacaembu Construtora S/A,Cristiane Victorio,Primeira Instância,Encerrado,Trabalhista,
0010091-84.2017.5.15.0011,Pacaembu Construtora S/A,Horácio Ventura Neto,Primeira Instância,Encerrado,Trabalhista,
0010477-17.2017.5.15.0011,Pacaembu Construtora S/A,Maria Cristina Epifanio,Primeira Instância,Encerrado,Trabalhista,
0012859-17.2016.5.15.0011,Pacaembu Construtora S/A,Amanda Feitosa de Lima,Primeira Instância,Encerrado,Trabalhista,
0006511-16.2017.8.26.0132,Pacaembu Construtora S/A,Maria Pereira,Primeira Instância,Encerrado,Cível,Obrigações / Espécies de Contrato
0001577-68.2017.5.22.0102,Pacaembu Construtora S/A,Euclides Campos Costa,Primeira Instância,Encerrado,Trabalhista,
0001582-90.2017.5.22.0102,Pacaembu Construtora S/A,Edinho da Silva Santos,Primeira Instância,Encerrado,Trabalhista,
0017614-93.2017.5.16.0020,Pacaembu Construtora S/A,Júlio Alves de Moraes,Primeira Instância,Encerrado,Trabalhista,
0001585-45.2017.5.22.0102,Pacaembu Construtora S/A,Dilmo de Souza,Primeira Instância,Encerrado,Trabalhista,
1003414-89.2017.8.26.0358,Pacaembu Construtora S/A,Sergio Marques Mendonça,Primeira Instância,Encerrado,Processo Cíveis,Obrigações / Espécies de Contrato
1037591-07.2017.8.26.0576,Pacaembu Construtora S/A,J.a. de Alcântara Neto Me,Primeira Instância,Extinto com Resolução,Processo Cíveis,Obrigações / Espécies de Contrato
0011684-33.2017.5.15.0017,Pacaembu Construtora S/A,Agnaldo Antônio Perez Nogueira,Primeira Instância,Ativo,Trabalhista,DIREITO DO TRABALHO
0011698-17.2017.5.15.0017,Pacaembu Construtora S/A,Miguel Marcelo Passarini,Primeira Instância,Encerrado,Trabalhista,Adicional de Hora Extra
0011523-47.2017.5.15.0106,Pacaembu Construtora S/A,Valdinei Pereira Barros,Primeira Instância,Encerrado,Trabalhista,
0011384-38.2017.5.15.0028,Pacaembu Construtora S/A,Luiz Carlos da Cruz,Primeira Instância,Encerrado,Trabalhista,
0011337-64.2017.5.15.0028,Pacaembu Construtora S/A,Pedro Franca,Primeira Instância,Encerrado,Trabalhista,
0011725-67.2017.5.15.0027,Pacaembu Construtora S/A,Carlos Alberto Pereira da Silva,Primeira Instância,Encerrado,Trabalhista,
5002195-79.2017.4.03.6102,Pacaembu Construtora S/A,Marcio Santos e outro,Primeira Instância,Encerrado,Processo Cíveis,Indenização por Danos Morais e Materiais
1001368-17.2017.5.02.0045,Pacaembu Construtora S/A,José Gabriel Ferreira da Silva,Primeira Instância,Encerrado,Trabalhista,
0001436-49.2017.5.22.0102,Pacaembu Construtora S/A,Genivaldo dos Santos Paes Landim,Primeira Instância,Encerrado,Trabalhista,
1000590-54.2017.5.02.0075,Pacaembu Construtora S/A,Mauro Correia de Jesus Júnior,Primeira Instância,Encerrado,Trabalhista,
0001423-50.2017.5.22.0102,Pacaembu Construtora S/A,Narcilio de Assis Brito,Primeira Instância,Encerrado,Trabalhista,
0011036-05.2017.5.15.0033,Pacaembu Construtora S/A,Aniele de Oliveira Marcelino,Primeira Instância,Encerrado,Trabalhista,
0011430-09.2017.5.15.0131,Pacaembu Construtora S/A,Matheus Vinicius de Souza Silva,Primeira Instância,Encerrado,Trabalhista,
0011187-68.2017.5.15.0033,Pacaembu Construtora S/A,Rogimar Trevizol,Primeira Instância,Encerrado,Trabalhista,
0012697-22.2016.5.15.0011,Pacaembu Construtora S/A,Eleni Pereira,Primeira Instância,Encerrado,Trabalhista,
0010306-24.2017.5.15.0120,Pacaembu Construtora S/A,Leandro Alves Cangerano,Primeira Instância,Encerrado,Trabalhista,
0001382-83.2017.5.22.0102,Pacaembu Construtora S/A,Rafael de Jesus Santos,Primeira Instância,Encerrado,Trabalhista,
0001093-53.2017.5.22.0102,Pacaembu Construtora S/A,Osmar Rodrigues Soares,Primeira Instância,Encerrado,Trabalhista,
0001294-45.2017.5.22.0102,Pacaembu Construtora S/A,Juraci Viana dos Santos,Primeira Instância,Encerrado,Trabalhista,
0010223-20.2017.5.15.0116,Pacaembu Construtora S/A,Paloma Cristina do Espírito Santo,Primeira Instância,Encerrado,Trabalhista,
0010291-67.2017.5.15.0116,Pacaembu Construtora S/A,Marcos Aparecido Bueno dos Santos,Primeira Instância,Encerrado,Trabalhista,
0012777-83.2016.5.15.0011,Pacaembu Construtora S/A,Carlos José dos Santos Lopes,Primeira Instância,Encerrado,Trabalhista,
0011910-55.2017.5.15.0076,Pacaembu Construtora S/A,Alessandro da Silva Brito,Primeira Instância,Encerrado,Trabalhista,
0005325-55.2017.8.26.0132,Pacaembu Construtora S/A,Edmila Moreira Vieira,Primeira Instância,Encerrado,Cível,Obrigações / Espécies de Contrato
0011464-05.2017.5.15.0027,Pacaembu Construtora S/A,Remerson José Marques,Primeira Instância,Encerrado,Trabalhista,
0010397-56.2017.5.15.0107,Pacaembu Construtora S/A,José Ricardo de Sousa Cruz,Primeira Instância,Encerrado,Trabalhista,
0013002-06.2016.5.15.0011,Pacaembu Construtora S/A,Michele Regina Ribeiro da Silva,Primeira Instância,Encerrado,Trabalhista,
0010186-17.2017.5.15.0011,Pacaembu Construtora S/A,Martin Cesar de Freitas,Primeira Instância,Encerrado,Trabalhista,
0013070-53.2016.5.15.0011,Pacaembu Construtora S/A,Camila Rodrigues de Lima,Primeira Instância,Encerrado,Trabalhista,
0010132-27.2017.5.15.0116,Pacaembu Construtora S/A,Michele Francisca dos Santos,Primeira Instância,Encerrado,Trabalhista,
0011186-94.2017.5.15.0094,Pacaembu Construtora S/A,Walison da Silva Lima,Primeira Instância,Encerrado,Trabalhista,
1502564-20.2017.8.26.0344,AJ Comercial e Construtora Ltda.,Prefeitura do Município de Marília,Primeira Instância,Ativo,Processo Cível,Execução Fiscal
0010399-26.2017.5.15.0107,Pacaembu Construtora S/A,Alex Lopes,Primeira Instância,Encerrado,Trabalhista,
0011224-13.2017.5.15.0028,Pacaembu Construtora S/A,Adilson de Mattos,Primeira Instância,Encerrado,Trabalhista,Abrangência da Condenação
0011137-09.2017.5.15.0044,Pacaembu Construtora S/A,Antônio Ferreira Silva Neto,Primeira Instância,Encerrado,Trabalhista,
1000767-97.2017.5.02.0081,Pacaembu Construtora S/A,Cardy André Louis,Primeira Instância,Encerrado,Trabalhista,
0011188-50.2017.5.15.0131,Pacaembu Construtora S/A,Diego Fernandes Carreira,Primeira Instância,Encerrado,Trabalhista,
0011140-82.2017.5.15.0037,Pacaembu Construtora S/A,Carlos Alberto Pereira da Silva,Primeira Instância,Encerrado,Trabalhista,
0137700-86.2006.5.15.0059,Construtora Riachuelo Ltda.,Ana Carla de Moraes Lustosa,Primeira Instância,Encerrado,Trabalhista,
0010787-40.2017.5.15.0070,Pacaembu Construtora S/A,Jair de Almeida,Primeira Instância,Encerrado,Trabalhista,
0010921-15.2017.5.15.0152,Pacaembu Construtora S/A,Joza Simplicio da Silva,Primeira Instância,Encerrado,Trabalhista,
0010750-18.2017.5.15.0133,Pacaembu Construtora S/A,José Nilton Silva,Primeira Instância,Pendente,Trabalhista,Acordo e Convenção Coletivos de Trabalho
0011154-45.2017.5.15.0044,Pacaembu Construtora S/A,Elidio Lopes de Oliveira,Primeira Instância,Encerrado,Trabalhista,
0010751-03.2017.5.15.0133,Pacaembu Construtora S/A,Valentim Aparecido Nogueira,Primeira Instância,Pendente,Trabalhista,Acordo e Convenção Coletivos de Trabalho
0011109-89.2017.5.15.0028,Pacaembu Construtora S/A,Maiara Francisco Silva,Primeira Instância,Encerrado,Trabalhista,
0011208-59.2017.5.15.0028,Pacaembu Construtora S/A,Johnathan Willian Perpétuo Rossi,Primeira Instância,Encerrado,Trabalhista,
0004168-47.2017.8.26.0132,Pacaembu Construtora S/A,Edmila Moreira Vieira,Primeira Instância,Encerrado,Cível,Indenização por Danos Morais
0010915-25.2017.5.15.0017,Pacaembu Construtora S/A,Joseano Givaldo do Nascimento,Primeira Instância,Encerrado,Trabalhista,
0010905-90.2017.5.15.0110,Pacaembu Construtora S/A,Clelio Aparecido Costa,Primeira Instância,Encerrado,Trabalhista,
0000438-81.2017.5.22.0102,Pacaembu Construtora S/A,Jose Ferreira dos Santos,Primeira Instância,Encerrado,Trabalhista,
0011107-25.2017.5.15.0027,Pacaembu Construtora S/A,Flávio de Souza Cruz,Primeira Instância,Encerrado,Trabalhista,
0012468-62.2016.5.15.0011,Pacaembu Construtora S/A,Mauro Sergio Henrique da Silva,Primeira Instância,Encerrado,Trabalhista,
1001009-98.2017.5.02.0067,Pacaembu Construtora S/A,Osvaldino Rodrigues Cardoso,Primeira Instância,Encerrado,Trabalhista,
0004398-49.2016.4.03.6324,Pacaembu Construtora S/A,Thabata Borges Rodrigues,Segunda Instância,Encerrado,Processo Cíveis,Taxa de Evolução de Obra/Revisional
0000577-33.2017.5.22.0102,Pacaembu Construtora S/A,Diego dos Santos de Souza,Primeira Instância,Encerrado,Trabalhista,
0012190-83.2016.5.15.0133,Pacaembu Construtora S/A,Silvana Bento da Cruz,Primeira Instância,Encerrado,Trabalhista,
0012456-48.2016.5.15.0011,Pacaembu Construtora S/A,Marcos Luiz Lopes,Primeira Instância,Encerrado,Trabalhista,
0012467-77.2016.5.15.0011,Pacaembu Construtora S/A,Damião Henrique da Silva,Primeira Instância,Encerrado,Trabalhista,
0010578-84.2017.5.15.0098,Pacaembu Construtora S/A,Cezar Augusto Pereira,Primeira Instância,Encerrado,Trabalhista,
0010982-25.2017.5.15.0070,Pacaembu Construtora S/A,Luiz Vicente Hernandez,Primeira Instância,Encerrado,Trabalhista,Adicional
1000808-08.2017.5.02.0714,Pacaembu Construtora S/A,Weber Bragança,Primeira Instância,Encerrado,Trabalhista,
0012489-38.2016.5.15.0011,Pacaembu Construtora S/A,Luiz Augusto Batista de Oliveira Júnior,Primeira Instância,Encerrado,Trabalhista,
0010012-69.2017.5.15.0120,Pacaembu Construtora S/A,Adriano Trindade Carregari,Primeira Instância,Encerrado,Trabalhista,
0010966-71.2017.5.15.0070,Pacaembu Construtora S/A,Roseli Alcântara,Primeira Instância,Encerrado,Trabalhista,
0011133-23.2017.5.15.0027,Pacaembu Construtora S/A,Marcio Belline Morais de Oliveira,Primeira Instância,Encerrado,Trabalhista,
0000436-14.2017.5.22.0102,Pacaembu Construtora S/A,Mauricio dos Santos Silva,Primeira Instância,Encerrado,Trabalhista,
0012062-63.2016.5.15.0133,Pacaembu Construtora S/A,Leonildo dos Santos Silva,Primeira Instância,Encerrado,Trabalhista,
0010753-30.2017.5.15.0017,Pacaembu Construtora S/A,Clodoaldo Ferreira Mello,Primeira Instância,Encerrado,Trabalhista,
0013581-50.2016.5.15.0076,Pacaembu Construtora S/A,Ronilson Batista de Amorim,Primeira Instância,Encerrado,Trabalhista,
1000922-65.2017.5.02.0028,Pacaembu Construtora S/A,Gecivaldo da Silva,Primeira Instância,Encerrado,Trabalhista,
0013579-80.2016.5.15.0076,Pacaembu Construtora S/A,Francisco de Canindé Martins de Oliveira,Primeira Instância,Encerrado,Trabalhista,
0000224-90.2017.5.22.0102,Pacaembu Construtora S/A,Gean de Barros Farias,Primeira Instância,Encerrado,Trabalhista,
0000212-76.2017.5.22.0102,Pacaembu Construtora S/A,Gean de Barros Farias,Primeira Instância,Encerrado,Trabalhista,
0005450-02.2017.8.26.0624,Pacaembu Construtora S/A,Deonice de Meira,,Encerrado,,Indenização por Danos Morais
0012870-68.2017.8.26.0071,Pacaembu Construtora S/A,Helio Aparecido Godoy,Segunda Instância,Encerrado,Processo Cíveis,Ação Civil de Improbidade Administrativa
1056144-75.2017.8.26.0100,Pacaembu Construtora S/A,Quality Serviços de Pinturas Ltda,Primeira Instância,Ativo,Cível,Ação de cobrança
0010737-43.2017.5.15.0028,Pacaembu Construtora S/A,Edimauro Donizetti Moura Castro,Primeira Instância,Ativo,Trabalhista,Adicional
1000608-38.2017.5.02.0443,Pacaembu Construtora S/A,Manoel Francisco da Silva,Primeira Instância,Encerrado,Trabalhista,
0002098-47.2016.5.22.0102,Pacaembu Construtora S/A,Jenilson Francisco dos Santos,Primeira Instância,Encerrado,Trabalhista,
0010246-63.2017.5.15.0116,Pacaembu Construtora S/A,Israel Ferreira Carneiro,Primeira Instância,Encerrado,Trabalhista,
0010183-38.2017.5.15.0116,Pacaembu Construtora S/A,Marcimilia Correa de Souza,Primeira Instância,Encerrado,Trabalhista,Ajuda / Tíquete Alimentação
0010138-34.2017.5.15.0116,Pacaembu Construtora S/A,Michele Francisca dos Santos,Primeira Instância,Encerrado,Trabalhista,
0011298-58.2017.5.15.0031,Pacaembu Construtora S/A,Maria Dias de Oliveira,Primeira Instância,Encerrado,Trabalhista,
1000642-53.2016.8.26.0047,Pacaembu Construtora S/A,Luiz Alberto de Souza,Primeira Instância,Encerrado,Cível,Usucapião Extraordinário
1056132-61.2017.8.26.0100,Pacaembu Construtora S/A,Quality Serviços de Pinturas Ltda,Primeira Instância,Ativo,Cível,Ação de cobrança
0011711-84.2016.5.15.0135,Pacaembu Construtora S/A,Washington Cruz Carvalho Rocha,Primeira Instância,Encerrado,Trabalhista,
0000155-58.2017.5.22.0102,Pacaembu Construtora S/A,Alaércio Rocha Cavalcante,Primeira Instância,Encerrado,Trabalhista,
0010883-55.2017.5.15.0070,Pacaembu Construtora S/A,Nelson Roberto Lopes das Neves,Primeira Instância,Encerrado,Trabalhista,Adicional
0000227-45.2017.5.22.0102,Pacaembu Construtora S/A,Adão da Silva Santos,Primeira Instância,Encerrado,Trabalhista,
0002661-41.2016.5.22.0102,Pacaembu Construtora S/A,Edson Campos Costa Filho,Primeira Instância,Encerrado,Trabalhista,
0010411-11.2017.5.03.0063,Pacaembu Construtora S/A,Lougans Henrique Santos Silva,Primeira Instância,Encerrado,Trabalhista,
0011852-96.2016.5.15.0008,Pacaembu Construtora S/A,Maicon Henrique Barboza Idres,Primeira Instância,Encerrado,Trabalhista,
0012896-44.2016.5.15.0011,Pacaembu Construtora S/A,Roberson Luis de Macedo,Primeira Instância,Encerrado,Trabalhista,
0012938-93.2016.5.15.0011,Pacaembu Construtora S/A,Caio Augusto Francisco de Souza,Primeira Instância,Encerrado,Trabalhista,
0010751-27.2017.5.15.0028,Pacaembu Construtora S/A,José Inácio Muller,Primeira Instância,Encerrado,Trabalhista,
1000635-27.2017.5.02.0441,Pacaembu Construtora S/A,Alvino de Oliveira,Primeira Instância,Encerrado,Trabalhista,
0010423-25.2017.5.03.0063,Pacaembu Construtora S/A,Daniel Lima Sousa,Primeira Instância,Encerrado,Trabalhista,
0012870-46.2016.5.15.0011,Pacaembu Construtora S/A,Lívia Aparecida Ribeiro,Primeira Instância,Encerrado,Trabalhista,
0002553-05.2017.4.03.6111,Pacaembu Construtora S/A,Lucas Ferraz Fumero,Segunda Instância,Encerrado,Processo Cíveis,Taxa de Evolução de Obra/Revisional
0010754-31.2017.5.15.0044,Pacaembu Construtora S/A,Ivanildo de Lima Souza,Primeira Instância,Encerrado,Trabalhista,
1000638-79.2017.5.02.0441,Pacaembu Construtora S/A,Luciano Farias Sampaio,Primeira Instância,Encerrado,Trabalhista,
0012866-09.2016.5.15.0011,Pacaembu Construtora S/A,Edmara de lima Silva,Primeira Instância,Encerrado,Trabalhista,
0012874-83.2016.5.15.0011,Pacaembu Construtora S/A,Maria Aparecida Alves Zanquetta,Primeira Instância,Encerrado,Trabalhista,
1009296-74.2017.8.26.0344,Pacaembu Construtora S/A,Adriano Piovan,Segunda Instância,Arquivado,Cível,Indenização por Danos Morais e Materiais
1008913-96.2017.8.26.0344,Pacaembu Construtora S/A,Rosana de Barros Moizés,Segunda Instância,Extinto com Resolução,Processo Cíveis,Taxa de Evolução de Obra/Revisional
0012334-61.2016.5.15.0067,Pacaembu Construtora S/A,Marcela Luiza Guimarães,Primeira Instância,Encerrado,Trabalhista,
0011712-69.2016.5.15.0135,Pacaembu Construtora S/A,Bruno Tomaz Henrique de Oliveira,Primeira Instância,Encerrado,Trabalhista,
0000154-73.2017.5.22.0102,Pacaembu Construtora S/A,Leandro Santos Brito,Primeira Instância,Encerrado,Trabalhista,
0000646-50.2017.5.22.0107,Pacaembu Construtora S/A,Juvenal de Sousa,Primeira Instância,Encerrado,Trabalhista,
1003912-02.2017.8.26.0322,Pacaembu Construtora S/A,"Irmãos Nonato - Comércio de Materiais Elétricos e Hidráulicos, Prestação de Serviços e Locações Ltda",Primeira Instância,Encerrado,Processo Cíveis,Obrigações / Empreitada
0002291-55.2017.4.03.6111,Pacaembu Construtora S/A,Rafaela dos Santos,Segunda Instância,Encerrado,Processo Cíveis,Taxa de Evolução de Obra/Revisional
0010033-62.2017.5.15.0082,Pacaembu Construtora S/A,Elias da Silva Pereira,Primeira Instância,Encerrado,Trabalhista,
0010893-02.2017.5.15.0070,Pacaembu Construtora S/A,Marcio Roberto dos Santos Rocha,Primeira Instância,Ativo,Trabalhista,Adicional
0013613-97.2016.5.15.0062,Pacaembu Construtora S/A,Luiz Antônio da Silva,Primeira Instância,Pendente,Trabalhista,DIREITO DO TRABALHO
0013617-37.2016.5.15.0062,Pacaembu Construtora S/A,Bruno da Silva Frutuoso,Primeira Instância,Pendente,Trabalhista,DIREITO DO TRABALHO
0000113-09.2017.5.22.0102,Pacaembu Construtora S/A,Igor Ribeiro de Carvalho,Primeira Instância,Encerrado,Trabalhista,
0000147-81.2017.5.22.0102,Pacaembu Construtora S/A,Galberto Campos Costa,Primeira Instância,Encerrado,Trabalhista,
0000097-55.2017.5.22.0102,Pacaembu Construtora S/A,Adailton do Nascimento Santos,Primeira Instância,Encerrado,Trabalhista,
0000092-33.2017.5.22.0102,Pacaembu Construtora S/A,Alessandro da Silva Santos,Primeira Instância,Encerrado,Trabalhista,
0000091-48.2017.5.22.0102,Pacaembu Construtora S/A,João Ferreira dos Santos Neto,Primeira Instância,Encerrado,Trabalhista,
0010827-03.2017.5.15.0044,Pacaembu Construtora S/A,Marcelo Tobias de Aguiar,Primeira Instância,Encerrado,Trabalhista,
0012876-53.2016.5.15.0011,Pacaembu Construtora S/A,Raquel Fernandes da Silva,Primeira Instância,Encerrado,Trabalhista,
0017365-27.2016.5.16.0005,Pacaembu Construtora S/A,Edeilson Silva,Primeira Instância,Pendente,Trabalhista,
0012653-20.2016.5.15.0070,Pacaembu Construtora S/A,Ronaldo Raimundo,1,Pendente,Trabalhista,Adicional
0010279-11.2017.5.15.0033,Pacaembu Construtora S/A,João Rodrigues Santos,Primeira Instância,Encerrado,Trabalhista,
1019552-59.2017.8.26.0576,Pacaembu Construtora S/A,Willians Rodrigues Pereira Morales,Segunda Instância,Arquivado,Processo Cíveis,Taxa de Evolução de Obra/Revisional
1007460-66.2017.8.26.0344,Padre Nobrega Empreendimentos Imobiliários SPE Ltda.,Edilson Vicenzoto (criar nova pessoa jurÃ­dica),,Encerrado,Cível,Taxa de Evolução de Obra/Revisional
1000725-43.2017.5.02.0018,Pacaembu Construtora S/A,Reinam Santos Nery,Primeira Instância,Encerrado,Trabalhista,
0017368-79.2016.5.16.0005,Pacaembu Construtora S/A,Edriano Amaral da Costa,Primeira Instância,Encerrado,Trabalhista,
96422018,Wilson de Almeida Junior,Dálvaro Girotto,,Cancelado,,
0002509-90.2016.5.22.0102,Pacaembu Construtora S/A,Vilmar de Castro Santos,Primeira Instância,Encerrado,Trabalhista,
0002427-59.2016.5.22.0102,Pacaembu Construtora S/A,Leandro Santos Brito,Primeira Instância,Encerrado,Trabalhista,
0010776-89.2017.5.15.0044,Pacaembu Construtora S/A,Elidio Lopes de Oliveira,Primeira Instância,Encerrado,Trabalhista,
0012819-54.2015.5.15.0016,Pacaembu Construtora S/A,João Carlos de Araújo Melo,Primeira Instância,Encerrado,Trabalhista,Acúmulo de Função
0013428-06.2016.5.15.0015,Pacaembu Construtora S/A,José Marcos da Silva,Primeira Instância,Encerrado,Trabalhista,
0000283-85.2017.5.13.0019,Pacaembu Construtora S/A,Eronildo Simão,Primeira Instância,Encerrado,Trabalhista,
0010764-94.2017.5.15.0070,Pacaembu Construtora S/A,Adriano dos Santos Eduardo,Primeira Instância,Encerrado,Trabalhista,
0009859-70.2006.8.26.0506,Agropecuária Anel Viário S/A,Vianorte S/A,Primeira Instância,Ativo,Processo Cível,Desapropriação
0011487-36.2017.5.15.0031,Pacaembu Construtora S/A,Edmar Emídio Rodrigues,,Encerrado,Trabalhista,
1000524-31.2017.5.02.0445,Pacaembu Construtora S/A,Carleone Lima Santos,Primeira Instância,Pendente,Trabalhista,
0010752-44.2017.5.15.0082,Pacaembu Construtora S/A,Francisco Edicarlo Teixeira da Silva,Primeira Instância,Encerrado,Trabalhista,
1004219-84.2017.8.26.0344,Pacaembu Construtora S/A,Valdelino Moreira Filho,,Acordo Homologado,Cível,Taxa de Evolução de Obra/Revisional
1001725-89.2017.8.26.0073,Pacaembu Construtora S/A,Roberto Junior de Sousa (criar nova pessoa fÃ­sica),,Encerrado,Cível,
1005182-92.2017.8.26.0344,Padre Nobrega Empreendimentos Imobiliários SPE Ltda.,Antônio Vieira de Santana,,Arquivado,Cível,Taxa de Evolução de Obra/Revisional
0010632-66.2017.5.15.0028,Pacaembu Construtora S/A,Cassiano Bruno Moreira Zaneti,Primeira Instância,Encerrado,Trabalhista,
0000251-03.2017.4.03.6111,Padre Nobrega Empreendimentos Imobiliários SPE Ltda.,Gabriela Mateus Menezes,Segunda Instância,Arquivado,Cível,Taxa de Evolução de Obra/Revisional
0010397-27.2017.5.03.0063,Pacaembu Construtora S/A,Thiago Rodrigo Vilarinho da Costa,,Encerrado,Trabalhista,
0010391-20.2017.5.03.0063,Pacaembu Construtora S/A,Demer Candido Rodrigues,Primeira Instância,Encerrado,Trabalhista,
0010641-96.2017.5.15.0070,Pacaembu Construtora S/A,Rodolfo Henrique Pedro,Primeira Instância,Encerrado,Trabalhista,
0010455-50.2017.5.15.0110,Pacaembu Construtora S/A,Luciano dos Santos,Primeira Instância,Encerrado,Trabalhista,
0010515-46.2017.5.15.0070,Pacaembu Construtora S/A,Izaias Francisco do Nascimento,Primeira Instância,Ativo,Trabalhista,Adicional
0010476-78.2017.5.15.0028,Pacaembu Construtora S/A,João Vitor de Campos,Primeira Instância,Encerrado,Trabalhista,
0010281-64.2017.5.15.0070,Pacaembu Construtora S/A,Anderson Rodrigues dos Santos,Primeira Instância,Encerrado,Trabalhista,
1503753-87.2017.8.26.0132,Gold Land Catanduva I,Município de Catanduva,Primeira Instância,Arquivado,Cível,IPTU/ Imposto Predial e Territorial Urbano
1504741-03.2017.8.26.0361,Potencial Empreendimentos Ltda.,Prefeitura Municipal de Mogi das Cruzes,Primeira Instância,Ativo,Processo Cível,Dívida Ativa
0009889-14.2014.4.03.6128,Irmãos Carbonari S/A Comercial Industrial e Agricola,União Federal,Segunda Instância,Ativo,Processo Cível,Dívida Ativa - Direito Tributário
0009171-85.2012.4.03.6128,Irmãos Carbonari S/A Comercial Industrial e Agricola,Fazenda Nacional,Primeira Instância,Arquivado,Tributário Execução Fiscal,Dívida Ativa - Direito Tributário
0000557-55.2014.4.03.6182,Irmãos Carbonari S/A Comercial Industrial e Agricola,Fazenda Nacional,Primeira Instância,Suspenso,Tributário,Dívida Ativa - Direito Tributário
0010580-55.2017.4.03.6182,Potencial Empreendimentos Ltda.,Conselho Regional de Engenharia e Agronomia do Estado,Segunda Instância,Ativo,Processo Cível,Dívida Ativa - Direito Tributário
0000250-18.2017.4.03.6111,Padre Nobrega Empreendimentos Imobiliários SPE Ltda.,Wellington da Silva,Segunda Instância,Encerrado,Processo Cíveis,Taxa de Evolução de Obra/Revisional
0000938-77.2017.4.03.6111,Pacaembu Construtora S/A,Felipe Batista de Lima,Segunda Instância,Extinto com Resolução,Processo Cíveis,Taxa de Evolução de Obra/Revisional
0010309-58.2017.5.15.0029,Pacaembu Construtora S/A,Orlando Rodrigues dos Santos,Primeira Instância,Encerrado,Trabalhista,Adicional
0010544-28.2017.5.15.0028,Pacaembu Construtora S/A,Antonio Francisco da Silva,Primeira Instância,Encerrado,Trabalhista,Adicional
0010532-82.2017.5.15.0070,Pacaembu Construtora S/A,Rafael Luis da Silva,Primeira Instância,Encerrado,Trabalhista,
1003000-69.2016.8.26.0506,Pacaembu Construtora S/A,Prefeitura Municipal de Ribeirão Preto,Primeira Instância,Arquivado,Cível,Ação de Desapropriação
0002388-62.2016.5.22.0102,Pacaembu Construtora S/A,Eldi Rodrigues de Sousa,,Encerrado,Trabalhista,
0002307-16.2016.5.22.0102,Pacaembu Construtora S/A,Ediney dos Santos Paes Landim,Primeira Instância,Encerrado,Trabalhista,
0002260-42.2016.5.22.0102,Pacaembu Construtora S/A,Agostinho Rodrigues de Oliveira,,Encerrado,Trabalhista,
1000314-40.2017.5.02.0231,Pacaembu Construtora S/A,Rafael Fonseca Sales,Primeira Instância,Encerrado,Trabalhista,
0013148-47.2016.5.15.0011,Pacaembu Construtora S/A,Claiton Antonio Santos,Primeira Instância,Encerrado,Trabalhista,Adicional de Hora Extra
0011826-13.2016.5.15.0101,Pacaembu Construtora S/A,Rogerio Augusto Andrade Reis,Primeira Instância,Encerrado,Trabalhista,
0001112-64.2000.8.26.0370,Atlanta Construções Comercio e Empreendimentos Ltda,Prefeitura de Monte Azul Paulista,Primeira Instância,Arquivado,Cível,
0519287-21.2012.8.26.0114,Atlanta Construções Comercio e Empreendimentos Ltda,Prefeitura Municipal de Campinas,Primeira Instância,Arquivado - não Pacaembu,Processo Cível,Taxas Municipais
0513922-83.2012.8.26.0114,Atlanta Construções Comercio e Empreendimentos Ltda,Prefeitura Municipal de Campinas,Primeira Instância,Arquivado - não Pacaembu,Processo Cível,Taxas Municipais
0509088-37.2012.8.26.0114,Atlanta Construções Comercio e Empreendimentos Ltda,Prefeitura Municipal de Campinas,Primeira Instância,Encerrado,Processo Cíveis,Taxas Municipais
0501820-29.2012.8.26.0114,Atlanta Construções Comercio e Empreendimentos Ltda,Prefeitura Municipal de Campinas,Primeira Instância,Encerrado,Processo Cíveis,IPTU
0013113-62.2000.8.26.0053,Atlanta Construções Comercio e Empreendimentos Ltda,Companhia de Desenvolvimento Habitacional Urbanho - CDHU,Segunda Instância,Encerrado,Processo Cíveis,Sistema Financeiro de Habitação
0026520-04.2001.8.26.0053,Atlanta Construções Comercio e Empreendimentos Ltda,Ministério Público do Estado de São Paulo,Primeira Instância,Ativo,Processo Cível,Direito Administrativo
0314093-03.2006.8.26.0577,Construtora Riachuelo Ltda.,LUIZ EDUARDO RAMOS VIEIRA ME,Primeira Instância,Arquivado,Cível,
0310971-79.2006.8.26.0577,Construtora Riachuelo Ltda.,LUIZ EDUARDO RAMOS VIEIRA ME,Primeira Instância,Arquivado,Cível,
0004276-42.2005.8.26.0344,Construtora Riachuelo Ltda.,Empreiteira Santista Ltda,Primeira Instância,Encerrado,Cível,Liquidação/Cumprimento/Execução
0012847-10.2005.8.26.0309,Construtora Riachuelo Ltda.,Favaro Material para Construção LTDA - EPP,,Arquivado,Cível,Execução de Título Extrajuducial
0501859-05.2010.8.26.0079,Villagio Botucatu Empreendimentos Imobiliários LTDA,Prefeitura Municipal de Botucatu,Primeira Instância,Encerrado,Cível,IPTU
0601852-65.2011.8.26.0344,Wilson de Almeida,Departamento Água e Esgoto Marília,Primeira Instância,Ativo,Processo Cível,Dívida Ativa
0600701-06.2007.8.26.0344,Wilson de Almeida,Departamento Água e Esgoto Marília,Primeira Instância,Ativo,Processo Cível,Dívida Ativa
0021802-32.1999.8.26.0344,Wilson Araujo Junior,Prefeitura Municipal Marilia,Primeira Instância,Encerrado,Cível,
1009860-09.2016.8.26.0079,Haus Compra e Venda de Bens Imóveis Ltda.,Josilaine Aparecida Fernandes Ladeia,Primeira Instância,Arquivado,Processo Cíveis,Rescisão / Resolução - Compra e Venda
1009861-91.2016.8.26.0079,Haus Compra e Venda de Bens Imóveis Ltda.,Edilene de Jesus Santos Souza,Primeira Instância,Encerrado,Cível,Rescisão / Resolução - Compra e Venda
1016613-60.2016.8.26.0344,Padre Nobrega Empreendimentos Imobiliários SPE Ltda.,Gabriela Mateus Menezes,Primeira Instância,Encerrado,Cível,Indenização por Danos Morais
0500399-46.2011.8.26.0079,Villagio Botucatu Empreendimentos Imobiliários LTDA,Prefeitura Municipal de Botucatu,Primeira Instância,Encerrado,Cível,
1004007-25.2016.8.26.0368,Pacaembu Construtora S/A,ORV Empreendimentos e Serviços Administrativos LTDA,Primeira Instância,Extinto sem Resolução,Cível,Provas
1009808-52.2016.8.26.0066,Pacaembu Construtora S/A,Construtora Conspav São Paulo Eireli - ME,Primeira Instância,Encerrado,Cível,Obrigações / Empreitada
1001538-05.2017.8.26.0066,Pacaembu Construtora S/A,Construtora Conspav São Paulo Eireli - ME,Primeira Instância,Cancelado,Processo Cíveis,Despejo por falta de pagamento
1013082-77.2016.8.26.0016,Pacaembu Construtora S/A,Bruna Barachat Omari - ME,Primeira Instância,Encerrado,Cível,Inadimplemento
1501854-34.2016.8.26.0344,AJ Comercial e Construtora Ltda.,Prefeitura Municipal de Marília,Primeira Instância,Arquivado,Cível,Execução Fiscal
1501048-96.2016.8.26.0344,AJ Comercial e Construtora Ltda.,Prefeitura Municipal de Marília,Segunda Instância,Encerrado,Processo Cíveis,Execução Fiscal
0009900-87.1996.8.26.0344,AJ Comercial e Construtora Ltda.,Harry Shibata Junior,Primeira Instância,Arquivado,Cível,
0008388-69.1996.8.26.0344,AJ Comercial e Construtora Ltda.,Jesus Aparecido de Nadai,Primeira Instância,Arquivado,Cível,
0007923-60.1996.8.26.0344,AJ Comercial e Construtora Ltda.,Carlos Cusuo Ishii,Primeira Instância,Arquivado,Cível,
0007112-03.1996.8.26.0344,AJ Comercial e Construtora Ltda.,Harry Shibata Junior,Primeira Instância,Arquivado,Cível,
1501265-08.2017.8.26.0344,Potencial Empreendimentos Ltda.,Fazenda Municipal de Marília,Primeira Instância,Encerrado,Processo Cíveis,IPTU
0038083-83.2009.8.26.0224,Potencial Empreendimentos Ltda.,Diamante Administração e Participação Ltda,Segunda Instância,Arquivado,Cível,
0046827-06.2009.8.26.0309,Irmãos Carbonari S/A Comercial Industrial e Agricola,Fazenda Pública de Jundiaí,Primeira Instância,Ativo,Processo Cível,Execução Fiscal
0041111-03.2006.8.26.0309,Irmãos Carbonari S/A Comercial Industrial e Agricola,Município de Jundiaí,Primeira Instância,Ativo,Processo Cível,
0018000-34.1999.8.26.0309,Irmãos Carbonari S/A Comercial Industrial e Agricola,Fazenda do Estado de São Paulo,Primeira Instância,Ativo,Processo Cível,Execução Fiscal
0013247-34.1999.8.26.0309,Irmãos Carbonari S/A Comercial Industrial e Agricola,Fazenda do Estado de São Paulo,Primeira Instância,Ativo,Processo Cível,Execução Fiscal
0000454-10.1992.8.26.0309,Irmãos Carbonari S/A Comercial Industrial e Agricola,Fazenda do Estado de São Paulo,Primeira Instância,Ativo,Processo Cível,ICMS/ Imposto sobre Circulação de Mercadorias
0029838-89.2012.8.26.0576,Haus Construtora Ltda,Demop Participações Ltda,Primeira Instância,Arquivado,Cível,Liminar
0010469-86.2017.5.15.0028,Pacaembu Construtora S/A,João Vitor de Campos,Primeira Instância,Encerrado,Trabalhista,
0010497-54.2017.5.15.0028,Pacaembu Construtora S/A,Carlos Roberto Lopes Pereira Pinto,Primeira Instância,Encerrado,Trabalhista,Adicional de Horas Extras
0013000-12.2016.5.15.0116,Pacaembu Construtora S/A,Taiza Pereira Neris,Primeira Instância,Encerrado,Trabalhista,
0012997-57.2016.5.15.0116,Pacaembu Construtora S/A,Tainara Antunes Lopes,Primeira Instância,Encerrado,Trabalhista,
0012863-30.2016.5.15.0116,Pacaembu Construtora S/A,Juliana Santos Pereira,Primeira Instância,Encerrado,Trabalhista,
0012862-45.2016.5.15.0116,Pacaembu Construtora S/A,Elda Maria de Lima,Primeira Instância,Encerrado,Trabalhista,
0012861-60.2016.5.15.0116,Pacaembu Construtora S/A,Adriana Carvalho dos Santos,Primeira Instância,Encerrado,Trabalhista,
0012860-75.2016.5.15.0116,Pacaembu Construtora S/A,Elaine Cristina de Freitas,Primeira Instância,Encerrado,Trabalhista,
0012858-08.2016.5.15.0116,Pacaembu Construtora S/A,Lucimari de Moura Rocha,Primeira Instância,Encerrado,Trabalhista,
0012857-23.2016.5.15.0116,Pacaembu Construtora S/A,Taciana Batista de Jesus Ferreira,Primeira Instância,Encerrado,Trabalhista,
0012856-38.2016.5.15.0116,Pacaembu Construtora S/A,Valdineia Pereira Neris,Primeira Instância,Encerrado,Trabalhista,
0012855-53.2016.5.15.0116,Pacaembu Construtora S/A,Claudina Leme Werneck de Brito,Primeira Instância,Encerrado,Trabalhista,
0012854-68.2016.5.15.0116,Pacaembu Construtora S/A,Gislene Donizete dos Santos,Primeira Instância,Encerrado,Trabalhista,
0012852-98.2016.5.15.0116,Pacaembu Construtora S/A,Priscila Aparecida de Carvalho Silva,Primeira Instância,Encerrado,Trabalhista,
0012811-34.2016.5.15.0116,Pacaembu Construtora S/A,Jesse Martins,Primeira Instância,Encerrado,Trabalhista,Adicional
820.752/2008,Real Elevadores Imobiliária S/A,DNPM,Primeira Instância,Ativo,Procedimento Administrativo,Direito a Exploração de Subsolo
0002408-53.2016.5.22.0102,Pacaembu Construtora S/A,Cirlei de Souza Silva,Primeira Instância,Encerrado,Trabalhista,
1028441-55.2016.8.26.0602,Real Elevadores Imobiliária S/A,Alex Sandro de Oliveira Brisola,Segunda Instância,Encerrado,Processo Cíveis,Esbulho / Turbação / Ameaça
0022038-81.1999.8.26.0344,Wilson de Almeida,Departamento de Água e Esgoto de Marília Daem,Primeira Instância,Ativo,Processo Cível,
0532748-15.2013.8.26.0344,Wilson de Almeida Junior,Prefeitura Municipal de Marília,Primeira Instância,Ativo,Processo Cível,IPTU
0534935-54.2005.8.26.0577,Planoeste Cronstrutora Ltda.,Prefeitura Municipal de São José dos Campos,Primeira Instância,Ativo,Processo Cível,ISS - Imposto Sobre Serviços
1022160-27.2016.8.26.0071,Pacaembu Construtora S/A,RIBPAV - ENGENHARIA DE PAVIMENTAÇÃO S.A.,Primeira Instância,Encerrado,Cível,
1011489-52.2016.8.26.0100,Pacaembu Construtora S/A,Edna Shizue Kimura - ME,Primeira Instância,Arquivado,Cível,Ação Cautelar de Arresto
0010398-75.2017.5.15.0031,Pacaembu Construtora S/A,Paulo Amaral Marques,Primeira Instância,Encerrado,Trabalhista,
0012853-83.2016.5.15.0116,Pacaembu Construtora S/A,Camila Aparecida Santos Justino,Primeira Instância,Encerrado,Trabalhista,
0012859-90.2016.5.15.0116,Pacaembu Construtora S/A,Joseli Rodrigues da Silva,Primeira Instância,Encerrado,Trabalhista,
0023203-35.2016.8.26.0000,Pacaembu Construtora S/A,MM Juiz de Direito da 5ª Vara Cível da Comarca de Piracicaba,,Encerrado,,
1004012-41.2017.8.26.0100,Pacaembu Construtora S/A,Construtora Conspav São Paulo Eireli - ME,Primeira Instância,Arquivado,Cível,Indenização Danos Materiais
1046797-79.2016.8.26.0576,Pacaembu Construtora S/A,Eduardo Ismael Tortorello S J Rio Preto - ME,Primeira Instância,Arquivado,Cível,Ação de cobrança
1047166-73.2016.8.26.0576,Pacaembu Construtora S/A,Eduardo Ismael Tortorello S J Rio Preto - ME,Instância Superior,Arquivado,Cível,Ação de Produção Antecipada de Provas
0000155-71.2017.5.06.0371,Pacaembu Construtora S/A,Juscélio José do Nascimento,Primeira Instância,Encerrado,Trabalhista,
0010310-37.2017.5.15.0031,Pacaembu Construtora S/A,William Roberto de Souza,Primeira Instância,Encerrado,Trabalhista,
0012145-33.2016.5.15.0116,Pacaembu Construtora S/A,Everton Pedro Oliveira Gonçalves,Primeira Instância,Encerrado,Trabalhista,
0012094-22.2016.5.15.0116,Pacaembu Construtora S/A,Lenon Cristiano Vieira,Primeira Instância,Encerrado,Trabalhista,
0012143-63.2016.5.15.0116,Pacaembu Construtora S/A,Tiago Vieira dos Santos,,Encerrado,Trabalhista,
0000180-30.2017.5.09.0459,Pacaembu Construtora S/A,Jorge Fernandes de Oliveira,Primeira Instância,Encerrado,Trabalhista,
0013450-64.2016.5.15.0015,Pacaembu Construtora S/A,Cassiano Marcos da Silva,Primeira Instância,Encerrado,Trabalhista,
0011483-17.2016.5.15.0101,Pacaembu Construtora S/A,Juliana Aparecida Facioli,Primeira Instância,Encerrado,Trabalhista,
0012871-07.2016.5.15.0116,Pacaembu Construtora S/A,Veronica Maria da Silva Lima,Primeira Instância,Encerrado,Trabalhista,
0012408-65.2016.5.15.0116,Pacaembu Construtora S/A,Jose Alexandre Lopes,Primeira Instância,Encerrado,Trabalhista,
0012406-95.2016.5.15.0116,Pacaembu Construtora S/A,Michel Leandro Duarte,Primeira Instância,Pendente,Trabalhista,Aviso Prévio
0011699-57.2017.5.15.0031,Pacaembu Construtora S/A,Antônio Edivaldo da Silva,Primeira Instância,Encerrado,Trabalhista,
0010340-81.2017.5.15.0028,Pacaembu Construtora S/A,Vanderlei Ribeiro Prado,Primeira Instância,Encerrado,Trabalhista,
0010080-86.2017.5.15.0033,Pacaembu Construtora S/A,Gabriela Cristina dos Santos,Primeira Instância,Encerrado,Trabalhista,
0002161-72.2016.5.22.0102,Pacaembu Construtora S/A,Herlan Ferreira Lima,Primeira Instância,Encerrado,Trabalhista,
1000083-68.2017.5.02.0051,Pacaembu Construtora S/A,Nelson Alessandro Soares,Primeira Instância,Encerrado,Trabalhista,
0012247-82.2017.5.15.0031,Pacaembu Construtora S/A,Romerio Macedo Domingos,Primeira Instância,Encerrado,Trabalhista,
0012268-31.2016.5.15.0116,Pacaembu Construtora S/A,Domingos de Oliveira Sena,Primeira Instância,Encerrado,Trabalhista,
0012262-24.2016.5.15.0116,Pacaembu Construtora S/A,Manoel Edvaldo de Almeida,Primeira Instância,Encerrado,Trabalhista,
0012255-32.2016.5.15.0116,Pacaembu Construtora S/A,Romildo Damasceno da Silva,Primeira Instância,Encerrado,Trabalhista,
0011952-18.2016.5.15.0116,Pacaembu Construtora S/A,William Santos de Lima,Primeira Instância,Encerrado,Trabalhista,
0012597-43.2016.5.15.0116,Pacaembu Construtora S/A,Suelen Aparecida Pereira,Primeira Instância,Encerrado,Trabalhista,
0000081-04.2017.5.22.0102,Pacaembu Construtora S/A,Luedio da Silva Oliveira,Primeira Instância,Encerrado,Trabalhista,
0010177-72.2017.5.15.0070,Pacaembu Construtora S/A,Álvaro Luiz Pereira,Primeira Instância,Encerrado,Trabalhista,
0001912-02.2016.5.08.0106,Pacaembu Construtora S/A,Marcos André Sousa Nascimento,Primeira Instância,Encerrado,Trabalhista,
0000218-95.2017.5.05.0251,Pacaembu Construtora S/A,Gleison da Luz Santos,Primeira Instância,Encerrado,Trabalhista,
0000217-98.2017.5.22.0102,Pacaembu Construtora S/A,Alberto de Jesus Galvão,Primeira Instância,Encerrado,Trabalhista,
0000215-31.2017.5.22.0102,Pacaembu Construtora S/A,Alberto de Jesus Galvão,Primeira Instância,Encerrado,Trabalhista,
0011651-71.2016.5.15.0116,Pacaembu Construtora S/A,Manoel Souza Medeiros,Primeira Instância,Encerrado,Trabalhista,
0011708-89.2016.5.15.0116,Pacaembu Construtora S/A,Guilherme Rodrigues Batista,Primeira Instância,Encerrado,Trabalhista,
0010077-20.2017.5.15.0070,Pacaembu Construtora S/A,Raphael Henrique Muller,Primeira Instância,Encerrado,Trabalhista,
0011798-97.2016.5.15.0116,Pacaembu Construtora S/A,Matheus Biazon Zanin,Primeira Instância,Encerrado,Trabalhista,
0010065-35.2017.5.15.0028,Pacaembu Construtora S/A,José Inácio Muller,Primeira Instância,Encerrado,Trabalhista,Aviso Prévio
0010208-24.2017.5.15.0028,Pacaembu Construtora S/A,Egildo Souza de Jesus,Primeira Instância,Encerrado,Trabalhista,
0002124-45.2016.5.22.0102,Pacaembu Construtora S/A,Agostinho Rodrigues de Oliveira,Primeira Instância,Encerrado,Trabalhista,
0002113-16.2016.5.22.0102,Pacaembu Construtora S/A,Jose Ferreira dos Santos,Primeira Instância,Encerrado,Trabalhista,
0002125-30.2016.5.22.0102,Pacaembu Construtora S/A,Jailson Oliveira dos Santos Passos,Primeira Instância,Encerrado,Trabalhista,
1001640-21.2016.5.02.0441,Pacaembu Construtora S/A,Antônio Rodrigues da Silva,Primeira Instância,Encerrado,Trabalhista,
0001696-63.2016.5.22.0102,Pacaembu Construtora S/A,Anderson Dias Folha,Primeira Instância,Encerrado,Trabalhista,
0001678-42.2016.5.22.0102,Pacaembu Construtora S/A,Francisco de Assis Paes Landim,Primeira Instância,Encerrado,Trabalhista,
0001697-48.2016.5.22.0102,Pacaembu Construtora S/A,Anderson Dias Folha,Primeira Instância,Encerrado,Trabalhista,
0010072-76.2017.5.15.0044,Pacaembu Construtora S/A,Luiz Carlos Pereira Carneiro,Primeira Instância,Encerrado,Trabalhista,Adicional
0012561-07.2016.5.15.0017,Pacaembu Construtora S/A,Paulo Cezar Oliveira Souza,Primeira Instância,Encerrado,Trabalhista,
0010957-90.2016.5.15.0120,Pacaembu Construtora S/A,Bruno de Jesus,Primeira Instância,Encerrado,Trabalhista,
0010977-20.2016.5.15.0011,Pacaembu Construtora S/A,Bruno Carlos Barbosa,Primeira Instância,Encerrado,Trabalhista,
0012015-91.2016.5.15.0003,Pacaembu Construtora S/A,Isaias Lázaro,Primeira Instância,Encerrado,Trabalhista,
0002060-35.2016.5.22.0102,Pacaembu Construtora S/A,Josiano Ferreira dos Santos,Primeira Instância,Encerrado,Trabalhista,
0001980-71.2016.5.22.0102,Pacaembu Construtora S/A,Paulo Cesar Patricio da Costa,Primeira Instância,Encerrado,Trabalhista,
0011580-69.2016.5.15.0116,Pacaembu Construtora S/A,Antônio Carlos de Assis,Primeira Instância,Encerrado,Trabalhista,
0011589-31.2016.5.15.0116,Pacaembu Construtora S/A,José Calisto da Silva,Primeira Instância,Encerrado,Trabalhista,
0010167-28.2017.5.15.0070,Pacaembu Construtora S/A,Kevin Welton Lacroes,Primeira Instância,Encerrado,Trabalhista,
0011650-86.2016.5.15.0116,Pacaembu Construtora S/A,José Ivanildo Pires da Silva,Primeira Instância,Encerrado,Trabalhista,
0011571-10.2016.5.15.0116,Pacaembu Construtora S/A,Panajote Sales de Souza,Primeira Instância,Encerrado,Trabalhista,
0011587-61.2016.5.15.0116,Pacaembu Construtora S/A,José Roberto Honorato da Silva,Primeira Instância,Encerrado,Trabalhista,
0011582-39.2016.5.15.0116,Pacaembu Construtora S/A,Paulo Roberto de Moraes,Primeira Instância,Encerrado,Trabalhista,
0011575-47.2016.5.15.0116,Pacaembu Construtora S/A,Fábio Luiz de Oliveira Sales,Primeira Instância,Encerrado,Trabalhista,
0011621-36.2016.5.15.0116,Pacaembu Construtora S/A,Alex Sandro de Oliveira,Primeira Instância,Encerrado,Trabalhista,
0011530-43.2016.5.15.0116,Pacaembu Construtora S/A,Fábio Soares Pacheco Carvalho,Primeira Instância,Encerrado,Trabalhista,
0011590-16.2016.5.15.0116,Pacaembu Construtora S/A,Givanaldo Felipe do Nascimento,Primeira Instância,Encerrado,Trabalhista,
0016892-41.2016.5.16.0005,Pacaembu Construtora S/A,Adenilson Carneiro Rocha,Primeira Instância,Encerrado,Trabalhista,
0016900-18.2016.5.16.0005,Pacaembu Construtora S/A,Márcio Carneiro Rocha,Primeira Instância,Encerrado,Trabalhista,
0016893-26.2016.5.16.0005,Pacaembu Construtora S/A,Isaias Monteiro Lima,Primeira Instância,Encerrado,Trabalhista,
0016894-11.2016.5.16.0005,Pacaembu Construtora S/A,Benailton Nogueira Lopes,Primeira Instância,Encerrado,Trabalhista,
0011532-13.2016.5.15.0116,Pacaembu Construtora S/A,Bruno Santos Pereira,Primeira Instância,Encerrado,Trabalhista,
0001837-82.2016.5.22.0102,Pacaembu Construtora S/A,Adeon de Sousa Galvão,Primeira Instância,Encerrado,Trabalhista,
1002189-28.2016.5.02.0054,Pacaembu Construtora S/A,Daniel Marcos Barbosa,Primeira Instância,Encerrado,Trabalhista,
0010867-42.2016.5.15.0101,Pacaembu Construtora S/A,Geraldo Broges,Primeira Instância,Encerrado,Trabalhista,
0001911-39.2016.5.22.0102,Pacaembu Construtora S/A,Waldir Batista de Oliveira,Primeira Instância,Encerrado,Trabalhista,
0001860-28.2016.5.22.0102,Pacaembu Construtora S/A,Cecílio Pindaíba,Primeira Instância,Encerrado,Trabalhista,
0001914-91.2016.5.22.0102,Pacaembu Construtora S/A,Paulo Sergio Batista da Silva,Primeira Instância,Encerrado,Trabalhista,
0011542-84.2016.5.15.0107,Pacaembu Construtora S/A,Ronaldo Domingues da silva,Primeira Instância,Encerrado,Trabalhista,
0013040-67.2016.5.15.0027,Pacaembu Construtora S/A,Jose Pereira Neto,Primeira Instância,Pendente,Trabalhista,Adicional
1001752-69.2016.5.02.0447,Pacaembu Construtora S/A,Edenir Hoffmann da Silva,Primeira Instância,Encerrado,Trabalhista,
0011531-28.2016.5.15.0116,Pacaembu Construtora S/A,Andre da Silva Miranda,Primeira Instância,Encerrado,Trabalhista,
0001718-24.2016.5.22.0102,Pacaembu Construtora S/A,Rafael de Jesus Santos,Primeira Instância,Encerrado,Trabalhista,
0001850-81.2016.5.22.0102,Pacaembu Construtora S/A,Jose Carlos da Costa,Primeira Instância,Encerrado,Trabalhista,
0013005-75.2016.5.15.0070,Pacaembu Construtora S/A,Anderson Rodrigues dos Santos,Primeira Instância,Encerrado,Trabalhista,
0013094-98.2016.5.15.0070,Pacaembu Construtora S/A,Adalgisa Alves Neves,Primeira Instância,Encerrado,Trabalhista,
0013097-82.2016.5.15.0028,Pacaembu Construtora S/A,Cristiane de Paula Camilo,Primeira Instância,Encerrado,Trabalhista,
0011712-77.2016.5.15.0003,Pacaembu Construtora S/A,Gilberto Ribeiro dos Santos,Primeira Instância,Encerrado,Trabalhista,
0023980-55.2016.8.26.0344,Pacaembu Construtora S/A,Carlos Roberto Assis,Primeira Instância,Encerrado,Cível,Negociação
96422017,Pacaembu Construtora S/A,RIBPAV - ENGENHARIA DE PAVIMENTAÇÃO S.A.,,Arquivado,,Sustação de Protesto
1038589-28.2016.8.26.0602,CM Aparecidinha Empreendimentos Imobiliários Ltda,Prefeitura Municipal de Sorocaba,Primeira Instância,Ativo,Processo Cível,Taxas Municipais
0077900-20.2003.5.15.0064,Embras Empresa de Compra e Venda de Bens Ltda,Raimundo Ismael dos Santos,Primeira Instância,Encerrado,Trabalhista,
0077800-65.2003.5.15.0064,Embras Empresa Brasileira de Obras e Serviços Ltda,José Orlando Ramos,Primeira Instância,Encerrado,Trabalhista,
0001674-05.2016.5.22.0102,Pacaembu Construtora S/A,Jose Ferreira dos Santos,Primeira Instância,Encerrado,Trabalhista,
0011215-15.2016.5.15.0116,Pacaembu Construtora S/A,Edicarlo Braga,Primeira Instância,Encerrado,Trabalhista,
1001496-95.2016.5.02.0231,Pacaembu Construtora S/A,Romilson Nascimento Santos,Primeira Instância,Encerrado,Trabalhista,
0001467-06.2016.5.22.0102,Pacaembu Construtora S/A,Luis Santana Lima,Primeira Instância,Encerrado,Trabalhista,
0001466-21.2016.5.22.0102,Pacaembu Construtora S/A,Salvador Brito Lima,Primeira Instância,Encerrado,Trabalhista,
0016802-33.2016.5.16.0005,Pacaembu Construtora S/A,Jeremias Costa Pereira,Primeira Instância,Encerrado,Trabalhista,
0012709-12.2016.5.15.0116,Pacaembu Construtora S/A,Gilson Balbino de Jesus,Primeira Instância,Encerrado,Trabalhista,
0012715-19.2016.5.15.0116,Pacaembu Construtora S/A,Rodrigo Santos Monteiro,Primeira Instância,Encerrado,Trabalhista,Abrangência da Condenação
0012670-15.2016.5.15.0116,Pacaembu Construtora S/A,Elivelton Azevedo dos Santos,Primeira Instância,Encerrado,Trabalhista,
0012640-77.2016.5.15.0116,Pacaembu Construtora S/A,Ezequiel Rodrigues Silva,Primeira Instância,Encerrado,Trabalhista,
1006932-02.2016.8.26.0624,Pacaembu Construtora S/A,Vanessa Nishijama Baptista,,Arquivado,Cível,Taxa de Evolução de Obra/Revisional
0012265-40.2016.5.15.0031,Pacaembu Construtora S/A,João Paulo Gonçalves,Primeira Instância,Encerrado,Trabalhista,
0011680-79.2016.5.15.0033,Pacaembu Construtora S/A,Rosangela Maria Luiz Fernandes,Primeira Instância,Encerrado,Trabalhista,
0011679-94.2016.5.15.0033,Pacaembu Construtora S/A,Devanilda da Silva Baldenebro,Primeira Instância,Encerrado,Trabalhista,
0012247-19.2016.5.15.0031,Pacaembu Construtora S/A,Junior de Almeida Queiroz,Primeira Instância,Encerrado,Trabalhista,
0012131-13.2016.5.15.0031,Pacaembu Construtora S/A,Amarildo Santana de Oliveira,Primeira Instância,Encerrado,Trabalhista,
0001258-37.2016.5.22.0102,Pacaembu Construtora S/A,CRISTOLON DOS SANTOS OLIVEIRA,Primeira Instância,Encerrado,Trabalhista,Aviso Prévio
0012763-48.2016.5.15.0028,Pacaembu Construtora S/A,Tatiane Priscila Amorin Merlin,Primeira Instância,Encerrado,Trabalhista,
0001732-59.2016.5.07.0026,Pacaembu Construtora S/A,Francisco Wandersson Ramos,Primeira Instância,Encerrado,Trabalhista,
0001735-14.2016.5.07.0026,Pacaembu Construtora S/A,José Cavalcante de Almeida,Primeira Instância,Encerrado,Trabalhista,
0001734-29.2016.5.07.0026,Pacaembu Construtora S/A,Ari Justo Batista,Primeira Instância,Encerrado,Trabalhista,
0011592-08.2016.5.15.0044,Pacaembu Construtora S/A,Jaime Mariano da Silva,Primeira Instância,Encerrado,Trabalhista,
0001162-22.2016.5.22.0102,Pacaembu Construtora S/A,Erson Ferreira Lima,Primeira Instância,Encerrado,Trabalhista,
0001138-91.2016.5.22.0102,Pacaembu Construtora S/A,Fábio Júnior Batista de Lacerda,Primeira Instância,Encerrado,Trabalhista,
0011984-71.2016.5.15.0003,Pacaembu Construtora S/A,Rafael dos Santos Souza,Primeira Instância,Encerrado,Trabalhista,
0010755-16.2016.5.15.0120,Pacaembu Construtora S/A,Raphael Garcia Sinigalia,Primeira Instância,Encerrado,Trabalhista,
0010754-31.2016.5.15.0120,Pacaembu Construtora S/A,Lucas Aparecido Costa Nunes,Primeira Instância,Encerrado,Trabalhista,
0012034-13.2016.5.15.0031,Pacaembu Construtora S/A,Guilherme Lopes Dias,Primeira Instância,Encerrado,Trabalhista,
0012393-72.2016.5.15.0027,Pacaembu Construtora S/A,Irisvalter Reis Lima,Primeira Instância,Encerrado,Trabalhista,
0012138-47.2016.5.15.0017,Pacaembu Construtora S/A,Kleberson Sartorelli Cavassani,Primeira Instância,Encerrado,Trabalhista,
0011928-59.2016.5.03.0104,Pacaembu Construtora S/A,Fransuelo Antônio da Silva,Primeira Instância,Ativo,Trabalhista,
0004535-88.2016.4.03.6111,Pacaembu Construtora S/A,Juliana Cesar de Deus,,Encerrado,Cível,Taxa de Evolução de Obra/Revisional
0004810-37.2016.4.03.6111,Pacaembu Construtora S/A,Jeferson Henrique Camilo,Segunda Instância,Encerrado,Processo Cíveis,Taxa de Evolução de Obra/Revisional
0504794-36.2012.8.26.0309 - Ordem nº 8477/12,Zilda de Almeida Silva,Prefeitura Municipal de Jundiaí,,Ativo,Processo Cível,Execução Fiscal - IPTU
0012157-53.2016.5.15.0017,Pacaembu Construtora S/A,Joseano Givaldo do Nascimento,Primeira Instância,Encerrado,Trabalhista,
0011954-49.2016.5.15.0031,Pacaembu Construtora S/A,João Paulo Gonçalves,Primeira Instância,Encerrado,Trabalhista,
0012410-11.2016.5.15.0027,Pacaembu Construtora S/A,Alexandre José de Souza,Primeira Instância,Pendente,Trabalhista,
1001906-96.2016.5.02.0056,Pacaembu Construtora S/A,União Federal,Primeira Instância,Encerrado,Trabalhista,Anulatória de Débito Fiscal
1001916-43.2016.5.02.0056,Pacaembu Construtora S/A,União Federal,Primeira Instância,Ativo,Trabalhista,Anulatória de Débito Fiscal
0012476-15.2016.5.15.0116,Pacaembu Construtora S/A,Clariane de Jesus Sulato,Primeira Instância,Encerrado,Trabalhista,
0011254-59.2016.5.03.0176,Pacaembu Construtora S/A,Gustavo Lima de Macedo,Primeira Instância,Encerrado,Trabalhista,
0012075-16.2016.5.15.0116,Pacaembu Construtora S/A,Tales Pedro de Oliveira,Primeira Instância,Encerrado,Trabalhista,
0012078-68.2016.5.15.0116,Pacaembu Construtora S/A,Isaque da Silva Valadares,Primeira Instância,Encerrado,Trabalhista,
0010659-13.2016.5.15.0116,Pacaembu Construtora S/A,Marcelo de Arruda,Primeira Instância,Encerrado,Trabalhista,
0000948-31.2016.5.22.0102,Pacaembu Construtora S/A,Nelito dos Reis Benevides,Primeira Instância,Encerrado,Trabalhista,
0011915-52.2016.5.15.0031,Pacaembu Construtora S/A,Jamilton Oliveira Costa,Primeira Instância,Encerrado,Trabalhista,Tecno Logys
0012437-59.2016.5.15.0070,Pacaembu Construtora S/A,José Roberto Grotoli,Primeira Instância,Encerrado,Trabalhista,
0012345-16.2016.5.15.0027,Pacaembu Construtora S/A,Geiza Carla Fazan,Primeira Instância,Encerrado,Trabalhista,
0012364-87.2016.5.15.0070,Pacaembu Construtora S/A,Romildo Lopes Durval,Primeira Instância,Encerrado,Trabalhista,
0016497-49.2016.5.16.0005,Pacaembu Construtora S/A,Rubens Fagner Pereira Lopes,Primeira Instância,Encerrado,Trabalhista,
0016341-61.2016.5.16.0005,Pacaembu Construtora S/A,Paulo Cesar Tavares de Jesus Junior,Primeira Instância,Encerrado,Trabalhista,
0016340-76.2016.5.16.0005,Pacaembu Construtora S/A,João Reinaldo Saraiva,Primeira Instância,Encerrado,Trabalhista,
0012298-42.2016.5.15.0027,Pacaembu Construtora S/A,Nilson Nelio Ferreira Pereira,Primeira Instância,Encerrado,Trabalhista,
0000947-46.2016.5.22.0102,Pacaembu Construtora S/A,Nelito dos Reis Benevides,Primeira Instância,Encerrado,Trabalhista,
0012287-10.2016.5.15.0028,Pacaembu Construtora S/A,Lindomar José Pinto,Primeira Instância,Encerrado,Trabalhista,
0011664-94.2016.5.15.0011,Pacaembu Construtora S/A,Ricardo Ferreira de Souza,Primeira Instância,Encerrado,Trabalhista,
0011658-87.2016.5.15.0011,Pacaembu Construtora S/A,Rodrigo Fernando de Oliveira,Primeira Instância,Encerrado,Trabalhista,
0012397-09.2016.5.15.0028,Pacaembu Construtora S/A,Genivaldo Teles dos Santos,Primeira Instância,Encerrado,Trabalhista,
0011163-40.2016.5.15.0109,Pacaembu Construtora S/A,Valdemir Tome de Lima,Primeira Instância,Encerrado,Trabalhista,
0011301-24.2016.5.03.0082,Pacaembu Construtora S/A,Cássio Leandro Soares,Primeira Instância,Encerrado,Trabalhista,
0000990-80.2016.5.22.0102,Pacaembu Construtora S/A,Romário Lima Santos,Primeira Instância,Encerrado,Trabalhista,
0000991-65.2016.5.22.0102,Pacaembu Construtora S/A,Roberval da Costa Santos,Primeira Instância,Encerrado,Trabalhista,
0000970-89.2016.5.22.0102,Pacaembu Construtora S/A,Josivaldo de Sousa Ferreira,Primeira Instância,Encerrado,Trabalhista,
0000958-75.2016.5.22.0102,Pacaembu Construtora S/A,Gilmar dos Santos Paes Landim,Primeira Instância,Encerrado,Trabalhista,
0000957-90.2016.5.22.0102,Pacaembu Construtora S/A,Gilmar dos Santos Paes Landim,Primeira Instância,Encerrado,Trabalhista,
0000956-08.2016.5.22.0102,Pacaembu Construtora S/A,Lindomar dos Reis Benevides,Primeira Instância,Encerrado,Trabalhista,
0000946-61.2016.5.22.0102,Pacaembu Construtora S/A,Maurício dos Reis Benevides,Primeira Instância,Pendente,Trabalhista,
0000945-76.2016.5.22.0102,Pacaembu Construtora S/A,Maurício dos Reis Benevides,Primeira Instância,Encerrado,Trabalhista,
0000698-41.2016.403.6138,Pacaembu Construtora S/A,Camila da Silva Menezes,,Encerrado,Cível,Rescisão Contratual com Pedido de Restituição em Dinheiro
0012283-73.2016.5.15.0027,Pacaembu Construtora S/A,Fabiano José de Souza,Primeira Instância,Encerrado,Trabalhista,
0012281-06.2016.5.15.0027,Pacaembu Construtora S/A,PLÁCIDO VIEIRA CAMBIAGHI,Primeira Instância,Encerrado,Trabalhista,
0012279-36.2016.5.15.0027,Pacaembu Construtora S/A,Jorgevan Pinheiro Neves,Primeira Instância,Encerrado,Trabalhista,
1007353-13.2016.8.26.0132,Pacaembu Construtora S/A,Ângelo Rodrigues,Segunda Instância,Arquivado,Cível,Danos Construtivos – Áreas externas (vizinhança/viela /obras públicas)
0011379-88.2016.5.15.0080,Pacaembu Construtora S/A,Marcelo Luiz Franco,Primeira Instância,Encerrado,Trabalhista,
0012310-53.2016.5.15.0028,Pacaembu Construtora S/A,Manoel Souza de Oliveira,Primeira Instância,Encerrado,Trabalhista,
0011069-44.2016.5.15.0028,Pacaembu Construtora S/A,Ednaldo dos Santos Lima,Primeira Instância,Encerrado,Trabalhista,
0010543-92.2016.5.15.0120,Pacaembu Construtora S/A,Alex Ricardo Pimentel,Primeira Instância,Encerrado,Trabalhista,
0000675-52.2016.5.22.0102,Pacaembu Construtora S/A,Osmar Rodrigues Soares,Primeira Instância,Encerrado,Trabalhista,
0012308-54.2016.5.15.0070,Pacaembu Construtora S/A,Jefferson Silva dos Santos,Primeira Instância,Encerrado,Trabalhista,
0012172-89.2016.5.15.0027,Pacaembu Construtora S/A,José Carlos de Souza,Primeira Instância,Encerrado,Trabalhista,
0016654-92.2016.5.16.0014,Pacaembu Construtora S/A,Izomar da Silva Sousa,Primeira Instância,Encerrado,Trabalhista,
0011610-12.2016.5.15.0082,Pacaembu Construtora S/A,Valmir Pereira de Sousa,Primeira Instância,Encerrado,Trabalhista,
0011602-35.2016.5.15.0082,Pacaembu Construtora S/A,Lucas Daniel Marques,Primeira Instância,Encerrado,Trabalhista,
0010906-27.2016.5.15.0008,Pacaembu Construtora S/A,Enilson Frazão,Primeira Instância,Encerrado,Trabalhista,
0011741-43.2016.5.15.0031,Pacaembu Construtora S/A,Valdemir Martins de Oliveira,Primeira Instância,Encerrado,Trabalhista,
0001830-06.2016.5.06.0371,Pacaembu Construtora S/A,Juscélio José do Nascimento,Primeira Instância,Encerrado,Trabalhista,
0011003-64.2016.5.15.0028,Pacaembu Construtora S/A,Genivaldo Teles dos Santos,Primeira Instância,Encerrado,Trabalhista,
0010961-12.2016.5.15.0029,Pacaembu Construtora S/A,João Batista Oliveira,Primeira Instância,Encerrado,Trabalhista,
0011099-87.2016.5.15.0090,Pacaembu Construtora S/A,Aparecido dos Santos Pereira,Primeira Instância,Encerrado,Trabalhista,
0010549-59.2016.5.15.0101,Pacaembu Construtora S/A,Aparecido Américo,Primeira Instância,Encerrado,Trabalhista,
0012406-35.2016.5.03.0050,Pacaembu Construtora S/A,Cícero José da Silva,Primeira Instância,Encerrado,Trabalhista,
0012084-48.2016.5.15.0028,Pacaembu Construtora S/A,Máximo Mamedes Domingos,Primeira Instância,Encerrado,Trabalhista,
0000698-41.2016.4.03.6138,Pacaembu Construtora S/A,Camila da Silva Menezes,Primeira Instância,Encerrado,Processo Cíveis,Rescisão Contratual
0012065-37.2016.5.15.0062,Pacaembu Construtora S/A,Douglas Pinto de Oliveira Costa,Primeira Instância,Ativo,Trabalhista,
1041850-79.2016.8.26.0576,Pacaembu Construtora S/A,Adelia Catanossi Machado,Primeira Instância,Encerrado,Processo Cíveis,
1001154-35.2016.5.02.0312,Pacaembu Construtora S/A,Manoel Genailson de Morais,Primeira Instância,Pendente,Trabalhista,
0010725-97.2014.5.15.0104,Pacaembu Construtora S/A,João Batista Xavier Barbosa,Primeira Instância,Encerrado,Trabalhista,
0010858-80.2016.5.15.0101,Pacaembu Construtora S/A,Valdir José da Silva,Primeira Instância,Arquivado,Trabalhista,Abrangência da Condenação
0000632-18.2016.5.22.0102,Pacaembu Construtora S/A,Edmar Dos Santos Sousa,Primeira Instância,Encerrado,Trabalhista,
1023522-23.2016.8.26.0602,Real Elevadores Imobiliária S/A,Makinvest Investimentos e Participações LTDA,Primeira Instância,Ativo,Processo Cível,Usucapião Extraordinário
0011410-53.2016.5.15.0066,Pacaembu Construtora S/A,Pedro Raimundo de Sousa,Primeira Instância,Encerrado,Trabalhista,
0011221-06.2016.5.15.0089,Pacaembu Construtora S/A,Valéria de Souza Gonçalves,Primeira Instância,Pendente,Trabalhista,
0011446-64.2016.5.15.0044,Pacaembu Construtora S/A,José Lucas Carneiro da Silva,Primeira Instância,Encerrado,Trabalhista,
0011226-28.2016.5.15.0089,Pacaembu Construtora S/A,Adenilson Almeida de Oliveira,Primeira Instância,Encerrado,Trabalhista,
1000393-53.2016.8.26.0322,Pacaembu Construtora S/A,Renato de Paula,Primeira Instância,Extinto com Resolução,Processo Cíveis,"Compra e Venda, Perdas e Danos"
0017764-90.2015.5.16.0005,Pacaembu Construtora S/A,Flávio Elson Pereira da Luz,Primeira Instância,Encerrado,Trabalhista,
0017858-38.2015.5.16.0005,Pacaembu Construtora S/A,Jadielson dos Santos Pereira,Primeira Instância,Encerrado,Trabalhista,
0011784-57.2016.5.15.0070,Pacaembu Construtora S/A,Rosangela Cristina Gouvea,Primeira Instância,Encerrado,Trabalhista,
0000553-39.2016.5.22.0102,Pacaembu Construtora S/A,Welington Ferreira dos Santos,Primeira Instância,Encerrado,Trabalhista,
0011370-24.2016.5.15.0017,Pacaembu Construtora S/A,Luiz Carlos Gregui Santos,Primeira Instância,Encerrado,Trabalhista,
0010296-32.2016.5.15.0017,Pacaembu Construtora S/A,Uriel Ricahrd Bovi,Primeira Instância,Encerrado,Trabalhista,
0011423-21.2016.5.15.0044,Pacaembu Construtora S/A,João Elielton de Oliveira Santos,Primeira Instância,Encerrado,Trabalhista,
0011421-51.2016.5.15.0044,Pacaembu Construtora S/A,João Elielton de Oliveira Santos,Primeira Instância,Encerrado,Trabalhista,
0010973-61.2016.5.15.0082,Pacaembu Construtora S/A,Reginaldo de Oliveira,Primeira Instância,Encerrado,Trabalhista,
0010985-88.2016.5.15.0110,Pacaembu Construtora S/A,Adriano Mariano de Souza,Primeira Instância,Encerrado,Trabalhista,
0011356-95.2016.5.15.0031,Pacaembu Construtora S/A,José Benedito Carvalho Cazonato,Primeira Instância,Encerrado,Trabalhista,
0011192-53.2016.5.15.0089,Pacaembu Construtora S/A,Aparecido Peixoto,Primeira Instância,Pendente,Trabalhista,
0011410-46.2016.5.15.0133,Pacaembu Construtora S/A,Gildesson Reis da Silva,Primeira Instância,Encerrado,Trabalhista,
0011747-30.2016.5.15.0070,Pacaembu Construtora S/A,Ananias Souza Santos Filho,Primeira Instância,Encerrado,Trabalhista,
0010696-21.2016.5.15.0090,Pacaembu Construtora S/A,Paulo José de Campos,Primeira Instância,Encerrado,Trabalhista,
0000496-21.2016.5.22.0102,Pacaembu Construtora S/A,Nivaldo Ferreira da Conceição,Primeira Instância,Encerrado,Trabalhista,
0011190-84.2016.5.15.0024,Pacaembu Construtora S/A,Jean Henrique Bellei dos Santos,Primeira Instância,Encerrado,Trabalhista,
0011443-31.2016.5.15.0070,Pacaembu Construtora S/A,Dirceu Gallego,Primeira Instância,Ativo,Trabalhista,
0000445-10.2016.5.22.0102,Pacaembu Construtora S/A,Vilmar de Castro Santos,Primeira Instância,Encerrado,Trabalhista,
0532747-30.2013.8.26.0344,Imobiliária Rio Branco Wilson Almeida,Prefeitura Municipal de Marília,Primeira Instância,Ativo,Processo Cível,Execução Fiscal
1502416-06.2015.8.26.0400,Pacaembu Construtora S/A,Prefeitura Municipal de Olímpia,Primeira Instância,Encerrado,Tributário Execução Fiscal,Execução Fiscal
0017038-19.2015.5.16.0005,Pacaembu Construtora S/A,Adeilson Menezes Costa,Primeira Instância,Encerrado,Trabalhista,
0010993-52.2016.5.15.0082,Pacaembu Construtora S/A,Raimundo do Remédio Diniz Serra,Primeira Instância,Encerrado,Trabalhista,
0010753-91.2016.5.15.0008,Pacaembu Construtora S/A,Roberto Quirino da Silva,Primeira Instância,Encerrado,Trabalhista,
0010382-21.2016.5.15.0011,Pacaembu Construtora S/A,Weberson de Souza Rodrigues,Primeira Instância,Encerrado,Trabalhista,
0000363-76.2016.5.22.0102,Pacaembu Construtora S/A,Jorge Paixão Ferreira dos Santos,Primeira Instância,Encerrado,Trabalhista,
0000364-61.2016.5.22.0102,Pacaembu Construtora S/A,Jorge Paixão Ferreira dos Santos,Primeira Instância,Encerrado,Trabalhista,
0000366-31.2016.5.22.0102,Pacaembu Construtora S/A,Uanderson Lopes da Costa,Primeira Instância,Encerrado,Trabalhista,
0000365-46.2016.5.22.0102,Pacaembu Construtora S/A,Uanderson Lopes da Costa,Primeira Instância,Encerrado,Trabalhista,
0000368-98.2016.5.22.0102,Pacaembu Construtora S/A,Pedro do Carmo Costa,Primeira Instância,Encerrado,Trabalhista,
0000367-16.2016.5.22.0102,Pacaembu Construtora S/A,Pedro do Carmo Costa,Primeira Instância,Encerrado,Trabalhista,
0000369-83.2016.5.22.0102,Pacaembu Construtora S/A,Manoel Nunes Borges,Primeira Instância,Encerrado,Trabalhista,
0000611-63.2016.5.20.0016,Pacaembu Construtora S/A,José Pedro da Silva,Primeira Instância,Encerrado,Trabalhista,
0011055-93.2016.5.15.0017,Pacaembu Construtora S/A,Benedito Fábio Justino,Primeira Instância,Encerrado,Trabalhista,
0011455-83.2016.5.15.0025,Pacaembu Construtora S/A,Edi Ilson Martins,Primeira Instância,Encerrado,Trabalhista,
0010845-79.2016.5.15.0134,Pacaembu Construtora S/A,Tiago Alexandre Bezerra,Primeira Instância,Encerrado,Trabalhista,
0010844-94.2016.5.15.0134,Pacaembu Construtora S/A,Bruno Henrique Simão Alexandre,Primeira Instância,Encerrado,Trabalhista,
0010843-12.2016.5.15.0134,Pacaembu Construtora S/A,Francisco Alves Alexandre,Primeira Instância,Encerrado,Trabalhista,
0010542-89.2016.5.15.0029,Pacaembu Construtora S/A,Henri Custódio de Vasconselos,Primeira Instância,Encerrado,Trabalhista,
0010139-04.2016.5.15.0003,Pacaembu Construtora S/A,Vanderlei Leite,Primeira Instância,Encerrado,Trabalhista,
0000755-35.2016.5.19.0058,Pacaembu Construtora S/A,Laudico Otávio da Silva,Primeira Instância,Encerrado,Trabalhista,
0000623-87.2016.5.13.0011,Pacaembu Construtora S/A,Gilberlândio Gomes Barbosa,Primeira Instância,Pendente,Trabalhista,Rodrigues Barbalho
0010890-62.2016.5.15.0044,Pacaembu Construtora S/A,Vanilson Saturnino Rodrigues,Primeira Instância,Encerrado,Trabalhista,
0000343-85.2016.5.22.0102,Pacaembu Construtora S/A,Pedro Patricio da Costa,Primeira Instância,Encerrado,Trabalhista,
0000311-80.2016.5.22.0102,Pacaembu Construtora S/A,Wilson Francisco de Oliveira Paes Landim,Primeira Instância,Encerrado,Trabalhista,
0010713-21.2016.5.15.0005,Pacaembu Construtora S/A,Rafael Bueno Santos,Primeira Instância,Encerrado,Trabalhista,
0010802-44.2016.5.15.0005,Pacaembu Construtora S/A,Antônio de Paulo Andrade Reis,Primeira Instância,Encerrado,Trabalhista,
0000255-47.2016.5.22.0102,Pacaembu Construtora S/A,Edmilson dos Santos Paes Landim,,Encerrado,Trabalhista,
0016312-72.2016.5.16.0017,Pacaembu Construtora S/A,Gildesson Reis da Silva,Primeira Instância,Encerrado,Trabalhista,
0010974-46.2016.5.15.0082,Pacaembu Construtora S/A,Benedito Carlos de Oliveira,Primeira Instância,Encerrado,Trabalhista,
0011129-12.2016.5.15.0062,Pacaembu Construtora S/A,Patrícia Elaine Pinheiro Lira de Oliveira,Primeira Instância,Encerrado,Trabalhista,
0017694-73.2015.5.16.0005,Pacaembu Construtora S/A,José Pedro Vieira Sousa,Primeira Instância,Encerrado,Trabalhista,
1000700-31.2016.5.02.0320,Pacaembu Construtora S/A,Leonardo Gomes da Silva,Primeira Instância,Encerrado,Trabalhista,
0010709-20.2016.5.15.0090,Pacaembu Construtora S/A,Franceli Cunha de Oliveira,Primeira Instância,Encerrado,Trabalhista,
0000497-61.2016.5.23.0107,Pacaembu Construtora S/A,Raphael Jesus da Costa,Primeira Instância,Encerrado,Trabalhista,
0000610-35.2016.5.08.0106,Pacaembu Construtora S/A,Vitor Gabriel Pereira,Primeira Instância,Encerrado,Trabalhista,
0000574-90.2016.5.08.0106,Pacaembu Construtora S/A,Flávio do Rego Oliveira,Primeira Instância,Encerrado,Trabalhista,
1000653-81.2016.5.02.0312,Pacaembu Construtora S/A,João Henrique Carlos de Andrade,Primeira Instância,Encerrado,Trabalhista,
0010387-41.2016.5.15.0044,Pacaembu Construtora S/A,José Lucas Carneiro da Silva,Primeira Instância,Encerrado,Trabalhista,
0010454-39.2016.5.15.0033,Pacaembu Construtora S/A,Benedito Ferreira Braga Filho,Primeira Instância,Encerrado,Trabalhista,
0010453-54.2016.5.15.0033,Pacaembu Construtora S/A,Francisco da Chagas dos Santos Araújo,Primeira Instância,Encerrado,Trabalhista,
0010735-21.2016.5.15.0089,Pacaembu Construtora S/A,Valmiro Soares da Silva,Primeira Instância,Encerrado,Trabalhista,
0010734-36.2016.5.15.0089,Pacaembu Construtora S/A,Rodrigo de Souza Pires,Primeira Instância,Encerrado,Trabalhista,
0010709-17.2016.5.15.0091,Pacaembu Construtora S/A,Silvia Regina Gonçalves,Primeira Instância,Encerrado,Trabalhista,
0010611-27.2016.5.15.0028,Pacaembu Construtora S/A,Laurenildo Vieira Dos Santos,Primeira Instância,Pendente,Trabalhista,
0010982-83.2016.5.15.0062,Pacaembu Construtora S/A,Camila Eugênio,Primeira Instância,Encerrado,Trabalhista,
0010070-42.2016.5.15.0109,Pacaembu Construtora S/A,Nelson Ceratti,Primeira Instância,Encerrado,Trabalhista,
0011156-92.2016.5.15.0062,Pacaembu Construtora S/A,Sidnei Aparecido Beserra do Nascimento,Primeira Instância,Encerrado,Trabalhista,
0010733-51.2016.5.15.0089,Pacaembu Construtora S/A,Valéria de Souza Gonçalves,Primeira Instância,Encerrado,Trabalhista,
0010724-89.2016.5.15.0089,Pacaembu Construtora S/A,Roseli Alcântara Leal,Primeira Instância,Encerrado,Trabalhista,
0010532-93.2016.5.15.0110,Pacaembu Construtora S/A,Geison Aparecido Fuzzas,Primeira Instância,Encerrado,Trabalhista,
0010605-65.2016.5.15.0110,Pacaembu Construtora S/A,Paulo Cesar Rodrigues Junior,Primeira Instância,Encerrado,Trabalhista,
0010513-75.2016.5.15.0017,Pacaembu Construtora S/A,Miguel Ramos da Silva,Primeira Instância,Encerrado,Trabalhista,
0010517-76.2016.5.15.0029,Pacaembu Construtora S/A,Rodrigo Batista Rodrigues,Primeira Instância,Encerrado,Trabalhista,
0010981-06.2016.5.15.0028,Pacaembu Construtora S/A,Marcio Aparecido de Souza,Primeira Instância,Encerrado,Trabalhista,
0010607-22.2016.5.15.0082,Pacaembu Construtora S/A,Arlei Aparecido Mariano,Primeira Instância,Encerrado,Trabalhista,
0010820-84.2016.5.15.0031,Pacaembu Construtora S/A,Denis Augusto Pimentel Lourenço,Primeira Instância,Encerrado,Trabalhista,
0010817-32.2016.5.15.0031,Pacaembu Construtora S/A,José Luiz Maria,Primeira Instância,Encerrado,Trabalhista,
0045165-95.2015.8.26.0050,Pacaembu Construtora S/A,Valdir Mozini Lopes,Segunda Instância,Ativo,Criminal,Uso de Documento Falso
0011303-96.2016.5.15.0037,Pacaembu Construtora S/A,Eleilson Madeira Pinto,Primeira Instância,Encerrado,Trabalhista,
0000131-64.2016.5.22.0102,Pacaembu Construtora S/A,Sidney Soares de Jesus Costa,Primeira Instância,Encerrado,Trabalhista,
0000126-42.2016.5.22.0102,Pacaembu Construtora S/A,Agnaldo Sousa Lima,Primeira Instância,Encerrado,Trabalhista,Rodrigues Barbalho
0000127-27.2016.5.22.0102,Pacaembu Construtora S/A,Paulo Henrique Ferreira Lima,Primeira Instância,Encerrado,Trabalhista,
0000128-12.2016.5.22.0102,Pacaembu Construtora S/A,Guilherme de Souza Lima,Primeira Instância,Encerrado,Trabalhista,Rodrigues Barbalho
0000129-94.2016.5.22.0102,Pacaembu Construtora S/A,Willian Monteiro Souza,Primeira Instância,Encerrado,Trabalhista,Rodrigues Barbalho
0000130-79.2016.5.22.0102,Pacaembu Construtora S/A,Aldir Ferreira Lima,Primeira Instância,Encerrado,Trabalhista,Rodrigues Barbalho
0000132-49.2016.5.22.0102,Pacaembu Construtora S/A,Jairo de Souza Lima,Primeira Instância,Encerrado,Trabalhista,
0000133-34.2016.5.22.0102,Pacaembu Construtora S/A,Roberto Carlos dos Santos Lima,Primeira Instância,Encerrado,Trabalhista,
0000134-19.2016.5.22.0102,Pacaembu Construtora S/A,Waldir Batista de Oliveira Júnior,Primeira Instância,Encerrado,Trabalhista,
0000135-04.2016.5.22.0102,Pacaembu Construtora S/A,Rogério da Silva Barbosa,Primeira Instância,Encerrado,Trabalhista,
0000136-86.2016.5.22.0102,Pacaembu Construtora S/A,Neimam da Costa Santos,Primeira Instância,Encerrado,Trabalhista,
0000137-71.2016.5.22.0102,Pacaembu Construtora S/A,Cleyton Lima Santos,Primeira Instância,Encerrado,Trabalhista,
0000139-41.2016.5.22.0102,Pacaembu Construtora S/A,Alcides Paes Landim dos Santos,Primeira Instância,Encerrado,Trabalhista,Rodrigues Barbalho
0000138-56.2016.5.22.0102,Pacaembu Construtora S/A,Marcelo dos Santos Lima,Primeira Instância,Encerrado,Trabalhista,Rodrigues Barbalho
0010803-09.2016.5.15.0044,Pacaembu Construtora S/A,Ivonildo Cândido Barbosa,Primeira Instância,Encerrado,Trabalhista,
0010936-02.2016.5.15.0028,Pacaembu Construtora S/A,Carlos André de Paula,Primeira Instância,Encerrado,Trabalhista,
0010681-80.2016.5.15.0016,Pacaembu Construtora S/A,Manuela Marques Gomes,Primeira Instância,Encerrado,Trabalhista,Marchi & Oliveira Apoio Administrativo ltda
0010697-47.2016.5.15.0044,Pacaembu Construtora S/A,Vanilson Saturnino Rodrigues,Primeira Instância,Encerrado,Trabalhista,
0000350-38.2016.5.23.0106,Pacaembu Construtora S/A,Jackson de Oliveira,Primeira Instância,Encerrado,Trabalhista,
0010243-93.2016.5.15.0003,Pacaembu Construtora S/A,Alexandre Fernando da Silva,Primeira Instância,Encerrado,Trabalhista,
0010784-51.2016.5.15.0028,Pacaembu Construtora S/A,João Pedro Alves Toledo,Primeira Instância,Encerrado,Trabalhista,
1.34.007.000304/2013-04,Pacaembu Construtora S/A,PROCURADORIA DA REPUBLICA NO MUNICÍPIO DE MARILIA,,Ativo,Inquérito Civil,Taxas Municipais
0010661-24.2016.5.15.0070,Pacaembu Construtora S/A,Ademir dos Santos Silva,Primeira Instância,Encerrado,Trabalhista,
0010244-78.2016.5.15.0003,Pacaembu Construtora S/A,Alexandre Fernando da Silva,Primeira Instância,Encerrado,Trabalhista,
0010144-51.2016.5.15.0027,Pacaembu Construtora S/A,Josenildo Rodrigues da Silva,Primeira Instância,Encerrado,Trabalhista,
0011851-92.2015.5.15.0058,Pacaembu Construtora S/A,Rosemeire Aparecida Ribeiro Gobbi,Primeira Instância,Encerrado,Trabalhista,
0000409-78.2016.5.06.0371,Pacaembu Construtora S/A,Everaldo Rodrigues dos Santos,Primeira Instância,Encerrado,Trabalhista,
0012523-63.2015.5.15.0135,Pacaembu Construtora S/A,Gildesson Reis da Silva,Primeira Instância,Encerrado,Trabalhista,
0010626-05.2016.5.15.0025,Pacaembu Construtora S/A,Edi Ilson Martins,Primeira Instância,Encerrado,Trabalhista,
0010407-51.2016.5.15.0070,Pacaembu Construtora S/A,Manoel Ferreira da Costa,Primeira Instância,Encerrado,Trabalhista,
0010064-62.2016.5.15.0003,Pacaembu Construtora S/A,Roberto Agrela,,Encerrado,Trabalhista,
1002339-05.2016.8.26.0114,Haus Construtora Ltda,Prefeitura Municipal de Campinas,Primeira Instância,Encerrado,Processo Cíveis,Execução Fiscal
1006771-67.2016.8.26.0114,Haus Construtora Ltda,Prefeitura Municipal de Campinas,Primeira Instância,Encerrado,Processo Cíveis,Execução Fiscal
0011849-25.2015.5.15.0058,Pacaembu Construtora S/A,Akaene Cristina Gobbi Ferreira,Primeira Instância,Pendente,Trabalhista,
0010567-08.2016.5.15.0028,Pacaembu Construtora S/A,José Fernandes dos Santos,Primeira Instância,Encerrado,Trabalhista,
0002247-77.2015.5.22.0102,Pacaembu Construtora S/A,Reginaldo de Oliveira Paes Landim,Primeira Instância,Encerrado,Trabalhista,
0010271-35.2016.5.15.0044,Pacaembu Construtora S/A,Valtemir Santos da Silva,Primeira Instância,Encerrado,Trabalhista,
1000060-52.2016.5.02.0312,Pacaembu Construtora S/A,Manoel Genailson de Morais,Primeira Instância,Encerrado,Trabalhista,
1000674-40.2016.8.26.0344,Potencial Empreendimentos Ltda.,Neuza Ferreira dos Santos Albuquerque,Segunda Instância,Encerrado,Processo Cíveis,Indenização por Danos Morais
0011468-64.2015.5.15.0107,Pacaembu Construtora S/A,José Wellington Fonseca Gomes,Primeira Instância,Encerrado,Trabalhista,
0010010-89.2016.5.15.0070,Pacaembu Construtora S/A,Espólio de Oseias Alves Pereira,Primeira Instância,Encerrado,Trabalhista,
0010228-74.2016.5.03.0063,Pacaembu Construtora S/A,Marco Aurélio Alkimin Silva,Primeira Instância,Encerrado,Trabalhista,
0002220-94.2015.5.22.0102,Pacaembu Construtora S/A,Lourisvaldo Fernandes da Silva,Primeira Instância,Encerrado,Trabalhista,
0011438-29.2015.5.15.0107,Pacaembu Construtora S/A,João Reinaldo Saraiva,Primeira Instância,Encerrado,Trabalhista,
0011439-14.2015.5.15.0107,Pacaembu Construtora S/A,Paulo Cesar Tavares de Jesus Junior,Primeira Instância,Encerrado,Trabalhista,
0010218-79.2016.5.03.0176,Pacaembu Construtora S/A,FABIO ADRIANO SOUZA DOS SANTOS,Primeira Instância,Encerrado,Trabalhista,
0010223-04.2016.5.03.0176,Pacaembu Construtora S/A,Wallisson Henrique Santos Silva,Primeira Instância,Encerrado,Trabalhista,
0002081-45.2015.5.22.0102,Pacaembu Construtora S/A,Raimundo Pereira dos Santos,Primeira Instância,Encerrado,Trabalhista,
0010222-13.2016.5.15.0070,Pacaembu Construtora S/A,Ricardo Batista Donda,Primeira Instância,Encerrado,Trabalhista,
0010097-59.2016.5.15.0033,Pacaembu Construtora S/A,Adriel Bezerra,Primeira Instância,Encerrado,Trabalhista,
0010099-29.2016.5.15.0033,Pacaembu Construtora S/A,Clécio Cesar Nogueira Amorim,Primeira Instância,Encerrado,Trabalhista,
0010406-66.2016.5.15.0070,Pacaembu Construtora S/A,Eduardo Zanela,Primeira Instância,Encerrado,Trabalhista,A M Aurubas
0010187-30.2016.5.15.0110,Pacaembu Construtora S/A,Paulo Cesar Rodrigues Junior,,Encerrado,Trabalhista,
0010280-45.2016.5.15.0028,Pacaembu Construtora S/A,Edna Bicalho dos Santos,Primeira Instância,Encerrado,Trabalhista,
00010051-45.2016.5.15.0106,Pacaembu Construtora S/A,Denivaldo Almeida,Primeira Instância,Encerrado,Trabalhista,
0012342-55.2015.5.15.0008,Pacaembu Construtora S/A,Josivaldo de Souza Neres,Primeira Instância,Encerrado,Trabalhista,
1001064-10.2016.8.26.0344,Maria Emilia Bassan de Almeida,FRV Empreendimentos Ltda.,Primeira Instância,Ativo - não Pacaembu,Processo Cíveis,Declaratória de Inexigibilidade de Crédito
0012812-94.2015.5.15.0070,Pacaembu Construtora S/A,Cintia Adriana Acre,Primeira Instância,Encerrado,Trabalhista,
0001685-68.2015.5.22.0102,Pacaembu Construtora S/A,Eronildo Paes de Santana,Primeira Instância,Encerrado,Trabalhista,
0001684-83.2015.5.22.0102,Pacaembu Construtora S/A,José Bonfim Soares dos Santos,Primeira Instância,Encerrado,Trabalhista,
0011823-53.2015.5.15.0017,Pacaembu Construtora S/A,Jairo Carneiro Leandro,Primeira Instância,Encerrado,Trabalhista,
0022521-43.2001.8.26.0344,Wilson de Almeida Junior,Prefeitura Municipal de Marília,Primeira Instância,Ativo,Processo Cível,IPTU/ Imposto Predial e Territorial Urbano
0000043-05.2016.5.22.0109,Pacaembu Construtora S/A,Emiliano Luiz Ferreira Alencar,Primeira Instância,Encerrado,Trabalhista,
0012029-10.2015.5.15.0133,Pacaembu Construtora S/A,Everaldo Rodrigues dos Santos,Primeira Instância,Encerrado,Trabalhista,
0012000-76.2015.5.15.0062,Pacaembu Construtora S/A,Espólio de Moisés Carvalho de Lima,Primeira Instância,Encerrado,Trabalhista,
0011948-61.2015.5.15.0133,Pacaembu Construtora S/A,José Américo da Silva,Primeira Instância,Encerrado,Trabalhista,
0012640-20.2015.5.15.0017,Pacaembu Construtora S/A,Victor Barbosa de Siqueira,Primeira Instância,Encerrado,Trabalhista,
0010039-55.2016.5.15.0098,Pacaembu Construtora S/A,Cilso Aparecido Bernardo,Primeira Instância,Encerrado,Trabalhista,
0010038-70.2016.5.15.0098,Pacaembu Construtora S/A,José Carlos Camilo,Primeira Instância,Encerrado,Trabalhista,
0010021-34.2016.5.15.0098,Pacaembu Construtora S/A,Giovane Faria,Primeira Instância,Encerrado,Trabalhista,
0010020-49.2016.5.15.0098,Pacaembu Construtora S/A,Alan Jacob da Silva,Primeira Instância,Encerrado,Trabalhista,
0010028-26.2016.5.15.0098,Pacaembu Construtora S/A,Paulo Cesar Ribeiro,Primeira Instância,Encerrado,Trabalhista,
0012234-54.2015.5.15.0031,Pacaembu Construtora S/A,Danilo Augusto de Souza Munhoz,Primeira Instância,Encerrado,Trabalhista,
0010019-64.2016.5.15.0098,Pacaembu Construtora S/A,Giovani Aparecido Costa,Primeira Instância,Encerrado,Trabalhista,
0012198-12.2015.5.15.0031,Pacaembu Construtora S/A,Jeferson Pereira da Silva,Primeira Instância,Encerrado,Trabalhista,
0012254-45.2015.5.15.0031,Pacaembu Construtora S/A,Ivair Loureiro Diniz,Primeira Instância,Encerrado,Trabalhista,
0013014-16.2015.5.15.0056,Pacaembu Construtora S/A,Reginaldo Ferreira de Souza,Primeira Instância,Pendente,Trabalhista,
0013011-61.2015.5.15.0056,Pacaembu Construtora S/A,Jefferson Xavier Lima,Primeira Instância,Encerrado,Trabalhista,
0130438-50.2015.5.13.0019,Pacaembu Construtora S/A,Marcondes Bernardino de Sousa,Primeira Instância,Encerrado,Trabalhista,
0012607-65.2015.5.15.0070,Pacaembu Construtora S/A,Paulo Cesar Tavares de Jesus Junior,Primeira Instância,Encerrado,Trabalhista,
0012806-19.2015.5.15.0028,Pacaembu Construtora S/A,Jesus Benedito Florindo,Primeira Instância,Encerrado,Trabalhista,
0010010-05.2016.5.15.0098,Pacaembu Construtora S/A,Raimundo Nonato Silva,Primeira Instância,Encerrado,Trabalhista,
1021744-58.2015.8.26.0309,Pacaembu Construtora S/A,Prefeitura Municipal de Jundiaí,Primeira Instância,Encerrado,Processo Cíveis,IPTU/ Imposto Predial e Territorial Urbano
1005339-40.2015.8.26.0084,Haus Construtora Ltda,Maria das Dores Santos,,Arquivado,Cível,Vícios de Construção
1047327-20.2015.8.26.0576,Haus Construtora Ltda,Fernanda Cristina Nogueira de Almeida,Primeira Instância,Encerrado,Cível,Indenização por Dano Moral
0012654-68.2015.5.15.0028,Pacaembu Construtora S/A,Sileide Regiane de Souza,Primeira Instância,Encerrado,Trabalhista,
0012637-32.2015.5.15.0028,Pacaembu Construtora S/A,Leandro Junio Pereira,Primeira Instância,Encerrado,Trabalhista,
0012426-45.2015.5.15.0044,Pacaembu Construtora S/A,Luis Pereira de Araújo,Primeira Instância,Encerrado,Trabalhista,
14.0717.0009642/2012-4,Haus Construtora Ltda,Ministério Público do Estado de São Paulo,,Ativo,Inquérito Civil,
3001300-13.2013.8.28.0576,Haus Construtora Ltda,OLGS Empreiteira Rio Preto Ltda,,Encerrado,Cível,Prestação de Serviços
14.0214.0000482/2013-8,Pacaembu Construtora S/A,Manoel de Oli,Primeira Instância,Ativo,Inquérito Civil,Danos Ambientais - Caimã
0011205-51.2015.5.15.0133,Haus Construtora Ltda,Everaldo Firmino de Paula,Primeira Instância,Encerrado,Trabalhista,Obra Lealdade & Amizade - SJ Rio Preto
0011545-52.2015.5.15.0017,Haus Construtora Ltda,Everaldo Rodrigues dos Santos,Primeira Instância,Encerrado,Trabalhista,
0011252-57.2015.5.15.0090,Pacaembu Construtora S/A,Evandro Prestes Lopes,Primeira Instância,Encerrado,Trabalhista,Obra: Escritório Central
0004444-40.2013.4.03.6131,Construtora Riachuelo Ltda.,Fazenda Nacional,Primeira Instância,Encerrado,Tributário Execução Fiscal,CONTRIBUICAO PREVIDENCIARIA - DIVIDA ATIVA - TRIBUTARIO
0012384-71.2015.5.15.0116,Pacaembu Construtora S/A,Adilson da Silva,Primeira Instância,Encerrado,Trabalhista,Obra: Vida Nova Tatuí
0010875-32.2010.8.26.0114,Atlanta Construções Comercio e Empreendimentos Ltda,Edificio Residencial Isabella,Primeira Instância,Encerrado,Processo Cíveis,Produção de Provas
0012538-33.2015.5.15.0070,Pacaembu Construtora S/A,Claudemir Luiz Januário,Primeira Instância,Encerrado,Trabalhista,
0012454-15.2015.5.15.0011,Haus Construtora Ltda,Antonio Canuto de Sousa,Primeira Instância,Encerrado,Trabalhista,Obras: Luz da Esperança; Lealdade & Amizade e Harmonia
0012493-58.2015.5.15.0028,Pacaembu Construtora S/A,Alessandra Lima Januário Santos,Primeira Instância,Encerrado,Trabalhista,Obra: Nova Catanduva (Catanduva)
0011804-87.2015.5.15.0133,Pacaembu Construtora S/A,Cícero Gomes de Paula,Primeira Instância,Encerrado,Trabalhista,
1015191-84.2015.8.26.0344,Maria Emilia Bassan de Almeida,FRV Empreendimentos Ltda.,Primeira Instância,Encerrado,Cível,
0004122-90.2007.4.03.6111,Cooperativa Habitacional dos Comerciantes do Estado de São Paulo,MINISTERIO PUBLICO FEDERAL,Segunda Instância,Ativo,Processo Cível,INDENIZACAO POR DANO AMBIENTAL
0011491-05.2015.5.15.0044,Pacaembu Construtora S/A,Miraldo Bezerra dos Santos,Primeira Instância,Encerrado,Trabalhista,
0901410-09.2005.4.03.6100,MML Empreendimentos Ltda.,Maria Onelia de Mattos,,Encerrado,Cível,QUITACAO - SISTEMA FINANCEIRO DE HABITACAO - ESPECIES DE CONTRATO - OBRIGACOES - DIREITO CIVIL DO FINANCIAMENTO C/OUTORGA DE ESCRITURA E INDENIZACAO
0030470-84.2002.8.26.0344,Wilson de Almeida Junior,Município de Marília,,Encerrado,Cível,Execução Fiscal
0028597-15.2003.8.26.0344,Wilson de Almeida Junior,Município de Marília,Primeira Instância,Encerrado,Cível,Execução Fiscal
1011947-50.2015.8.26.0344,Wilson de Almeida Junior,Prefeitura Municipal de Marília,Primeira Instância,Encerrado,Cível,Efeito Suspensivo / Impugnação / Embargos à Execução
0048588-76.2011.8.26.0576,Haus Construtora Ltda,Demop Participações Ltda,,Acordo Homologado,Cível,Rescisão Contratual
0055295-60.2011.8.26.0576,Haus Construtora Ltda,Demop Participações Ltda,,Encerrado,Cível,Prestação de Serviços
0058888-97.2011.8.26.0576,Haus Construtora Ltda,Demop Participações Ltda,,Encerrado,Cível,Monitória
0015236-80.2002.8.26.0047,Wilson de Almeida Junior,Fazenda Municipal de Assis,Primeira Instância,Suspenso,Cível,Execução Fiscal
0001595-60.2015.5.22.0102,Pacaembu Construtora S/A,Manoel Pereira Paes Landim,Primeira Instância,Encerrado,Trabalhista,
0000672-19.2015.5.21.0019,Haus Construtora Ltda,José Odair Bezerra Josino,,Encerrado,Trabalhista,Obra Não Identificadas
0001244-87.2015.5.22.0102,Pacaembu Construtora S/A,Mauricio dos Santos Silva,Primeira Instância,Encerrado,Trabalhista,AFT Construtora
0001256-04.2015.22.0102,Pacaembu Construtora S/A,Raimundo Lima Filho,Primeira Instância,Encerrado,Trabalhista,Obra: Jardim das Oliveiras (Novo Horizonte)
0001588-68.2015.5.22.0102,Pacaembu Construtora S/A,Iremar Paes Landim,Primeira Instância,Encerrado,Trabalhista,
0001509-89.2015.5.22.0102,Pacaembu Construtora S/A,Leonardo Dias dos Santos,Primeira Instância,Encerrado,Trabalhista,S. G. Silva
0001537-57.2015.5.22.0102,Pacaembu Construtora S/A,Manoel Emidio Paes Landim de Assis,Primeira Instância,Encerrado,Trabalhista,Obra: Recanto Harmonia
0012276-15.2015.5.15.0028,Pacaembu Construtora S/A,Nailton de Jesus dos Anjos,Primeira Instância,Encerrado,Trabalhista,
0001499-45.2015.5.22.0102,Pacaembu Construtora S/A,Vilmar de Castro Santos,,Encerrado,Trabalhista,Construtora Novo Progresso
0012013-15.2015.5.15.0082,Haus Construtora Ltda,Jose Bonifacio Nascimento,Primeira Instância,Encerrado,Trabalhista,
0012066-13.2015.5.15.0044,Haus Construtora Ltda,Vicente Antonio de Oliveira,Primeira Instância,Encerrado,Trabalhista,
0001536-72.2015.5.22.0102,Pacaembu Construtora S/A,Josian Mota dos Santos,Primeira Instância,Encerrado,Trabalhista,Obras: Jardim Itália e Harmonia
0001252-64.2015.5.22.0102,Pacaembu Construtora S/A,Pedro Patricio da Costa,Primeira Instância,Encerrado,Trabalhista,Obras: Nova Catanduva e Vida Nova Sorocaba
0012407-87.2015.5.15.0028,Pacaembu Construtora S/A,Pedro Amaro Ferreira Neto,Primeira Instância,Encerrado,Trabalhista,
0012406-05.2015.5.15.0028,Pacaembu Construtora S/A,José Erivan Medeiros da Silva,Primeira Instância,Encerrado,Trabalhista,
0011468-42.2015.5.15.0082,Haus Construtora Ltda,Nelson Antonio da Silva,Primeira Instância,Encerrado,Trabalhista,
0011978-56.2015.5.15.0017,Pacaembu Construtora S/A,Miguel Ramos da Silva,Primeira Instância,Encerrado,Trabalhista,Obra - Verificar
0011538-03.2015.5.15.0133,Haus Construtora Ltda,Rodrigo Silva Sousa,Primeira Instância,Encerrado,Trabalhista,Obras: Luz da Esperança e Lealdade & Amizade
0012322-04.2015.5.15.0028,Pacaembu Construtora S/A,Gildesson Reis da Silva,Primeira Instância,Encerrado,Trabalhista,Obra Nova catanduva
0012328-79.2015.5.15.0070,Pacaembu Construtora S/A,João Reinaldo Saraiva,Primeira Instância,Encerrado,Trabalhista,Obra Nova Catanduva
0012293-51.2015.5.15.0028,Pacaembu Construtora S/A,Maciel Lima de Almeida,Primeira Instância,Encerrado,Trabalhista,
0013070-31.2015.5.15.0062,Pacaembu Construtora S/A,Cleberson Andrade Pinheiro de Souza,,Encerrado,Trabalhista,
0074578-77.2007.4.03.6301,Wilson de Almeida Junior,CAIXA ECONOMICA FEDERAL - CEF,Primeira Instância,Encerrado,Cível,010201 - DANO MORAL E/OU MATERIAL - RESPONSABILIDADE OBJETIVA
0028676-91.2003.8.26.0344,AJ Comercial e Construtora Ltda.,Município de Marília,,Encerrado,Cível,Execução Fiscal
0008852-93.1996.8.26.0344,AJ Comercial e Construtora Ltda.,Nossa Caixa Nosso Banco Sa,Primeira Instância,Encerrado,Cível,Liquidação / Cumprimento / Execução
0022386-02.1999.8.26.0344,AJ Comercial e Construtora Ltda.,Daem,,Suspenso,Cível,Execução Fiscal
0034056-95.2003.8.26.0344,AJ Comercial e Construtora Ltda.,Fazenda Pública do Município de Marília,Primeira Instância,Suspenso,Cível,Execução Fiscal
0034105-39.2003.8.26.0344,AJ Comercial e Construtora Ltda.,Prefeitura Municipal de Marília,Primeira Instância,Pendente,Cível,Execução Fiscal
0041546-13.2009.8.26.0554,MML Empreendimentos Ltda.,Osvaldo dos Santos Ramos,Segunda Instância,Encerrado,Processo Cíveis,Pagamento Indevido
0026120-53.2002.8.26.0344,MML Empreendimentos Ltda.,Prefeitura Municipal de Marília,Primeira Instância,Ativo,Processo Cível,Execução Fiscal
0022691-81.2005.8.26.0309,Irmãos Carbonari S/A Comercial Industrial e Agricola,Município de Jundiaí,Primeira Instância,Encerrado,Cível,Desapropriação
0027512-93.2011.8.26.0576,Pacaembu Construtora S/A,Pedroso & Souza Serviços de Construção Ltda ME,Primeira Instância,Encerrado,Processo Cíveis,
0006030-72.2004.8.26.0079,Construtora Riachuelo Ltda.,Edna Maria Batista,Primeira Instância,Suspenso,Cível,Despejo por falta de pagamento
0004443-55.2013.4.03.6131,Construtora Riachuelo Ltda.,Fazenda Nacional,Primeira Instância,Encerrado,Tributário Execução Fiscal,CONTRIBUICAO PREVIDENCIARIA - DIVIDA ATIVA - TRIBUTARIO
0004442-70.2013.4.03.6131,Construtora Riachuelo Ltda.,Fazenda Nacional,Primeira Instância,Encerrado,Tributário Execução Fiscal,CONTRIBUICAO PREVIDENCIARIA - DIVIDA ATIVA - TRIBUTARIO
0004441-85.2013.4.03.6131,Construtora Riachuelo Ltda.,Fazenda Nacional,Primeira Instância,Encerrado,Processo Cíveis,CONTRIBUICAO PREVIDENCIARIA - DIVIDA ATIVA - TRIBUTARIO
0500341-77.2010.8.26.0079,Construtora Riachuelo Ltda.,Prefeitura Municipal de Botucatu,Primeira Instância,Suspenso,Cível,Execução Fiscal
0501033-71.2013.8.26.0079,Construtora Riachuelo Ltda.,Prefeitura Municipal de Botucatu,Primeira Instância,Suspenso,Cível,IPTU/ Imposto Predial e Territorial Urbano
1305265-48.1998.4.03.6108,Construtora Riachuelo Ltda.,INSS,Segunda Instância,Encerrado,Tributário Execução Fiscal,"CONTRIBUICAO SOCIAL DE AUTONOMOS, EMPRESARIOS (PRO-LABORE) E FACULTATIVOS - CONTRIBUICAO SOCIAL - TRIBUTARIO VLR INDEV RECOLH ULTIMOS 10 ANOS C/TRIB MESMA ESPECIE INCLUS PRO-LABOR"
146-81.2015.6.26.0002,Wilson de Almeida Junior,Ministério Público Eleitoral,Primeira Instância,Encerrado,Cível,Doação acima do limite legal
0001228-36.2015.5.22.0102,Pacaembu Construtora S/A,Manoel de Sousa Dias,,Encerrado,Trabalhista,
0001227-51.2015.5.22.0102,Pacaembu Construtora S/A,Adail Estraube Paes da Silva,Primeira Instância,Encerrado,Trabalhista,Obras: Nova Catanduva e Vida Nova Sorocaba
0011516-03.2015.5.15.0049,Pacaembu Construtora S/A,Edipo Ricardo Broesler,Primeira Instância,Encerrado,Trabalhista,
0011836-10.2015.5.15.0031,Pacaembu Construtora S/A,Raimundo da Conceição Cutrim Veiga,Primeira Instância,Encerrado,Trabalhista,Obra: Mario Emílio (Avaré)
0012279-67.2015.5.15.0028,Pacaembu Construtora S/A,Naia Rita Catelan Neves,Primeira Instância,Encerrado,Trabalhista,Obra Nova Catanduva - Catanduva
1020652-80.2015.8.26.0071,Pacaembu Construtora S/A,D'cinco Produtos Ciderúrgicos,Primeira Instância,Encerrado,Cível,Declaratória de Inexigibilidade de Crédito
1017823-29.2015.8.26.0071,Pacaembu Construtora S/A,D'cinco Produtos Ciderúrgicos,Primeira Instância,Encerrado,Cível,Sustação de Protesto
0012008-90.2015.5.15.0082,Pacaembu Construtora S/A,Cleiton Vicente de Lima,Primeira Instância,Encerrado,Trabalhista,
0012222-20.2015.5.15.0070,Pacaembu Construtora S/A,Sonia Cristina Lima Barbosa,Primeira Instância,Encerrado,Trabalhista,
0000383-08.2014.4.03.6130,Atlanta Construções Comercio e Empreendimentos Ltda,Condomínio Recanto das Flores,Segunda Instância,Arquivado - não Pacaembu,Processo Cível,Direito de Propriedade
0587700-07.2014.8.26.0344,AJ Comercial e Construtora Ltda.,Prefeitura Municipal de Marília,Primeira Instância,Ativo - não Pacaembu,Tributário,Taxas Municipais
0024878-98.1998.8.26.0344,AJ Comercial e Construtora Ltda.,Município de Marília,Primeira Instância,Suspenso,Tributário,Taxas Municipais
0026912-75.2000.8.26.0344,AJ Comercial e Construtora Ltda.,Daem,Primeira Instância,Suspenso,Tributário,Taxas Municipais
0027247-94.2000.8.26.0344,AJ Comercial e Construtora Ltda.,Daem,Primeira Instância,Arquivado,Tributário,Taxas Municipais
0027290-31.2000.8.26.0344,AJ Comercial e Construtora Ltda.,Daem,Primeira Instância,Suspenso,Tributário,Taxas Municipais
0034154-80.2003.8.26.0344,AJ Comercial e Construtora Ltda.,Município de Marília,Primeira Instância,Suspenso,Tributário,Taxas Municipais
0018846-33.2005.8.26.0344,AJ Comercial e Construtora Ltda.,Daem,Primeira Instância,Suspenso,Tributário,Taxas Municipais
0021954-36.2006.8.26.0344,AJ Comercial e Construtora Ltda.,Fazenda Pública de Marília,Primeira Instância,Suspenso,Tributário,Taxas Municipais
0501164-66.2009.8.26.0344,AJ Comercial e Construtora Ltda.,Prefeitura do Município de Marília,Primeira Instância,Pendente,Tributário,Taxas Municipais
0508134-53.2007.8.26.0344,AJ Comercial e Construtora Ltda.,Prefeitura Municipal de Marília,Primeira Instância,Suspenso,Tributário,Taxas Municipais
0576656-88.2014.8.26.0344,AJ Comercial e Construtora Ltda.,Prefeitura Municipal de Marília,,Suspenso,Tributário,Taxas Municipais
0508135-38.2007.8.26.0344,AJ Comercial e Construtora Ltda.,Prefeitura Municipal de Marília,Primeira Instância,Arquivado - não Pacaembu,Processo Cível,Execução Fiscal
0031517-54.2006.8.26.0344,AJ Comercial e Construtora Ltda.,Prefeitura Municipal de Marília,Primeira Instância,Arquivado - não Pacaembu,Processo Cível,Taxas Municipais
0011520-17.2015.5.15.0089,Pacaembu Construtora S/A,Osnei Lopes Gonçalves,Primeira Instância,Encerrado,Trabalhista,
0031299-29.2009.8.26.0309,Irmãos Carbonari S/A Comercial Industrial e Agricola,Fazenda Pública de Jundiaí,Primeira Instância,Ativo,Processo Cível,Taxas Municipais
3009715-31.2013.8.26.0302,Construtora Riachuelo Ltda.,Psm Comércio Ltda.,Primeira Instância,Encerrado,Cível,
0012070-46.2005.8.26.0302,Construtora Riachuelo Ltda.,Psm Comércio Ltda.,Primeira Instância,Encerrado,Cível,
0000283-18.1992.4.03.6100,Atlanta Construções Comercio e Empreendimentos Ltda,Fazenda Nacional,Segunda Instância,Encerrado,Processo Cíveis,FINSOCIAL - Contribuição Social
1007774-41.2015.8.26.0066,Pacaembu Construtora S/A,Deborah Cristina de Oliveira Faria,Segunda Instância,Suspenso,Processo Cíveis,Documentos de Financiamento Retidos na Caixa
1005419-88.2014.8.26.0132,Pacaembu Construtora S/A,Ocione dos Santos e outros,Primeira Instância,Encerrado,Cível,Embargos de obra
0012175-75.2015.5.15.0028,Pacaembu Construtora S/A,Luana Priscila Lima Barbosa,,Encerrado,Trabalhista,
0012194-52.2015.5.15.0070,Pacaembu Construtora S/A,Raquel Neves Cândido,Primeira Instância,Pendente,Trabalhista,Obra Nova Catanduva - Catanduva
0012183-52.2015.5.15.0028,Pacaembu Construtora S/A,Heloiza Neres dos Santos,Primeira Instância,Encerrado,Trabalhista,
0012201-44.2015.5.15.0070,Pacaembu Construtora S/A,Marta de Andrade de Pereira,Primeira Instância,Encerrado,Trabalhista,Obra Nova Catanduva - Catanduva
0011990-37.2015.5.15.0028,Pacaembu Construtora S/A,Tairini Silva Santos,Primeira Instância,Encerrado,Trabalhista,Obra Nova Catanduva - Catanduva
0001089-84.2015.5.22.0102,Pacaembu Construtora S/A,José Roberto Santos Marques,,Encerrado,Trabalhista,Obras: Nova Catanduva e Vida Nova Monte Alto
0012360-50.2015.5.15.0146,Pacaembu Construtora S/A,Damiao Elias Vieira Filho,Primeira Instância,Encerrado,Trabalhista,Obra Lealdade - SJ Rio Preto
0017315-37.1999.4.03.6182,AJ Comercial e Construtora Ltda.,Fazenda Nacional,Primeira Instância,Encerrado,Tributário Execução Fiscal,Execução Fiscal
0585385-06.2014.8.26.0344,Gold Land Empreendimentos Imobiliários Ltda,Prefeitura Municipal Marilia,Primeira Instância,Arquivado - não Pacaembu,Cível,Execução Fiscal
0001080-25.2015.5.22.0102,Pacaembu Construtora S/A,Pedro das Chagas Marques dos Santos,Primeira Instância,Encerrado,Trabalhista,
0012051-63.2015.5.15.0070,Pacaembu Construtora S/A,Gildesson Reis da Silva,,Encerrado,Trabalhista,Obra Vida Nova Catanduva
0012029-05.2015.5.15.0070,Pacaembu Construtora S/A,Izilda Donizete de Souza Rapanhane,Primeira Instância,Encerrado,Trabalhista,Obra Nova Catanduva - Catanduva
0012042-33.2015.5.15.0028,Pacaembu Construtora S/A,Paulo Cesar Tavares de Jesus Junior,Primeira Instância,Encerrado,Trabalhista,Obra Vida Nova Catanduva - Catanduva
0001002-31.2015.5.22.0102,Pacaembu Construtora S/A,Evandro de França Santos,Primeira Instância,Encerrado,Trabalhista,Obra Vida Nova Sorocaba - Sorocaba
0001001-46.2015.5.22.0102,Pacaembu Construtora S/A,Diego dos Santos Oliveira,Primeira Instância,Encerrado,Trabalhista,Obra Vida Nova Sorocaba - Sorocaba
0001000-61.2015.5.22.0102,Pacaembu Construtora S/A,Adailton Ribeiro de Oliveira,Primeira Instância,Encerrado,Trabalhista,Obra Vida Nova Sorocaba - Sorocaba
0011985-15.2015.5.15.0028,Pacaembu Construtora S/A,Andrea Lima Januário Rodrigues,Primeira Instância,Encerrado,Trabalhista,Obra Nova Catanduva - Catanduva
0003241-44.2015.4.03.6108,Pacaembu Construtora S/A,Delegado da Receita Federal do Brasil em Bauru Sp,Segunda Instância,Arquivado,Tributário,FINSOCIAL - Contribuição Social
0000900-09-2015.5.22.0102,Pacaembu Construtora S/A,Marcos Antonio de Sousa Silva,Primeira Instância,Encerrado,Trabalhista,Obra Nova Catanduva - Catanduva
0011937-56.2015.5.15.0028,Pacaembu Construtora S/A,Claudio Rodrigues dos Santos,Primeira Instância,Encerrado,Trabalhista,
0006575-51.2013.8.26.0072,Pacaembu Construtora S/A,JKR Construção e Materiais Ltda ME,Primeira Instância,Encerrado,Cível,
0011791-15.2007.8.26.0068,Pacaembu Construtora S/A,Hexa Factoring Fomento Mercantil Ltda,,Arquivado,Cível,
0000748-78.2010.5.15.0021,Wilson de Almeida Junior,Roseli Balbino Gomes,Primeira Instância,Pendente,Trabalhista,
0011912-52.2015.5.15.0025,Pacaembu Construtora S/A,Rafael da Silva,Primeira Instância,Encerrado,Trabalhista,Obras: Jd. do Bosque e Caimã - À confirmar
0011869-77.2015.5.15.0070,Pacaembu Construtora S/A,Luciana Bastos da Silva,Primeira Instância,Encerrado,Trabalhista,Obra: Nova Catanduva
0011913-37.2015.5.15.0025,Pacaembu Construtora S/A,Lucas da Silva Rodrigues,Primeira Instância,Encerrado,Trabalhista,Obras: Caimã e Jd. do Bosque I e II
0011178-02.2015.5.15.0058,Pacaembu Construtora S/A,Luiz Marcos da Silva,Primeira Instância,Pendente,Trabalhista,Obra: Harmonia
0011392-74.2015.5.15.0031,Pacaembu Construtora S/A,Ivanildo da Costa,Primeira Instância,Encerrado,Trabalhista,Obra São Rogério (Avaré)
0011233-75.2015.5.15.0082,Pacaembu Construtora S/A,Leandro de Carvalho Silva,Primeira Instância,Encerrado,Trabalhista,
0011209-47.2015.5.15.0082,Pacaembu Construtora S/A,Jose Bonifacio Nascimento,Primeira Instância,Encerrado,Trabalhista,Obra: Lealdade & Amizade (SJ Rio Preto)
0011445-97.2015.5.15.0017,Pacaembu Construtora S/A,Everaldo Rodrigues dos Santos,Primeira Instância,Encerrado,Trabalhista,Obra: Lealdade & Amizade (SJ Rio Preto)
0011776-17.2015.5.15.0070,Pacaembu Construtora S/A,Everaldo Rodrigues dos Santos,,Encerrado,Trabalhista,
0011362-39.2015.5.15.0031,Pacaembu Construtora S/A,Alessandro Luis do Nascimento,,Encerrado,Trabalhista,"Obras: Santa Elisa, São Rogério e Mario Emílio"
0011252-40.2015.5.15.0031,Pacaembu Construtora S/A,Alex Luiz do Nascimento,Primeira Instância,Encerrado,Trabalhista,São Rogério e Mario Emílio
0011666-47.2015.5.15.0028,Pacaembu Construtora S/A,Amanda Barbosa da Silva,Primeira Instância,Encerrado,Trabalhista,
0011672-25.2015.5.15.0070,Pacaembu Construtora S/A,Elenilda Placido dos Santos,Primeira Instância,Encerrado,Trabalhista,Obras: Jardim das Oliveiras (Novo Horizonte)
0010868-43.2015.5.15.0107,Pacaembu Construtora S/A,Alex Rosas da Silva,Primeira Instância,Arquivado,Trabalhista,Obras Harmonia e Monte Alto
0011380-21.2015.5.15.0044,Pacaembu Construtora S/A,Everaldo Rodrigues dos Santos,Primeira Instância,Encerrado,Trabalhista,Obra: Lealdade & Amizade
0016677-02.2015.5.16.0005,Pacaembu Construtora S/A,Walber Costa,Primeira Instância,Encerrado,Trabalhista,
0011176-57.2015.5.15.0082,Pacaembu Construtora S/A,Gerson Barbosa de Castro,Primeira Instância,Encerrado,Trabalhista,"Obras: Luz da Esperança, Lealdade & Amizade e Parque das Flores"
0011708-96.2015.5.15.0028,Pacaembu Construtora S/A,Luiz Ricardo Nogueiro,Primeira Instância,Encerrado,Trabalhista,
0000787-55.2015.5.22.0102,Pacaembu Construtora S/A,Robson Ferreira dos Santos,Primeira Instância,Encerrado,Trabalhista,Obras: Lealdade & Amizade
0000786-70.2015.5.22.0102,Pacaembu Construtora S/A,Moises Lima Brito,Primeira Instância,Encerrado,Trabalhista,Obra: Lealdade & Amizade - SJ Rio Preto
1004725-31.2015.8.26.0344,Pacaembu Construtora S/A,Prefeitura Municipal de Marília,Primeira Instância,Encerrado,Cível,
1071537-11.2015.8.26.0100,Pacaembu Construtora S/A,Bb Campos Assessoria e Consultoria de Engenharia,Instância Superior,Arquivado,Cível,Ação de cobrança
0011206-36.2015.5.15.0133,Pacaembu Construtora S/A,Vicente Antonio de Oliveira,Primeira Instância,Encerrado,Trabalhista,
0011201-14.2015.5.15.0133,Pacaembu Construtora S/A,Daniel Antonio dos Santos,Primeira Instância,Encerrado,Trabalhista,"Obras: Parque das Flores Das Flores, Jd. Itália e Nova Catanduva"
0000728-67.2015.5.22.0102,Pacaembu Construtora S/A,Luiz Joaquim de Souza Neto,Primeira Instância,Encerrado,Trabalhista,Obra: Vida Nova Monte Alto
0008625-92.2015.8.11.0041,Pacaembu Construtora S/A,Fazenda Publica do Estado do Mato Grosso,Segunda Instância,Arquivado,Tributário,Execução Fiscal
0016859-17.2014.4.03.6100,Pacaembu Construtora S/A,Procurador Geral da Fazenda Nacional em São Paulo,Segunda Instância,Suspenso,Previdenciário,Mandado de Segurança
0010700-36.2015.5.15.0141,Pacaembu Construtora S/A,Jonnathan Rodrigues Sanches,Primeira Instância,Encerrado,Trabalhista,Obra: Nova Catanduva
0011276-31.2015.5.15.0011,Pacaembu Construtora S/A,Ronaldo Ponciano,Primeira Instância,Encerrado,Trabalhista,
0010502-38.2014.5.15.0107,Pacaembu Construtora S/A,Antonio de Siqueira Morais,Primeira Instância,Encerrado,Trabalhista,À confirmar
0011438-72.2015.5.15.0028,Pacaembu Construtora S/A,Ananias Souza Santos Filho,Primeira Instância,Encerrado,Trabalhista,Obra: Equipamentos Públicos (Nova Catanduva)
0011449-72.2015.5.15.0070,Pacaembu Construtora S/A,Cristiniano Sales de Amorim,Primeira Instância,Encerrado,Trabalhista,
0011138-62.2015.5.15.0044,Pacaembu Construtora S/A,Francisco da Cruz Nascimento,Primeira Instância,Encerrado,Trabalhista,Obras:Luz da Esperança e Harmonia
0011312-56.2015.5.15.0146,Pacaembu Construtora S/A,Damiao Elias Vieira Filho,Primeira Instância,Encerrado,Trabalhista,Obra Lealdade
0000377-94.2015.5.22.0102,Pacaembu Construtora S/A,Wilson Francisco de Oliveira Paes Landim,Primeira Instância,Encerrado,Trabalhista,
0000376-12.2015.5.22.0102,Pacaembu Construtora S/A,Manoel Alves da Silva,Primeira Instância,Encerrado,Trabalhista,Obra: Residencial Nova Catanduva
0011382-39.2015.5.15.0028,Pacaembu Construtora S/A,Luciana Alves Panca,Primeira Instância,Encerrado,Trabalhista,Obra: Residencial Vida e Nova Catanduva
0011384-09.2015.5.15.0028,Pacaembu Construtora S/A,Ana Paula de Oliveira,Primeira Instância,Encerrado,Trabalhista,Obra: Vida e Nova Catanduva - Catanduva
0010260-40.2015.5.15.0044,Pacaembu Construtora S/A,Jose George Mendes do Nascimento,Primeira Instância,Encerrado,Trabalhista,"Obras:Luz da Esperança, Santo Expedito e Harmonia"
0000318-09.2015.5.22.0102,Pacaembu Construtora S/A,Ivoneide Santos Alves da Silva,Primeira Instância,Encerrado,Trabalhista,Obra: Lealdade & Amizade - SJ Rio Preto
0000316-39.2015.5.22.0102,Pacaembu Construtora S/A,Jervesom dos Santos Silva,Primeira Instância,Encerrado,Trabalhista,Obra: Caimã - Botucatu
0000315-54.2015.5.22.0102,Pacaembu Construtora S/A,Jervesom dos Santos Silva,Primeira Instância,Encerrado,Trabalhista,Obra: Lealdade & Amizade - SJ Rio Preto
0000314-69.2015.5.22.0102,Pacaembu Construtora S/A,Raimundo dos Santos Silva,Primeira Instância,Encerrado,Trabalhista,Obra: Lealdade & Amizade (SJ Rio Preto)
0011262-64.2015.5.15.0070,Pacaembu Construtora S/A,Izac Ribeiro da Cruz Sales,Primeira Instância,Encerrado,Trabalhista,Obras: Nova Catanduva e Vida Nova Sorocaba
0010303-10.2015.5.15.0033,Pacaembu Construtora S/A,Carlos Roberto Machado,Primeira Instância,Encerrado,Trabalhista,
0010687-92.2015.5.15.0058,Pacaembu Construtora S/A,David Melega da Costa Pires,Primeira Instância,Encerrado,Trabalhista,
0011264-34.2015.5.15.0070,Pacaembu Construtora S/A,Aguinaldo Batista dos Santos,Primeira Instância,Encerrado,Trabalhista,
1001709-26.2015.8.26.0132,Pacaembu Construtora S/A,Renata de Cassia dos Santos,Primeira Instância,Encerrado,Cível,Indenização por Danos Morais
0006900-95.2012.5.16.005,Pacaembu Construtora S/A,Jose Julio Reis Rodrigues,Primeira Instância,Encerrado,Trabalhista,Obra: Village Morada Verde ou Nova Esperança - Aguardando Confirmação
0010621-15.2015.5.15.0058,Pacaembu Construtora S/A,Thais Fernanda Galvao,Primeira Instância,Encerrado,Trabalhista,Obra: Jardim Itália (Bebedouro)
0010629-89.2015.5.15.0058,Pacaembu Construtora S/A,Izabel Maria Tavares Silva,Primeira Instância,Encerrado,Trabalhista,Obra Jardim Itália (Bebedouro)
0011047-53.2015.5.15.0017,Pacaembu Construtora S/A,Aristoteles Gomes de Paula,Primeira Instância,Encerrado,Trabalhista,Obra: Lealdade & Amizade - SJ Rio Preto
0010593-72.2015.5.15.0082,Pacaembu Construtora S/A,Renato Pinto da Silva,Primeira Instância,Encerrado,Trabalhista,Acordo Individual e/ou Coletivo de Trabalho
1045284-83.2015.8.26.0100,Wilson de Almeida Junior,Gilbert Sung Soo Bang,,Encerrado,Cível,
0003957-89.2015.4.03.6102,Pacaembu Construtora S/A,Vania de Paula,Primeira Instância,Encerrado,Processo Cíveis,Indenização por Danos Morais
0010619-45.2015.5.15.0058,Pacaembu Construtora S/A,Santa Jovecina de Almeida,Primeira Instância,Encerrado,Trabalhista,Obra: Jardim Itália
0010562-27.2015.5.15.0058,Pacaembu Construtora S/A,Vivian Aparecida Galvao Christofolo,Primeira Instância,Encerrado,Trabalhista,Obra: Harmonia (Olímpia)
0010565-79.2015.5.15.0058,Pacaembu Construtora S/A,Thais Fernanda Galvao,Primeira Instância,Encerrado,Trabalhista,Obra: Harmonia (Olímpia)
0010563-12.2015.5.15.0058,Pacaembu Construtora S/A,Josiane Santos Borges,Primeira Instância,Encerrado,Trabalhista,Obra: Harmonia (Olímpia)
0010611-68.2015.5.15.0058,Pacaembu Construtora S/A,Fabiana Aparecida dos Santos,Primeira Instância,Encerrado,Trabalhista,Obra: Harmonia (Olímpia)
0010622-97.2015.5.15.0058,Pacaembu Construtora S/A,Vivian Aparecida Galvao Christofolo,,Encerrado,Trabalhista,Obra Jardim Itália (Bebeoduro)
0010579-63.2015.5.15.0058,Pacaembu Construtora S/A,Joilson de Jesus Santos,,Encerrado,Trabalhista,Obra: Harmonia (Olímpia)
0010582-18.2015.5.15.0058,Pacaembu Construtora S/A,Santa Jovecina de Almeida,Primeira Instância,Encerrado,Trabalhista,Obra: Harmonia (Olímpia)
0010890-80.2015.5.15.0017,Pacaembu Construtora S/A,Antonio Sergio Sousa Vieira,Primeira Instância,Encerrado,Trabalhista,Obra Não Identificada
0001409-86.2015.5.02.0201,Pacaembu Construtora S/A,Edilio Silva Gomes,,Encerrado,Trabalhista,
0010329-96.2015.5.15.0133,Pacaembu Construtora S/A,Carlos Eduardo Moraes,Primeira Instância,Encerrado,Trabalhista,Obras: Luz da Esperança e Jd. Itália
1007955-83.2015.8.26.0602,Pacaembu Construtora S/A,Ministério Público do Estado de São Paulo,Primeira Instância,Ativo,Cível,Ação Civil de Improbidade Administrativa
0010451-68.2015.5.15.0082,Pacaembu Construtora S/A,Carmilene da Silva,Primeira Instância,Encerrado,Trabalhista,Obra: Lealdade & Amizade - SJ Rio Preto
0010807-09.2015.5.15.0003,Pacaembu Construtora S/A,Alessandro Rodrigues do Nascimento,,Encerrado,Trabalhista,Vida Nova Sorocaba - Sorocaba
0010998-76.2015.5.15.0028,Pacaembu Construtora S/A,Emerson Luis Alves,Primeira Instância,Encerrado,Trabalhista,Obra:Nova Catanduva - Catanduva
0011006-24.2015.5.15.0070,Pacaembu Construtora S/A,Vanilson Souza dos Santos,,Encerrado,Trabalhista,
0011063-03.2014.5.15.0062,Pacaembu Construtora S/A,Luzia da Silva,,Encerrado,Trabalhista,
0000436-51.2015.5.19.0010,Pacaembu Construtora S/A,Edson Junior Pinheiro da Silva,Primeira Instância,Pendente,Trabalhista,
0010492-52.2015.5.15.0044,Pacaembu Construtora S/A,Jose Bonifacio Nascimento,Primeira Instância,Encerrado,Trabalhista,Obra Lealdade & Amizade - SJ Rio Preto
0010134-87.2015.5.15.0044,Pacaembu Construtora S/A,Vital Campos Lima,,Encerrado,Trabalhista,Obras: Jardim Itália e Luz da Esperança
0010622-42.2015.5.15.0044,Pacaembu Construtora S/A,Jose Marcelo de Melo,Primeira Instância,Encerrado,Trabalhista,
0010470-76.2015.5.15.0049,Pacaembu Construtora S/A,William Aparecido Simao Bras,,Encerrado,Trabalhista,Obra Jardim das Oliveiras - Novo Horizonte
0010742-45.2015.5.15.0025,Pacaembu Construtora S/A,Antonio Artemus Pires,Primeira Instância,Encerrado,Trabalhista,
0010468-09.2015.5.15.0049,Pacaembu Construtora S/A,Alexandre Alberto Curti,Primeira Instância,Encerrado,Trabalhista,Obra Jardim das Oliveiras - Novo Horizonte
0010547-27.2015.5.15.0133,Pacaembu Construtora S/A,Gilberto Oliveira Santana,Primeira Instância,Encerrado,Trabalhista,Obra Lealdade & Amizade e Luz da Esperança
0010596-83.2015.5.15.0031,Pacaembu Construtora S/A,Felipe da Anunciação Barbosa Martins,,Encerrado,Trabalhista,Obras: Mario Emílio - Avaré
0010670-82.2015.5.15.0017,Pacaembu Construtora S/A,Isac Barros dos Santos,Primeira Instância,Encerrado,Trabalhista,
0010593-31.2015.5.15.0031,Pacaembu Construtora S/A,Izalberto Barbosa,Primeira Instância,Encerrado,Trabalhista,
0010810-54.2015.5.15.0070,Pacaembu Construtora S/A,Romario Rodrigues da Silva,Primeira Instância,Encerrado,Trabalhista,
0010311-34.2015.5.15.0082,Pacaembu Construtora S/A,Alexandre Miranda de Souza,Primeira Instância,Encerrado,Trabalhista,Obra Lealdade - SJ Rio Preto
00356-97.2015.5.22.0109,Pacaembu Construtora S/A,Erinaldo Jovino da Silva,Primeira Instância,Encerrado,Trabalhista,Obra Recanto Harmonia - Olímpia
0010463-26.2015.5.15.0133,Pacaembu Construtora S/A,Vicente Antonio de Oliveira,Primeira Instância,Encerrado,Trabalhista,Obra: Lealdade & Amizade - SJ Rio Preto
1002285-62.2015.8.26.0344,AJ Comercial e Construtora Ltda.,Alaerce Rosa da Rocha,Primeira Instância,Encerrado,Cível,Usucapião Extraordinário
0010459-86.2015.5.15.0133,Pacaembu Construtora S/A,Roberto Lopes de Souza,Primeira Instância,Encerrado,Trabalhista,
0010508-06.2015.5.15.0044,Pacaembu Construtora S/A,Everaldo Firmino de Paula,,Encerrado,Trabalhista,Obra - Lealdade - SJ Rio Preto
0010479-53.2015.5.15.0044,Pacaembu Construtora S/A,Francisco Gonçalves dos Santos,Primeira Instância,Encerrado,Trabalhista,Obra: Luz da Esperança
0080958-33.2014.5.22.0102,Pacaembu Construtora S/A,Adriano Pereira Lima Souza,Primeira Instância,Encerrado,Trabalhista,"Obras: Parque das Flores, Lealdade & Amizade e Luz da Esperança"
0010226-62.2015.5.15.0142,Pacaembu Construtora S/A,Cristiano Wagner Rodrigues,Primeira Instância,Encerrado,Trabalhista,Obra: São Sebastião - Taquaritinga
0010131-32.2015.5.15.0142,Pacaembu Construtora S/A,Osvanil Antonio Moreira de Sousa,,Encerrado,Trabalhista,Obra: São Sebastião - Taquaritinga
0010130-47.2015.5.15.0142,Pacaembu Construtora S/A,Pedro Felix da Rocha,,Encerrado,Trabalhista,Obra: São Sebastião - Taquaritinga
0012385-72.2014.5.15.0025,Pacaembu Construtora S/A,Walter Salvador Samuel Pedroso,Primeira Instância,Encerrado,Trabalhista,"Obras: São Rogério- Avaré, Botucatu- Jd Maria Luiza, Caimã-Botucatu e Lins-Jd Bela Vista"
0010465-93.2015.5.15.0133,Pacaembu Construtora S/A,Aristoteles Gomes de Paula,Primeira Instância,Encerrado,Trabalhista,Obra: Amizade - SJ Rio Preto
0010277-61.2015.5.15.0049,Pacaembu Construtora S/A,Julio Cesar Soares Martins,Primeira Instância,Encerrado,Trabalhista,Obras: Santo Expedito – Ibitinga –SP e Caimã - Botucatu
0010406-23.2015.5.15.0031,Pacaembu Construtora S/A,Lucia Priscila do Carmo,Primeira Instância,Encerrado,Trabalhista,Obras: Mario Emilio – Avaré/SP e Jd da Bosque I -Botucatu
0010405-38.2015.5.15.0031,Pacaembu Construtora S/A,Gláucia Aparecida Sant'Anna,Primeira Instância,Encerrado,Trabalhista,Obras: Mario Emilio – Avaré/SP e Jd da Bosque I -Botucatu
0010118-21.2015.5.15.0049,Pacaembu Construtora S/A,Marcos Antonio Soares Martins,Primeira Instância,Encerrado,Trabalhista,Obra Santo Expedito - Ibitinga
0000923-88.2015.4.03.6108,Pacaembu Construtora S/A,Delegado da Receita Federal do Brasil em Bauru Sp,Segunda Instância,Ativo,Tributário,Contribuições Previdenciárias
0010128-77.2015.5.15.0142,Pacaembu Construtora S/A,Jhenifer Camila Pereira,Primeira Instância,Encerrado,Trabalhista,Obra: São Sebastião - Taquaritinga
0011600-36.2014.5.15.0082,Pacaembu Construtora S/A,Jairo Carneiro Leandro,Primeira Instância,Encerrado,Trabalhista,
0011570-51.2014.5.15.0033,Pacaembu Construtora S/A,Jonatan da Silva Ramos,Primeira Instância,Encerrado,Trabalhista,"Obras: Santo Expedito (Ibitinga), Jd das Oliveiras (Novo Horizonte) e Caimã (Botucatu)"
0010300-46.2015.5.15.0133,Pacaembu Construtora S/A,Douglas Jose Ferreira Lopes Gonçalves,Primeira Instância,Encerrado,Trabalhista,
0010221-43.2015.5.15.0044,Pacaembu Construtora S/A,Leonardo Martins de Brito,Primeira Instância,Encerrado,Trabalhista,
0010271-69.2015.5.15.0044,Pacaembu Construtora S/A,Carlos Roberto Machado,Primeira Instância,Encerrado,Trabalhista,Obras: Luz da Esperança e Lealdade & Amizade
0010131-59.2015.5.15.0133,Pacaembu Construtora S/A,Francisco Gonçalves dos Santos,Primeira Instância,Encerrado,Trabalhista,Obra: Luz da Esperança - SJ Rio Preto
0010070-35.2015.5.15.0058,Pacaembu Construtora S/A,José Antonio dos Santos,,Encerrado,Trabalhista,
0010071-20.2015.5.15.0058,Pacaembu Construtora S/A,Ailto Alves dos Santos,Primeira Instância,Encerrado,Trabalhista,
0010202-21.2015.5.15.0017,Pacaembu Construtora S/A,Clariza Nunes do Nascimento,Primeira Instância,Encerrado,Trabalhista,"Obras: Luz da Esperança, Lealdade & Amizade e Harmonia"
0012232-21.2014.5.15.0031,Pacaembu Construtora S/A,Raimundo da Conceição Cutrim Veiga,Primeira Instância,Encerrado,Trabalhista,Obra: Mario Emilio - Avaré
0010120-06.2015.5.15.0044,Pacaembu Construtora S/A,Fabio Ferreira da Silva,Primeira Instância,Encerrado,Trabalhista,Obra: Jardim das Oliveiras Novo Horizonte
0010153-44.2015.5.15.0028,Pacaembu Construtora S/A,Anderson Romero Maciel,Primeira Instância,Encerrado,Trabalhista,Obra: Nova Catanduva - Catanduva
0010159-22.2015.5.15.0070,Pacaembu Construtora S/A,ismael de Carvalho Burch de Souza,Primeira Instância,Encerrado,Trabalhista,Obra: Nova Catanduva - Catanduva
0017016-92.2014.5.16.0005,Pacaembu Construtora S/A,Jadielson dos Santos Pereira,Primeira Instância,Encerrado,Trabalhista,Obras: Jd. Itália e Jd. das Oliveiras
0010103-50.2015.5.15.0082,Haus Construtora Ltda,Carmilene da Silva,Primeira Instância,Encerrado,Trabalhista,Obra Lealdade & Amizade - SJ Rio Preto
0010078-05.2015.5.15.0028,Pacaembu Construtora S/A,Reginaldo Dourado dos Santos,Primeira Instância,Encerrado,Trabalhista,Obra Recanto Harmonia - Olímpia
0010057-05.2015.5.15.0133,Pacaembu Construtora S/A,Carlos Roberto Machado,Primeira Instância,Encerrado,Trabalhista,Obra Caimã - Botucatu
0010060-33.2015.5.15.0044,Pacaembu Construtora S/A,Carlos Roberto Machado,Primeira Instância,Encerrado,Trabalhista,Obras: Luz da Esperança e Lealdade & Amizade
0000222-03.2015.8.26.0079,Pacaembu Construtora S/A,Bruno Elisbão Moreira,Primeira Instância,Encerrado,Cível,
29/2015,Jurídico Trabalhista,Ademir Rosário,Primeira Instância,Encerrado,Cível,
0000022-93.2015.8.26.0079,Pacaembu Construtora S/A,Ana Paula Soares,Primeira Instância,Encerrado,Cível,Obras Jardim do Bosque I
1017645-90.2014.8.26.0079,Pacaembu Construtora S/A,Alex da Silva,Primeira Instância,Encerrado,Cível,
0011737-19.2014.5.15.0017,Pacaembu Construtora S/A,Janio Pedro da Silva,Primeira Instância,Encerrado,Trabalhista,
0082745-03.2014.5.22.0004,Pacaembu Construtora S/A,Francisco Neto Santiago,Primeira Instância,Encerrado,Trabalhista,
0011431-24.2014.8.26.0072,Pacaembu Construtora S/A,Vania de Paula,Primeira Instância,Remetido à Justiça Federal,Cível,Indenização por Dano Material
0011713-07.2014.5.15.0044,Pacaembu Construtora S/A,João Elielton de Oliveira Santos,,Encerrado,Trabalhista,
0012420-14.2014.5.15.0031,Pacaembu Construtora S/A,Assis José da Silva,Primeira Instância,Encerrado,Trabalhista,Obra São Rogério - Avaré
14.0208.0001601/2014-2,Pacaembu Construtora S/A,Ministério Público do Estado de São Paulo,Primeira Instância,Arquivado,Cível,
1007593-70.2014.8.26.0132,Pacaembu Construtora S/A,PREFEITO MUNICIPAL DE CATANDUVA,Segunda Instância,Arquivado,Cível,Mandado de Segurança
0081023-28.2014.5.22.0102,Pacaembu Construtora S/A,Raimundo de Sousa Ribeiro,Primeira Instância,Encerrado,Trabalhista,Obra Jatobá - Botucatu
0012380-32.2014.5.15.0031,Pacaembu Construtora S/A,Celilda Claro de Oliveira,Primeira Instância,Encerrado,Trabalhista,Obra São Rogério - Avaré
0080703-75.2014.5.22.0102,Haus Construtora Ltda,Francisco de Assis Paes Landim,Primeira Instância,Encerrado,Trabalhista,Obra Lealdade & Amizade - SJ Rio Preto
0011536-81.2014.5.15.0096,Pacaembu Construtora S/A,isaias Alves da Silva,,Pendente,Trabalhista,
0081035-42.2014.5.22.0102,Pacaembu Construtora S/A,Divino Ferreira dos Santos,Primeira Instância,Encerrado,Trabalhista,Obra Maria Luiza - Botucatu
0081036-27.2014.5.22.0102,Pacaembu Construtora S/A,Juscelino da Silva Bastos,Primeira Instância,Encerrado,Trabalhista,Obras Jardim do Bosque I e II - Boucatu
0011080-78.2014.5.15.0049,Pacaembu Construtora S/A,Márcio Antonio Domiciano,Primeira Instância,Encerrado,Trabalhista,Obra Jardim das Oliveiras (Novo Horizonte)
0081049-26.2014.5.22.0102,Pacaembu Construtora S/A,Wilson Francisco de Oliveira Paes Landim,Primeira Instância,Encerrado,Trabalhista,Obra: São Rogério (Avaré)
0081030-20.2014.5.22.0102,Pacaembu Construtora S/A,Salvador Pereira de Assis,Primeira Instância,Encerrado,Trabalhista,Obra Recanto Harmonia - Olímpia
0080867-40.2014.5.22.0102,Pacaembu Construtora S/A,José Orlando dos Santos Silva,Primeira Instância,Encerrado,Trabalhista,Obra Lealdade & Amizade
1033682-59.2014.8.26.0576,Haus Construtora Ltda,Diulio Tondato Molina,Primeira Instância,Encerrado,Cível,
1033687-81.2014.8.26.0576,Haus Construtora Ltda,Itamar Padovani Filho,Primeira Instância,Encerrado,Cível,
0080829-28.2014.5.22.0102,Pacaembu Construtora S/A,Robson de Assis Santos,Primeira Instância,Encerrado,Trabalhista,Obras: Jd. Itália - Bebedouro e Recanto Harmonia - Olímpia
0080704-60.2014.5.22.0102,Pacaembu Construtora S/A,Manoel Pereira Paes Landim,Primeira Instância,Encerrado,Trabalhista,Obra Lealdade & Amizade - SJ Rio Preto
0080741-87.2014.5.22.0102,Pacaembu Construtora S/A,Neir da Costa Santos,Primeira Instância,Encerrado,Trabalhista,Obra Harmonia - Olímpia
0080707-15.2014.5.22.0102,Pacaembu Construtora S/A,Raelson Ferreira da Costa,Primeira Instância,Encerrado,Trabalhista,Obra Caimã - Botucatu
0012204-53.2014.5.15.0031,Pacaembu Construtora S/A,Cleiton Gaspar de Sá,Primeira Instância,Encerrado,Trabalhista,
0011400-60.2014.5.15.0104,Pacaembu Construtora S/A,Anezio Carlos de Moura,Primeira Instância,Encerrado,Trabalhista,
0080735-80.2014.5.22.0102,Pacaembu Construtora S/A,Paulo da Silva Bastos,Primeira Instância,Encerrado,Trabalhista,Obras: Jd. do Bosque I e II e Jatobá
0011406-77.2014.5.15.0133,Pacaembu Construtora S/A,Josiel Wellington Ferraz,Primeira Instância,Encerrado,Trabalhista,
0012029-77.2014.5.15.0025,Pacaembu Construtora S/A,Viviane Cristina Martinionis,Primeira Instância,Encerrado,Trabalhista,Obra Caimã - Botucatu
0081364-33.2014.5.22.0109,Pacaembu Construtora S/A,Devane da Costa do Nascimento,Primeira Instância,Encerrado,Trabalhista,"Obras: Luz da Esperança, Recanto Harmonia e Lealdade & Amizade"
0011479-25.2014.5.15.0044,Haus Construtora Ltda,Miraldo Bezerra dos Santos,Primeira Instância,Encerrado,Trabalhista,Obra Lealdade & Amizade
0011412-60.2014.5.15.0044,Pacaembu Construtora S/A,Janio Pedro da Silva,Primeira Instância,Encerrado,Trabalhista,Obra Amizade - SJ Rio Preto
0010640-05.2014.5.15.0107,Pacaembu Construtora S/A,Ministério Público do Trabalho,Primeira Instância,Ativo,Trabalhista,Ação Civil de Improbidade Administrativa
0011360-64.2014.5.15.0044,Haus Construtora Ltda,Alexandre Miranda de Souza,Primeira Instância,Encerrado,Trabalhista,Obra Lealdade - SJ Rio Preto
0080620-59.2014.5.22.0102,Pacaembu Construtora S/A,Silvano Oliveira Mota,Primeira Instância,Encerrado,Trabalhista,Obras: Jardim do Bosque I e II
0080637-95.2014.5.22.0102,Pacaembu Construtora S/A,Vanderli Silva Alencar,Primeira Instância,Encerrado,Trabalhista,
0080619-74.2014.5.22.0102,Pacaembu Construtora S/A,Robson Ferreira dos Santos,Primeira Instância,Encerrado,Trabalhista,Obra Recanto Harmonia - Olímpia
0505032-62.2014.8.26.0090,Potencial Empreendimentos Ltda.,Prefeitura do Município de São Paulo,Primeira Instância,Ativo,Processo Cível,Execução Fiscal
0005959-21.2014.8.26.0079,Marcelo Scapolio Martins,Osvaldo Paes de Almeida,Primeira Instância,Encerrado,Cível,
1009790-84.2014.8.26.0071,Pacaembu Construtora S/A,MC Construtora e Topografia Ltda.,Segunda Instância,Encerrado,Cível,
0504045-82.2011.8.26.0073,Thadeu Marini Tocci,Prefeitura da Estância Turística de Avaré,Primeira Instância,Encerrado,Processo Cíveis,Execução Fiscal
0006583-40.2014.8.12.0021,Pacaembu Construtora S/A,Clebio dos Santos Fagundes,Primeira Instância,Encerrado,Cível,
0011842-60.2014.5.15.0028,Pacaembu Construtora S/A,Marcos Rogério de Oliveira,Primeira Instância,Encerrado,Trabalhista,Obra Recanto Harmonia
0011324-06.2014.5.15.0017,Haus Construtora Ltda,Ana Carolina dos Santoa,Primeira Instância,Encerrado,Trabalhista,Obra Lealdade
0501948-10.2014.8.26.0072,Sonia Pitelli,Município de Bebedouro,Primeira Instância,Encerrado,Tributário Execução Fiscal,
0011180-81.2014.5.15.0033,Pacaembu Construtora S/A,Jurandir Aparecido Venâncio,Primeira Instância,Encerrado,Trabalhista,Obras: Santo Expedito e Caimã
0011320-66.2014.5.15.0017,Pacaembu Construtora S/A,Leonardo Martins de Brito,Primeira Instância,Encerrado,Trabalhista,"Obras: Luz da Esperança, Lealdade & Amizade e Harmonia"
0011714-49.2014.5.15.0025,Pacaembu Construtora S/A,Maria Helena de Borba,Primeira Instância,Encerrado,Trabalhista,Jd. do Bosque I
0010363-83.2014.5.15.0011,Haus Construtora Ltda,Carlos Alberto Soares da Silva,Primeira Instância,Arquivado,Trabalhista,Obras - Lealdade & Amizade e Recanto Harmonia
0011854-65.2014.5.15.0031,Pacaembu Construtora S/A,Romualdo Gabriel,Primeira Instância,Encerrado,Trabalhista,Obra São Rogério - Avaré
0017396-18.2014.5.16.0005,Pacaembu Construtora S/A,João Claudio Mello Monteiro,Primeira Instância,Encerrado,Trabalhista,
0017395-33.2014.5.16.0005,Pacaembu Construtora S/A,Manoel do Livramento Monteiro Filho,Primeira Instância,Encerrado,Trabalhista,Harmonia - Olímpia
0011733-55.2014.5.15.0025,Pacaembu Construtora S/A,Sonia Pereira,Primeira Instância,Encerrado,Trabalhista,Obra Caimã - Botucatu
0011883-95.2014.5.15.0070,Pacaembu Construtora S/A,Anailton Gonçalves de Jesus,Segunda Instância,Encerrado,Trabalhista,
0081168-63.2014.5.22.0109,Pacaembu Construtora S/A,Carlos Daniel Soares de Sousa,Primeira Instância,Encerrado,Trabalhista,Obras: São José II e Pq. das Flores - A confirmar
1067264-23.2014.8.26.0100,Pacaembu Construtora S/A,Bravo Construtora e Incorporadora,Primeira Instância,Acordo Homologado,Processo Cíveis,Execução de Título
1003104-52.2014.8.26.0079,Antonia Cecília Spadotti e Outros,Osmar Delmanto Junior,Primeira Instância,Encerrado,Cível,
0080473-33.2014.5.22.0102,Haus Construtora Ltda,Jovane de Jesus Silva,Primeira Instância,Encerrado,Trabalhista,Obra: Residencial Amizade - SJ Rio Preto
0080415-30.2014.5.22.0102,Pacaembu Construtora S/A,Maurício Passos Ribeiro,Primeira Instância,Encerrado,Trabalhista,Obras: Mario Emílio e Jd. do Bosque II
0010327-24.2014.5.15.0049,Haus Construtora Ltda,Gilson Garcia de Godoy,Primeira Instância,Encerrado,Trabalhista,Obra Santo Expedito - Ibitinga
0010437-23.2014.5.15.0049,Pacaembu Construtora S/A,Tais da Silva Gonzaga,Primeira Instância,Encerrado,Trabalhista,
0010674-98.2014.5.15.0100,Haus Construtora Ltda,Diego Eugênio Braga,Primeira Instância,Encerrado,Trabalhista,Obras: Jd. do Bosque e Caimã - Confirmar
0004022-37.2014.8.26.0576,Pacaembu Construtora S/A,Ministério Público,Primeira Instância,Encerrado,Criminal,
0011024-44.2014.5.15.0017,Pacaembu Construtora S/A,Maria José Santana dos Santos,Primeira Instância,Encerrado,Trabalhista,Obras Luz da Esperança / Lealdade & Amizade e Harmonia
0011038-27.2014.5.15.0082,Pacaembu Construtora S/A,Leonardo Rogério de Oliveira,Primeira Instância,Encerrado,Trabalhista,
0010892-44.2014.5.15.0095,Haus Construtora Ltda,Jailson Santos Oliveira,Primeira Instância,Encerrado,Trabalhista,
0001068-55.2014.5.15.0097,Pacaembu Construtora S/A,Mario Julião de Freitas,Primeira Instância,Encerrado,,
0010930-15.2014.5.15.0044,Pacaembu Construtora S/A,Cassio Alves de Araujo,Primeira Instância,Encerrado,Trabalhista,Obras: Luz da Esperança e Jd. Itália
0010329-91.2014.5.15.0049,Haus Construtora Ltda,Heliberto Henrique Mendes,Primeira Instância,Encerrado,Trabalhista,Obra Santo Expedito - Ibitinga
0080324-37.2014.5.22.0102,Pacaembu Construtora S/A,Nezilio da Costa,Primeira Instância,Encerrado,Trabalhista,Obra Harmonia
0001907-65.2014.5.02.0025,Pacaembu Construtora S/A,Djalma Marcondes,Primeira Instância,Encerrado,Trabalhista,
0010726-68.2014.5.15.0044,Pacaembu Construtora S/A,Francisca de Jesus Pavão,Primeira Instância,Encerrado,Trabalhista,
0010436-38.2014.5.15.0049,Pacaembu Construtora S/A,Karina Aparecida Jacomin,Primeira Instância,Encerrado,Trabalhista,Obra Jd. das Oliveiras
0010569-92.2014.5.15.0142,Pacaembu Construtora S/A,Silas Paulo Bueno,Primeira Instância,Encerrado,Trabalhista,Obra São Sebastião - Taquaritintga
0011749-92.2014.5.15.0062,Pacaembu Construtora S/A,Gumercindo da Costa Lima,Primeira Instância,Encerrado,Trabalhista,
0011269-38.2014.5.15.0055,Pacaembu Construtora S/A,Edivaldo Baccas,Primeira Instância,Encerrado,Trabalhista,Obra Jd. das Oliveiras - Novo Horizonte
0011151-55.2014.5.15.0025,Pacaembu Construtora S/A,Claucir Cardoso de Oliveira,Primeira Instância,Encerrado,Trabalhista,
0011267-68.2014.5.15.0055,Pacaembu Construtora S/A,Maicon Antonio Zacharias,Primeira Instância,Encerrado,Trabalhista,
0010674-30.2014.5.15.0058,Pacaembu Construtora S/A,Robson Anselmo Silva,Primeira Instância,Encerrado,Trabalhista,
0080011-76.2014.5.22.0102,Pacaembu Construtora S/A,Raelson Ferreira da Costa,Primeira Instância,Encerrado,Trabalhista,Obra Caimã - Botucatu
0010519-53.2014.5.15.0017,Haus Construtora Ltda,Nelson Antonio da Silva,Primeira Instância,Encerrado,Trabalhista,Obra Lealdade & Amizade - SJ Rio Preto
0010657-36.2014.5.15.0044,Haus Compra e Venda de Bens Imóveis Ltda.,Vanderlan Araújo de Oliveira,Primeira Instância,Encerrado,Trabalhista,
0010669-33.2014.5.15.0082,Haus Construtora Ltda,Alexandre Miranda de Souza,Primeira Instância,Encerrado,Trabalhista,Obra Lealdade - SJ Rio Preto
0000335-59.2014.5.15.0107,Pacaembu Construtora S/A,Adriana da Silva Marques,Primeira Instância,Encerrado,Trabalhista,Obra Harmonia - Olímpia
0000333-89.2014.5.15.0107,Pacaembu Construtora S/A,Tamires Pereira Nunes Mota,Primeira Instância,Encerrado,Trabalhista,Obra Harmonia - Olímpia
0000331-22.2014.5.15.0107,Pacaembu Construtora S/A,Luciana Rodrigues Pereira Romão,Primeira Instância,Encerrado,Trabalhista,Obra Harmonia - Olímpia
0000334-74.2014.5.15.0107,Pacaembu Construtora S/A,Josefa Leite da Silva,Primeira Instância,Encerrado,Trabalhista,Obra Harmonia - Olímpia
0010620-90.2014.5.15.0017,Haus Construtora Ltda,Karim Dias dos Santos,Primeira Instância,Encerrado,Trabalhista,Obras: Lealdade & Amizade / Harmonia - Confirmar
0500387-50.2013.8.26.0309,Embras Empresa de Compra e Venda de Bens Ltda,Prefeitura do Município de Jundiaí,Primeira Instância,Encerrado,Tributário Execução Fiscal,
0016978-80.2014.5.16.0005,Pacaembu Construtora S/A,Vanderley Dias Froz,Primeira Instância,Encerrado,Trabalhista,Obra: Jd. Itália e Jd. das Oliveiras
0016938-98.2014.5.16.0005,Pacaembu Construtora S/A,Jose Raimundo Almeida,Primeira Instância,Encerrado,Trabalhista,Obra Não Identificada
Notificação Sindicato I,Haus Construtora Ltda,Eder Aparecido Miguel,Primeira Instância,Encerrado,Trabalhista,Obra Luz da Esperança
0010543-55.2014.5.15.0058,Pacaembu Construtora S/A,Jorlan Nascimento Cruz,Primeira Instância,Encerrado,Trabalhista,
0010470-28.2014.5.15.0044,Pacaembu Construtora S/A,Maria José Santana dos Santos,Primeira Instância,Encerrado,Trabalhista,Obras Luz da Esp. / Lealdade & Amizade e Harmonia
0010201-83.2014.5.15.0142,Pacaembu Construtora S/A,Paulo Cesar Pinho,Primeira Instância,Encerrado,Trabalhista,Obra São Sebastião - Taquaritinga
0001121-21.2014.5.02.0025,Pacaembu Construtora S/A,Djalma Marcondes,Primeira Instância,Encerrado,Trabalhista,
0010116-85.2014.5.15.0049,Haus Construtora Ltda,Emerson Gonçalves de Araújo,Primeira Instância,Encerrado,Trabalhista,Obra Santo Expedito - Ibitinga
0010284-02.2014.5.15.0142,Pacaembu Construtora S/A,Jose Quiteria Tenorio,Primeira Instância,Pendente,Trabalhista,Adicional de Hora Extra
0010955-67.2014.5.15.0031,Pacaembu Construtora S/A,Antonio Carlos Tavares Filho,Primeira Instância,Encerrado,Trabalhista,Obras: São Rogério e Mario Emílio
0010356-86.2014.5.15.0142,Haus Construtora Ltda,Giuliano Roberto Garcia,Primeira Instância,Encerrado,Trabalhista,Obra São Sebastião - Taquaritinga
0080739-96.2014.5.22.0109,Pacaembu Construtora S/A,Raimundo Ancelmo Munes,Primeira Instância,Encerrado,Trabalhista,Obra Parque das Flores
0010111-63.2014.5.15.0049,Haus Construtora Ltda,Adriano Rodrigo Oliveira,Primeira Instância,Encerrado,Trabalhista,Obra Santo Expedito
0000358-82.2014.5.15.0049,Haus Construtora Ltda,Olga Miranda Rezende,Primeira Instância,Encerrado,Trabalhista,Obra Santo Expedito - Ibitinga
0010411-95.2014.5.15.0058,Pacaembu Construtora S/A,Joilson de Jesus Santos,Primeira Instância,Encerrado,Trabalhista,Obras: Santo Expedito/Jd. Itália/Harmonia e Taquaritinga
0010410-13.2014.5.15.0058,Pacaembu Construtora S/A,João Marciano dos Reis,Primeira Instância,Encerrado,Trabalhista,Obras: São Rogério/Jardim Itália/Harmonia e Luz da Esperança
0010409-28.2014.5.15.0058,Pacaembu Construtora S/A,Fabio Mauricio Fernandes dos Santos,Primeira Instância,Encerrado,Trabalhista,Obras: São Rogério/Santo Expedito/Jd. Itália e Harmonia
0016677-36.2014.5.16.0005,Pacaembu Construtora S/A,Gecilde Silva Monteiro,Primeira Instância,Encerrado,Trabalhista,Obras Lealdade & Amizade e Jd. das Oliveiras (Rescisão)
0000650-67.2014.5.15.0049,Pacaembu Construtora S/A,Pedro Santana do Nascimento,Primeira Instância,Encerrado,Trabalhista,Obra Santo Expedito - Ibitinga
0000304-19.2014.5.15.0049,Pacaembu Construtora S/A,Vera Alves de Souza Silva,Primeira Instância,Encerrado,Trabalhista,Obra Santo Expedito - Ibitinga
0000316-33.2014.5.15.0049,Pacaembu Construtora S/A,Maria das Graças Dantas Quintiliano,Primeira Instância,Encerrado,Trabalhista,Obra Santo Expedito - Ibitinga
0010361-14.2014.5.15.0044,Haus Compra e Venda de Bens Imóveis Ltda.,Antonio José Pignatari,Primeira Instância,Encerrado,Trabalhista,
0010327-39.2014.5.15.0044,Pacaembu Construtora S/A,Edson Andrades da Silva Santos,Primeira Instância,Encerrado,Trabalhista,Obra Harmonia - Olímpia
0010669-10.2014.5.15.0025,Pacaembu Construtora S/A,Eduardo Luiz Alberto,,Encerrado,Trabalhista,Flora Rica - Botucatu
0000357-97.2014.5.15.0049,Haus Construtora Ltda,Leonice Maester,Primeira Instância,Encerrado,Trabalhista,Obra Santo Expedito - Ibitinga
5475146-97.2014.8.09.0059,Pacaembu Construtora S/A,Celismar Candido de Souza - ME,Primeira Instância,Encerrado,Cível,Obra Harmonia
0010503-57.2014.5.15.0031,Pacaembu Construtora S/A,Sergio Souza Machado,Primeira Instância,Encerrado,Trabalhista,Obra São Rogério - Avaré
0000301-64.2014.5.15.0049,Pacaembu Construtora S/A,Lidia Santana Pinto,Primeira Instância,Encerrado,Trabalhista,
000578-80.2014.5.15.0049,Pacaembu Construtora S/A,Maurício Pacheco de Andrade,Primeira Instância,Encerrado,Trabalhista,Obra Santo Expedito - Ibitinga
0010283-75.2014.5.15.0058,Pacaembu Construtora S/A,Gustavo Theodoro Gomes,Primeira Instância,Encerrado,Trabalhista,
0001022-56.2014.5.22.0102,Pacaembu Construtora S/A,João Oberlino Deusdará,Primeira Instância,Encerrado,Trabalhista,Obras: Pq. das Flores e Luz da Esperança
0000300-79.2014.5.15.0049,Pacaembu Construtora S/A,Vilma Jesus de Andrade,Primeira Instância,Encerrado,Trabalhista,Obra Santo Expedito - Ibitinga
0000579-65.2014.5.15.0049,Pacaembu Construtora S/A,Agnaldo Seixas,Primeira Instância,Encerrado,Trabalhista,Obra Santo Expedito - Ibitinga
0000580-50.2014.5.15.0049,Pacaembu Construtora S/A,Antonio Gonçalves de Araújo,Primeira Instância,Encerrado,Trabalhista,Obra Santo Expedito - Ibitinga
0016156-91.2014.5.16.0005,Pacaembu Construtora S/A,Carlos do Rosario Ferreira Campos,Primeira Instância,Encerrado,Trabalhista,Obra Harmonia - Harmonia
0010293-61.2014.5.15.0142,Pacaembu Construtora S/A,Carlos Matsuel dos Santos,Primeira Instância,Encerrado,Trabalhista,Obra São Sebastião - Taquaritinga
0016334-40.2014.5.16.0005,Pacaembu Construtora S/A,Jose Mauricio Vieira,Primeira Instância,Encerrado,Trabalhista,Obra: Harmonia - Olímpia
0001235-65.2014.5.22.0101,Pacaembu Construtora S/A,Francisco das Chagas Carvalho dos Santos,Primeira Instância,Encerrado,Trabalhista,
0000303-34.2014.5.15.0049,Pacaembu Construtora S/A,Claudionice Dantas dos Santos,Primeira Instância,Encerrado,Trabalhista,Obra Santo Expedito - Ibitinga
0000524-16.2014.5.15.0017,Pacaembu Construtora S/A,Vander Emerson da Silva Mendes,Primeira Instância,Encerrado,Trabalhista,Obra Parque das Flores e Lealdade (Rescisão)
0000307-70.2014.5.15.0017,Haus Construtora Ltda,Silvio Gonçalves,Primeira Instância,Encerrado,Trabalhista,Obra Luz da Esperança
0302100-14.2013.5.16.0005,Pacaembu Construtora S/A,Carlos Alberto Pinheiro,Primeira Instância,Encerrado,Trabalhista,Obra Village Morada Verde - À confirmar
0016128-96.2014.5.16.0014,Pacaembu Construtora S/A,Paulo Cruz de Sousa,Primeira Instância,Encerrado,Trabalhista,
0002226-98.2013.5.15.0027,Haus Construtora Ltda,Carlos Nabate Furtado,Primeira Instância,Encerrado,Trabalhista,Obra Lealdade - SJ Rio Preto
0002225-16.2013.5.15.0027,Haus Construtora Ltda,Kerlandro Mendonça Costa,Primeira Instância,Encerrado,Trabalhista,Obra Lealdade - SJ Rio Preto
0002299-54.2013.5.15.0097,Pacaembu Construtora S/A,Alexandre Antonio de Lima,Primeira Instância,Encerrado,Trabalhista,
0000475-73.2014.5.15.0049,Pacaembu Construtora S/A,Ivan Wladimir Treschanke,Primeira Instância,Encerrado,Trabalhista,Obra Santo Expedito - Ibitinga
0000612-70.2014.5.15.0044,Haus Construtora Ltda,Geovanni Isidio da Silva,Primeira Instância,Encerrado,Trabalhista,Obra Luz da Esperança
0000488-14.2014.5.15.0133,Haus Construtora Ltda,Janio Pedro da Silva,Primeira Instância,Encerrado,Trabalhista,Obra Amizade - SJ Rio Preto
0000476-58.2014.5.15.0049,Pacaembu Construtora S/A,Vanderlei Pereira dos Santos,Primeira Instância,Encerrado,Trabalhista,Obra Santo Expedito - Ibitinga
0000468-81.2014.5.15.0049,Pacaembu Construtora S/A,Marcos José da Silva,Primeira Instância,Encerrado,Trabalhista,Obra Santo Expedito - Ibitinga
0000458-37.2014.5.15.0049,Pacaembu Construtora S/A,Paulo Ricardo Matos,Primeira Instância,Encerrado,Trabalhista,Obra Santo Expedito - Ibitinga
Notificação Sindicato,Haus Construtora Ltda,Noelcio Marcos Castilla,Primeira Instância,Encerrado,Trabalhista,
0010038-33.2014.5.15.0133,Pacaembu Construtora S/A,Claudiana Carlos de Lima,Primeira Instância,Encerrado,Trabalhista,Obras: Luz/Lealdade &Amizade e Harmonia
0000441-98.2014.5.15.0049,Pacaembu Construtora S/A,Diogo Henrique Xavier,Primeira Instância,Encerrado,Trabalhista,Obra Jd. das Oliveiras - Novo Horizonte
0003805-09.2013.403.6103,Construtora Riachuelo Ltda.,CAIXA ECONOMICA FEDERAL - CEF,Primeira Instância,Encerrado,Trabalhista,
0010087-34.2014.5.15.0017,Pacaembu Construtora S/A,Jakeline Batista de Lima,Primeira Instância,Encerrado,Trabalhista,
0010060-91.2014.5.15.0133,Pacaembu Construtora S/A,Klebia Acindrino da Silva,Primeira Instância,Encerrado,Trabalhista,Obras - Obras Lealdade & Amizade e Harmonia (Rescisão)
0010030-56.2014.5.15.0133,Pacaembu Construtora S/A,Paloma Calini Santana de Araújo,Primeira Instância,Encerrado,Trabalhista,Obras - À Confirmar
0010322-74.2014.5.15.0025,Pacaembu Construtora S/A,Moises de Barros Junior,Primeira Instância,Encerrado,Trabalhista,
0080446-29.2014.5.22.0109,Pacaembu Construtora S/A,Francisco Jose da Silva,Primeira Instância,Pendente,,
0010763-17.2014.5.15.0070,Pacaembu Construtora S/A,Raimundo José Silva,Primeira Instância,Encerrado,Trabalhista,
0000585-70.2014.5.15.0082,Pacaembu Construtora S/A,Gerson Barbosa de Castro,Primeira Instância,Encerrado,Trabalhista,"Obras: Luz da Esp., Pq das Flores e Lealdade"
0010067-42.2014.5.15.0082,Pacaembu Construtora S/A,Lúcia Maria da Silva,,Encerrado,Trabalhista,Obras - Luz / Lealdade& Amizade/ Harmonia - Confirmar
0010009-40.2014.5.15.0017,Haus Construtora Ltda,Marcelo Correia de Melo,Primeira Instância,Encerrado,Trabalhista,Obras - Luz da Esperança e Lealdade (Rescisão)
0000069-51.2014.5.15.0017,Haus Construtora Ltda,Romeci Barnabe da Silva,Primeira Instância,Encerrado,Trabalhista,
0000074-16.2014.5.15.0133,Haus Construtora Ltda,Jose Raimundo Castro,Primeira Instância,Encerrado,Trabalhista,Obra Lealdade - SJ Rio Preto
0010022-39.2014.5.15.0017,Haus Construtora Ltda,Ana Carolina dos Santoa,Primeira Instância,Encerrado,Trabalhista,Obra Lealdade - SJ Rio Preto
0000536-70.2014.5.15.0133,Haus Compra e Venda de Bens Imóveis Ltda.,Antonio Jose Pinto Ribeiro,Primeira Instância,Encerrado,Trabalhista,
0000122-72.2014.5.15..0133,Haus Construtora Ltda,Edmilson Domingos Alves,Primeira Instância,Encerrado,Trabalhista,Obra Amizade - SJ Rio Preto
0000178-65.2014.5.15.0017,Haus Construtora Ltda,Marcelo de Oliveira Terra,Primeira Instância,Encerrado,Trabalhista,Obra Luz da Esperança
0017685-79.2013.5.16.0006,Pacaembu Construtora S/A,Luis Augusto Barbosa Silva,Primeira Instância,Encerrado,,
0017686-64.2013.5.16.0006,Pacaembu Construtora S/A,Valdeir Sousa da Silva,Primeira Instância,Encerrado,Trabalhista,
0010037-24.2014.5.15.0044,Pacaembu Construtora S/A,Dayane Santos Araújo,Primeira Instância,Encerrado,Trabalhista,Obras Lealdade & Amizade e Harmonia (Rescisão)
1005706-40.2014.8.26.0071,Pacaembu Construtora S/A,W.S. Santos Restaurante ME,Primeira Instância,Suspenso,Cível,Sustação de Protesto
0000587-95.2014.5.06.0371,Pacaembu Construtora S/A,Richarlisson Antonio Bezerra Diniz,Primeira Instância,Encerrado,Trabalhista,
0000517-65.2014.5.22.0102,Pacaembu Construtora S/A,Abidiel de Oliveira Brito,Primeira Instância,Encerrado,Trabalhista,Obra - Última prestação em Res. Jardim das Oliveiras
0000476-73.2014.5.15.0044,Haus Construtora Ltda,Dalciano de Souza Passos,Primeira Instância,Encerrado,Trabalhista,Obras Luz da Esperança e Lealdade
0002080-13.2014.8.26.0400,Pacaembu Construtora S/A,MC Construtora e Topografia Ltda.,Segunda Instância,Pendente,Cível,Cautelar Inominada
1005546-52.2014.8.26.0576,Haus Construtora Ltda,Ana Carolina dos Santoa,Primeira Instância,Encerrado,Cível,
0000191-38.2014.5.15.0058,Pacaembu Construtora S/A,Sebastião dos Santos,Primeira Instância,Encerrado,Trabalhista,
0000072-27.2014.5.15.0107,Pacaembu Construtora S/A,Adriana Avelino da Silva,Primeira Instância,Encerrado,Trabalhista,Obra Harmonia - Olímpia
0000183-61.2014.5.15.0058,Pacaembu Construtora S/A,Donizete Soares,Primeira Instância,Encerrado,Trabalhista,
0000434-24.2014.5.15.0044,Haus Construtora Ltda,Glauciano de Souza Passos,Primeira Instância,Encerrado,Trabalhista,Obra Luz e Lealdade
0000222-83.2014.5.15.0082,Haus Construtora Ltda,Geraldo Gomes Santiago,Primeira Instância,Encerrado,Trabalhista,Obra Amizade - SJ Rio Preto
0001045-91.2013.5.15.0082,Pacaembu Construtora S/A,Marcos Antonio dos Santos,Primeira Instância,Encerrado,Trabalhista,Obra Harmonia - Olímpia
0000070-36.2014.5.15.0017,Haus Construtora Ltda,Adenilson Tavares,Primeira Instância,Encerrado,Trabalhista,Obra Luz da Esperança - SJ Rio Preto
1002044-55.2014.8.26.0625,Gold Land Empreendimentos Imobiliários Ltda,Vito Ardito Neto,Primeira Instância,Encerrado,Processo Cíveis,Divisão de área - Fazenda Porto Feliz
0000275-09.2014.5.22.0102,Haus Construtora Ltda,Rene dos Santos Lima,Primeira Instância,Encerrado,Trabalhista,Obra Jardim Itália - Bebedouro
0000065-13.2014.5.15.0082,Pacaembu Construtora S/A,Rafael Fernandes Correia Rosa,Primeira Instância,Encerrado,Trabalhista,Obra Parque das Flores - Mirassol
0000219-73.2014.5.22.0102,Haus Construtora Ltda,Daniel dos Santos Lima,Primeira Instância,Pendente,Trabalhista,Obra Jardim Itália - Bebedouro
0080189-68.2013.5.22.0002,Haus Compra e Venda de Bens Imóveis Ltda.,Vanderlan Araújo de Oliveira,Primeira Instância,Encerrado,Trabalhista,
0080158-81.2014.5.22.0109,Pacaembu Construtora S/A,Gilberto Silvino Gomes,Primeira Instância,Encerrado,Trabalhista,Obra Parque das Flores - Mirassol
0000130-80.2014.5.15.0058,Pacaembu Construtora S/A,Adenilson Ventura Melo,Primeira Instância,Encerrado,Trabalhista,
IC - 1.34.015.000700/2011-62,Pacaembu Construtora S/A,MINISTERIO PUBLICO FEDERAL,Primeira Instância,Ativo,Inquérito Civil,Obrigações / Espécies de Contrato
0021427-21.2005.8.26.0344,MML Empreendimentos Ltda.,Fazenda Pública do Município de Marília,Primeira Instância,Suspenso,Cível,Execução Fiscal
0006004-21.2005.8.26.0344,MML Empreendimentos Ltda.,Condominio Altos da Colina,Primeira Instância,Encerrado,Cível,
0013390-24.2013.8.26.0344,MML Empreendimentos Ltda.,Divania da Costa Alvares Rocha,Primeira Instância,Encerrado,Cível,
0027042-45.2012.8.26.0344,Planoeste Cronstrutora Ltda.,Fazenda do Estado de São Paulo,Primeira Instância,Encerrado,Cível,
0014399-26.2010.8.26.0344,MML Empreendimentos Ltda.,Miguel Angel Mendoza Claros,Primeira Instância,Encerrado,Cível,
0025842-08.2009.8.26.0344,Planoeste Cronstrutora Ltda.,Antonio Luis dos Santos,Primeira Instância,Encerrado,Cível,Rescisão Contratual
0500051-77.2009.8.26.0344,Planoeste Cronstrutora Ltda.,Prefeitura Municipal de Marília,Primeira Instância,Suspenso,Cível,Execução Fiscal
0021850-44.2006.8.26.0344,Planoeste Cronstrutora Ltda.,Maria Cecilia Marcantonio,Primeira Instância,Encerrado,Cível,
0003484-54.2006.8.26.0344,Planoeste Cronstrutora Ltda.,Fazenda Pública Municipal de Marília,Primeira Instância,Suspenso,Cível,
0003481-02.2006.8.26.0344,Planoeste Cronstrutora Ltda.,Fazenda Pública Municipal de Marília,Primeira Instância,Encerrado,Cível,
0016926-24.2005.8.26.0344,Planoeste Cronstrutora Ltda.,Município de Marília,Primeira Instância,Suspenso,Cível,
0018943-33.2005.8.26.0344,MML Empreendimentos Ltda.,Fazenda Estadual,Primeira Instância,Ativo,Processo Cível,Execução Fiscal
0022960-49.2004.8.26.0344,Planoeste Cronstrutora Ltda.,Departamento de Água e Esgoto de Marília,Primeira Instância,Encerrado,Cível,
0016769-22.2003.8.26.0344,Planoeste Cronstrutora Ltda.,Clarice Borges Ferreira de Carvalho,Primeira Instância,Encerrado,Cível,
00012205-34.2002.8.26.0344,Planoeste Cronstrutora Ltda.,Eliana Muller Roberto,Primeira Instância,Encerrado,Cível,
0007683-32.2000.8.26.0344,MML Empreendimentos Ltda.,Francisco Xavier da Silva,Primeira Instância,Encerrado,Cível,
0005781-44.2000.8.26.0344,Planoeste Cronstrutora Ltda.,Rogerio de Mello Neves,Primeira Instância,Encerrado,Processo Cíveis,"Compra e Venda, Perdas e Danos"
0012062-16.2000.8.26.0344,Planoeste Cronstrutora Ltda.,Pedro Gonçalves,Primeira Instância,Encerrado,Cível,
0011045-42.2000.8.26.0344,Planoeste Cronstrutora Ltda.,Emerson Andre Gomes Leite,Primeira Instância,Encerrado,Cível,
0534893-44.2013.8.26.0344,AJ Comercial e Construtora Ltda.,Prefeitura Municipal de Marília,Primeira Instância,Suspenso,Cível,Taxas Municipais
0534891-74.2013.8.26.0344,AJ Comercial e Construtora Ltda.,Prefeitura Municipal de Marília,Primeira Instância,Suspenso,Cível,Taxas Municipais
0534892-59.2013.8.26.0344,AJ Comercial e Construtora Ltda.,Prefeitura Municipal de Marília,Primeira Instância,Suspenso,Tributário Execução Fiscal,Taxas Municipais
0534890-89.2013.8.26.0344,AJ Comercial e Construtora Ltda.,Prefeitura Municipal de Marília,Primeira Instância,Encerrado,Cível,
0508335-35.2013.8.26.0344,Gold Land Empreendimentos Imobiliários Ltda,Prefeitura Municipal de Marília,Primeira Instância,Encerrado,Cível,Taxas Municipais
0506366-82.2013.8.26.0344,Gold Land Empreendimentos Imobiliários Ltda,Prefeitura Municipal de Marília,Primeira Instância,Suspenso,Tributário,Taxas Municipais
0506364-15.2013.8.26.0344,Gold Land Empreendimentos Imobiliários Ltda,Prefeitura Municipal de Marília,Primeira Instância,Suspenso,Tributário,Taxas Municipais
0530807-64.2012.8.26.0344,Gold Land Empreendimentos Imobiliários Ltda,Prefeitura Municipal de Marília,Primeira Instância,Encerrado,Cível,Execução Fiscal
0600522-96.2012.8.26.0344,AJ Comercial e Construtora Ltda.,Departamento Água e Esgoto Marília,Primeira Instância,Suspenso,Cível,Taxas Municipais
0001258-57.1998.8.26.0344,AJ Comercial e Construtora Ltda.,Banco Santander Noroeste SA,Primeira Instância,Encerrado,Cível,
0535373-22.2013.8.26.0344,Potencial Empreendimentos Ltda.,Prefeitura Municipal de Marília,Primeira Instância,Encerrado,cive,
0535281-44.2013.8.26.0344,Potencial Empreendimentos Ltda.,Prefeitura Municipal de Marília,Primeira Instância,Ativo,Processo Cível,Taxas Municipais
0535280-59.2013.8.26.0344,Potencial Empreendimentos Ltda.,Prefeitura Municipal de Marília,Primeira Instância,Ativo,Processo Cível,IPTU/ Imposto Predial e Territorial Urbano
0535279-74.2013.8.26.0344,Potencial Empreendimentos Ltda.,Prefeitura Municipal de Marília,Primeira Instância,Ativo,Processo Cível,Taxas Municipais
0535278-89.2013.8.26.0344,Potencial Empreendimentos Ltda.,Prefeitura Municipal de Marília,Primeira Instância,Ativo,Processo Cível,Execução Fiscal
0535277-07.2013.8.26.0344,Potencial Empreendimentos Ltda.,Prefeitura Municipal de Marília,Primeira Instância,Encerrado,Cível,Execução Fiscal
0080156-14.2014.5.22.0109,Pacaembu Construtora S/A,Antonio Rogério da Costa,Primeira Instância,Encerrado,Trabalhista,Obra Parque das Flores - Mirassol
0000152-11.2014.5.22.0102,Pacaembu Construtora S/A,Flavio Ferreira Sousa,Primeira Instância,Encerrado,Trabalhista,Obra Harmonia - Olímpia
0000217-05.2014.5.15.0133,Haus Construtora Ltda,Edmilson Domingos Alves,Primeira Instância,Encerrado,Trabalhista,Obra Amizade - SJ Rio Preto
0001154-30.2013.5.15.0107,Pacaembu Construtora S/A,Francisco das Chagas Teixeira da Silva,Primeira Instância,Encerrado,Trabalhista,Obra Harmonia - Olímpia
0001155-15.2013.5.15.0107,Pacaembu Construtora S/A,Valdiney Rodrigues dos Santos,Primeira Instância,Encerrado,Trabalhista,Obra Harmonia - Olímpia
002405-05.2013.5.15.0133,Haus Construtora Ltda,Roseli Domingos Amaral,Primeira Instância,Encerrado,Trabalhista,Obra Amizade
0002405-05.2013.5.15.0133,Haus Construtora Ltda,Euzeli Rosa Alves,Primeira Instância,Encerrado,Trabalhista,Obra Amizade - SJ Rio Preto
0001055-60.2013.5.15.0107,Pacaembu Construtora S/A,Jurandir Santos da Silva,Primeira Instância,Encerrado,Trabalhista,Obra Harmonia - Olímpia
0001156-97.2013.5.15.0107,Pacaembu Construtora S/A,Leonardo Teixeira da Silva,Primeira Instância,Encerrado,Trabalhista,Obra Harmonia - Olímpia
0001165-59.2013.5.15.0107,Pacaembu Construtora S/A,Genivaldo Vieira dos Santos,Primeira Instância,Encerrado,Trabalhista,Obra Harmonia - Olímpia
0000063-60.2014.5.15.0044,Pacaembu Construtora S/A,Fabio Garcia de Oliveira,Primeira Instância,Encerrado,Trabalhista,Obra Parque das Flores - Mirassol
0000067-97.2014.5.15.0044,Haus Construtora Ltda,Marcelo Correia de Melo,Primeira Instância,Encerrado,Trabalhista,Obra Luz da Esperança e Lealdade
0003035-20.2014.8.26.0602,CM Aparecidinha Empreendimentos Imobiliários Ltda,Prefeitura Municipal de Sorocaba,Primeira Instância,Ativo,Processo Cível,Taxas Municipais IPTU
13830.800690/2001-68,AJ Comercial e Construtora Ltda.,Receita Federal,Primeira Instância,Encerrado,Cível,
999/2001,Irmãos Carbonari,INSS,,Encerrado,Cível,
1874-97,Irmãos Carbonari,INSS,Primeira Instância,Encerrado,Cível,
309.01.1996.014058-9,Irmãos Carbonari,INSS,Primeira Instância,Encerrado,Cível,
36624-010349/2006-63,Irmãos Carbonari S/A Comercial Industrial e Agricola,Receita Federal,Primeira Instância,Ativo,Procedimento Administrativo,
0500768-24.2012.8.26.0073,Oswaldo Rizzo,Prefeitura da Estância Turística de Avaré,Primeira Instância,Encerrado,Cível,
0012903-06.2003.8.26.0344,Potencial Empreendimentos Ltda.,Nilva Arnaldo da Cunha Almeida,Primeira Instância,Encerrado,Cível,
0501046-90.2009.8.26.0344,Potencial Empreendimentos Ltda.,Prefeitura Municipal Marilia,Primeira Instância,Encerrado,Cível,
0016744-38.2005.8.26.0344,Potencial Empreendimentos Ltda.,Município de Marília,Primeira Instância,Encerrado,Cível,
0030471-69.2002.8.26.0344,Wilson de Almeida Junior,Município de Marília,Primeira Instância,Encerrado,Cível,
0023883-60.2011.8.26.0011,Eduardo Robson Raineri de Almeida,Bruno Fakiani,Primeira Instância,Encerrado,Cível,
0023240-61.2008.8.26.0576,DJS CONSTRUÇÕES LTDA,Hexacon Engenharia de Obras Civis e Incorporadora Ltda,Primeira Instância,Encerrado,Cível,
002236-74.2013.5.15.0082,Haus Construtora Ltda,Lucilene Alves Carreira,Primeira Instância,Encerrado,Trabalhista,Obra Amizade - SJ Rio Preto
0002236-74.2013.5.15.0082,Haus Construtora Ltda,Jacira Custodio da Fonseca Cezar,Primeira Instância,Encerrado,Trabalhista,Obra Amizade - SJ Rio Preto
0000123-58.2014.5.22.0102,Pacaembu Construtora S/A,Edmilson de Sousa Deusdará,Primeira Instância,Encerrado,,Obra Harmonia - Olímpia
0000037-62.2014.5.15.0044,Haus Construtora Ltda,Alexandre Miranda de Souza,Primeira Instância,Encerrado,Trabalhista,Obra Lealdade - SJ Rio Preto
0001961-30.2013.5.15.0049,Pacaembu Construtora S/A,Giovana Carolini Paixão da Silva,Primeira Instância,Encerrado,Trabalhista,Obra Jardim das Oliveiras - Novo Horizonte
0001572-84.2013.5.15.0133,Haus Construtora Ltda,Edvaldo Rosendo da Silva,Primeira Instância,Encerrado,Trabalhista,Obra Luz da Esperança - SJ Rio Preto
0002256-65.2013.5.15.0082,Haus Construtora Ltda,Cassio Antonio da Cruz,Primeira Instância,Encerrado,Trabalhista,Obra Lealdade - SJ Rio Preto
0002255-80.2013.5.15.0082,Haus Construtora Ltda,JESSICA RAFAELA CAVALCANTI DE OLIVEIRA,Primeira Instância,Encerrado,Trabalhista,
0002276-73.2013.5.15.0044,Haus Construtora Ltda,José Carlos dos Santos Junior,Primeira Instância,Encerrado,Trabalhista,Obra Lealdade - SJ Rio Preto
0002296-48.2013.5.15.0017,Haus Construtora Ltda,Erivan Rodrigues da Silva,Primeira Instância,Encerrado,Trabalhista,Obra Luz da Esperança
0002294-78.2013.5.15.0017,Pacaembu Construtora S/A,Maciel Alves de Souza,Primeira Instância,Encerrado,Trabalhista,Obra Harmonia
0066092-60.2010.8.26.0114,Pacaembu Construtora S/A,Marino Gordaliza Nicolas e outro,Primeira Instância,Encerrado,Cível,
0501435-66.2010.8.26.0077,Atlanta Construções Comercio e Empreendimentos Ltda,Fazenda Pública do Município de Birigui,Primeira Instância,Encerrado,Tributário Execução Fiscal,Taxas Municipais
0000043-94.2014.5.22.0102,Haus Construtora Ltda,Gilmar Ferreira Lima,Primeira Instância,Encerrado,Trabalhista,Obra Jardim Itália - Bebedouro
0002010-70.2013.5.15.0017,Haus Construtora Ltda,Welton Geraldo Ferreira de Souza,Primeira Instância,Encerrado,Trabalhista,
0001869-95.2013.5.22.0101,Haus Construtora Ltda,José Pereira dos Santos Filho,Primeira Instância,Encerrado,Trabalhista,Obras Luz da Espernça / Lealdade
0148382-09.2012.8.26.0100,Haus Construtora Ltda,ATL Premium Desenvolvimento Negócios Ltda,Primeira Instância,Encerrado,Cível,
0001857-56.2004.4.03.6100,Embras Empresa de Compra e Venda de Bens Ltda,Procurador Chefe da Fazenda Nacional em São Paulo,Primeira Instância,Encerrado,Cível,
0050616-42.1996.8.26.0576,Indianápolis SPE Empreendimento Imobiliário Ltda,Prefeitura Municipal de São José do Rio Preto,Primeira Instância,Encerrado,Cível,
2.323/99,Planoeste Cronstrutora Ltda.,Município de Marília,Primeira Instância,Encerrado,Cível,
0005010-39.2005.403.6108,Embras Empresa de Compra e Venda de Bens Ltda,EMPRESA BRASILEIRA DE CORREIOS E TELEGRAFOS-DIRETORIA,Primeira Instância,Encerrado,Cível,
0104370-15.0900.8.26.0090,Maria Emilia Bassan de Almeida,Prefeitura do Município de São Paulo,Primeira Instância,Encerrado,Tributário Execução Fiscal,
1234/1995,Irmãos Carbonari,Fazenda do Estado de São Paulo,Primeira Instância,Encerrado,Cível,
0013630-75.2000.8.26.0309,Pacaembu Construtora S/A,Jose Carlos Coutinho de Carvalho,Primeira Instância,Encerrado,Cível,
309.01.2008.005057-4,Potencial Empreendimentos Ltda.,Fundação Municipal de Ação Social - FUMAS,Primeira Instância,Encerrado,civel,
0002290-82.2013.5.22.0102,Pacaembu Construtora S/A,Marcelo Paes Landim de Assis,Primeira Instância,Pendente,Trabalhista,Obra Caimã - Botucatu
0030778-76.2009.8.26.0344,MML Empreendimentos Ltda.,Fazenda Pública Estadual,Primeira Instância,Cancelado,Tributário Execução Fiscal,
0032405-81.2010.8.26.0344,Planoeste Cronstrutora Ltda.,Fazenda Pública do Estado de São Paulo,Primeira Instância,Ativo,Processo Cível,Execução Fiscal
583.00.2010.100407-2,Wilson de Almeida Junior,"Lunise Administração, Empreendimentos e Negócios Ltda",,Encerrado,Cível,
0022900-08.2005.5.15.0115,Construtora Riachuelo Ltda.,Robson José Queiroz,,Encerrado,Trabalhista,
02001.007436/2008-19,Haus Construtora Ltda,Ibama,,Ativo,Procedimento Administrativo,
1013391-89.2013.8.26.0053,Pacaembu Construtora S/A,Prefeitura do Município de São Paulo,Primeira Instância,Encerrado,Processo Cíveis,Anulatória de Débito Fiscal
0001464-86.2013.5.15.0058,Pacaembu Construtora S/A,Adenilson dos Santos,Primeira Instância,Encerrado,Trabalhista,Obra Jardim Itália
0001969-09.2013.5.15.0113,Pacaembu Construtora S/A,João Paes Landim Alves,Primeira Instância,Encerrado,Trabalhista,Obra Jardim Itália
0002244-68.2013.5.15.0044,Haus Construtora Ltda,Geovanni Isidio da Silva,Primeira Instância,Encerrado,Trabalhista,Obra
0002206-56.2013.5.15.0044,Haus Construtora Ltda,Pedro Horacio Felix,Primeira Instância,Encerrado,Trabalhista,Obra Amizade - SJ Rio Preto
0010142-02.2013.5.15.0055,Pacaembu Construtora S/A,Elizabete Antonio de Oliveira,Primeira Instância,Encerrado,Trabalhista,Obra Parque das Flores
0001916-25.2013.5.15.0017,Haus Construtora Ltda,Paulo Ceza da Silva,Primeira Instância,Encerrado,Trabalhista,Obra Amizade
0001915-40.2013.5.15.0017,Haus Construtora Ltda,Manoel Souza das Neves,Primeira Instância,Encerrado,Trabalhista,Obra Amizade
0000925-70.2013.5.15.0107,Pacaembu Construtora S/A,Gilmar da Silva Lima,Primeira Instância,Encerrado,Trabalhista,Obra Harmonia - Olímpia
0000878-18.2013.5.15.0133,Pacaembu Construtora S/A,Benevite Teixeira da Silva,Primeira Instância,Encerrado,Trabalhista,Obra
0001018-33.2013.5.15.0107,Pacaembu Construtora S/A,Genildo da Silva,Primeira Instância,Encerrado,Trabalhista,Obra Harmonia
0704512-20.2012.8.26.0016,Vera Helena Ramos de Almeida,Nextel Telecomunicações,,Encerrado,Cível,
0017192-15.2011.8.26.0016,Eduardo Robson Raineri de Almeida,,,Encerrado,Cível,
0026691-77.2009.8.26.0344,Solange Silva de Oliveira,CDHU,Primeira Instância,Encerrado,,
0501551-81.2009.8.26.0344,Planoeste Cronstrutora Ltda.,Prefeitura Municipal Marilia,Primeira Instância,Ativo,Processo Cível,Dívida Ativa
0006137-05.2001.8.26.0344,MML Empreendimentos Ltda.,Suely de Jesus,Primeira Instância,Encerrado,,
14.0208.0000372/2013-2,Pacaembu Construtora S/A,Asbylt Construção Civil Ltda.,Primeira Instância,Encerrado,Cível,
0003221-90.2004.8.26.0344,MML Empreendimentos Ltda.,Divania da Costa Alvares Rocha,Primeira Instância,Encerrado,Cível,
0005711-85.2004.8.26.0344,MML Empreendimentos Ltda.,Divania da Costa Alvares Rocha,Primeira Instância,Encerrado,Cível,
0031864-19.2008.8.26.0344,Potencial Empreendimentos Ltda.,Marcos Catarina de Oliveira,Primeira Instância,Encerrado,Cível,
0021330-46.2003.8.26.0132,Planoeste Cronstrutora Ltda.,Fazenda Pública Municipal de Catanduva,Primeira Instância,Encerrado,Cível,
0000819-75.2000.8.26.0344,MML Empreendimentos Ltda.,Edesvildo Aparecido Capellini,Primeira Instância,Arquivado,Cível,
0001943-24.2013.5.15.0044,Haus Construtora Ltda,Luis Carlos Martins Costa,Primeira Instância,Encerrado,Trabalhista,Obra Lealdade
0001952-66.2013.5.15.0082,Haus Construtora Ltda,Luis Antonio Costa,Primeira Instância,Encerrado,Trabalhista,Obra Lealdade
0001944-09.2013.5.15.0044,Haus Construtora Ltda,Carlos Batista Costa,Primeira Instância,Encerrado,Trabalhista,
0001998-95.2013.5.15.0004,Pacaembu Construtora S/A,Wilson Martinho Ribeiro Pindaiba,Primeira Instância,Encerrado,Trabalhista,
4002664-57.2013.8.26.0073,Pacaembu Construtora S/A,Cleonice Ventura,Primeira Instância,Encerrado,Cível,
0001875-57.2013.5.15.0082,Haus Construtora Ltda,Cezar Silva Leal,Primeira Instância,Encerrado,Trabalhista,Obra Amizade - SJ Rio Preto
0001914-55.2013.5.15.0017,Haus Construtora Ltda,Domingos José do Espírito Santo,Primeira Instância,Encerrado,Trabalhista,Obra Nova Esperança
0002220-78.2013.5.06.0371,Haus Construtora Ltda,Wagner Ramos dos Santos,Primeira Instância,Encerrado,Trabalhista,Obras Luz da Esperança / Parque das Fl. / Lealdade
0001984-22.2013.5.15.0066,Pacaembu Construtora S/A,Gilvan da Silva Trindade,Primeira Instância,Encerrado,Trabalhista,Obra Jardim Itália
3002978-63.2013.8.26.0576,Pacaembu Construtora S/A,JKR Construção e Materiais Ltda ME,Primeira Instância,Encerrado,Cível,
0001516-51.2013.5.15.0133,Pacaembu Construtora S/A,Djair Rodrigues de Oliveira,Primeira Instância,Encerrado,Trabalhista,
0284300-70.2013.5.16.0005,Haus Construtora Ltda,Everton de Jesus de Andrade,Primeira Instância,Pendente,Trabalhista,Obra Amizade
0016046-29.2013.5.16.0005,Haus Construtora Ltda,Klebeson Sá Pereira,Primeira Instância,Encerrado,Trabalhista,Obra Amizade
1007650-68.2013.8.26.0053,Haus Construtora Ltda,CDHU,Primeira Instância,Encerrado,Cível,
0001322-83.2013.5.15.0090,Pacaembu Construtora S/A,Luzia da Silva,Primeira Instância,Encerrado,Trabalhista,Obra Bela Vista
0001159-20.2013.5.03.0064,Haus Construtora Ltda,Vander Gomes de Azevedo,Primeira Instância,Encerrado,Trabalhista,Obra Lealdade
0001830-95.2013.5.22.0102,Haus Construtora Ltda,Jonas dos Santos Lima,Primeira Instância,Encerrado,Trabalhista,Obra Lealdade & Amizade
0000877-89.2013.5.15.0082,Haus Construtora Ltda,Paulo Cesar Hipolito,Primeira Instância,Encerrado,Trabalhista,Obra Nova Esperança
0001538-68.2013.5.15.0082,Haus Construtora Ltda,Jânio Reis Batista Ramalho,Primeira Instância,Encerrado,Trabalhista,Obra Luz da Esperança
0022900-39.2013.5.16.0005,Pacaembu Construtora S/A,VALBER PINHEIRO SILVA,Primeira Instância,Encerrado,Trabalhista,Obra Village Morada Verde
0000882-36.2013.5.15.0107,Pacaembu Construtora S/A,Pedro Ferreira Bernardo,Primeira Instância,Encerrado,Trabalhista,Obra Harmonia
0000786-21.2013.5.15.0107,Pacaembu Construtora S/A,Francisco Diony Bacelar da Conceição,Primeira Instância,Encerrado,Trabalhista,Obra Harmonia
0001236-63.2013.5.03.0085,Pacaembu Construtora S/A,FABIO JUNIOR GOMES DA SILVA,Primeira Instância,Encerrado,Trabalhista,Obra Lealdade
1236-63.2013.503.0085,Pacaembu Construtora S/A,LUIZ CARLOS NUNES RODRIGUES,Primeira Instância,Encerrado,Trabalhista,Obra Lealdade
01236-63.2013.503.0085,Pacaembu Construtora S/A,ENIS PEREIRA DE AZEVEDO,Primeira Instância,Encerrado,Trabalhista,Obra Lealdade
001236-63.2013.503.0085,Pacaembu Construtora S/A,CLEBIO GOMES DE AZEVEDO,Primeira Instância,Encerrado,Trabalhista,Obra Lealdade
0001236-63.2013.503.0085,Pacaembu Construtora S/A,CLAUDIANO ALVES DA SILVA,Primeira Instância,Encerrado,Trabalhista,Obra Lealdade
1237-48.2013.5.03.0085,Pacaembu Construtora S/A,CLEITON AGUIAR VIEIRA ARAUJO,Primeira Instância,Encerrado,Trabalhista,Obra Lealdade
0001237-48.2013.503.0085,Pacaembu Construtora S/A,FAGNO LIMA DA SILVA,Primeira Instância,Encerrado,Trabalhista,Obra Lealdade
0001237-48.2013.5.03.0085,Pacaembu Construtora S/A,Silvano Pinheiro da Silva,Primeira Instância,Encerrado,Trabalhista,Obra Lealdade
0265000-25.2013.5.16.0005,Pacaembu Construtora S/A,Luis França Pereira,Primeira Instância,Encerrado,Trabalhista,
0264900-70.2013.5.16.0005,Pacaembu Construtora S/A,Gleysson Magno Pereira e Pereira,Primeira Instância,Encerrado,Trabalhista,Obra Parque das Flores - Mirassol
0001715-37.2010.5.15.0082,Haus Construtora Ltda,Adivaldo Silva Nunes,Primeira Instância,Encerrado,Trabalhista,
0001713-67.2010.5.15.0082,Haus Construtora Ltda,Antonio Ferreira,Primeira Instância,Encerrado,Trabalhista,
0001712-82.2010.5.15.0082,Haus Construtora Ltda,Pedro de Carvalho,Primeira Instância,Encerrado,Trabalhista,
0001711-97.2010.5.15.0082,Haus Construtora Ltda,Ivanildo Vieira,Primeira Instância,Encerrado,Trabalhista,
0001718-89.2010.5.15.0082,Haus Construtora Ltda,José Oliveira Guimarães,Primeira Instância,Encerrado,Trabalhista,
0000266-10.2011.5.15.0082,Haus Construtora Ltda,Gilmar Lopes,Primeira Instância,Encerrado,Trabalhista,
0001716-22.2010.5.15.0082,Haus Construtora Ltda,Sebastião Narciso Gomes,Primeira Instância,Encerrado,Trabalhista,
0001717-07.2010.5.15.0082,Haus Construtora Ltda,Antônio Orivaldo da Conceição Oliveira,Primeira Instância,Encerrado,Trabalhista,
0000631-73.2012.5.15.0100,Pacaembu Construtora S/A,Josemar Fogaça,Primeira Instância,Encerrado,Trabalhista,
0000526-96.2012.5.15.0100,Pacaembu Construtora S/A,Reinaldo Faria dos Santos,Primeira Instância,Encerrado,Trabalhista,
0000923-13.2010.5.15.0073,Haus Construtora Ltda,Wellington Lopes Martins,Primeira Instância,Encerrado,Trabalhista,
0000963-89.2011.5.15.0095,Haus Construtora Ltda,Josinaldo do Nascimento,Primeira Instância,Encerrado,Trabalhista,
0001714-52.2010.5.15.0082,Haus Construtora Ltda,Tony Marlon Cardoso Carvalho,Primeira Instância,Encerrado,Trabalhista,
0001710-15.2010.5.15.0082,Haus Construtora Ltda,Gilmar Lopes,Primeira Instância,Encerrado,Trabalhista,
0001425-18.2013.5.15.0017,Haus Construtora Ltda,Tiago Trindade Zanotti,Primeira Instância,Encerrado,Trabalhista,Obra
0001539-53.2013.5.15.0082,Haus Construtora Ltda,Jânio Reis Batista Ramalho,Primeira Instância,Encerrado,Trabalhista,Obra Amizade - SJ Rio Preto
0001657-29.2013.5.15.0082,Haus Construtora Ltda,JESSICA RAFAELA CAVALCANTI DE OLIVEIRA,Primeira Instância,Encerrado,Trabalhista,Obra Luz da Esperança - SJ Rio Preto
0001014-61.2013.503.0064,Haus Construtora Ltda,Vander Gomes de Azevedo,Primeira Instância,Encerrado,Trabalhista,Obra Residencial Lealdade/Amizade
0003103-22.2009.8.26.0609,Irmãos Carbonari S/A Comercial Industrial e Agricola,Fazenda Nacional,Primeira Instância,Arquivado,Processo Cível,Execução Fiscal
0002403-48.2013.5.22.0001,Haus Construtora Ltda,Eva Maria da Conceição,Primeira Instância,Encerrado,Trabalhista,Obra Luz da Esperança
0001597-98.2013.5.22.0102,Haus Construtora Ltda,Salvador Paes Landim de Sousa,Primeira Instância,Encerrado,Trabalhista,Obra Luz da Esperança
0001596-16.2013.5.22.0102,Haus Construtora Ltda,Nilson Ribeiro Soares,Primeira Instância,Encerrado,Trabalhista,Obra Luz da Esperança
0001595-31.2013.5.22.0102,Haus Construtora Ltda,Mario Soares Santos,Primeira Instância,Encerrado,Trabalhista,Obra Luz da Esperança
0001594-46.2013.5.22.0102,Haus Construtora Ltda,Marcos Antonio Macedo Antunes,Primeira Instância,Encerrado,Trabalhista,Obra Luz da Esperança
0001593-61.2013.5.22.0102,Haus Construtora Ltda,José Paes Filho,Primeira Instância,Encerrado,Trabalhista,Obra Luz da Esperança
0001592-76.2013.5.22.0102,Haus Construtora Ltda,Gilson Rodrigues da Costa,Primeira Instância,Encerrado,Trabalhista,Obra Luz da Esperança
0001591-91.2013.5.22.0102,Haus Construtora Ltda,Evaldo Ribeiro dos Santos,Primeira Instância,Encerrado,Trabalhista,Obra Luz da Esperança
0001590-09.2013.5.22.0102,Haus Construtora Ltda,Ary Ribeiro Soares,Primeira Instância,Encerrado,Trabalhista,Obra Luz da Esperança
0001589-24.2013.5.22.0102,Haus Construtora Ltda,Anderson dos Santos da costa,Primeira Instância,Encerrado,Trabalhista,Obra Luz da Esperança
0001582-32.2013.5.22.0102,Haus Construtora Ltda,Ailton Ribeiro da Silva,Primeira Instância,Encerrado,Trabalhista,Obra Luz da Esperança
0000723-93.2013.5.15.0107,Pacaembu Construtora S/A,Valdomiro Pereira da Silva,Primeira Instância,Encerrado,Trabalhista,Obra Village Morada Verde e Residencial Harmonia
0000922-83.2013.5.03.0064,Haus Construtora Ltda,Vander Gomes de Azevedo,Primeira Instância,Encerrado,Trabalhista,Obra Residencial Lealdade - SJ Rio Preto
0017254-10.2013.403.0000,Eduardo Robson Raineri de Almeida,MINISTERIO PUBLICO FEDERAL,Segunda Instância,Arquivado - não Pacaembu,Inquérito Policial,
0001401-30.2013.5.15.0133,Haus Construtora Ltda,Leonardo Antunes Guimarães,Primeira Instância,Encerrado,Trabalhista,Obra Residencial Lealdade - SJ Rio Preto
0001373-38.2013.5.15.0044,Haus Construtora Ltda,Graciano Vieira da Cunha,Primeira Instância,Encerrado,Trabalhista,Obra Nova Esperança - SJ Rio Preto
0001627-39.2013.5.22.0101,Haus Construtora Ltda,Juscelino Cesar de Carvalho,Primeira Instância,Encerrado,Trabalhista,Obra Luz da Esperança - SJ Rio Preto
0000659-83.2013.5.15.0107,Pacaembu Construtora S/A,Francisco das Chagas de Sousa Lima,Primeira Instância,Encerrado,Trabalhista,Obra Harmonia - Olímpia
0000660-68.2013.5.15.0107,Pacaembu Construtora S/A,José Alberto Oliveira de Jesus,Primeira Instância,Encerrado,Trabalhista,Obra Harmonia - Olímpia
0000658-98.2013.5.15.0107,Pacaembu Construtora S/A,Nilson Medeiros de Mendonça Junior,Primeira Instância,Encerrado,Trabalhista,Obra Harmonia - Olímpia
0241600-79.2013.5.16.0005,Pacaembu Construtora S/A,Nicharlison Silva Pereira,Primeira Instância,Encerrado,Trabalhista,Obra Harmonia
0241500-27.2013.5.16.0005,Pacaembu Construtora S/A,Nicharlison Silva Pereira,Primeira Instância,Encerrado,Trabalhista,Obra Harmonia - Olímpia
0001346-83.2013.5.22.0101,Haus Construtora Ltda,Francisco das Chagas da Paz Silva,Primeira Instância,Encerrado,Trabalhista,Obra Lealdade
3000354-96.2013.8.26.0396,Pacaembu Construtora S/A,Trindade Locações e Serviços Ltda,Primeira Instância,Encerrado,Cível,
0001277-23.2013.5.15.0044,Haus Construtora Ltda,Demir de Sousa Silva,Primeira Instância,Encerrado,Trabalhista,Obra Residencial Amizade
0001453-02.2013.5.15.0044,Haus Construtora Ltda,José Carlos dos Santos Junior,Primeira Instância,Encerrado,Trabalhista,Obra Residencial Lealdade
0001540-80.2013.5.22.0102,Pacaembu Construtora S/A,Ricardo dos Santos Alves,Primeira Instância,Encerrado,Trabalhista,Obra Residencial Maria Luiza - Botucatu
0001296-29.2013.5.15.0044,Haus Construtora Ltda,Giselle Lopes de Paula,Primeira Instância,Pendente,Trabalhista,Obra Parque das Flores - Mirassol
0001295-28.2013.5.15.0017,Haus Construtora Ltda,Marcelo Pinheiro,Primeira Instância,Encerrado,Trabalhista,Obra Residencial Amizade - SJ Rio Preto
0002394-83.2013.8.26.0370,Atlanta Construções Comercio e Empreendimentos Ltda,Aurelio Candido de Souza Filho,Primeira Instância,Encerrado,Cível,
0001348-53.2013.5.22.0101,Haus Construtora Ltda,João Paulo Carvalho dos Santos,Primeira Instância,Encerrado,Trabalhista,Obra Lealdade
0001351-08.2013.5.22.0101,Haus Construtora Ltda,João Paulo Carvalho dos Santos,Primeira Instância,Encerrado,Trabalhista,Obra Lealdade
0001460-22.2013.5.22.0101,Haus Construtora Ltda,Pedro Paulo Carvalho dos Santos,Primeira Instância,Encerrado,Trabalhista,Obra Lealdade
0001454-15.2013.5.22.0101,Haus Construtora Ltda,João de Jesus Nunes,Primeira Instância,Encerrado,Trabalhista,Obra Lealdade
0001849-78.2013.5.15.0011,Pacaembu Construtora S/A,Hendrigo Alcenir Leme do Prado,Primeira Instância,Encerrado,Trabalhista,Obra Luz da Esperança
0001407-93.2013.5.15.0082,Haus Construtora Ltda,Cassio Antonio da Cruz,Primeira Instância,Encerrado,Trabalhista,Obra Residencial Lealdade & Amizade - SJ Rio Preto
0001850-63.2013.5.15.0011,Pacaembu Construtora S/A,Denis Carvalho Borges,Primeira Instância,Encerrado,Trabalhista,Obra Luz da Esperança
0000627-78.2013.5.15.0107,Pacaembu Construtora S/A,João da Cruz da Silva Miranda,Primeira Instância,Encerrado,Trabalhista,Obra Harmonia - Olímpia
0001456-82.2013.5.22.0101,Haus Construtora Ltda,Josiel do Nascimento Souza,Primeira Instância,Encerrado,Trabalhista,Obra Residencial Lealdade - SJ Rio Preto
0001510-45.2013.5.22.0102,Haus Construtora Ltda,Valdecio Alves Brito,Primeira Instância,Encerrado,Trabalhista,Obra Amizade
0222900-55.2013.5.16.0005,Pacaembu Construtora S/A,Wilson Carneiro Dias,Primeira Instância,Encerrado,Trabalhista,Obra Parque das Flores - Mirassol
0000874-38.2013.5.15.0017,Haus Construtora Ltda,Josimar Alves da Silva,Primeira Instância,Encerrado,Trabalhista,Obra Village Morada Verde
0001104-80.2013.5.15.0017,Haus Construtora Ltda,Welton Geraldo Ferreira de Souza,Primeira Instância,Encerrado,Trabalhista,Obra Lealdade
0001280-58.2013.5.15.0082,Haus Construtora Ltda,Adonias de Castro Carvalho,Primeira Instância,Encerrado,Trabalhista,Obra Residencial Amizade
0000973-07.2013.5.15.0082,Haus Construtora Ltda,Ednaldo Rosendo de Souza,Primeira Instância,Encerrado,Trabalhista,Obra Luz da Esperança
0545-47.2013.5.15.0107,Pacaembu Construtora S/A,Antonio da Silva Sousa,Primeira Instância,Encerrado,Trabalhista,Obra Harmonia - Olímpia
0000563-63.2013.5.15.0044,Haus Construtora Ltda,Jose Domingos Frazão Silva,Primeira Instância,Encerrado,Trabalhista,Obra Luz da Esperança
0000521-14.2013.5.15.0044,Haus Construtora Ltda,Cícero Batista de Lima,Primeira Instância,Encerrado,Trabalhista,Obra Luz da Esperança
0001038-03.2013.5.15.0017,Haus Construtora Ltda,Adão Leite de Sousa,,Encerrado,Trabalhista,Obra Residencial Amizade - SJ Rio Preto
0010697-49.2013.5.15.0142,Pacaembu Construtora S/A,Cleyton Fernando de Souza,Primeira Instância,Encerrado,Trabalhista,Obra São Sebastião
0010696-64.2013.5.15.0142,Pacaembu Construtora S/A,José Alves dos Santos,Primeira Instância,Encerrado,Trabalhista,Obra São Sebastião - Taquaritinga
0001358-97.2013.5.22.0101,Haus Construtora Ltda,João de Jesus Nunes Filho,Primeira Instância,Encerrado,Trabalhista,Obra Lealdade
0001347-68.2013.5.22.0101,Haus Construtora Ltda,Edigar Afonso Pereira,Primeira Instância,Encerrado,Trabalhista,Obra Lealdade
0001345-98.2013.5.22.0101,Haus Construtora Ltda,Pedro Paulo Carvalho dos Santos,Primeira Instância,Encerrado,Trabalhista,Obra Lealdade
0001352-90.2013.5.22.0101,Haus Construtora Ltda,Francisco das Chagas da Paz Silva,Primeira Instância,Encerrado,Trabalhista,Obra Lealdade
0001350-23.2013.5.22.0101,Haus Construtora Ltda,João Paulo Carvalho dos Santos,Primeira Instância,Encerrado,Trabalhista,Obra Lealdade
0033177-22.2013.8.26.0576,Pacaembu Construtora S/A,Usina do Vale Construtora Ltda,Primeira Instância,Encerrado,Cível,
0000827-08.2013.5.22.0102,Haus Construtora Ltda,Manoel Luis Lopes Lima,Primeira Instância,Encerrado,Trabalhista,Obra Luz da Esperança
0013062-94.2013.8.26.0344,Potencial Empreendimentos Ltda.,Marcos Catarina de Oliveira,Primeira Instância,Encerrado,Cível,
0000967-98.2013.5.15.0017,Pacaembu Construtora S/A,Peterson Abner Batista Alves,Primeira Instância,Encerrado,Trabalhista,Obra Harmonia
0000942-85.2013.5.15.0017,Haus Construtora Ltda,Izaias Rocha Gonçalves,Primeira Instância,Encerrado,Trabalhista,Obra Lealdade
0000867-46.2013.5.15.0017,Haus Construtora Ltda,Mauro Sergio Gois,Segunda Instância,Encerrado,Trabalhista,Obra Luz da Esperança
1040791-34.2013.8.26.0100,Pacaembu Construtora S/A,Fernando Pinheiro me,Primeira Instância,Arquivado,Cível,Ação declaratória
0000846-70.2013.5.15.0017,Haus Construtora Ltda,Cristiano de Jesus Valeriano,Primeira Instância,Encerrado,Trabalhista,Obra Luz da Esperança
0000585-62.2013.5.02.0019,Construtora Riachuelo Ltda.,Jadir Marcelino,Primeira Instância,Encerrado,Trabalhista,
0000497-88.2013.5.15.0107,Pacaembu Construtora S/A,Carlos Alberto da Silva,Primeira Instância,Encerrado,Trabalhista,Obra Harmonia - Olímpia
0000504-80.2013.5.15.0107,Pacaembu Construtora S/A,Edney Antonio Batista dos Santos,Primeira Instância,Encerrado,Trabalhista,Obra Harmonia - Olímpia
0000502-13.2013.5.15.0107,Pacaembu Construtora S/A,Vagner Santanna Valerio,Primeira Instância,Encerrado,Trabalhista,Obra Harmonia - Olímpia
0000498-73.2013.5.15.0107,Pacaembu Construtora S/A,Jose Luiz Gomes de Souza Lima,Primeira Instância,Encerrado,Trabalhista,Obra Harmonia
0000495-21.2013.5.15.0107,Pacaembu Construtora S/A,Gregorio Aveiro,Primeira Instância,Encerrado,Trabalhista,Obra Harmonia - Olímpia
0000496-06.2013.5.15.0107,Pacaembu Construtora S/A,David Marcelo de Oliveira,Primeira Instância,Encerrado,Trabalhista,Obra Harmonia - Olímpia
0000503-95.2013.5.15.0107,Pacaembu Construtora S/A,Augusto Aparecido Guedes,Primeira Instância,Encerrado,Trabalhista,Obra Harmonia - Olímpia
0000501-28.2013.5.15.0107,Pacaembu Construtora S/A,Valmir Quirino Valério,Primeira Instância,Encerrado,Trabalhista,Obra Harmonia - Olímpia
0000499-58.2013.5.15.0107,Pacaembu Construtora S/A,Mario Ferreira dos Santos,Primeira Instância,Encerrado,Trabalhista,Obra Harmonia - Olímpia
0000528-11.2013.5.15.0107,Pacaembu Construtora S/A,Claudio Alcantara Chaves,Primeira Instância,Encerrado,Trabalhista,Obra Harmonia - Olímpia
0000470-08.2013.5.15.0107,Pacaembu Construtora S/A,Raimundo Batista Pinheiro,Primeira Instância,Encerrado,Trabalhista,Obra Parque das Flores e Obra Harmonia
0000437-18.2013.5.15.0107,Pacaembu Construtora S/A,Valdiney Rodrigues dos Santos,Primeira Instância,Encerrado,Trabalhista,Obra Harmonia
0000438-03.2013.5.15.0107,Pacaembu Construtora S/A,Francisco de Almeida Lopes,Primeira Instância,Encerrado,Trabalhista,Obra Harmonia
0000439-85.2013.5.15.0107,Pacaembu Construtora S/A,Leonardo Teixeira da Silva,Primeira Instância,Encerrado,Trabalhista,Obra Harmonia
0000440-70.2013.5.15.0107,Pacaembu Construtora S/A,Francisco das Chagas Teixeira da Silva,Primeira Instância,Encerrado,Trabalhista,Obra Harmonia
0000312-50.2013.5.15.0107,Pacaembu Construtora S/A,Renato Braz de Sá,,Encerrado,Trabalhista,Obra Harmonia
0001097-32.2013.5.22.0102,Pacaembu Construtora S/A,Bras Ferreira de Sousa,Primeira Instância,Encerrado,Trabalhista,Obra Maria Luiza
0000874-54.2013.5.15.0044,Haus Construtora Ltda,Antonio Natanael Da Silva,Segunda Instância,Encerrado,Trabalhista,Obra Nova Esperança
0000917-15.2013.5.15.0133,Haus Construtora Ltda,Valdemiro Costa Silva,Primeira Instância,Encerrado,Trabalhista,Obra Lealdade
0000875-39.2013.5.15.0044,Haus Construtora Ltda,Graciano Vieira da Cunha,Primeira Instância,Encerrado,Trabalhista,Obra Nova Esperança
0001071-34.2013.5.22.0102,Haus Construtora Ltda,Julião Pereira Paes,Primeira Instância,Encerrado,Trabalhista,Obra Luz da Esperança
0001070-49.2013.5.22.0102,Haus Construtora Ltda,Aurecio Oliveira Paes Landim,Primeira Instância,Encerrado,Trabalhista,Obra Luz da Esperança
0001069-64.2013.5.22.0102,Haus Construtora Ltda,Dercilio Braz do Rosario,Primeira Instância,Encerrado,Trabalhista,Obra Luz da Esperança
0001068-79.2013.5.22.0102,Haus Construtora Ltda,Salvador Ferreira dos Santos,Primeira Instância,Encerrado,Trabalhista,Obra Luz da Esperança
0000927-18.2013.5.15.0082,Haus Construtora Ltda,Pablo Luis Lins,Primeira Instância,Encerrado,Trabalhista,Obra Lealdade
0000926-33.2013.5.15.0082,Haus Construtora Ltda,Luis Antonio Costa,Primeira Instância,Encerrado,Trabalhista,Obra Lealdade
0000971-37.2013.5.15.0082,Haus Construtora Ltda,Ednaldo Rosendo de Souza,Primeira Instância,Encerrado,Trabalhista,Obra Luz da Esperança
0001017-68.2013.5.22.0102,Pacaembu Construtora S/A,Ademilson Dias Lima,Primeira Instância,Encerrado,Trabalhista,Obra São Rogério - Avaré
0000922-13.2013.5.15.0044,Haus Construtora Ltda,Carlos Batista Costa,Primeira Instância,Encerrado,Trabalhista,Obra Lealdade - SJ do Rio Preto
0000923-95.2013.5.15.0044,Haus Construtora Ltda,Luis Carlos Martins Costa,Primeira Instância,Encerrado,Trabalhista,Obra Lealdade
0000940-34.2013.5.15.0044,Haus Construtora Ltda,Gerson Florentino Martins,Primeira Instância,Encerrado,Trabalhista,Obra Lealdade
0000921-28.2013.5.15.0044,Haus Construtora Ltda,Jose da Cruz Sousa,Primeira Instância,Encerrado,Trabalhista,Obra Lealdade
0000941-19.2013.5.15.0044,Haus Construtora Ltda,Raimundo da Silva Ferreira,Primeira Instância,Encerrado,Trabalhista,Obra Lealdade
000144.2013.15.007/0,Pacaembu Construtora S/A,Isael SantosGamas,Primeira Instância,Ativo,Inquérito Civil,
0000653-54.2013.5.15.0082,Haus Construtora Ltda,Leandro Aparecido da Silva Baria,Primeira Instância,Encerrado,Trabalhista,Obra Luz da Esperança
0000891-74.2013.5.15.0017,Haus Construtora Ltda,Domingos José do Espírito Santo,Primeira Instância,Encerrado,Trabalhista,Obra Nova Esperança
0187500-77.2013.5.16.0005,Pacaembu Construtora S/A,Jayro Vinicius Ramos,Primeira Instância,Encerrado,Trabalhista,Obra Parque das Flores
0000574-76.2013.5.15.0017,Pacaembu Construtora S/A,Luis Carlos da Silva,Primeira Instância,Encerrado,Trabalhista,Obra Residencia Harmonia
000834-55.2013.5.15.0082,Haus Construtora Ltda,Andre de Aquino Padilha,Primeira Instância,Encerrado,Trabalhista,Obra Residencia Amizade
0019980-51.2012.8.26.0344,AJ Comercial e Construtora Ltda.,Celina Márcia de Souza Lima,Primeira Instância,Encerrado,Cível,
0001246-83.2013.5.02.0005,Haus Construtora Ltda,JOÃO D`ESCÓSSIA MELLO,Primeira Instância,Encerrado,Trabalhista,Escritório Central
0164100-34.2013.5.16.0005,Pacaembu Construtora S/A,Elenilson Pavão Mendes,Primeira Instância,Encerrado,Trabalhista,Obra Parque das Flores - Mirassol
0000549-06.2013.5.15.0133,Haus Construtora Ltda,Silvia Helena Reis,Primeira Instância,Encerrado,Trabalhista,Obra Nova Esperança - SJ Rio Preto
0000719-94.2013.5.15.0062,Pacaembu Construtora S/A,Luiz Gustavo da Silva Freire,Primeira Instância,Encerrado,Trabalhista,Obra Bela Vista - Lins
0000609-70.2013.5.15.0038,Pacaembu Construtora S/A,Ronildo Vieira da Silva,Primeira Instância,Encerrado,Trabalhista,Obra Maria Luiza
0000568-68.2013.5.15.0082,Pacaembu Construtora S/A,Marcos Antonio dos Santos,Primeira Instância,Encerrado,,Obra Harmonia
0010627-75.1998.8.26.0344,Eduardo Robson Raineri de Almeida,José Carvalho Sousa Violante,Primeira Instância,Encerrado,Cível,
0000706-77.2013.5.22.0102,Haus Construtora Ltda,Renilson Nonato Ferreira Santos,Primeira Instância,Pendente,Trabalhista,Obra Luz da Esperança
0001425-87.2012.8.26.0084,Pacaembu Construtora S/A,Anita Maria de Faria,Primeira Instância,Arquivado,Cível,Danos Construtivos – Áreas Privativas
0000281-30.2013.5.15.0107,Pacaembu Construtora S/A,Jeferson Augusto Elias da Cruz,Primeira Instância,Encerrado,,Obra Residencial Harmonia - Olímpia
0000247-55.2013.5.15.0107,Pacaembu Construtora S/A,Everton Ricardo Rezende da Silva,Primeira Instância,Encerrado,Trabalhista,Obra Residencial Harmonia - Olímpia
0000565-33.2013.5.15.0044,Pacaembu Construtora S/A,Nivaldo Luis da Silva,Primeira Instância,Encerrado,,Obra Residencial Harmonia - Olímpia
0000594-43.2013.5.15.0025,Pacaembu Construtora S/A,Eduardo Luiz Alberto,Primeira Instância,Encerrado,,Obra Flora Rica - Botucatu
0000127-12.2013.5.15.0107,Pacaembu Construtora S/A,Silvio Aparecido Francelino da Silva,Primeira Instância,Encerrado,Trabalhista,Obra Village Morada Verde
0000126-27.2013.5.15.0107,Pacaembu Construtora S/A,Ronaldo Domingues da silva,Primeira Instância,Encerrado,Trabalhista,Obra Village Morada Verde
0012300-56.2013.5.16.0005,Pacaembu Construtora S/A,Jailson de Jesus Lins Melo,Primeira Instância,Encerrado,,
0016469-91.2013.8.26.0576,Pacaembu Construtora S/A,OLGS Empreiteira Rio Preto Ltda,,Arquivado,Cível,Ação de cobrança
0000399-25.2013.5.15.0133,Haus Construtora Ltda,Mauri Lima Belchior,Primeira Instância,Encerrado,Trabalhista,Obra Luz da Esperança
0000403-21.2013.5.15.0082,Haus Construtora Ltda,Leandro dos Santos Silva,Primeira Instância,Encerrado,,Obra Luz da Esperança
0000402-36.2013.5.15.0082,Haus Construtora Ltda,rodolfo dos Santos Freire,Primeira Instância,Encerrado,Trabalhista,Obra Luz da Esperança
000691-11.2013.5.22.0102,Pacaembu Construtora S/A,Josimar Lopes Lima,Primeira Instância,Encerrado,Trabalhista,Obra São Rogério
0002468-61.2013.8.26.0072,Pacaembu Construtora S/A,Asbylt Construção Civil Ltda.,Segunda Instância,Encerrado,Cível,Obra de Bebedouro
0000580-45.2013.5.15.0062,Pacaembu Construtora S/A,Cleberson Andrade Pinheiro de Souza,Primeira Instância,Encerrado,,Obra Bela Vista - Lins
0000457-04.2013.5.15.0044,Pacaembu Construtora S/A,Helvidio Pereira de Brito,Primeira Instância,Encerrado,Trabalhista,Obra Bela Vista - Lins
0000107-96.2013.5.15.0082,Haus Construtora Ltda,Wilson Tunucci Junior,Segunda Instância,Encerrado,,Obra Luz da Esperança
0000648-74.2013.5.22.0102,Pacaembu Construtora S/A,Dalmir Lopes Lima,Primeira Instância,Encerrado,,Obra São Rogério
0000665-13.2013.5.22.0102,Pacaembu Construtora S/A,Alessandro de Santana Assis,Primeira Instância,Encerrado,Trabalhista,Obra Maria Luiza
0123310-25.2009.8.26.0100,Haus Construtora Ltda,Polipec Indústria e Comércio Ltda,Primeira Instância,Encerrado,Cível,Ação declaratória de Nulidade de Título
0000587-19.2013.5.22.0102,Pacaembu Construtora S/A,Ademilson Dias Lima,Primeira Instância,Encerrado,,Obra Parque das Flores
0000465-35.2013.503.0134,Haus Construtora Ltda,rodrigo Vagner Queiroga,Primeira Instância,Encerrado,,Obra Luz da Esperança
0000456-69.2013.503.0103,Haus Construtora Ltda,Paulo Henrique Miranda,Primeira Instância,Encerrado,,Obra Luz da Esperança
0000398-80.2012.5.15.0131,Haus Construtora Ltda,Sandra Cristina Marques da Silva,Primeira Instância,Encerrado,Trabalhista,Obra Santa Lúcia - Campinas
0001940-06.2012.5.15.0044,Haus Construtora Ltda,Wellington Beraldo de Lima,Primeira Instância,Encerrado,Trabalhista,Obra Nova Esperança
0000108-98.2013.5.15.0044,Haus Construtora Ltda,Bruno Cesar Machado,Primeira Instância,Encerrado,,Obra Luz da Esperança
0002285-53.2012.5.15.0017,Haus Construtora Ltda,Alessandro Cardoso da Silva,Primeira Instância,Encerrado,,Obra Nova Esperança
0000015-93.2013.5.15.0058,Pacaembu Construtora S/A,Emerson Rogério Bognin,Primeira Instância,Encerrado,Trabalhista,Obra Parque das Flores
1004235-33.2013.8.26.0100,Pacaembu Construtora S/A,Claro S/A,Primeira Instância,Encerrado,Cível,Ação Decl. de Inexigibilidade de Débito c.c Inden. Danos Morais - Claro
0000149-65.2013.5.15.0044,Haus Construtora Ltda,Natanael Marques da Silva,Primeira Instância,Encerrado,,Obra Luz da Esperança
54900-90.2007.5.15.0115,Embras Empresa de Compra e Venda de Bens Ltda,Roberto Rodrigues de melo,Primeira Instância,Encerrado,Trabalhista,
0002216-21.2012.5.15.0017,Haus Construtora Ltda,Jose Augusto da Silva e Sousa,Primeira Instância,Encerrado,,Obra Luz da Esperança
0511167-46.2010.8.26.0344,Planoeste Cronstrutora Ltda.,Fazenda Pública Municipal,,Suspenso,Tributário Execução Fiscal,Dívida Ativa
0000114-08.2013.5.15.0044,Haus Construtora Ltda,Edeval Donizetti Gomes,,Encerrado,Trabalhista,Nova Esperança
0001164-11.2012.5.15.0107,Pacaembu Construtora S/A,Marlon Donaire Salmazzo,Primeira Instância,Encerrado,,Village Morada Verde
0002077-68.2012.5.15.0082,Pacaembu Construtora S/A,Sidinei de Souza,Primeira Instância,Encerrado,Trabalhista,Parque das Flores
0001325-26.2012.5.15.0073,Pacaembu Construtora S/A,José Luis Cantanhede,Segunda Instância,Encerrado,,Obra Parque das Flores
0001197-19.2012.5.15.0101,Haus Construtora Ltda,Manoel Ivanildo do Nascimento,Primeira Instância,Encerrado,,Obra Santa Maria
0004220-81.2013.8.26.0100,Pacaembu Construtora S/A,CLARO S.A,Segunda Instância,Encerrado,Cível,
0000129-20.2013.5.15.0062,Pacaembu Construtora S/A,Luiz Gustavo da Silva Freire,,Encerrado,Trabalhista,
0001804-34.2012.5.22.0102,Pacaembu Construtora S/A,Edcarlos Ferreira dos Santos,Primeira Instância,Encerrado,,Obra Maria Luiza
0001766-22.2012.5.22.0102,Pacaembu Construtora S/A,José Filho Santos da Silva,,Encerrado,,Obra Maria Luiza
0001011-75.2012.5.15.0107,Pacaembu Construtora S/A,Rodrigo de Juli Lemos,Primeira Instância,Encerrado,,Village Morada Verde
0007000-50.2012.5.16.0005,Pacaembu Construtora S/A,Afonso de Jesus Amaral Lins,Primeira Instância,Encerrado,,Village Morada Verde
0027700-38.2005.5.15.0064,Embras Empresa de Compra e Venda de Bens Ltda,Antonio de Paula Pereira da Silva,Primeira Instância,Encerrado,,
0001726-95.2012.5.15.0082,Haus Construtora Ltda,Viviane Lopes Dos Santos,Primeira Instância,Encerrado,,Obra Nova Esperança
0001654-53.2012.5.22.0102,Pacaembu Construtora S/A,Tabernaculo Pereira dos Santos,Primeira Instância,Encerrado,Trabalhista,Obra de Mirassol
0001653-68.2012.5.22.0102,Pacaembu Construtora S/A,Isaias Ferreira dos Santos,Primeira Instância,Encerrado,Trabalhista,Obra de Mirassol
0001652-83.2012.5.22.0102,Pacaembu Construtora S/A,Raimundo Nonato Ferreira dos Santos,,Encerrado,,Obra de Mirassol
0001957-42.2012.5.15.0044,Haus Construtora Ltda,Edeval Donizetti Gomes,Primeira Instância,Encerrado,Trabalhista,Nova Esperança
0001865-48.2012.5.15.0017,Haus Construtora Ltda,Josimar Alves da Silva,Primeira Instância,Encerrado,Trabalhista,Nova Esperança
0002192-11.2012.5.15.0011,Pacaembu Construtora S/A,Israel Franciso Aires,Primeira Instância,Encerrado,,Village Morada Verde
0013011-39.2012.8.26.0079,Pacaembu Construtora S/A,Sandra Regina Moura,Primeira Instância,Encerrado,Cível,Ação de Obrigação de Fazer c.c. Dano Moral c/ pedido de tutela antec.
0001425-92.2012.5.15.0133,Haus Construtora Ltda,Jesus Bernardes,Primeira Instância,Encerrado,,Residencial Nova Esperança
0001836-94.2012.5.15.0082,Haus Construtora Ltda,Geovane Luiz da Silva,Segunda Instância,Encerrado,,Residencial Nova Esperança
0001786-12.2012.5.15.0133,Pacaembu Construtora S/A,Benevite Teixeira da Silva,Primeira Instância,Encerrado,Trabalhista,Nova Esperança
0002024-25.2011.5.15.0017,Haus Construtora Ltda,Natalina Balduino Sabino,Primeira Instância,Encerrado,Trabalhista,
400.01.2012.009682-4,Atlanta Construções Comercio e Empreendimentos Ltda,Oficial de Registro de Imóveis e Anexos de Olímpia,Primeira Instância,Encerrado,Cível Administrativo,Proc. Adm. de DÚVIDA INVERSA
0004618-22.2007.4.03.6111,Construtora Menin Ltda,MINISTERIO PUBLICO FEDERAL,Segunda Instância,Ativo,Processo Cível,Dano Ambiental - Responsabilidade Civil
1376-52.2012.5.22.0102,Pacaembu Construtora S/A,Salem dos Santos Sousa,Primeira Instância,Encerrado,Trabalhista,
1375-67.2012.5.22.0102,Pacaembu Construtora S/A,Edcarlos Ferreira dos Santos,Primeira Instância,Encerrado,Trabalhista,
1377-37.2012.5.22.0102,Pacaembu Construtora S/A,Pedro Baião Paes Landim,Primeira Instância,Encerrado,Trabalhista,
0126300-03.2012.5.16.0006,Pacaembu Construtora S/A,Luiz Augusto Barbosa Silva,Primeira Instância,Encerrado,,Residencial Bela Vista
0126500-10.2012.5.16.0006,Pacaembu Construtora S/A,Valdeir Sousa da Silva,Primeira Instância,Encerrado,,Residencial Bela Vista
0126400-55.2012.5.16.0006,Pacaembu Construtora S/A,Fabio do Nascimento Rodrigues,Primeira Instância,Encerrado,,Residencial Bela Vista
0126200-48.2012.5.16.0006,Pacaembu Construtora S/A,Celso Pereira Rodrigues,Primeira Instância,Encerrado,,Residencial Bela Vista
0002174-45.2012.5.15.0025,Pacaembu Construtora S/A,Eduardo Luiz Alberto,Primeira Instância,Encerrado,Trabalhista,Residencial Flora Rica
0009307-79.2011.4.03.6108,Pacaembu Construtora S/A,Ministério Público do Trabalho,Segunda Instância,Encerrado,Processo Cíveis,Procedimento Investigatório do MP
9.00.00.00/6.00.00.00/110/2012,Haus Construtora Ltda,CDHU,Instância Extrajudicial,Ativo,Procedimento Administrativo,Processo Administrativo
0001381-75.2012.5.15.0100,Pacaembu Construtora S/A,Ederson de Souza,Primeira Instância,Encerrado,Trabalhista,Village Morada Verde
0001367-91.2012.5.15.0100,Pacaembu Construtora S/A,Gelson Alves de Souza,Primeira Instância,Encerrado,Trabalhista,3
0001329-79.2012.5.15.0100,Pacaembu Construtora S/A,Adilson Araujo,Primeira Instância,Encerrado,Trabalhista,3
0001327-12.2012.5.15.0100,Pacaembu Construtora S/A,Paulo Vicente de Paula,Primeira Instância,Encerrado,,3
1383-43.2012.5.15.0036,Pacaembu Construtora S/A,Rogério Ferreira,Primeira Instância,Encerrado,Trabalhista,M@M Construção Civil e Metallica Ltda
1347-98.2012.5.15.0036,Pacaembu Construtora S/A,Cristiano Rocha,Primeira Instância,Encerrado,Trabalhista,M@M Construção Civil e Metalica
0671-34.2012.5.15.0107,Pacaembu Construtora S/A,Joaquim Ramos de Oliveira,Segunda Instância,Encerrado,Trabalhista,Olímpia
1313-26.2012.5.15.0036,Pacaembu Construtora S/A,Rogério dos Santos Ferreira,Primeira Instância,Encerrado,Trabalhista,Village Morada Verde
1265-69.2012.5.15.0100,Pacaembu Construtora S/A,Renan Romancini,Primeira Instância,Encerrado,Trabalhista,Village Morada Verde
1294-22.2012.5.15.0100,Pacaembu Construtora S/A,Marcos Aparecido dos Santos,Primeira Instância,Encerrado,Trabalhista,Village Morada Verde
1440-21.2012.5.15.0017,Haus Construtora Ltda,Giovani Martineli,Primeira Instância,Encerrado,Trabalhista,São José do Rio Preto
1427-21.2012.5.15.0082,Haus Construtora Ltda,Lucilene Baleeiro Dos Santos,Primeira Instância,Encerrado,Trabalhista,São José do Rio Preto
000175.2010.15.007/0-91,Pacaembu Construtora S/A,Ministério Público do Trabalho,,Ativo,Inquérito Civil,Inquérito Civil
0001192-59.2011.5.15.0027,Haus Construtora Ltda,Madalena Delpino Tomaz Valeta,Primeira Instância,Encerrado,Trabalhista,Ação de Indenização por Danos Morais
1191-74.2011.5.15.0027,Haus Construtora Ltda,Ana Maria Dias Valeta,Primeira Instância,Encerrado,Trabalhista,
1478-37.2012.5.02.0068,Haus Construtora Ltda,Laercio Firmo de Oliveira,Primeira Instância,Encerrado,Trabalhista,Santa Lucia
01765-94.2012.5.02.0069,Haus Construtora Ltda,Elter Silva do Amaral,Primeira Instância,Encerrado,Trabalhista,Empreendimento Santa Lucia
01546-27.2012.5.02.0087,Haus Construtora Ltda,Joaquim Ribeiro Moreira,Primeira Instância,Encerrado,Trabalhista,Empreendimento de Santa Lucia
0003735-33.2010.8.26.0441,Embras Empresa de Compra e Venda de Bens Ltda,Reysul Material de Construção Ltda,,Encerrado,Cível,Cobrança de duplicata
0001707-52.2012.502008-2,Pacaembu Construtora S/A,Francini Baeza Amirati,Primeira Instância,Encerrado,Trabalhista,Escritorio Central
0534-52.2012.5.15.0107,Pacaembu Construtora S/A,Claudemir Donisete Cristofoli,Primeira Instância,Encerrado,Trabalhista,Village Morada Verde
0002838-86.2012.4.03.6106,Pacaembu Construtora S/A,INSS,Segunda Instância,Suspenso,Cível,Ação Regressiva
0004988-34.2012.4.03.6108,Pacaembu Construtora S/A,Lúcia Cristina Fernandes,Segunda Instância,Arquivado,Cível,Indenização por Dano Material
1030-03.2012.5.15.0133,Haus Construtora Ltda,Chester Bongiovani Rigueti,Primeira Instância,Encerrado,Trabalhista,Alves & Ruiz-Segurança Patrimonial - Condominio Golden Park I
0033394-02.2012.8.26.0576,Eduardo Robson Raineri de Almeida,Alcides Fernandes Barbosa,Primeira Instância,Encerrado,Processo Cíveis,Queixa Crime
10183 004966/2006-72,Habitar Brasil Empreendimentos Imobiliários S/A,Fazenda Nacional,Primeira Instância,Encerrado,Tributário Administrativo,AUTO DE INFRAÇÃO E RPJ
0502938-97.2010.8.26.0344,Potencial Empreendimentos Ltda.,Prefeitura Municipal Marilia,Primeira Instância,Ativo,Processo Cível,Execução Fiscal
0502684-27.2010.8.26.0344,Potencial Empreendimentos Ltda.,Município de Marília,Primeira Instância,Encerrado,Cível,
0501170-73.2009.8.26.0344,Potencial Empreendimentos Ltda.,Prefeitura Municipal Marilia,Primeira Instância,Ativo,Processo Cível,
0003483-69.2006.8.26.0344,Potencial Empreendimentos Ltda.,Fazenda Pública Municipal de Marília,Segunda Instância,Encerrado,Tributário Execução Fiscal,3
0788-77.2012.5.15.0025,Pacaembu Construtora S/A,Lourival Aparecido Rodrigues da Silva,Primeira Instância,Encerrado,Trabalhista,Eletrica Dalaqua Ltda ME
0016757-37.2005.8.26.0344,Potencial Empreendimentos Ltda.,Prefeitura Municipal de Marília,Primeira Instância,Ativo,Processo Cível,Execução Fiscal
344.01.2005.016750,Potencial Empreendimentos Ltda.,Município de Marília,Primeira Instância,Suspenso,Cível,
0792-04.2012.5.15.0094,Haus Compra e Venda de Bens Imóveis Ltda.,Milton Paixão Ferreira Andrade,Primeira Instância,Encerrado,Trabalhista,
344.01.2005.016747-7,Potencial Empreendimentos Ltda.,Fazenda Pública Municipal de Marília,Primeira Instância,Suspenso,,
0016743-53.2005.8.26.0344,Potencial Empreendimentos Ltda.,Prefeitura Municipal de Marília,Primeira Instância,Ativo,Processo Cível,Execução Fiscal
344.01.2005.000640-4,Potencial Empreendimentos Ltda.,Rubens Neres Sant´ana,Primeira Instância,Encerrado,,
344.01.2004.005690-1,Potencial Empreendimentos Ltda.,Nezilda Matos Sampaio,Primeira Instância,Encerrado,Cível,
0801-63.2012.5.15.0094,Haus Construtora Ltda,Wilians dos Santos,Primeira Instância,Encerrado,Trabalhista,Adair Acacio Souto - ME
0327-53.2012.5.15.0107,Pacaembu Construtora S/A,Joaquim Ramos de Oliveira,Primeira Instância,Encerrado,Trabalhista,Diegos de Moraes Joda - ME
0712-20.2012.5.15.0133,Haus Construtora Ltda,Raimundo Nonato Pereira Carvalho,Primeira Instância,Encerrado,Trabalhista,Braguinha e Silva Pinturas Ltda - ME
0052700-95.2006.5.15.0002,Pacaembu Construtora S/A,Genildo Vicente da Silva,Primeira Instância,Encerrado,Trabalhista,Empreiteira CSR S/C Ltda - ME
0400-23.2012.5.15.0043,Haus Construtora Ltda,Benedito Lisboa,Primeira Instância,Encerrado,Trabalhista,Adair Acacio Souto - ME e Rossi Residencial
0848-17.2012.5.15.0036,Pacaembu Construtora S/A,Marcos Aurélio do Paraízo,Primeira Instância,Encerrado,Trabalhista,M@M - Construção Civil e Metálica Ltda.
0817-94.2012.5.15.0036,Pacaembu Construtora S/A,Fernando David Albino,Primeira Instância,Encerrado,Trabalhista,M@M -Construção Civil e Metálica Ltda
0980-52.2012.5.15.0011,Pacaembu Construtora S/A,Israel Franciso Aires,Primeira Instância,Encerrado,Trabalhista,Diego de Morais Jodas ME
0706-69.2012.5.15.0082,Haus Construtora Ltda,Geovane Luiz da Silva,Primeira Instância,Encerrado,Trabalhista,Braguinha e Silva pituras Ltda
344.01.2012.001273-8,Pacaembu Construtora S/A,Jairo Correia Prestação de Serviços ME,Primeira Instância,Encerrado,Cível,
0754-69.2012.5.15.0036,Pacaembu Construtora S/A,Edilson José de Andrade,Primeira Instância,Encerrado,,M@M Construção Civil e Metálica Ltda.
0006541-75.2010.4.03.6112,Embras Empresa de Compra e Venda de Bens Ltda,Aparecido de Oliveira Batista,Segunda Instância,Arquivado,Cível,Vícios Construtivos
1964-68.2011.5.15.0044,Haus Construtora Ltda,Vitor Farias Tonesi,Segunda Instância,Encerrado,Trabalhista,Jorge Luis Alvares - Me
0601-38.2012.5.15.0100,Pacaembu Construtora S/A,Victor Hugo Santos Freitas,Primeira Instância,Encerrado,Trabalhista,M@M Construção Civil e Metalica Ltda
0401-05.2012.5.15.0044,Haus Construtora Ltda,Vicente Freitas,Primeira Instância,Encerrado,Trabalhista,Pinheiro & Mazzi Construtora Ltda.ME
583.00.2012.139336-0,Haus Construtora Ltda,CPFL Companhia paulista de Força e Luz,Primeira Instância,Encerrado,Cível,
0702744-59.2012.826.0016,VICTOR BASSAN DE ALMEIDA,José Valdenor da Silva,Primeira Instância,Encerrado,Cível,
0534-47.2012.5.15.0044,Haus Construtora Ltda,Sônia Aparecida Pedro Beluzi,Primeira Instância,Encerrado,Trabalhista,Flash Luz Construção e Manutenção de Redes Elétricas Ltda
0546-85.2012.5.15.0133,Haus Construtora Ltda,Claudinéia Del Angelo,Primeira Instância,Encerrado,Trabalhista,Flash Luz Construção e Manutenção de Redes Eletricas ltda
0586-93.2012.5.15.0092,Haus Construtora Ltda,Edvaldo Domingues Costa,Primeira Instância,Encerrado,Trabalhista,
0611-80.2012.5.15.0036,Pacaembu Construtora S/A,Ivo Corregosa de Jesus Santos,Primeira Instância,Encerrado,Trabalhista,M@M Construção Civil e Metalica Ltda
0605-73.2012.5.15.0036,Pacaembu Construtora S/A,Wagner do Paraiso,Primeira Instância,Encerrado,Trabalhista,M@M Construção Civil e Metalica Ltda
0584-02.2012.5.15.0100,Pacaembu Construtora S/A,José Patricio Venceslau Francisco,Primeira Instância,Encerrado,Trabalhista,M@M Construção Civil e Metalica Ltda
0585-84.2012.5.15.0100,Pacaembu Construtora S/A,Leandro Pereira da Silva,Primeira Instância,Encerrado,Trabalhista,M@M Construção Civil e Metalica Ltda
0020573-80.2005.8.26.0100,Mario Amaral,Maria Luiza Assumpção Fleury,Primeira Instância,Encerrado,Cível,
0420-11.2012.5.15.0044,Haus Construtora Ltda,Roberto Arcanjo de Souza,Segunda Instância,Encerrado,Trabalhista,Braguinha e Silva Pinturas Ltda. - ME
0545-03.2012.5.15.0036,Pacaembu Construtora S/A,Antonio Carlos Rodrigues,Primeira Instância,Encerrado,Trabalhista,M@M Construção Civil e Metalica Ltda
0548-55.2012.5.15.0036,Pacaembu Construtora S/A,Silvano José de Souza,Primeira Instância,Encerrado,Trabalhista,M@M Construção Civil e Metalica Ltda
0590-07.2012.5.15.0036,Pacaembu Construtora S/A,José Henrique Fogaça,Primeira Instância,Encerrado,,M@M Construção Civil e Metalica Ltda
0544-18.2012.5.15.0036,Pacaembu Construtora S/A,Reinaldo Faria dos Santos,Primeira Instância,Encerrado,Trabalhista,M@M Construção Civil e Metalica Ltda
0704876-77.2012.8.26.0020,Edivaldo Ferreira da Silva,Claudivan Ferreira Costa,Primeira Instância,Encerrado,Cível,Obrigação de Fazer c/c Indenizatoria.
0247-68.2012.5.15.0017,Haus Construtora Ltda,Alessandro Cardoso da Silva,Primeira Instância,Encerrado,Trabalhista,
0440-82.2012.5.15.0082,Haus Construtora Ltda,Vanessa Borges de Andrade,Primeira Instância,Encerrado,Trabalhista,Flash Luz Construção e Manutenção de Redes Eletricas ltda
0197000-38.2007.5.02.0242,MML Empreendimentos Ltda.,Fazenda Nacional,Primeira Instância,Encerrado,,Cotia
0009340-32.2012.8.26.0071,Pacaembu Construtora S/A,João José Dos Santos Junior,Primeira Instância,Encerrado,Cível,Chácara Elisa
0187-94.2012.5.15.0082,Haus Construtora Ltda,Jair Gonçalves Siqueira,Primeira Instância,Encerrado,Trabalhista,Braguinha e Silva Pinturas Ltda. - ME
0000915-70.2012.8.26.0344,Wilson de Almeida Junior,Dálvaro Girotto,Primeira Instância,Encerrado,Cível,
0031003-43.2002.8.26.0344,Gold Land Empreendimentos Imobiliários Ltda,Município de Marília,Primeira Instância,Encerrado,Cível,
344.01.2000.028190-5,Gold Land Empreendimentos Imobiliários Ltda,Município de Marília,Primeira Instância,Encerrado,Cível,
0508138-90.2007.8.26.0344,Gold Land Empreendimentos Imobiliários Ltda,Fazenda Pública Municipal de Marília,Segunda Instância,Encerrado,Cível,
0001899-88.2011.8.26.0344,Gold Land Empreendimentos Imobiliários Ltda,Fazenda Pública do Estado de São Paulo,Primeira Instância,Encerrado,Cível,
0034152-13.2003.8.26.0344,AJ Comercial e Construtora Ltda.,Prefeitura do Município de Marília,Primeira Instância,Arquivado - não Pacaembu,Processo Cível,Execução Fiscal
1950-68.2011.5.15.0017,Haus Construtora Ltda,Júlio Fernando Ortega,Primeira Instância,Encerrado,Trabalhista,Jorge Luis Alvares - ME
0322-09.2012.5.15.0082,Haus Construtora Ltda,Ministério Público do Trabalho,Segunda Instância,Encerrado,Trabalhista,Ministerio Público do Trabalho
0242-45.2012.5.15.0082,Haus Construtora Ltda,Viviane Lopes Dos Santos,Primeira Instância,Encerrado,Trabalhista,Carlos Donizete Pereira Construtora-ME
0288-51.2012.5.15.0044,Haus Construtora Ltda,Jarbas Denepote Junior,Primeira Instância,Encerrado,Trabalhista,Haus Construtora Ltda
1949-83.2011.5.15.0017,Haus Construtora Ltda,Marcelino do Nascimento Ferreira,Primeira Instância,Encerrado,Trabalhista,Haus Construtora Ltda
0013536-38.2001.8.26.0004,Pacaembu Construtora S/A,Concremix S/A,Primeira Instância,Encerrado,Cível,Lapa
068.01.2006.016316-9,Pacaembu Construtora S/A,Hexa Factoring Fomendo Mercantil Ltda,Primeira Instância,Encerrado,Cível,Barueri
068.01.2006.013510-5,Pacaembu Construtora S/A,Hexa Factoring Fomendo Mercantil Ltda,Primeira Instância,Encerrado,,Barueri
2043-80.2011.5.15.0130,Haus Construtora Ltda,Jose Marques de Oliveira,Primeira Instância,Encerrado,Trabalhista,Adair Acacio Souto - ME
0044-49.2012.5.15.0133,Haus Construtora Ltda,Ana Cleide da Silva,Primeira Instância,Encerrado,Trabalhista,Carlos Donizete Pereira Construtora-ME
0107-34.2012.5.15.0017,Haus Construtora Ltda,Cássio Cleiton Moraes,Primeira Instância,Encerrado,Trabalhista,Alves e Zerati Sociedade Simples LTDA.
0101-26.2012.5.15.0082,Haus Construtora Ltda,José Vicente de Morais,Primeira Instância,Encerrado,Trabalhista,Braguinha e Silva Pinturas Ltda. - ME
0043-23.2012.5.15.0082,Haus Construtora Ltda,Vanessa Borges de Andrade,Primeira Instância,Encerrado,Trabalhista,SJ Rio Preto
0043-40.2012.5.15.0044,Haus Construtora Ltda,Marise Souza Santos,Primeira Instância,Encerrado,Trabalhista,Carlos Donizete Pereira Construtora-ME
1991-75.2011.5.15.0133,Haus Construtora Ltda,Ednaldo Gomes Pereira,Primeira Instância,Encerrado,Trabalhista,Jorge Luis Alvares - ME
0256657-95.2011.8.26.0000,Haus Construtora Ltda,Demop Participações Ltda,Segunda Instância,Encerrado,Cível,Parque Nova Esperança
2064-53.2011.5.15.0131,Haus Construtora Ltda,Valdeci José da Silva,Primeira Instância,Encerrado,Trabalhista,Adair Acacio Souto - ME
089.01.2011.500399-5,Habitar Brasil SPE2 Empreendimentos Imobiliários,Prefeitura Municipal de Botucatu,Primeira Instância,Encerrado,Tributário Execução Fiscal,IPTU
089.01.2012.001039-7,Haus Construtora Ltda,Joel Adriano Moreira Leite Rodrigues Dias,Primeira Instância,Encerrado,Cível,Residencial Santa Maria - Botucatu
583.00.2010.136146,Wilson de Almeida Junior,Banco BBM,Primeira Instância,Encerrado,Cível,Embargos a execução
0136145-11.2010.8.26.0100,Wilson de Almeida Junior,Banco BBM,,Encerrado,Cível,Execução
0030986-07.2002.8.26.0344,Gold Land Empreendimentos Imobiliários Ltda,Prefeitura Municipal de Marília,Primeira Instância,Arquivado - não Pacaembu,Processo Cível,IPTU/ Imposto Predial e Territorial Urbano
0501847-06.2009.8.26.0344,Potencial Empreendimentos Ltda.,Prefeitura Municipal Marilia,Primeira Instância,Suspenso,Cível,Execução
344.01.2004.006701,Potencial Empreendimentos Ltda.,José Eduardo Resende,,Encerrado,Cível,"Procedimento Ordinario - Valor Causa: 27.720,00"
0008929-58.2003.8.26.0344,Potencial Empreendimentos Ltda.,Marisa Da Silva Ulian,Primeira Instância,Suspenso,Cível,"Indenização - valor causa: 25.056,59"
0840-55.2011.5.15.0107,Pacaembu Construtora S/A,Benedito Donizete do Nascimento,Primeira Instância,Encerrado,Trabalhista,Pardo & Pardo Prestação de Serviços emConstrução Civil Ltda
0020-02.2012.5.15.0107,Pacaembu Construtora S/A,José Roberto Nalini,Primeira Instância,Encerrado,Trabalhista,OSIEL DA CONCEIÇÃO LIMA E CIA LTDA
0000018-32.2012.5.15.0107,Pacaembu Construtora S/A,Ricardo Santana Cabral,Primeira Instância,Encerrado,Trabalhista,OSIEL DA CONCEIÇÃO LIMA E CIA LTDA
0001031-03.2011.5.15.0107,Pacaembu Construtora S/A,João Aparecido Lima,Primeira Instância,Encerrado,Trabalhista,
1105-62.2011.5.15.0073,Atlanta Construções Comercio e Empreendimentos Ltda,Dimaranes Brigido do Rosario,Primeira Instância,Encerrado,Trabalhista,Reclamatória Trabalhista
1977-50.2011.5.15.0082,Haus Construtora Ltda,Rita de Cassia Cruz das Virgens Pereira,Primeira Instância,Encerrado,Trabalhista,Flash Luz Construção e Manutenção de Redes Eletricas ltda
4080-41.2010.5.15.0025,Haus Construtora Ltda,Antonio José da Silva Araújo,,Encerrado,Trabalhista,
2051-58.2010.5.15.0044,Haus Construtora Ltda,Marcos Roberto Martin De Freitas,Primeira Instância,Encerrado,Trabalhista,Reclamação Trabalhista
2184-83.2010.5.15.0082,Haus Construtora Ltda,José Pedro Dos santos,Primeira Instância,Encerrado,Trabalhista,Reclamação Trabalhista
106100-23.2007.5.15.0088,Haus Construtora Ltda,Luiz carlos Correa,Primeira Instância,Encerrado,Trabalhista,Reclamação Trabalhista
1762-92.2011.5.15.0043,Haus Construtora Ltda,José de Jesus,,Encerrado,Trabalhista,
1830-24.2011.5.15.0082,Haus Construtora Ltda,Diva da Silva Santos,Primeira Instância,Encerrado,Trabalhista,MS Rio Preto Construtora Ltda.
1521-20.2011.5.15.0044,Haus Construtora Ltda,Antonio Natanael Da Silva,,Encerrado,Trabalhista,Reclamação Trabalhista
805-73.2011.5.15.0082,Haus Construtora Ltda,Lucilene Baleeiro Dos Santos,Primeira Instância,Encerrado,Trabalhista,Reclamação Trabalhista
1522-05.2011.5.15.0044,Haus Construtora Ltda,Raimundo Nonato da Silva,Primeira Instância,Encerrado,Trabalhista,Reclamação Trabalhista
1623-42.2011.5.15.0044,Haus Construtora Ltda,Eder Junior da Silva,Primeira Instância,Encerrado,Trabalhista,Reclamação Trabalhista
1624-27.2011.5.15.0044,Haus Construtora Ltda,Gilvan Alves da Silva,Primeira Instância,Encerrado,Trabalhista,Cardelichio & Cardelichio Comercio de Móveis Ltda
1656-56.2011.5.15.0133,Haus Construtora Ltda,Jesus Bernardes,Primeira Instância,Encerrado,Trabalhista,Reclamação Trabalhista
1669-15.2011.5.15.0017,Haus Construtora Ltda,Ederson Barreto,Segunda Instância,Encerrado,Trabalhista,Braguinha e Silva Pinturas Ltda. - ME
1687-35.2011.5.15.0082,Haus Construtora Ltda,Jair Gonçalves Siqueira,Primeira Instância,Encerrado,Trabalhista,Reclamaçaão Trabalhista
1688-20.2011.5.15.0082,Haus Construtora Ltda,Jair Gonçalves Siqueira,Primeira Instância,Encerrado,Trabalhista,Reclamação Trabalhista
1705-57.2011.5.15.0017,Haus Construtora Ltda,Claudemiro Dias Pereira,Primeira Instância,Encerrado,Trabalhista,Rhaphidophora Serviços de Jardinagens e Construção Ltda - ME
1724-63.2011.5.15.0017,Haus Construtora Ltda,Elzimar Carneiro Duarte,Primeira Instância,Encerrado,Trabalhista,Flash Luz Construção e Manutenção de Redes Eletricas ltda
1829-39.2011.5.15.0082,Haus Construtora Ltda,Simone Pereira dos Santos,Primeira Instância,Encerrado,Trabalhista,MS Rio Preto Construtora Ltda.
1837-17.2011.5.15.0017,Haus Construtora Ltda,Leandro Da Silva Garrido,Primeira Instância,Encerrado,Trabalhista,Braguinha e Silva Pinturas Ltda. - ME
1904-79.2011.5.15.0017,Haus Construtora Ltda,Sivaldo Henrique Barravieri,Primeira Instância,Encerrado,Trabalhista,Reclamação Trabalhista
0009217-62.2011.8.26.0073,Pacaembu Construtora S/A,Marcelo Augusto Duarte Guazzelli,Primeira Instância,Encerrado,Cível,Residencial Santa Eliza
0019746-35.2011.8.26.0011,Eduardo Robson Raineri de Almeida,Luis Felipe Zenni Younes,Primeira Instância,Encerrado,Societário Contencioso,FYP
1011-12.2011.5.15.0107,Pacaembu Construtora S/A,Adenilson Manoel dos Santos,Primeira Instância,Encerrado,Trabalhista,Diego de Moares Jodas - ME
0012436-03.2006.8.26.0609,Construtora Riachuelo Ltda.,LUIZ EDUARDO RAMOS VIEIRA ME,Primeira Instância,Encerrado,Cível,Execução de Título Extra Judicial
0013172-50.2008.8.26.0609,Construtora Riachuelo Ltda.,LICEU DE ARTES E OFICIOS DE SAO PAULO,Primeira Instância,Encerrado,Cível,Ação Monitória
0000442-47.2011.5.15.0095,Haus Construtora Ltda,Samuel Santos Almeida,Primeira Instância,Encerrado,Trabalhista,Reclamatória Trabalhista
0008375-16.2010.4.03.6112,Embras Empresa Brasileira de Obras e Serviços Ltda,CAIXA ECONOMICA FEDERAL - CEF,Primeira Instância,Encerrado,Cível,DANO MORAL E/OU MATERIAL - RESPONSABILIDADE OBJETIVA - ADMINISTRATIVO TUT ANTECIPADA
0017455-56.2010.8.26.0477,VIVIANE HOMEM DE MELLO,BRUNA ALVES DA SILVA,Primeira Instância,Encerrado,Cível,Ação de Indenização por Danos Morais e Materiais
0104000-27.2005.5.15.0101,Embras Empresa Brasileira de Obras e Serviços Ltda,Walner Gaspar Chiararia,Primeira Instância,Encerrado,Trabalhista,Reclamação Trabalhista
0028800-24.2005.5.15.0033,Embras Empresa Brasileira de Obras e Serviços Ltda,Jose Carlos de Jesus,Primeira Instância,Encerrado,Trabalhista,Reclamação Trabalhista
0044800-33.2008.5.15.0021,Embras Empresa Brasileira de Obras e Serviços Ltda,Isael Paulino da Silva,Primeira Instância,Encerrado,Trabalhista,Reclamação Trabalhista
0212300-61.2004.5.15.055,Embras Empresa Brasileira de Obras e Serviços Ltda,Antonio Joaquim da Silva,Primeira Instância,Encerrado,Trabalhista,Reclamação Trabalhista
Aparecido Batista Lopes,Embras Empresa Brasileira de Obras e Serviços Ltda,Aparecido Batista Lopes,Primeira Instância,Encerrado,Trabalhista,Reclamação Trabalhista
0121400-98.2004.5.15.0033,Embras Empresa Brasileira de Obras e Serviços Ltda,Jose Renato Gerdulli,Primeira Instância,Encerrado,Trabalhista,Reclamatória Trabalhista
0180900-02.2004.5.15.0064,Embras Empresa Brasileira de Obras e Serviços Ltda,Gilberto Bueno Rosa,Primeira Instância,Encerrado,Trabalhista,Reclamatória Trabalhista
0078000-72.2003.5.15.0064,Embras Empresa Brasileira de Obras e Serviços Ltda,Carlos Antônio da Silva,Primeira Instância,Encerrado,Trabalhista,Reclamação Trabalhistas
0090700-66.2004.5.15.0025,Embras Empresa Brasileira de Obras e Serviços Ltda,Ademir da Silva,Primeira Instância,Encerrado,Trabalhista,Reclamação Trabalhista
0031600-83.2004.5.15.0025,Embras Empresa Brasileira de Obras e Serviços Ltda,Lindomar Souza Santos,Primeira Instância,Encerrado,Trabalhista,Reclamação Trabalhista
0175500-27.2004.5.15.0025,Embras Empresa Brasileira de Obras e Serviços Ltda,Marcio José de Souza,Primeira Instância,Encerrado,Trabalhista,Reclamação Trabalhista
0090800-21.2004.5.15.0025,Embras Empresa Brasileira de Obras e Serviços Ltda,Roberto Carlos Molina,Primeira Instância,Encerrado,Trabalhista,Reclamação Trabalhistas
0006100-85.2008.5.15.0021,Embras Empresa Brasileira de Obras e Serviços Ltda,Daniel Justino,Primeira Instância,Encerrado,Trabalhista,Reclamação Trabalhista
0168300-46.2004.5.15.0064,Embras Empresa Brasileira de Obras e Serviços Ltda,Fabiano Americano da Costa,Primeira Instância,Encerrado,Trabalhista,Reclamação Trabalhista
0000845-72.2011.5.15.0044,Potencial Empreendimentos Ltda.,Reinaldo Miranda Morais,Primeira Instância,Pendente,Trabalhista,Reclamação Trabalhista
0195900-06.2006.5.15.0021,Embras Empresa Brasileira de Obras e Serviços Ltda,Eurípedes Martins Souza,Primeira Instância,Encerrado,,Reclamação Trabalhista
0212300-61.2004.5.15.0055,Embras Empresa Brasileira de Obras e Serviços Ltda,Antonio Joaquim da Silva,Primeira Instância,Encerrado,Trabalhista,Reclamação Trabalhista
0105100-85.2004.5.15.0025,Embras Empresa Brasileira de Obras e Serviços Ltda,Claudinei Valério Silva,Primeira Instância,Encerrado,Trabalhista,Reclamação Trabalhista Sob Rito Ordiário
0098000-11.2006.5.15.0025,Embras Empresa Brasileira de Obras e Serviços Ltda,Danilo Pavanin,Primeira Instância,Encerrado,,Reclamação Trabalhista
0087300-81.2003.5.15.0024,Embras Empresa Brasileira de Obras e Serviços Ltda,Francisco Ferreira de Souza,Primeira Instância,Encerrado,Trabalhista,Reclamatória Trabalhista
0123100-33.2004.5.15.0026,Embras Empresa Brasileira de Obras e Serviços Ltda,Jorge Correia da Costa,Primeira Instância,Encerrado,Trabalhista,Reclamatória Trabalhista
0028900-24.2005.5.15.0115,Embras Empresa Brasileira de Obras e Serviços Ltda,Maria Fátima de Moura,Primeira Instância,Encerrado,Trabalhista,Reclamatória Trabalhistas
0185900-87.2005.5.15.0115,Embras Empresa Brasileira de Obras e Serviços Ltda,Adriano José dos Santos,Primeira Instância,Encerrado,Trabalhista,Reclamatória Trabalhista
0213700-06.2004.5.15.0025,Embras Empresa Brasileira de Obras e Serviços Ltda,Luis Gyorfi,Primeira Instância,Encerrado,,Reclamatória Trabalhista
344.01.2003.010307-5,Potencial Empreendimentos Ltda.,MARINA MIYAZAWA DE ARAUJO,Primeira Instância,Encerrado,Cível,
0006010-67.2001.8.26.0344,Planoeste Cronstrutora Ltda.,Nelson de Oliveira,Primeira Instância,Encerrado,Cível,Cumprimento de Título Executivo Judicial
0001351-32.2011.5.15.0017,Haus Construtora Ltda,Agnaldo Rogério Dias Pereira,Primeira Instância,Encerrado,Trabalhista,
0026666-35.2007.8.26.0344,Potencial Empreendimentos Ltda.,WELLINGTON EIJI KUSHIKAWA,Segunda Instância,Encerrado,,Desconstituição de contrato com cobrança
0501659-13.2009.8.26.0344,Potencial Empreendimentos Ltda.,Município de Marília,Primeira Instância,Ativo,Processo Cível,Execução Fiscal ITR Imposto Territorial Rural
0509972-26.2010.8.26.0344,Potencial Empreendimentos Ltda.,Fazenda Pública Municipal de Marília,Primeira Instância,Encerrado,Cível,Execução Fiscal em Geral
0015800-17.2000.5.15.0102,Potencial Empreendimentos Ltda.,Aurélio Alves dos Santos,Primeira Instância,Encerrado,Trabalhista,Reclamatória Trabalhista
0001443-26.2011.5.15.0044,Haus Construtora Ltda,Bruno Patrick de Souza Brito,Primeira Instância,Encerrado,Trabalhista,Nova Esperança
02223-2010-044-15-99,Haus Construtora Ltda,Antônio Alves de Carvalho,Primeira Instância,Encerrado,Trabalhista,Residencial Nova Esperança
0002164-93.2010.5.15.0017,Haus Construtora Ltda,Cícero Martins Gonçalves,Primeira Instância,Encerrado,Trabalhista,O autor requer que seja reconhecido o vinculo empregatício
0213000-81.1999.5.15.0097,Irmãos Carbonari,José Carlos Simionato,Primeira Instância,Encerrado,Trabalhista,O reclamante comparece à Audiência e se diz plenamente satisfeito com o acordo Fls. 533/534.
0600053-62.2011.8.26.0319,AJ Comercial e Construtora Ltda.,Serviço Autônomo de Água e Esgostos de Lençóis Paulistas,Segunda Instância,Arquivado,Processo Cível,Serviço autônomo de água e esgoto de Lençóis Paulistas
0000919-34.2011.5.15.0107,Haus Construtora Ltda,Itacir Joaquim da Silva,Primeira Instância,Encerrado,Trabalhista,Reclamatória Trabalhista
0001435-73.2011.5.15.0133,Haus Construtora Ltda,Taciana Ferreira Camilo,Primeira Instância,Encerrado,Trabalhista,Nova Esperança
0000725-13.2011.5.15.0017,Haus Construtora Ltda,Maciel Carlos Silva Alves,Primeira Instância,Encerrado,Trabalhista,Nova Esperança
0000727-96.2011.5.15.0044,Haus Construtora Ltda,Luciano dos Santos Cruz,Primeira Instância,Encerrado,Trabalhista,Projeto Nova Esperança
0000786-68.2011.5.15.0017,Haus Construtora Ltda,Fabiana Custodio da Silva,Primeira Instância,Encerrado,Trabalhista,Nova Esperança
0000733-87.2011.5.15.0017,Haus Construtora Ltda,Jonisson Bastos dos Santos,Primeira Instância,Encerrado,Trabalhista,Residencial Nova Esperança
0000924-95.2011.5.15.0094,Haus Construtora Ltda,Genildo Pereira,Primeira Instância,Encerrado,Trabalhista,Residencial Nova Esperança
0001946-08.2010.5.15.0133,Haus Construtora Ltda,Vanderlei Antonio Lemes,Primeira Instância,Encerrado,Trabalhista,Nova Esperança
0001002-45.2011.5.15.0044,Haus Construtora Ltda,Reginaldo Aparecido Penasco,Primeira Instância,Encerrado,Trabalhista,Residencial Nova Esperança
0001032-63.2011.5.15.0082,Haus Construtora Ltda,Claudio Ferreira da Silva,Primeira Instância,Encerrado,,Nova Esperança
0000975-62.2011.5.15.0044,Haus Construtora Ltda,Oliria Alves dos Santos,Primeira Instância,Encerrado,Trabalhista,Nova Esperança
40184.2011.626.0000,Haus Construtora Ltda,Procuradoria Regional Eleitoral,Primeira Instância,Encerrado,,A Procuradoria Regional Eleitoral ajuizou Representação Eleitoral em face da Haus Construtora conforme dados obtidos após a quebra do sigilo fiscal.
344.01.1999.005874-2,Potencial Empreendimentos Ltda.,Daniela Pereira,,Encerrado,Cível,"Posse da unidade n° 211, primeiro andar, do bloco II, Edifício Altos da Colina."
0501354-29.2009.8.26.0344,Potencial Empreendimentos Ltda.,Fazenda Pública Municipal de Marília,Primeira Instância,Ativo,Processo Cível,Prefeitura Municipal de Marília ajuizou ação de Execução Fiscal contra Pontecial
224.01.2009.038083-2,Potencial Empreendimentos Ltda.,Diamante Administração e Participação Ltda,Primeira Instância,Encerrado,Cível,"Atraso no pagamento dos aluguéis vencidos do imóvel localizado na Rua Santo Antônio, 43, salas 603 e 604, Edifício Center II>"
0026950-77.2006.8.26.0344,Potencial Empreendimentos Ltda.,Município de Marília,Primeira Instância,Encerrado,Tributário Execução Fiscal,"Município de Marília ajuizou ação de execução fiscal contra a Potencial, referente a tributos."
0017150-64.2002.8.26.0344,Planoeste Cronstrutora Ltda.,Paulo Gomes da Luz,Primeira Instância,Suspenso,Cível,Rescisão com pedido de devolução das prestações quitadas.
0016752-15.2005.8.26.0344,Potencial Empreendimentos Ltda.,Município de Marília,Primeira Instância,Pendente,Tributário Execução Fiscal,"Autor ajuizou ação de Execução fiscal para receber tributos referente á tx. expiente (EM), imposto sobre prop. territorial, taxa de combate a incêncio."
0000957-25.2011.5.15.0114,Haus Construtora Ltda,Enys da Hora,Primeira Instância,Encerrado,Trabalhista,"Reclamante requer a integração dos valores pagos ""por fora"", sobre a remuneração mensal do obreiro."
0152662-28.2009.8.26.0100,Haus Construtora Ltda,Moka Fomernto Mercantil Ltda,Segunda Instância,Suspenso,Cível,A presente ação pede para declarar inexígiveis as duplicadas objeto dos autos
0019324-31.2011.8.26.0344,Potencial Empreendimentos Ltda.,José Martins de Souza,Segunda Instância,Encerrado,Cível,ENGEA EMPREENDIMENTOS LTDA
952-03.2011.5.15.0017,Haus Construtora Ltda,Silvana Pereira dos Santos,Primeira Instância,Encerrado,Trabalhista,Parque Residencial Nova Esperança
953-85.2011.5.15.0017,Haus Construtora Ltda,Regiane Luisa de Souza,Primeira Instância,Encerrado,Trabalhista,Residencial Parque Nova Esperança
0004404-67.2002.8.26.0344,Potencial Empreendimentos Ltda.,Silvio de Mesquita Ferreira,Primeira Instância,Encerrado,Cível,Altos da Colina
958-26.2011.5.15.0044,Haus Construtora Ltda,Carlos Alberto Antonio,Primeira Instância,Encerrado,Trabalhista,Parque Nova Esperança
1001-60.2011.5.15.0044,Haus Construtora Ltda,Luiz Carlos Peres dos Santos,Primeira Instância,Encerrado,Trabalhista,Residencial Nova Esperança
593-74.2011.5.15.0107,Pacaembu Construtora S/A,Jonas Isaias da Silva,Primeira Instância,Encerrado,Trabalhista,Obra de Olimpia Morada Verde
0301977-62.2006.8.26.0577,Atlanta Construções Comercio e Empreendimentos Ltda,Delson Jose Ferreira,Primeira Instância,Encerrado,Cível,
0011077-61.2011.8.26.0344,Potencial Empreendimentos Ltda.,Condominio Altos da Colina,Primeira Instância,Suspenso,Cível,"Altos da Colina - Valor Causa 36.916,92"
0011078-46.2011.8.26.0344,Potencial Empreendimentos Ltda.,Condominio Altos da Colina,Primeira Instância,Encerrado,Cível,"Altos da Colina - Valor causa 38.350,03"
788-38.2011.5.15.0017,Haus Construtora Ltda,Edilson Mamédio,Primeira Instância,Encerrado,Trabalhista,MS Rio Preto Construtora Ltda.
967-68.2011.5.15.0082,Haus Construtora Ltda,Diva da Silva Santos,Primeira Instância,Encerrado,Trabalhista,Residencial Parque Nova Esperança
966-83.2011.5.15.0082,Haus Construtora Ltda,Simone Pereira dos Santos,Primeira Instância,Encerrado,Trabalhista,Residencial Nova Esperança
941-23.2011.5.15.0130,Haus Construtora Ltda,Antonio Luiz Frazão,Primeira Instância,Encerrado,Trabalhista,Residencial Santa Lucia
949-03.2011.5.15.0032,Haus Construtora Ltda,Jose Carlos da silva,Primeira Instância,Encerrado,Trabalhista,Residencial Santa Lucia
409-66.2011.5.15.0092,Pacaembu Construtora S/A,Antonio Pedro Pinheiro,Primeira Instância,Encerrado,Trabalhista,Parque Residencial Nova Esperança
738-11.2011.5.15.0082,Haus Construtora Ltda,Candido Costa Lemos,Primeira Instância,Encerrado,Trabalhista,Residencial Parque Nova Esperança
865-87.2011.5.15.0133,Haus Construtora Ltda,Crelio Bernegocei,Primeira Instância,Encerrado,Trabalhista,Residencial Parque Nova Esperança
794-61.2011.5.15.0044,Haus Construtora Ltda,Sidney Macena da Silva,Segunda Instância,Encerrado,Trabalhista,MS Rio Preto Construtora Ltda.
605-67.2011.5.15.0017,Haus Construtora Ltda,Francisco de Assis Mendes Soares,Primeira Instância,Encerrado,Trabalhista,Parque Nova Esperança
817-87.2011.5.15.0082,Haus Construtora Ltda,Manoel Antonio Tenorio,Primeira Instância,Encerrado,Trabalhista,Obra Parque Resid Nova Esperança
510-53.2011.5.15.0044,Haus Construtora Ltda,Jarbas Denepote Junior,Primeira Instância,Encerrado,Trabalhista,Residencial nova esperança
10882.001944/2009-16,Embras Empresa Brasileira de Obras e Serviços Ltda,Receita Federal,Instância Administrativa,Encerrado,Tributário Administrativo,Auto de infração feito pela Receita federal
702-10.2011.5.15.0133,Haus Construtora Ltda,Crelio Bernegocei,Primeira Instância,Encerrado,Trabalhista,Residencial Nova Esperança
576.01.2011.001729-02,Haus Construtora Ltda,Alcidio Armando Moda,Primeira Instância,Encerrado,Cível,
00767.2011.003.16.00.1,Haus Construtora Ltda,Fabricio Douglas Ferreira,Primeira Instância,Encerrado,Trabalhista,Residencial Nova Esperança
089.01.2011.005324-7,Haus Construtora Ltda,Roselaine Aparecida Gomes Franco,Primeira Instância,Encerrado,Cível,Reparação de danos
405-76.2011.5.15.0044,Haus Construtora Ltda,Fabio Perez Nogueira,Primeira Instância,Encerrado,Trabalhista,Alves e Zerati Sociedade Simples LTDA.
622-46.2011.5.15.0133,Haus Construtora Ltda,Crelio Bernegocei,Primeira Instância,Encerrado,Trabalhista,Residencial Nova Esperança
1684-18.2010.5.15.0017,Haus Construtora Ltda,Isaac Santos Gaspar,Primeira Instância,Encerrado,Trabalhista,Residencial Nova Esperança
246-19.2011.5.15.0082,Haus Construtora Ltda,Midian Carla da Silva,Primeira Instância,Encerrado,Trabalhista,Residencial Nova Esperança
323-50.2011.5.15.0107,Haus Construtora Ltda,Erivaldo de Moura Santos,Primeira Instância,Encerrado,Trabalhista,Reclamatória trabalhista
322-65.2011.5.15.0107,Haus Construtora Ltda,Gilmar Lopes,Primeira Instância,Encerrado,Trabalhista,Nova Esperança
324-35.2011.5.15.0107,Haus Construtora Ltda,Raimundo de Oliveira Galvão,Primeira Instância,Encerrado,Trabalhista,Reclamação Trabalhista
516-60.2011.5.15.0044,Haus Construtora Ltda,Sergio Rodrigues Paixão,Segunda Instância,Encerrado,Trabalhista,Murilo Gonçalves de Almeida
344.01.2001.004653-5,Planoeste Cronstrutora Ltda.,Luiz Antonio Gallina,Primeira Instância,Encerrado,Cível,Rescisão de compromisso de Compra e Venda. Devolução das parcelas pagas.
344.01.2003.016261-9,Potencial Empreendimentos Ltda.,Orlando Garcia da Silva,Primeira Instância,Encerrado,Cível,Altos da Colina. Rescisão Contratual
583.00.2010.110630-0,Eduardo Robson Raineri de Almeida,Rodolfo da Assunção Calvo,Primeira Instância,Encerrado,,
004080-41.2010.5.15.0025,Haus Construtora Ltda,Antonio José da Silva Araújo,Primeira Instância,Encerrado,Trabalhista,Residencial Nova Esperança
344.01.2011.006146-0,Potencial Empreendimentos Ltda.,Condominio Altos da Colina,Primeira Instância,Encerrado,Cível,"Autor requer a citação dos requeridos para que condene os requeridos ao pagamento das despesas condominiais vencidas do apto 1322 , do condomínio Residencial Altos da Colina."
10882.001443/2008-59,Construtora Riachuelo Ltda.,Receita Federal,Instância Administrativa,Encerrado,Tributário Administrativo,Auto de Infração
10882.001441/2008-60,Construtora Riachuelo Ltda.,Receita Federal,Instância Administrativa,Encerrado,Tributário Administrativo,Auto de Infração
10882.003656/2008-15,Embras Empresa Brasileira de Obras e Serviços Ltda,Receita Federal,Instância Administrativa,Encerrado,Tributário Administrativo,Contribuição para Finaciamento
10882.003655/2008-71,Embras Empresa Brasileira de Obras e Serviços Ltda,Receita Federal,Instância Administrativa,Encerrado,Tributário Administrativo,Programa de Integração Social
10882.003652/2008-37,Embras Empresa Brasileira de Obras e Serviços Ltda,Receita Federal,Instância Administrativa,Encerrado,Tributário Administrativo,Imposto de Renda pessoa Juridica
10882.003653/2008-81,Embras Empresa Brasileira de Obras e Serviços Ltda,Receita Federal,Instância Administrativa,Encerrado,Tributário Administrativo,Auto de Infração
66092-60.2010.8.26.0114,Jurídico Trabalhista,Florencio Gordaliza Nicolas e outros,,Encerrado,Cível,Procedimento ordinario
921-33.2010.5.15.0044,Haus Construtora Ltda,João Divino de Souza,Primeira Instância,Encerrado,Trabalhista,Reclamação Trabalhista
248 87 2011 5 15 0017,Haus Construtora Ltda,Aline Gomes Pereira,Primeira Instância,Encerrado,Trabalhista,Residencial Nova Esperança
278 25 2011 5 15 0017,Haus Construtora Ltda,Rone Peterson de Lima,Primeira Instância,Encerrado,Trabalhista,Residencial Nova Esperança
00114 2011 006 16 00,Haus Construtora Ltda,francisco das chagas alves da silva,Primeira Instância,Encerrado,Trabalhista,Residencial Nova Esperança
00117 2011 006 16 00,Haus Construtora Ltda,Ivanildes do Nascimentos Silva,Primeira Instância,Encerrado,Trabalhista,Residencial Nova Esperança
00116 2011 006 16 00,Haus Construtora Ltda,João dos Santos Martins,Primeira Instância,Encerrado,Trabalhista,Residencial Nova Esperança
00115 2011 006 16 00,Haus Construtora Ltda,Daniel Cabral Silva,Primeira Instância,Encerrado,Trabalhista,Reclamatória Trabalhista
00113.2011. 006160-0,Haus Construtora Ltda,Wilson Gomes da Silva,Primeira Instância,Encerrado,Trabalhista,Residencial Nova Esperança
0014299-63.2009.4.03.6105,Jurídico Trabalhista,Marino Gordaliza Nicolas e outro,Primeira Instância,Encerrado,Cível,Procedimento Ordinario
309.01.2009.027018-4,Jurídico Trabalhista,Adriana Lima da Silva,Primeira Instância,Encerrado,Cível,
309.01.2008.041847-0,Jurídico Trabalhista,Arthur Silva de Oliveira Sales,Primeira Instância,Encerrado,Cível,Reparação de Danos
0042285-08.2010.8.26.0309,Pacaembu Construtora S/A,Fazenda Pública de Jundiaí,Segunda Instância,Arquivado,Tributário,Execução Fiscal – IPTU
0010391-71.2001.8.26.0004,Jurídico Trabalhista,Concremix S/A,Primeira Instância,Encerrado,Cível,sustação de protesto
0013733-61.2009.8.26.0602,Jurídico Trabalhista,Nelson do Carmo,Segunda Instância,Encerrado,Cível,Execução
2152-22.2010.5.15.0133,Haus Construtora Ltda,José Carlos de Assis,Primeira Instância,Encerrado,Trabalhista,Residencial Nova Esperança
100.07.762806-6,Fernando Bassan de Almeida,Banco Real SA,Primeira Instância,Encerrado,Cível,Juizado Especial Civel
1002805-55.1998.403.6111,Wilson de Almeida Junior,União Federal,Primeira Instância,Encerrado,Tributário Execução Fiscal,Ececução Fiscal
0035601-42.2010.8.26.0576,Haus Construtora Ltda,Pedroso & Souza Serviços de Construção Ltda ME,Segunda Instância,Encerrado,Cível,Processo Ordinario
089.01.2010.501859-0,Habitar Brasil SPE2 Empreendimentos Imobiliários,Prefeitura Municipal de Botucatu,Primeira Instância,Encerrado,Tributário Execução Fiscal,Execução Fiscal
0002640-46.2002.8.26.0344,Wilson de Almeida Junior,Sanemar Obras e Saneamento Marília Ltda,Segunda Instância,Encerrado,Processo Cíveis,
3440120050042765,Construtora Riachuelo Ltda.,Empreiteira Santista Ltda,Primeira Instância,Encerrado,Cível,Execução de titulo judicial
0002748-94.2010.8.26.0344,Potencial Empreendimentos Ltda.,Luis Fabiano Gagliato,Segunda Instância,Encerrado,Processo Cíveis,"Altos da Colina - valor causa: 10.000,00"
0001379-51.1999.8.26.0344,Potencial Empreendimentos Ltda.,Luis Fabiano Gagliato,Primeira Instância,Encerrado,Cível,Rescisão Contratual
344.01.2005.0064016,Potencial Empreendimentos Ltda.,Condominio Altos da Colina,Primeira Instância,Encerrado,Cível,"Altos da Colina - Valor Causa: R$10.485,43"
344.01.2001.002209-4,Potencial Empreendimentos Ltda.,José Alves dos Santos,Segunda Instância,Encerrado,Cível,"Valor causa: 28.299,08"
344.01.2009.013225-8,Potencial Empreendimentos Ltda.,Condominio Altos da Colina,Primeira Instância,Encerrado,Cível,Cobrança de despesas Condominiais
344.01.2004.000227-0,Potencial Empreendimentos Ltda.,Rosa Cristina de Souza Alves,Primeira Instância,Encerrado,Cível,"AÇÃO DE RESCISÃO DE CONTRATO C/ RESTITUIÇÃO DOS VALORES PAGOS, COM PEDIDO DE CONCESSÃO ANTECIPADA DOS EFEITOS PARCIAIS DA TUTELA FINAL"
0002749-79.2010.8.26.0344,Potencial Empreendimentos Ltda.,Marcos Catarina de Oliveira,Primeira Instância,Encerrado,Cível,"Altos da Colina - valor causa: 10.000,00"
0002743-24.2000.8.26.0344,Potencial Empreendimentos Ltda.,Marcos Catarina de Oliveira,Primeira Instância,Arquivado,Processo Cível,Desconstituição de Contrato c/ Cobrança
344.01.1999.001556-5,Potencial Empreendimentos Ltda.,CELINA SILVA BARBOSA,Primeira Instância,Encerrado,Cível,Outros Feitos não identificado
344.01.2008.025607-3,Potencial Empreendimentos Ltda.,Condominio Altos da Colina,Primeira Instância,Encerrado,Cível,Procedimento Ordinario
0007857-26.2009.8.26.034,Potencial Empreendimentos Ltda.,Caio Rodrigues,Primeira Instância,Encerrado,Cível,Reintegração de posse do apartamento 631
0000891-33.1998.8.26.0344,Potencial Empreendimentos Ltda.,Caio Rodrigues,Primeira Instância,Arquivado,Cível,Procedimento Ordinario
344.01.2008.0052921,Potencial Empreendimentos Ltda.,Alcides Gonçalves,Primeira Instância,Encerrado,Cível,
0002097-22.2007.4.03.6106,MML Empreendimentos Ltda.,Benedita Laura de Jesus,Segunda Instância,Encerrado,Cível,A requerente pleiteou que sejam os requeridos condenados a repararem os danos ora causados pelos vícios de construção.
0020324-26.2007.4.03.6182,MML Empreendimentos Ltda.,Fazenda Nacional,Segunda Instância,Ativo,Processo Cível,Execução
0028364-65.2005.4.03.6182,MML Empreendimentos Ltda.,Fazenda Nacional,Segunda Instância,Ativo,Processo Cível,Execução Fiscal
0055824-90.2006.4.03.6182,MML Empreendimentos Ltda.,Fazenda Nacional,Primeira Instância,Arquivado,Tributário Execução Fiscal,Execução Fiscal
0052888-29.2005.4.03.6182,MML Empreendimentos Ltda.,Fazenda Nacional,Segunda Instância,Ativo,Processo Cível,Execução Fiscal
0001521-18.2005.4.03.6100,MML Empreendimentos Ltda.,Maria Onelia de Mattos,Primeira Instância,Encerrado,Cível,Cautelar
0022841-09.2004.4.03.6182,Gold Land Empreendimentos Imobiliários Ltda,CREA,Primeira Instância,Encerrado,Cível,Execução Fiscal
0096028-89.2000.4.03.6182,Gold Land Empreendimentos Imobiliários Ltda,Fazenda Nacional,Segunda Instância,Arquivado,Cível,Execução Fiscal
0024546-18.1999.4.03.6182,Gold Land Empreendimentos Imobiliários Ltda,Fazenda Nacional,Primeira Instância,Encerrado,Tributário Execução Fiscal,Execução Fiscal
0019437-23.1999.4.03.6182,Gold Land Empreendimentos Imobiliários Ltda,Fazenda Nacional,Primeira Instância,Encerrado,Tributário Execução Fiscal,Execução Fiscal
1999.61.82.017315-8,Gold Land Empreendimentos Imobiliários Ltda,Fazenda Nacional,Primeira Instância,Encerrado,Tributário Execução Fiscal,Execução Fiscal
1730-23.2010.5.15.0044,Haus Construtora Ltda,Uberlan Pereira Carvalho,Primeira Instância,Encerrado,Trabalhista,Residencia Nova Esperança
1729-38.2010.5.15.0044,Haus Construtora Ltda,Geovane Teixeira Oliveira,Primeira Instância,Encerrado,Trabalhista,Parque Residencial Nova Esperança
2019-53.2010.5.15.0044,Haus Construtora Ltda,Paulo Cesar Ramos,Primeira Instância,Encerrado,Trabalhista,Residencial Nova Esperança
1445-30.2010.5.15.0044,Haus Construtora Ltda,Jamil Alcides de Oliveira,Primeira Instância,Encerrado,Trabalhista,Residencial Nova Esperança
0001529-31.2010.5.15.0044,Haus Construtora Ltda,Davi Máximo Severino,Primeira Instância,Encerrado,Trabalhista,Residencial Nova Esperança
0001803-19.2010.5.15.0133,Pacaembu Construtora S/A,José Rogério da Rocha,Primeira Instância,Encerrado,Trabalhista,
0011571-91.2009.8.26.0344,Planoeste Cronstrutora Ltda.,Fazenda Pública do Estado de São Paulo,Primeira Instância,Ativo,Processo Cível,Cobrança de ICMS
0123332-83.2009.8.26.0100,Wilson de Almeida Junior,Banco BBM,Primeira Instância,Encerrado,Cível,Procedimento ordinario
13814420105150133,Haus Construtora Ltda,Jorgino Vieira da Silva Neto,Primeira Instância,Encerrado,Trabalhista,Residencial Nova Esperança
0001198-48.2003.4.03.6111,Gold Land Empreendimentos Imobiliários Ltda,Receita Federal,Primeira Instância,Encerrado,Cível,Execução Fiscal
2009.61.17.001099-9,Embras Empresa Brasileira de Obras e Serviços Ltda,Matheus Aparecido Fernandes do Prado,Primeira Instância,Encerrado,Cível,Ação ordinaria
053.02.000634-1,Gold Land Empreendimentos Imobiliários Ltda,Fazenda Pública do Estado de São Paulo,Primeira Instância,Encerrado,Cível,Ação Civil Publica
0009571-21.2009.8.26.0344,Gold Land Empreendimentos Imobiliários Ltda,Adpul Administração Pública Ltda.,Primeira Instância,Encerrado,Cível,Obrigações - Espécies de Contratos
