Processo,Cliente,Adverso,Instância,Advogado,Advogado Adverso,Assunto,Natureza,Status
4011032-35.2026.8.26.0482,Pacaembu Construtora S/A,Condomínio Residencial Bela Vista,Primeira Instância,Thaia - Escritório RST&A,José Antonio da Silva Garcia Junior,Obrigação de Fazer / Não Fazer,Cível,Ativo
1003064-97.2026.8.13.0342,Pacaembu Construtora S/A,Caroline Costa Lopes,Primeira Instância,Thaia - Escritório RST&A,Maria do Carmo Chagas Martins,Erro na Entrega do Imóvel,Cível,Ativo
0007458-04.2026.8.16.0045,Pacaembu Arapongas 1 - Empreendimento Imobiliário Ltda.,Renata dos Reis Joaquim,Primeira Instância,Bruno - Escritório RST&A,Eduardo Blanco,Vícios Construtivos e muro de arrimo,Cível,Ativo
0009221-40.2026.8.16.0045,Pacaembu Arapongas 2 - Empreendimento Imobiliarios Ltda.,Geovani de Almeida de Albuquerque,Primeira Instância,Bruno - Escritório RST&A,Cleodson Rodrigues de Oliveira,Vícios Construtivos e muro de arrimo,Cível,Ativo
0009094-05.2026.8.16.0045,Pacaembu Arapongas 2 - Empreendimento Imobiliarios Ltda.,Benito Simon,Primeira Instância,Bruno - Escritório RST&A,Cleodson Rodrigues de Oliveira,Vícios Construtivos e muro de arrimo,Cível,Ativo
0009098-42.2026.8.16.0045,Pacaembu Arapongas 2 - Empreendimento Imobiliarios Ltda.,José Orlando Braga,Primeira Instância,Bruno - Escritório RST&A,Cleodson Rodrigues de Oliveira,Vícios Construtivos e muro de arrimo,Cível,Ativo
0011288-85.2026.5.15.0067,Pacaembu Construtora S/A,Ygor Natan Almeida de Lima,Primeira Instância,Jurídico Trabalhista,Caio Silva Ventura Leal,,Trabalhista,Ativo
0009092-35.2026.8.16.0045,Pacaembu Arapongas 2 - Empreendimento Imobiliarios Ltda.,Ana Carolina Souza Borges,Primeira Instância,Bentivegna e Ribeiro Advogados,Cleodson Rodrigues de Oliveira,Vícios Construtivos e muro de arrimo,Cível,Ativo
0009089-80.2026.8.16.0045,Pacaembu Arapongas 2 - Empreendimento Imobiliarios Ltda.,Joceval Cerqueira,Primeira Instância,Bentivegna e Ribeiro Advogados,Cleodson Rodrigues de Oliveira,Vícios Construtivos e muro de arrimo,Cível,Ativo
0009381-65.2026.8.16.0045,Pacaembu Construtora S/A,Ivan Jesus Sevilla Moreno,Primeira Instância,Bruno - Escritório RST&A,Cleodson Rodrigues de Oliveira,Vícios Construtivos e muro de arrimo,Cível,Ativo
0007059-72.2026.8.16.0045,Pacaembu Construtora S/A,Gabriel Lopes Capitanio,Primeira Instância,Bruno - Escritório RST&A,Celso José Bonifácio Junior,,Cível,Ativo
0009380-80.2026.8.16.0045,Pacaembu Arapongas 2 - Empreendimento Imobiliarios Ltda.,João Victor Lapa Feitosa,Primeira Instância,Bruno - Escritório RST&A,Cleodson Rodrigues de Oliveira,Vícios Construtivos e muro de arrimo,Cível,Ativo
0009375-58.2026.8.16.0045,Pacaembu Arapongas 2 - Empreendimento Imobiliarios Ltda.,Waldineia Pacheco dos Santos,Primeira Instância,Bruno - Escritório RST&A,Cleodson Rodrigues de Oliveira,Vícios Construtivos e muro de arrimo,Cível,Ativo
0009215-33.2026.8.16.0045,Pacaembu Arapongas 1 - Empreendimento Imobiliário Ltda.,José Aparecido dos Santos,Primeira Instância,Bruno - Escritório RST&A,Cleodson Rodrigues de Oliveira,Vícios Construtivos e muro de arrimo,Cível,Ativo
0009112-26.2026.8.16.0045,Pacaembu Arapongas 2 - Empreendimento Imobiliarios Ltda.,Vanderlei Lobo da Silva,Primeira Instância,Bruno - Escritório RST&A,Cleodson Rodrigues de Oliveira,Vícios Construtivos e muro de arrimo,Cível,Ativo
0009088-95.2026.8.16.0045,Pacaembu Arapongas 1 - Empreendimento Imobiliário Ltda.,Camila Maria de Oliveira,Primeira Instância,Bruno - Escritório RST&A,Cleodson Rodrigues de Oliveira,Vícios Construtivos,Cível,Ativo
0009225-77.2026.8.16.0045,Pacaembu Arapongas 2 - Empreendimento Imobiliarios Ltda.,Rosicleia Freitas Mauricio,Primeira Instância,Bruno - Escritório RST&A,Cleodson Rodrigues de Oliveira,Vícios Construtivos e muro de arrimo,Cível,Ativo
0009217-03.2026.8.16.0045,Pacaembu Construtora S/A,Johnatan Viriato Merquires,Primeira Instância,Bruno - Escritório RST&A,Eduardo Blanco,Vícios Construtivos e muro de arrimo,Cível,Ativo
1010950-64.2026.8.26.0576,Pacaembu São José do Rio Preto 429 - Empreendimento Imobiliário Ltda,Procuradoria Geral do Município de São José do Rio Preto,Primeira Instância,Serur,,Mandado de Segurança,Tributário,Ativo
0009097-57.2026.8.16.0045,Pacaembu Arapongas 2 - Empreendimento Imobiliarios Ltda.,Gabrielle Silvestre Fagundes da Silva,Primeira Instância,Bruno - Escritório RST&A,Cleodson Rodrigues de Oliveira,Vícios Construtivos e muro de arrimo,Cível,Ativo
1039415-79.2026.8.11.0001,,Isabella Costa Cavassani,Primeira Instância,Bruno - Escritório RST&A,Marcus Vinicius Souza Lima,Negativação indevida,Cível,Ativo
0011142-22.2026.5.15.0042,Pacaembu Construtora S/A,Fabio Fernando Martins Alves,Primeira Instância,Jurídico Trabalhista,Tiago Manetta Falci Ferreira,,Trabalhista,Ativo
0010944-68.2026.5.15.0079,Pacaembu Construtora S/A,Adriana Florinda Mutti,Primeira Instância,Jurídico Trabalhista,Marcel Murcia Ortega,,Trabalhista,Ativo
4023425-66.2025.8.26.0016,Pacaembu Tatuí Caguassu - Empreendimento Imobiliário Ltda.,M8 Soluções e Serviços de Apoio a Edifícios Ltda.,Primeira Instância,Thaia - Escritório RST&A,Rubens Rufino dos Santos Sobrinho,Restituição de caução,Cível,Ativo
1038445-79.2026.8.11.0001,Pacaembu Construtora S/A,Jorge Alexandre Hurpia dos Santos,Primeira Instância,Thaia - Escritório RST&A,Jair de Oliveira Lima,Obrigação de Fazer / Não Fazer,Cível,Ativo
1032023-65.2026.8.11.0041,Pacaembu Construtora S/A,Marcos Micael Proença de Oliveira,Primeira Instância,Thaia - Escritório RST&A,Defensoria Pública do Estado de Mato Grosso,Ação de Rescisão Contratual,Cível,Ativo
4009953-17.2026.8.26.0451,Pacaembu Piracicaba Incorporadora Ltda.,Maria Clara Palomares dos Santos,Primeira Instância,Bruno - Escritório RST&A,Everton de Oliveira Gil,,Cível,Ativo
0000689-73.2026.5.05.0291,Pacaembu Construtora S/A,Silvio Queiroz da Silva Junior,Primeira Instância,Jurídico Trabalhista,Tifane Mikelly Pereira de Carvalho,,Trabalhista,Ativo
4009814-65.2026.8.26.0451,Pacaembu Piracicaba Incorporadora Ltda.,Elaine Pereira da Silva,Primeira Instância,Bentivegna e Ribeiro Advogados,Everton de Oliveira Gil,Vícios Construtivos,Cível,Ativo
4009948-29.2025.8.26.0451,Pacaembu Construtora S/A,Jose Alexsandro da Silva,Primeira Instância,Bentivegna e Ribeiro Advogados,Guilherme Mendonça Mendes de Oliveira,Caixa de Esgoto,Cível,Ativo
0010598-06.2026.5.15.0019,Pacaembu Construtora S/A,Camille Vitória Véras Ferreira,Primeira Instância,Jurídico Trabalhista,Isabela Beatriz Caloni Sampaio,,Trabalhista,Ativo
0000544-19.2026.5.22.0105,Vida Nova Cuiabá II - Empreendimento Imobiliário Ltda,Marcos Vinicius Dutra dos Santos,Primeira Instância,Jurídico Trabalhista,Luiz Carlos Rezende,,Trabalhista,Ativo
0000543-34.2026.5.22.0105,Vida Nova Cuiabá II - Empreendimento Imobiliário Ltda,Jose Francisco de Brito,Primeira Instância,Jurídico Trabalhista,Andre Ferreira de Araujo,,Trabalhista,Ativo
4004454-04.2026.8.26.0079,Pacaembu Construtora S/A,Maria Catiele Santos Lopes,Primeira Instância,Thaia - Escritório RST&A,Jus Postulandi,Ação de Rescisão Contratual,Cível,Ativo
5007676-21.2025.4.03.6109,Pacaembu Piracicaba Incorporadora Ltda.,João Davi de Oliveira,Primeira Instância,Escritório Reis & Souza Advogados,Leticia Qulici,Ação de Rescisão Contratual,Cível,Ativo
4007953-44.2026.8.26.0451,Pacaembu Piracicaba Com Viva - Empreendimento Imobiliário Ltda.,Jose Maria Mendes Barbosa,Primeira Instância,Escritório Reis & Souza Advogados,Stefany Marie Pereira,Vícios Construtivos e muro de arrimo,Cível,Ativo
4001535-66.2026.8.26.0071,Pacaembu Construtora S/A,Ayram Tagori Thomaz Do Nascimento,Primeira Instância,Escritório Reis & Souza Advogados,Ellen Flavia de Lucena Prado,Obrigação de Fazer / Não Fazer,Cível,Ativo
1001798-75.2026.8.13.0342,Pacaembu Ituiutaba 422 - Empreendimento Imobiliário LTDA,Gisaine Aparecida Dias,Primeira Instância,Escritório Reis & Souza Advogados,Nixon Douglas Santana,Caixa de Esgoto,Cível,Ativo
0000546-95.2026.5.22.0102,Pacaembu Construtora S/A,Claudemir Ferreira dos Santos,Primeira Instância,Jurídico Trabalhista,Marcilio Ribeiro de Macedo,,Trabalhista,Ativo
0011390-34.2026.5.15.0059,Pacaembu Construtora S/A,Júlio César de Oliveira da Conceição,Primeira Instância,Jurídico Trabalhista,Felipe Rodrigues da Silva,,Trabalhista,Ativo
4001900-17.2026.8.26.0073,Pacaembu Avaré São Rogério III - 229 Empreendimentos Imobiliários Ltda.,Thamires Klein Pereira,Primeira Instância,Thaia - Escritório RST&A,Carlos Leonardo Graciano,Ação de Rescisão Contratual,Cível,Ativo
0010914-61.2026.5.15.0005,Pacaembu Construtora S/A,Laerte Rocha Souza,Primeira Instância,Jurídico Trabalhista,José Evandro Pereira da Silva,,Trabalhista,Ativo
0010859-16.2026.5.15.0101,Pacaembu Construtora S/A,Alex Travain da Costa Junior,Primeira Instância,Jurídico Trabalhista,Victor Gomes Ferrari,,Trabalhista,Ativo
0000499-24.2026.5.22.0102,Pacaembu Construtora S/A,Claudemir Ferreira dos Santos,Primeira Instância,Jurídico Trabalhista,Marcilio Ribeiro de Macedo,,Trabalhista,Ativo
4012637-25.2026.8.26.0576,Pacaembu São José do Rio Preto 429 - Empreendimento Imobiliário Ltda,Fuvia Cristina de Siqueira Trindade,Primeira Instância,Escritório Reis & Souza Advogados,Elaine Munhoz,Nulidade de Fiança,Cível,Ativo
0010985-14.2026.5.15.0086,Pacaembu Construtora S/A,Gildasio Alves de Cerqueira,Primeira Instância,Jurídico Trabalhista,Marcos Sérgio Forti Bell,,Trabalhista,Ativo
0000419-34.2026.5.23.0037,Pacaembu Construtora S/A,Domingos Batista dos Santos,Primeira Instância,Jurídico Trabalhista,Vanessa Baroli Barbosa de Oliveira,,Trabalhista,Ativo
4001653-03.2025.8.26.0451,Pacaembu Piracicaba Incorporadora Ltda.,Gledson Luz da Silva,Primeira Instância,Escritório Reis & Souza Advogados,Guilherme Mendonça Mendes de Oliveira,Vícios Construtivos,Cível,Ativo
0000540-79.2026.5.22.0105,Vida Nova Cuiabá II - Empreendimento Imobiliário Ltda,Carlos Eduardo Santos Sampaio,Primeira Instância,Jurídico Trabalhista,Thiago Carvalho dos Santos,,Trabalhista,Ativo
0000535-39.2026.5.23.0005,Pacaembu Construtora S/A,Leandro Clementino de Lima,Primeira Instância,Jurídico Trabalhista,Josué Jordão Mendes Júnior,,Trabalhista,Ativo
1037852-07.2025.8.26.0506,Poá Empreendimento Imobiliário Ltda,Prefeitura Municipal de Ribeirão Preto,Primeira Instância,Jurídico Interno Cível,Procuradoria do Estado de São Paulo,Execução Fiscal - IPTU,Tributário,Ativo
1014639-40.2025.8.26.0451,Pacaembu Piracicaba Incorporadora Ltda.,Larissa Cristina Garcia da Silva,Primeira Instância,Bentivegna e Ribeiro Advogados,Guilherme Mendonça Mendes de Oliveira,Vícios Construtivos,Cível,Ativo
1051361-39.2024.8.26.0506,Poá Empreendimento Imobiliário Ltda,Prefeitura Municipal de Ribeirão Preto,Primeira Instância,Jurídico Interno Cível,Procuradoria do Estado de São Paulo,Execução Fiscal - IPTU,Tributário,Ativo
4007206-90.2026.8.26.0032,Pacaembu Araçatuba I - Empreendimento Imobiliário LTDA,Daulistania da Silva Cutrim,Primeira Instância,Escritório Reis & Souza Advogados,Marcela Pache Rodrigues Basqueroto,Ação de Cobrança,Cível,Ativo
4007623-43.2026.8.26.0032,Pacaembu Construtora S/A,Ednaldo de Souza,Primeira Instância,Escritório Reis & Souza Advogados,Juliana da Silva Costa,Inexistência de Débito,Cível,Ativo
0000537-15.2026.5.23.0003,Pacaembu Construtora S/A,Flavio Santos da Purificação,Primeira Instância,Jurídico Trabalhista,Tauane dos Santos Messias,,Trabalhista,Ativo
0000682-85.2026.5.09.0092,Pacaembu Cianorte 463 - Empreendimento Imobiliário Ltda.,Francielio Lopes Bezerra,Primeira Instância,Jurídico Trabalhista,Tiago Alexandre da Silva,,Trabalhista,Ativo
0000660-85.2026.5.23.0076,Pacaembu Construtora S/A,Wilson Paz Bezerra,Primeira Instância,Jurídico Trabalhista,Orlangela Barros Cavalcante,,Trabalhista,Ativo
4006952-24.2026.8.26.0451,Pacaembu Piracicaba Com Viva - Empreendimento Imobiliário Ltda.,Ana Carolina Alves Silva,Primeira Instância,Escritório Reis & Souza Advogados,Stefany Marie Pereira,Vícios Construtivos e muro de arrimo,Cível,Ativo
1005854-71.2025.4.01.3603,Pacaembu Sinop 449 - Empreendimento Imobiliario LTDA,Luciele Goulart Alkamim,Primeira Instância,Bruno - Escritório RST&A,Jus Postulandi,Ação de Rescisão Contratual,Cível,Ativo
1015212-78.2025.8.26.0451,Pacaembu Piracicaba Incorporadora Ltda.,Rodrigo de Arruda Fernandes do Rosario,Primeira Instância,Bruno - Escritório RST&A,Everton de Oliveira Gil,Vícios Construtivos,Cível,Ativo
1015585-12.2025.8.26.0451,Pacaembu Piracicaba Incorporadora Ltda.,Adriana Maria Spinosi Alves,Primeira Instância,Escritório Reis & Souza Advogados,Yara Regina Araujo Richter,Vícios Construtivos,Cível,Ativo
1009949-95.2025.8.26.0344,Pacaembu Marilia Gigantao 2 - 448 - Empreendimento Imobiliario LTDA,Edna da Silva Andrade,Primeira Instância,Escritório Reis & Souza Advogados,Arthur Eduardo Garcia Mechedjian Junior,Vícios Construtivos,Cível,Ativo
0010453-45.2026.5.03.0063,Pacaembu Construtora S/A,Humberto Mauro Lopes Martins,Primeira Instância,Jurídico Trabalhista,Regina dos Santos Araújo,,Trabalhista,Ativo
0010450-42.2026.5.03.0176,Pacaembu Construtora S/A,Robson Carlos Pereira Silva,Primeira Instância,Jurídico Trabalhista,Regina dos Santos Araújo,,Trabalhista,Ativo
4002220-49.2026.8.26.0079,Vida Nova Botucatu - Empreendimento Imobiliário Ltda.,Selma Sueli Ribeiro,Primeira Instância,Thaia - Escritório RST&A,Taynah Pimentel Carvalho Costa,Negativação indevida,Cível,Ativo
0013996-35.2025.8.16.0045,Pacaembu Construtora S/A,Jose Lucas Aparecido Ferreira de Araujo,Primeira Instância,Bentivegna e Ribeiro Advogados,Fernando Hideaki Zavan Yamaguro,Vícios Construtivos,Cível,Ativo
0015261-72.2025.8.16.0045,Pacaembu Construtora S/A,Clayton Fagundes Catarino,Primeira Instância,Bentivegna e Ribeiro Advogados,Celso José Bonifácio Junior,Vícios Construtivos e muro de arrimo,Cível,Ativo
0011716-91.2025.8.16.0045,Pacaembu Arapongas 2 - Empreendimento Imobiliarios Ltda.,Marcos Renan Ferreira,Primeira Instância,Bruno - Escritório RST&A,Ana Caroline Marcolino,Vícios Construtivos e muro de arrimo,Cível,Ativo
0010360-23.2026.5.15.0104,Pacaembu Construtora S/A,Sandra Aparecida Formagi,Primeira Instância,Jurídico Trabalhista,Rubens Moreno Rubio Netto,,Trabalhista,Ativo
1003021-68.2026.8.26.0482,Alto Alegre Empreendimentos imobiliários Ltda,Diretor Chefe da Secretaria de Finanças de Presidente Prudente,Primeira Instância,Serur Advogados,Procurador do Municipio de Presidente Pridente,Cobrança indevida - ITBI,Cível,Ativo
5026486-57.2025.4.04.7001,Pacaembu Arapongas 2 - Empreendimento Imobiliarios Ltda.,Ricardo Luiz Fabri Filho,Primeira Instância,Thaia - Escritório RST&A,Eduardo Blanco,Vícios Construtivos e muro de arrimo,Cível,Ativo
4002115-04.2026.8.26.0037,Pacaembu Araraquara 271 - Empreendimento Imobiliario Ltda,Ana Claudia Ramalho dos Santos Magalhães,Primeira Instância,Bentivegna e Ribeiro Advogados,David Jonathan dos Santos Encontrão,Cobrança indevida - ITBI,Cível,Ativo
4010400-34.2026.8.26.0506,Poá Empreendimento Imobiliário Ltda,Maria Isabel Pereira,Primeira Instância,Thaia - Escritório RST&A,Renan Fabrega Sanchez,Ação de Resolução Contratual,Cível,Ativo
0010714-43.2026.5.15.0041,Pacaembu Construtora S/A,Rodrigo Ribeiro Duarte,Primeira Instância,Jurídico Trabalhista,Rodolfo de Carvalho Rivelli Nogueira,,Trabalhista,Ativo
1001013-16.2026.8.13.0342,Pacaembu Ituiutaba 422 - Empreendimento Imobiliário LTDA,Maria Alice Medeiros,Primeira Instância,Thaia - Escritório RST&A,Waldemar Fernandes Severino de Moraes,Vícios Construtivos,Cível,Ativo
4001390-66.2026.8.26.0408,Pacaembu Construtora S/A,Sheila Aparecida Goulart,Primeira Instância,Thaia - Escritório RST&A,Alex Junior Machado Tomas,Ação de Revisão Contratual,Cível,Ativo
4012913-56.2026.8.26.0576,Pacaembu Construtora S/A,Raisa Debora Caroline da Silva,Primeira Instância,Thaia - Escritório RST&A,Marcos Cesar Chagas Perez,Vícios Construtivos,Cível,Ativo
4002621-48.2026.8.26.0079,Pacaembu Construtora S/A,Fernanda Cristina da Silva Galhardo,Primeira Instância,Escritório Reis & Souza Advogados,Fábio André Bernardo,Inexistência de Débito,Cível,Ativo
4008712-55.2025.8.26.0576,Pacaembu Construtora S/A,Antonio Gomes dos Reis,Primeira Instância,Escritório Reis & Souza Advogados,Leticia Stephane Carrige dos Santos,Vícios Construtivos,Cível,Ativo
1014633-33.2025.8.26.0451,Pacaembu Piracicaba Incorporadora Ltda.,Cristiane de Matos Lemos Rodrigues,Primeira Instância,Escritório Reis & Souza Advogados,Guilherme Mendonça Mendes de Oliveira,Caixa de Esgoto,Cível,Ativo
1014124-05.2025.8.26.0451,Pacaembu Piracicaba Incorporadora Ltda.,Otavio Jose Pereira,Primeira Instância,Thaia - Escritório RST&A,Guilherme Mendonça Mendes de Oliveira,Vícios Construtivos,Cível,Ativo
0000054-96.2026.8.16.0045,Pacaembu Construtora S/A,Maria Aparecida do Nascimento,Primeira Instância,Bruno - Escritório RST&A,Eduardo Blanco,Vícios Construtivos e muro de arrimo,Cível,Ativo
1001692-13.2026.8.26.0032,Vida Nova Araçatuba 330 - Empreendimento Imobiliário Ltda.,Secretaria da Fazenda do Município de Araçatuba,Primeira Instância,Serur Advogados,Procuradoria de Araçatuba,Mandado de Segurança,Tributário,Ativo
0000052-29.2026.8.16.0045,Pacaembu Construtora S/A,Eliene Camargo Thosmo,Primeira Instância,Bentivegna e Ribeiro Advogados,Eduardo Blanco,Vícios Construtivos e muro de arrimo,Cível,Ativo
0002611-56.2026.8.16.0045,Pacaembu Construtora S/A,Ana Livia Tiburcio de Moraes,Primeira Instância,Escritório Reis & Souza Advogados,Eduardo Blanco,Vícios Construtivos e muro de arrimo,Cível,Ativo
4006068-92.2026.8.26.0451,Pacaembu Piracicaba Com Viva - Empreendimento Imobiliário Ltda.,Wesley Rocha Coutinho,Primeira Instância,Thaia - Escritório RST&A,Stefany Marie Pereira,Vícios Construtivos,Cível,Ativo
0000091-26.2026.8.16.0045,Pacaembu Arapongas 2 - Empreendimento Imobiliarios Ltda.,Victor Henrique Martins Diniz,Primeira Instância,Bruno - Escritório RST&A,Eduardo Blanco,Vícios Construtivos e muro de arrimo,Cível,Ativo
0001047-42.2026.8.16.0045,Pacaembu Arapongas 2 - Empreendimento Imobiliarios Ltda.,Emanuele Schelen do Nascimento,Primeira Instância,Bentivegna e Ribeiro Advogados,Eduardo Blanco,Vícios Construtivos e muro de arrimo,Cível,Ativo
0002615-93.2026.8.16.0045,Pacaembu Construtora S/A,Eloina Alves Sofias,Primeira Instância,Bentivegna e Ribeiro Advogados,Eduardo Blanco,Vícios Construtivos e muro de arrimo,Cível,Ativo
0000553-40.2026.5.09.0655,Pacaembu Assis Chateaubriand 357 e 358 - Empreendimento Imobiliário Ltda.,Marlize Padilha da Silva,Primeira Instância,Jurídico Trabalhista,Cremerson Orlandine,,Trabalhista,Ativo
0003762-57.2026.8.16.0045,Pacaembu Arapongas 1 - Empreendimento Imobiliário Ltda.,Josiane dos Santos,Primeira Instância,Bentivegna e Ribeiro Advogados,Eduardo Blanco,Vícios Construtivos e muro de arrimo,Cível,Ativo
0001044-87.2026.8.16.0045,Pacaembu Arapongas 2 - Empreendimento Imobiliarios Ltda.,Ednei Ribeiro da Silva,Primeira Instância,Bentivegna e Ribeiro Advogados,Eduardo Blanco,Vícios Construtivos e muro de arrimo,Cível,Ativo
0000452-03.2026.5.09.0655,Pacaembu Assis Chateaubriand 357 e 358 - Empreendimento Imobiliário Ltda.,Raimundo Nonato Sousa da Silva,Primeira Instância,Jurídico Trabalhista,Alexandre Oliveira Campos,,Trabalhista,Ativo
0006547-06.2025.8.26.0576,Urban Fortes Empreendimentos Imobiliários I Spe ltda,Cristiana Luiza Martins de Azevedo,Primeira Instância,Jurídico Interno Cível,Jus Postulandi,Vícios Construtivos,Cível,Ativo
4023418-74.2025.8.26.0016,Pacaembu Presidente Prudente III - Empreendimento Imobiliário Ltda.,M8 Soluções e Serviços de Apoio a Edifícios Ltda.,Primeira Instância,Thaia - Escritório RST&A,Rubens Rufino dos Santos Sobrinho,Ação de Cobrança,Cível,Ativo
4023419-59.2025.8.26.0016,Vida Nova Salto de Pirapora - Empreendimento Imobiliário Ltda.,M8 Soluções e Serviços de Apoio a Edifícios Ltda.,Primeira Instância,Thaia - Escritório RST&A,Rubens Rufino dos Santos Sobrinho,Ação de Cobrança,Cível,Ativo
0001079-47.2026.8.16.0045,Pacaembu Arapongas 2 - Empreendimento Imobiliarios Ltda.,Isaque Antunes,Primeira Instância,Bentivegna e Ribeiro Advogados,Eduardo Blanco,Vícios Construtivos e muro de arrimo,Cível,Ativo
0001024-96.2026.8.16.0045,Pacaembu Arapongas 2 - Empreendimento Imobiliarios Ltda.,Marcia Cristina da Silva,Primeira Instância,Bruno - Escritório RST&A,Eduardo Blanco,Vícios Construtivos e muro de arrimo,Cível,Ativo
1037662-28.2025.8.26.0576,Pacaembu Construtora S/A,Selma Efigênia Ramalho,Primeira Instância,Thaia - Escritório RST&A,Marcos Cesar Chagas Perez,Vícios Construtivos,Cível,Ativo
0003727-97.2026.8.16.0045,Pacaembu Arapongas 2 - Empreendimento Imobiliarios Ltda.,Jean Verino Bealliere,Primeira Instância,Bentivegna e Ribeiro Advogados,Eduardo Blanco,Vícios Construtivos e muro de arrimo,Cível,Ativo
0003765-12.2026.8.16.0045,Pacaembu Arapongas 1 - Empreendimento Imobiliário Ltda.,Katia Regina Mendonça Lima Maciel,Primeira Instância,Bentivegna e Ribeiro Advogados,Eduardo Blanco,Vícios Construtivos,Cível,Ativo
0000053-14.2026.8.16.0045,Pacaembu Construtora S/A,Heloisa do Nascimento de Sales,Primeira Instância,Escritório Reis & Souza Advogados,Eduardo Blanco,Vícios Construtivos,Cível,Ativo
0003729-67.2026.8.16.0045,Pacaembu Arapongas 2 - Empreendimento Imobiliarios Ltda.,Jean Mirteau Bazelais,Primeira Instância,Bentivegna e Ribeiro Advogados,Eduardo Blanco,Vícios Construtivos e muro de arrimo,Cível,Ativo
0003770-34.2026.8.16.0045,Pacaembu Arapongas 2 - Empreendimento Imobiliarios Ltda.,Zaquel Gonçalves Soares,Primeira Instância,Bruno - Escritório RST&A,Eduardo Blanco,Vícios Construtivos e muro de arrimo,Cível,Ativo
4000146-49.2026.8.26.0458,Pacaembu Bauru Azevedo 2 - Empreendimento Imobiliário Ltda,Mariana Oliveira de Almeida,Primeira Instância,Thaia - Escritório RST&A,Pedro Miguel Torres de Campos,Devolução do Sinal,Cível,Ativo
0016268-61.2026.8.16.0014,Pacaembu Construtora S/A,Arlete Pereira dos Santos,Primeira Instância,Escritório Reis & Souza Advogados,Eduardo Blanco,Vícios Construtivos,Cível,Ativo
0000446-93.2026.5.09.0655,Pacaembu Assis Chateaubriand 357 e 358 - Empreendimento Imobiliário Ltda.,Raimundo Nonato Sousa da Silva,Primeira Instância,Jurídico Trabalhista,Alexandre Oliveira Campos,,Trabalhista,Ativo
0001040-50.2026.8.16.0045,Pacaembu Arapongas 1 - Empreendimento Imobiliário Ltda.,Stefany Sena Brito,Primeira Instância,Thaia - Escritório RST&A,Eduardo Blanco,Vícios Construtivos,Cível,Ativo
0014039-69.2025.8.16.0045,Pacaembu Construtora S/A,Geovana Morais Valerio,Primeira Instância,Escritório Reis & Souza Advogados,Fernando Hideaki Zavan Yamaguro,Vícios Construtivos,Cível,Ativo
0014025-85.2025.8.16.0045,Pacaembu Construtora S/A,Erica Aline de Oliveira,Primeira Instância,Escritório Reis & Souza Advogados,Fernando Hideaki Zavan Yamaguro,Vícios Construtivos,Cível,Ativo
4011408-64.2025.8.26.0576,Pacaembu Água Santa - Empreendimento Imobiliário Ltda.,Aline Vetorazo Alvarenga,Primeira Instância,Bentivegna e Ribeiro Advogados,Felipe Augusto Tadini Martins,Vícios Construtivos,Cível,Ativo
4004632-35.2025.8.26.0451,Pacaembu Piracicaba Incorporadora Ltda.,Zelia Pereira da Silva,Primeira Instância,Bruno - Escritório RST&A,Bruno Miguel Ocanha,Caixa de Esgoto,Cível,Ativo
4001831-64.2026.8.26.0079,Pacaembu Construtora S/A,Georgia Charlene Silva,Primeira Instância,Escritório Reis & Souza Advogados,Anaise Christine Bosco Pacheco,Muro de Arrimo,Cível,Ativo
4002416-58.2026.8.26.0066,Pacaembu Construtora S/A,Valeria Cristina Pereira Ribeiro,Primeira Instância,Bruno - Escritório RST&A,Isabelle Narduchi da Silva,Retenção das chaves,Cível,Ativo
5000745-15.2025.4.03.6331,Vida Nova Araçatuba 380 - Empreendimento Imobiliário Ltda.,Luciana Pereira Mercado,Primeira Instância,Thaia - Escritório RST&A,Ricardo Pacheco Ikedo,Rescisão do Contrato de Compra e Venda,Cível,Ativo
5003895-67.2026.4.04.7001,Pacaembu Arapongas 563 - Empreendimento Imobiliário Ltda.,Juliana de Cassia Baptistone,Primeira Instância,Escritório Reis & Souza Advogados,Rafael Cordeiro Abade,Ação de Rescisão Contratual,Cível,Ativo
4002128-71.2026.8.26.0079,Pacaembu Construtora S/A,Matheus Godoy Ribeiro,Primeira Instância,Jurídico Interno Cível,Matheus Godoy Ribeiro,Ação de Rescisão Contratual,Cível,Ativo
4002062-39.2025.8.26.0625,Pacaembu Taubate - Empreendimento Imobiliário LTDA,Geovane Marcondes da Silva,Primeira Instância,Escritório Reis & Souza Advogados,Leonardo de Oliveira Barone,Ação de Rescisão Contratual,Cível,Ativo
0010311-91.2026.5.15.0100,Pacaembu Construtora S/A,Daniel da Silva Cerqueira,Primeira Instância,,Milton Scanholato Junior,,Trabalhista,Ativo
0000220-23.2026.5.22.0107,Pacaembu Construtora S/A,Wanderley Ribeiro de Sousa,Primeira Instância,Jurídico Trabalhista,Fidelman Fao Florencio Fontes,,Trabalhista,Ativo
0000276-53.2026.5.23.0002,Pacaembu Construtora S/A,Francisco Carlos de Sousa,Primeira Instância,Jurídico Trabalhista,Rodrigo Faria Gardin,,Trabalhista,Ativo
0000388-91.2026.5.23.0076,Pacaembu Construtora S/A,Adilson Rocha Bezerra,Primeira Instância,Jurídico Trabalhista,Elisangela Santana da Luz,,Trabalhista,Ativo
1014547-62.2025.8.26.0451,Pacaembu Piracicaba Incorporadora Ltda.,Jessica Mariane Lopes de Sousa,Primeira Instância,Bentivegna e Ribeiro Advogados,Everton de Oliveira Gil,Vícios Construtivos,Cível,Ativo
5026425-02.2025.4.04.7001,Pacaembu Arapongas 2 - Empreendimento Imobiliarios Ltda.,Alexandra Araujo de Sousa,Primeira Instância,Bentivegna e Ribeiro Advogados,Eduardo Blanco,Vícios Construtivos e muro de arrimo,Cível,Ativo
0000303-15.2026.5.23.0009,Pacaembu Construtora S/A,Marcos Danilo da Silva Camara,Primeira Instância,Jurídico Trabalhista,Lucas Jose Mont'alverne Frota,,Trabalhista,Ativo
5004289-21.2025.8.13.0342,Haus Compra e Venda de Bens Imóveis Ltda.,Plinio Garcia Chaves,Primeira Instância,Escritório Reis & Souza Advogados,Plinio Garcia Chaves,Débito,Cível,Ativo - não Pacaembu
0000394-97.2026.5.09.0655,Pacaembu Construtora S/A,Raimundo Nonato de Melo Júnior,Primeira Instância,Jurídico Trabalhista,Bruna Caroline Rueda Aguiar,,Trabalhista,Ativo
0014021-48.2025.8.16.0045,Pacaembu Construtora S/A,Lucilene Andreia da Silva,Primeira Instância,Thaia - Escritório RST&A,Fernando Hideaki Zavan Yamaguro,Vícios Construtivos,Cível,Ativo
0000085-19.2026.8.16.0045,Pacaembu Arapongas 1 - Empreendimento Imobiliário Ltda.,Michele Carvalho da Silva,Primeira Instância,Bruno - Escritório RST&A,Eduardo Blanco,Vícios Construtivos e muro de arrimo,Cível,Ativo
0001080-32.2026.8.16.0045,Pacaembu Arapongas 1 - Empreendimento Imobiliário Ltda.,Jorge Marcelo dos Santos,Primeira Instância,Bentivegna e Ribeiro Advogados,Eduardo Blanco,Vícios Construtivos e muro de arrimo,Cível,Ativo
0014017-11.2025.8.16.0045,Pacaembu Construtora S/A,Sabrina Cristina de Araujo,Primeira Instância,Thaia - Escritório RST&A,Fernando Hideaki Zavan Yamaguro,Vícios Construtivos,Cível,Ativo
0014027-55.2025.8.16.0045,Pacaembu Construtora S/A,Thalita Pacheco de Souza,Primeira Instância,Thaia - Escritório RST&A,Fernando Hideaki Zavan Yamaguro,Vícios Construtivos e muro de arrimo,Cível,Ativo
0001023-14.2026.8.16.0045,Pacaembu Arapongas 2 - Empreendimento Imobiliarios Ltda.,Julio Cesar Teixeira,Primeira Instância,Bentivegna e Ribeiro Advogados,Eduardo Blanco,Vícios Construtivos e muro de arrimo,Cível,Ativo
4003370-16.2026.8.26.0451,Pacaembu Piracicaba Com Viva - Empreendimento Imobiliário Ltda.,Julio Cesar de Jesuz Cruz,Primeira Instância,Escritório Reis & Souza Advogados,Jerusa de Moura,Vícios Construtivos e muro de arrimo,Cível,Ativo
4004419-68.2026.8.26.0071,Pacaembu Bauru Azevedo 2 - Empreendimento Imobiliário Ltda,IDP2 Engenharia e Comercio Ltda,Primeira Instância,Escritório Reis & Souza Advogados,Gabriel Luiz Camanforte Caminha,Descumprimento Contratual,Cível,Ativo
0010245-61.2026.5.03.0063,Pacaembu Construtora S/A,Brenda Menezes Freitas,Primeira Instância,Jurídico Trabalhista,Claudia das Graças Borges,,Trabalhista,Ativo
5026428-54.2025.4.04.7001,Pacaembu Arapongas 2 - Empreendimento Imobiliarios Ltda.,Cintia Gabrielle da Conceicao Lima,Primeira Instância,Bentivegna e Ribeiro Advogados,Eduardo Blanco,Vícios Construtivos e muro de arrimo,Cível,Ativo
0000091-93.2026.5.08.0111,Pacaembu Construtora S/A,Benigno Reis de Oliveira,Primeira Instância,Jurídico Trabalhista,Francisco Jorge Ribeiro Guimarães,,Trabalhista,Ativo
0016272-98.2026.8.16.0014,Pacaembu Construtora S/A,Eliana Aparecida dos Santos,Primeira Instância,Bentivegna e Ribeiro Advogados,Eduardo Blanco,Vícios Construtivos,Cível,Ativo
0014022-33.2025.8.16.0045,Pacaembu Construtora S/A,Wesley de Brito Dutra,Primeira Instância,Bruno - Escritório RST&A,Fernando Hideaki Zavan Yamaguro,Vícios Construtivos,Cível,Ativo
0000084-34.2026.8.16.0045,Pacaembu Construtora S/A,Matheus William Artão Lopes,Primeira Instância,Bruno - Escritório RST&A,Eduardo Blanco,Vícios Construtivos e muro de arrimo,Cível,Ativo
0013994-65.2025.8.16.0045,Pacaembu Construtora S/A,Franciane Dias Lemes,Primeira Instância,Bentivegna e Ribeiro Advogados,Fernando Hideaki Zavan Yamaguro,Vícios Construtivos,Cível,Ativo
4002862-03.2026.8.26.0344,Pacaembu Construtora S/A,Jeferson Henrique Camilo,Primeira Instância,Escritório Reis & Souza Advogados,Guilherme Mendonça Mendes de Oliveira,Vícios Construtivos,Cível,Ativo
4005519-95.2026.8.26.0576,Urban Fortes Empreendimentos Imobiliários I Spe ltda,Rafael Fabrega Rodrigues,Primeira Instância,Bruno - Escritório RST&A,Rodolpho Luiz de Rangel Moreira Ramos,Clausulas Abusivas,Cível,Ativo
4007580-26.2026.8.26.0576,Pacaembu Construtora S/A,Mateus Aparecido Marcal Pereira,Primeira Instância,Thaia - Escritório RST&A,Hideraldo Brandão Ferrari Filho,Vícios Construtivos,Cível,Ativo
0010024-53.2026.5.15.0028,Pacaembu Catanduva III - Empreendimento Imobiliário Ltda.,Claudio Eurico da Costa,Primeira Instância,Jurídico Trabalhista,Guilherme Augusto da Conceição Santos,,Trabalhista,Ativo
0012628-53.2025.5.15.0082,Pacaembu São José do Rio Preto 405 - Empreendimento Imobiliário Ltda.,Fernanda Carolina Silva,Primeira Instância,Jurídico Trabalhista,Igor Matheus Medeiros,,Trabalhista,Ativo
4009896-33.2025.8.26.0451,Pacaembu Construtora S/A,Celiene Brito dos Santos,Primeira Instância,Bentivegna e Ribeiro Advogados,Guilherme Mendonça Mendes de Oliveira,Caixa de Esgoto,Cível,Ativo
0011272-18.2025.5.15.0019,Pacaembu Araçatuba I - Empreendimento Imobiliário LTDA,Ismar Silva Machado de Oliveira Junior,Primeira Instância,Jurídico Trabalhista,Carlos Henrique Firmino Jodas,,Trabalhista,Ativo
0000161-80.2026.5.08.0121,Pacaembu Construtora S/A,Michel Muniz dos Santos,Primeira Instância,Jurídico Trabalhista,Francisco Jorge Ribeiro Guimarães,,Trabalhista,Ativo
0010338-87.2026.5.15.0031,Pacaembu Construtora S/A,Adriano Chagas da Conceição,Primeira Instância,Jurídico Trabalhista,Lucas Prates Moraes,,Trabalhista,Ativo
1038720-66.2025.8.26.0576,Pacaembu Construtora S/A,Lurdinei Pereira Abreu,Primeira Instância,Thaia - Escritório RST&A,Marcos Cesar Chagas Perez,Vícios Construtivos,Cível,Ativo
4004952-64.2026.8.26.0576,Pacaembu Construtora S/A,Ana Paula Maldonado,Primeira Instância,Escritório Reis & Souza Advogados,José Roberto Russo,Vícios Construtivos e muro de arrimo,Cível,Ativo
4000505-90.2026.8.26.0072,Pacaembu Construtora S/A,Nadia Lucia Ribeiro,Primeira Instância,Thaia - Escritório RST&A,Lilian Patricia Morente Foganholi,Vícios Construtivos,Cível,Ativo
4003982-64.2026.8.26.0576,Pacaembu Construtora S/A,Alessandra Osmarina de Mello,Primeira Instância,Escritório Reis & Souza Advogados,José Roberto Russo,Vícios Construtivos e muro de arrimo,Cível,Ativo
4003482-95.2026.8.26.0576,Pacaembu Construtora S/A,Silvana Alves,Primeira Instância,Thaia - Escritório RST&A,José Roberto Russo,Vícios Construtivos e muro de arrimo,Cível,Ativo
4001517-69.2026.8.26.0451,Pacaembu Piracicaba Com Viva - Empreendimento Imobiliário Ltda.,Rikewlly Pereira de Lima,Primeira Instância,Bruno - Escritório RST&A,Jessica Aparecida Dantas Donegá,Indenização por Danos Morais e Materiais,Cível,Ativo
6003228-69.2025.4.06.3824,Pacaembu Ituiutaba 422 - Empreendimento Imobiliário LTDA,Rayelle Cardoso da Silva,Primeira Instância,Thaia - Escritório RST&A,Jus Postulandi,Descumprimento Contratual,Cível,Ativo
4000097-08.2026.8.26.0458,Pacaembu Bauru Azevedo 2 - Empreendimento Imobiliário Ltda,Eliana Cristina dos Santos,Primeira Instância,Bentivegna e Ribeiro Advogados,Pedro Miguel Torres de Campos,Aumento do valor de sinal,Cível,Ativo
4004730-96.2026.8.26.0576,Pacaembu Construtora S/A,Domingos dos Anjos Pereira,Primeira Instância,Escritório Reis & Souza Advogados,José Roberto Russo,Vícios Construtivos e muro de arrimo,Cível,Ativo
4002231-29.2026.8.26.0451,Pacaembu Piracicaba Com Viva - Empreendimento Imobiliário Ltda.,Luiz Carlos Bonifacio Junior,Primeira Instância,Bruno - Escritório RST&A,Yara Regina Araujo Richter,Vícios Construtivos,Cível,Ativo
1014135-34.2025.8.26.0451,Pacaembu Construtora S/A,Rutilene Santos de Sa,Primeira Instância,Bruno - Escritório RST&A,Guilherme Mendonça Mendes de Oliveira,Caixa de Esgoto,Cível,Ativo
0000214-82.2026.5.23.0076,Pacaembu Construtora S/A,Cleber Sa Araujo,Primeira Instância,Jurídico Trabalhista,Renan Dias Pinto,,Trabalhista,Ativo
0000023-62.2026.5.09.0129,Pacaembu Construtora S/A,Hugo Mauricio Yamasaki,Primeira Instância,Jurídico Trabalhista,Tiago Vitorino Cardoso Gobbi,,Trabalhista,Ativo
1034913-38.2025.8.26.0576,Pacaembu Construtora S/A,Janaina Ermelinda de Almeida,Primeira Instância,Escritório Reis & Souza Advogados,Marcos Cesar Chagas Perez,Vícios Construtivos,Cível,Ativo
0014038-84.2025.8.16.0045,Pacaembu Construtora S/A,Vitória Luciano Carrascal Cruz,Primeira Instância,Bruno - Escritório RST&A,Fernando Hideaki Zavan Yamaguro,Vícios Construtivos e muro de arrimo,Cível,Ativo
4003462-07.2026.8.26.0576,Pacaembu Construtora S/A,Edmara Antonia da Silva,Primeira Instância,Escritório Reis & Souza Advogados,José Roberto Russo,Vícios Construtivos e muro de arrimo,Cível,Ativo
4004661-64.2026.8.26.0576,Pacaembu Construtora S/A,Jully Graciely da Conceição Batista,Primeira Instância,Escritório Reis & Souza Advogados,José Roberto Russo,Vícios Construtivos e muro de arrimo,Cível,Ativo
4011057-91.2025.8.26.0576,Pacaembu Construtora S/A,Luiza Idaides Alves Silva,Primeira Instância,Thaia - Escritório RST&A,Marcos Cesar Chagas Perez,Vícios Construtivos,Cível,Ativo
1009834-19.2026.8.11.0001,Pacaembu Construtora S/A,Syndel Costa Conceição,Primeira Instância,Thaia - Escritório RST&A,Crislaine Francione Marques de Jesus,Obrigação de Fazer / Não Fazer,Cível,Ativo
0014198-12.2025.8.16.0045,Pacaembu Construtora S/A,Ademilson Sales da Costa,Primeira Instância,Bentivegna e Ribeiro Advogados,Ana Caroline Marcolino,Vícios Construtivos e muro de arrimo,Cível,Ativo
4023416-07.2025.8.26.0016,Pacaembu Ourinhos Constante 2 - Empreendimento Imobiliário,M8 Soluções e Serviços de Apoio a Edifícios Ltda.,Primeira Instância,Thaia - Escritório RST&A,Rubens Rufino dos Santos Sobrinho,Ação de Cobrança,Cível,Ativo
4001829-58.2026.8.26.0576,Pacaembu Construtora S/A,Arthur Emanuel da Silva,Primeira Instância,Escritório Reis & Souza Advogados,Marcos Cesar Chagas Perez,Vícios Construtivos,Cível,Ativo
1012747-96.2025.8.26.0451,Pacaembu Piracicaba Incorporadora Ltda.,Marcia Maria Veiga,Primeira Instância,Bruno - Escritório RST&A,Guilherme Mendonça Mendes de Oliveira,Caixa de Esgoto,Cível,Ativo
4004788-02.2026.8.26.0576,Pacaembu Construtora S/A,Derio garcia,Primeira Instância,Escritório Reis & Souza Advogados,José Roberto Russo,Vícios Construtivos e muro de arrimo,Cível,Ativo
0014200-79.2025.8.16.0045,Pacaembu Arapongas 1 - Empreendimento Imobiliário Ltda.,Bruna Aparecida dos Santos,Primeira Instância,Bentivegna e Ribeiro Advogados,Ana Caroline Marcolino,Vícios Construtivos e muro de arrimo,Cível,Ativo
4004922-29.2026.8.26.0576,Pacaembu Construtora S/A,Elisabete Ataide da Silva Domingues,Primeira Instância,Escritório Reis & Souza Advogados,José Roberto Russo,Vícios Construtivos e muro de arrimo,Cível,Ativo
4002074-56.2026.8.26.0451,Pacaembu Piracicaba Com Viva - Empreendimento Imobiliário Ltda.,Luis Henrique Cesario Pereira,Primeira Instância,Thaia - Escritório RST&A,Stefany Marie Pereira,Vícios Construtivos e muro de arrimo,Cível,Ativo
0016640-48.2025.8.16.0045,Pacaembu Arapongas 2 - Empreendimento Imobiliarios Ltda.,Evanete Rossi,Primeira Instância,Bentivegna e Ribeiro Advogados,Eduardo Alexandre Antoniassi,Vícios Construtivos,Cível,Ativo
0014157-45.2025.8.16.0045,Pacaembu Construtora S/A,Erika Beatriz Aldivino Rosa,Primeira Instância,Bentivegna e Ribeiro Advogados,Celso José Bonifácio Junior,Vícios Construtivos e muro de arrimo,Cível,Ativo
0000088-71.2026.8.16.0045,Pacaembu Arapongas 1 - Empreendimento Imobiliário Ltda.,Renan Carlos Martins Ferreira,Primeira Instância,Bruno - Escritório RST&A,Eduardo Blanco,Vícios Construtivos e muro de arrimo,Cível,Ativo
0000086-04.2026.8.16.0045,Pacaembu Arapongas 1 - Empreendimento Imobiliário Ltda.,Nalanda Suellem Oliveira da Silva,Primeira Instância,Bruno - Escritório RST&A,Eduardo Blanco,Vícios Construtivos e muro de arrimo,Cível,Ativo
0010485-20.2026.5.15.0062,Pacaembu Construtora S/A,Hermann Rotterdan Nogueira de Mattos,Primeira Instância,Jurídico Trabalhista,Reinaldo Daniel Rigobelli,,Trabalhista,Ativo
0000147-48.2026.5.23.0002,Pacaembu Construtora S/A,Francisco Carlos de Sousa,Primeira Instância,Jurídico Trabalhista,Rodrigo Faria Gardin,,Trabalhista,Ativo
0000090-41.2026.8.16.0045,Pacaembu Arapongas 2 - Empreendimento Imobiliarios Ltda.,Tracy Patricia de Souza Paulino,Primeira Instância,Bruno - Escritório RST&A,Eduardo Blanco,Vícios Construtivos e muro de arrimo,Cível,Ativo
0000083-49.2026.8.16.0045,Pacaembu Arapongas 1 - Empreendimento Imobiliário Ltda.,Maria Aparecida dos Santos,Primeira Instância,Bruno - Escritório RST&A,Eduardo Blanco,Vícios Construtivos e muro de arrimo,Cível,Ativo
4004537-81.2026.8.26.0576,Pacaembu Construtora S/A,Ivanilton Fernandes Oliveira,Primeira Instância,Escritório Reis & Souza Advogados,Marcos Cesar Chagas Perez,Vícios Construtivos,Cível,Ativo
4004150-66.2026.8.26.0576,Pacaembu Construtora S/A,Andressa Vieira Vechiatto,Primeira Instância,Escritório Reis & Souza Advogados,José Roberto Russo,Vícios Construtivos e muro de arrimo,Cível,Ativo
0075433-73.2025.8.16.0014,Pacaembu Construtora S/A,Paulo Sergio Santos da Silva,Primeira Instância,Bruno - Escritório RST&A,Celso José Bonifácio Junior,Vícios Construtivos e muro de arrimo,Cível,Ativo
4010620-37.2025.8.26.0451,Pacaembu Piracicaba Incorporadora Ltda.,Simone Medeiro Ferreira,Primeira Instância,Bruno - Escritório RST&A,Jessica Aparecida Dantas Donegá,Vícios Construtivos,Cível,Ativo
0010245-08.2026.5.15.0102,Pacaembu Construtora S/A,Douglas Gonçalves de Moura,Primeira Instância,Jurídico Trabalhista,Felipe Soeiro Martins,,Trabalhista,Ativo
0010502-13.2026.5.15.0044,Pacaembu Construtora S/A,Antonio Sergio Sousa Vieira,Primeira Instância,Jurídico Trabalhista,Dalli Carnegie Borghetti,,Trabalhista,Ativo
0000148-33.2026.5.23.0002,Pacaembu Construtora S/A,Geraldo Ferreira de Oliveira,Primeira Instância,Jurídico Trabalhista,Rodrigo Faria Gardin,,Trabalhista,Ativo
0000332-48.2026.8.16.0126,Pacaembu Palotina 384 - Empreendimento Imobiliário Ltda,Gabriel Zanella Schneider,Primeira Instância,Escritório Reis & Souza Advogados,Laudio Luiz Souder,Ação de Rescisão Contratual,Cível,Ativo
4000172-38.2026.8.26.0073,Pacaembu Avaré São Rogério III - 229 Empreendimentos Imobiliários Ltda.,Leonilda Alves Coutinho,Primeira Instância,Bentivegna e Ribeiro Advogados,Jus Postulandi,Devolução de sinal,Cível,Ativo
1000289-30.2026.5.02.0322,Pacaembu Construtora S/A,Valdemir Miranda Monteiro,Primeira Instância,Jurídico Trabalhista,Thyago Alberto Barra Veloso,,Trabalhista,Ativo
1014751-09.2025.8.26.0451,Pacaembu Piracicaba Incorporadora Ltda.,Maria das Graças Caires Ribeiro,Primeira Instância,Bruno - Escritório RST&A,Everton de Oliveira Gil,Vícios Construtivos,Cível,Ativo
0013048-93.2025.8.16.0045,Pacaembu Construtora S/A,Cleuton Carvalho Reis,Primeira Instância,Bentivegna e Ribeiro Advogados,Eduardo Alexandre Antoniassi,Vícios Construtivos e muro de arrimo,Cível,Ativo
0000178-45.2026.5.09.0653,Pacaembu Construtora S/A,Luis Antonio de Faria,Primeira Instância,Jurídico Trabalhista,Marcos Eugenio,,Trabalhista,Ativo
4000862-13.2026.8.26.0576,Pacaembu Construtora S/A,Gabriel Fernando dos Santos Damasceno,Primeira Instância,Escritório Reis & Souza Advogados,Marcos Cesar Chagas Perez,Vícios Construtivos,Cível,Ativo
4001669-33.2026.8.26.0576,Pacaembu Construtora S/A,Driele Regina da Silva,Primeira Instância,Escritório Reis & Souza Advogados,Marcos Cesar Chagas Perez,Vícios Construtivos,Cível,Ativo
1005402-12.2025.8.26.0344,Wilson de Almeida Junior,Ricardo Cadasquevis dos Santos,Primeira Instância,Escritório Reis & Souza Advogados,Rui Gadiel dos Reis Freitas,Adjudicação Compulsória,Cível,Ativo - não Pacaembu
4000233-26.2026.8.26.0451,Pacaembu Piracicaba Com Viva - Empreendimento Imobiliário Ltda.,Marcio Alves de Paula,Primeira Instância,Thaia - Escritório RST&A,Yara Regina Araujo Richter,Vícios Construtivos,Cível,Ativo
1051963-64.2023.8.26.0506,Poá Empreendimento Imobiliário Ltda,Município de Ribeirão Preto,Primeira Instância,Jurídico Interno Cível,Procuradoria Geral do Município de Ribeirão Preto,Execução Fiscal - IPTU,Tributário,Ativo
1024252-97.2025.8.26.0576,Urban Fortes Empreendimentos Imobiliários I Spe ltda,Cristian Nunes de Azevedo,Primeira Instância,Escritório Reis & Souza Advogados,Rodolpho Luiz de Rangel Moreira Ramos,Obrigação de Fazer / Não Fazer,Cível,Ativo
1014854-16.2025.8.26.0451,Pacaembu Piracicaba Com Viva - Empreendimento Imobiliário Ltda.,João Victor Ferreira Rodrigues,Primeira Instância,Escritório Reis & Souza Advogados,Stefany Marie Pereira,Vícios Construtivos,Cível,Ativo
1500890-72.2026.8.26.0576,Haus Compra e Venda de Bens Imóveis Ltda.,Prefeitura de São José do Rio Preto,Primeira Instância,Jurídico Interno Cível,Procuradoria de São José do Rio Preto,Execução Fiscal,Tributário,Ativo
1031250-81.2025.8.26.0576,Urban Fortes Empreendimentos Imobiliários I Spe ltda,Sueli Maria Marilhano,Primeira Instância,Bruno - Escritório RST&A,Vinicius de Paula Santos Oliveira Matos,Cobrança de IPTU,Cível,Ativo
0000091-07.2026.5.23.0037,Pacaembu Construtora S/A,Darlan da Silva Aguiar,Primeira Instância,Jurídico Trabalhista,Rodolfo Fernando Borges,,Trabalhista,Ativo
4000023-48.2026.8.26.0071,Pacaembu Bauru Azevedo - Empreendimento Imobiliário Ltda.,Adriana Greyze da Silva,Primeira Instância,Escritório Reis & Souza Advogados,Gabriela Rodrigues,Ação de Revisão Contratual,Cível,Ativo
0000647-53.2025.8.16.0048,Pacaembu Assis Chateaubriand 357 e 358 - Empreendimento Imobiliário Ltda.,Claudinei Custodio,Primeira Instância,Escritório Reis & Souza Advogados,Rafael Augusto de Melo Dias,Indenização por Danos Morais e Materiais,Cível,Ativo
0016130-43.2026.5.16.0015,Pacaembu Construtora S/A,Geovaldo de Jesus Diniz Camara,Primeira Instância,Jurídico Trabalhista,Lucas Jose Mont'alverne Frota,,Trabalhista,Ativo
4003972-71.2025.8.26.0344,Pacaembu Construtora S/A,Eduardo Kaue do Nascimento da Silva,Primeira Instância,Escritório Reis & Souza Advogados,Artur Eduardo Garcia Mechedjian Junior,Ação de Revisão Contratual,Cível,Ativo
0000081-63.2026.5.23.0036,Pacaembu Construtora S/A,Alison Fernando de Souza Leite,Primeira Instância,Jurídico Trabalhista,Rodolfo Fernando Borges,,Trabalhista,Ativo
1033834-24.2025.8.26.0576,Pacaembu Construtora S/A,Biakarine Marcelino Gonçalves de Souza,Primeira Instância,Escritório Reis & Souza Advogados,Marcos Cesar Chagas Perez,Vícios Construtivos,Cível,Ativo
4001869-40.2026.8.26.0576,Pacaembu Construtora S/A,Jhonny Eduardo Martiniano,Primeira Instância,Escritório Reis & Souza Advogados,Marcos Cesar Chagas Perez,Vícios Construtivos,Cível,Ativo
4009898-03.2025.8.26.0451,Pacaembu Construtora S/A,Roberta Silva do Nascimento de Souza,Primeira Instância,Bruno - Escritório RST&A,Guilherme Mendonça Mendes de Oliveira,Caixa de Esgoto,Cível,Ativo
4001637-28.2026.8.26.0576,Pacaembu Construtora S/A,Ellen Paula Rodrigues de Amorim,Primeira Instância,Escritório Reis & Souza Advogados,Marcos Cesar Chagas Perez,Vícios Construtivos,Cível,Ativo
4000185-67.2026.8.26.0451,Pacaembu Construtora S/A,Lilian Pires Antonio,Primeira Instância,Bentivegna e Ribeiro Advogados,Guilherme Mendonça Mendes de Oliveira,Caixa de Esgoto,Cível,Ativo
5026469-21.2025.4.04.7001,Pacaembu Arapongas 2 - Empreendimento Imobiliarios Ltda.,Misael dos Santos Leite,Primeira Instância,Thaia - Escritório RST&A,Eduardo Blanco,Vícios Construtivos e muro de arrimo,Cível,Ativo
4018960-14.2025.8.26.0016,Pacaembu Assis 370 - Empreendimento Imobiliário Ltda.,M8 Soluções e Serviços de Apoio a Edifícios Ltda.,Primeira Instância,Thaia - Escritório RST&A,Rubens Rufino dos Santos Sobrinho,Ação de Cobrança,Cível,Ativo
4009950-96.2025.8.26.0451,Pacaembu Construtora S/A,Glaucimar Ramos dos Santos,Primeira Instância,Bentivegna e Ribeiro Advogados,Guilherme Mendonça Mendes de Oliveira,Caixa de Esgoto,Cível,Ativo
4000345-92.2026.8.26.0451,Pacaembu Piracicaba Com Viva - Empreendimento Imobiliário Ltda.,Leandro Benedicto Garcia Costa,Primeira Instância,Escritório Reis & Souza Advogados,Stefany Marie Pereira,Vícios Construtivos,Cível,Ativo
4008435-26.2025.8.26.0451,Pacaembu Piracicaba Com Viva - Empreendimento Imobiliário Ltda.,Jhessica Campos Sepulveda,Primeira Instância,Escritório Reis & Souza Advogados,Stefany Marie Pereira,Vícios Construtivos,Cível,Ativo
4002480-90.2026.8.26.0576,Pacaembu Piracicaba Com Viva - Empreendimento Imobiliário Ltda.,Réu desconhecido,Primeira Instância,Bruno - Escritório RST&A,Indeterminado,Reintegração de posse,Cível,Ativo
4000998-94.2026.8.26.0451,Pacaembu Piracicaba Com Viva - Empreendimento Imobiliário Ltda.,Réu desconhecido,Primeira Instância,Bruno - Escritório RST&A,Indeterminado,Reintegração de posse,Cível,Ativo
4009865-13.2025.8.26.0451,Pacaembu Construtora S/A,Luciana Santos Cardoso,Primeira Instância,Thaia - Escritório RST&A,Guilherme Mendonça Mendes de Oliveira,Vícios Construtivos,Cível,Ativo
4009903-25.2025.8.26.0451,Pacaembu Construtora S/A,Daniele Fernanda dos Santos,Primeira Instância,Bentivegna e Ribeiro Advogados,Guilherme Mendonça Mendes de Oliveira,Caixa de Esgoto,Cível,Ativo
4008185-42.2026.8.26.0100,Vida Nova Primavera do Leste 394 - Empreendimento Imobiliário Ltda,Paiva & Rodrigues Construtora Ltda,Primeira Instância,Thaia - Escritório RST&A,Indeterminado,Tutela Cautelar de Arresto,Cível,Ativo
0000092-82.2026.5.11.0018,Pacaembu Construtora S/A,Edson de Souza Nogueira,Primeira Instância,Jurídico Trabalhista,Francisco Jorge Ribeiro Guimarães,,Trabalhista,Ativo
0010091-26.2026.5.15.0090,Pacaembu Construtora S/A,Sergio Silva dos Santos,Primeira Instância,Jurídico Trabalhista,Vivian Nascimento Nogueira,,Trabalhista,Ativo
4011241-34.2025.8.26.0451,Pacaembu Piracicaba Com Viva - Empreendimento Imobiliário Ltda.,Juliana Cesario Pereira,Primeira Instância,Escritório Reis & Souza Advogados,Stefany Marie Pereira,Vícios Construtivos,Cível,Ativo
0012986-53.2025.8.16.0045,Pacaembu Arapongas 2 - Empreendimento Imobiliarios Ltda.,Ana Rita Mesquita Cortinove,Primeira Instância,Bentivegna e Ribeiro Advogados,Eduardo Alexandre Antoniassi,Vícios Construtivos e muro de arrimo,Cível,Ativo
0014429-39.2025.8.16.0045,Pacaembu Arapongas 2 - Empreendimento Imobiliarios Ltda.,Fabio de Paula Gonçalves,Primeira Instância,Bentivegna e Ribeiro Advogados,Eduardo Alexandre Antoniassi,Vícios Construtivos e muro de arrimo,Cível,Ativo
0014018-93.2025.8.16.0045,Pacaembu Construtora S/A,Viviane Aline dos Santos Pinto,Primeira Instância,Bruno - Escritório RST&A,Fernando Hideaki Zavan Yamaguro,Vícios Construtivos,Cível,Ativo
4007643-48.2025.8.26.0071,Pacaembu Bauru Azevedo 2 - Empreendimento Imobiliário Ltda,Miucha de Abreu Bianchi,Primeira Instância,Thaia - Escritório RST&A,Maycon Nunes Verissimo Gimenes,Vícios Construtivos,Cível,Ativo
0010099-87.2026.5.15.0062,Pacaembu Construtora S/A,Andreia Soares de Araujo,Primeira Instância,Jurídico Trabalhista,Gabriel Rissinoli Martins,,Trabalhista,Ativo
0010054-60.2026.5.15.0005,Pacaembu Construtora S/A,Laerte Rocha Souza,Primeira Instância,Jurídico Trabalhista,José Evandro Pereira da Silva Lopes,,Trabalhista,Ativo
0000173-57.2026.8.16.0045,Pacaembu Arapongas 563 - Empreendimento Imobiliário Ltda.,Prefeitura Municipal de Arapongas,Primeira Instância,Serur Advogados,Procurador do Município de Arapongas,Mandado de Segurança,Tributário,Ativo
1006528-33.2025.8.26.0624,Haus Compra e Venda de Bens Imóveis Ltda.,Prefeitura Municipal de Tatui,Primeira Instância,Jurídico Interno Cível,Procuradoria do Estado de São Paulo,Execução Fiscal - IPTU,Tributário,Ativo
0012806-94.2025.5.15.0116,Pacaembu Construtora S/A,Celso Soares de Lima,Primeira Instância,Jurídico Trabalhista,Alex Fernandes Carriel,,Trabalhista,Ativo
1532643-81.2025.8.26.0576,Haus Compra e Venda de Bens Imóveis Ltda.,Município São José do Rio Preto,Primeira Instância,Jurídico Interno Cível,Procuradoria do Estado de São Paulo,Execução Fiscal - IPTU,Tributário,Ativo
0013175-93.2025.5.15.0082,Pacaembu Construtora S/A,Robson Araújo dos Santos,Primeira Instância,Jurídico Trabalhista,José Evandro Pereira,,Trabalhista,Ativo
4008755-89.2025.8.26.0576,Pacaembu Construtora S/A,Paulo Henrique Oliveira Martins,Primeira Instância,Thaia - Escritório RST&A,José Roberto Russo,Vícios Construtivos e muro de arrimo,Cível,Ativo
4003850-91.2025.8.26.0624,Pacaembu Tatuí Lagoa Vermelha 367 - Empreendimento Imobiliario Ltda,Dayele Cristina de Sousa Lerci,Primeira Instância,Escritório Reis & Souza Advogados,Murilo Henrique da Silva,Ação Declaratória de Inexistência Contratual,Cível,Ativo
4012138-75.2025.8.26.0576,Pacaembu Construtora S/A,Ian Rodrigo Cruz,Primeira Instância,Escritório Reis & Souza Advogados,Marcos Cesar Chagas Perez,Vícios Construtivos,Cível,Ativo
4012133-53.2025.8.26.0576,Pacaembu Construtora S/A,Elcio Norberto de Souza,Primeira Instância,Escritório Reis & Souza Advogados,Marcos Cesar Chagas Perez,Vícios Construtivos,Cível,Ativo
4012579-56.2025.8.26.0576,Pacaembu Construtora S/A,Renato Ferreira de Souza,Primeira Instância,Thaia - Escritório RST&A,José Roberto Russo,Vícios Construtivos e muro de arrimo,Cível,Ativo
4012336-15.2025.8.26.0576,Pacaembu Construtora S/A,Irineu Teodosio,Primeira Instância,Escritório Reis & Souza Advogados,Marcos Cesar Chagas Perez,Vícios Construtivos,Cível,Ativo
1016130-82.2025.8.26.0451,Pacaembu Piracicaba Incorporadora Ltda.,Josenilda Correa de Lima,Primeira Instância,Bentivegna e Ribeiro Advogados,Yara Regina Araujo Richter,Ação de Indenização de Danos Morais e Materiais,Cível,Ativo
4008834-84.2025.8.26.0506,Pacaembu Construtora S/A,Iago Sestari Machado,Primeira Instância,Escritório Reis & Souza Advogados,Fracele Cristina Machado,Vícios Construtivos,Cível,Ativo
0014568-88.2025.8.16.0045,Pacaembu Arapongas 2 - Empreendimento Imobiliarios Ltda.,Tania Cristina Martins dos Santos,Primeira Instância,Bruno - Escritório Reis e Souza,Eduardo Alexandre Antoniassi,Ação Reparatória de Danos Materiais e Morais,Cível,Ativo
4006547-35.2025.8.26.0576,Pacaembu Água Santa - Empreendimento Imobiliário Ltda.,Raphael Issa,Primeira Instância,Thaia - Escritório RST&A,Raphael Issa,Vícios Construtivos,Cível,Ativo
1002116-20.2025.5.02.0061,Pacaembu Construtora S/A,Mariani Tavares Ferreira,Primeira Instância,Jurídico Trabalhista,Arthur Albuquerque de Carvalho,,Trabalhista,Ativo
0011784-74.2025.5.15.0027,Pacaembu Construtora S/A,Wilame Gonçalves de Souza,Primeira Instância,Jurídico Trabalhista,Vandrea Cristine Moreira Pascoalão,,Trabalhista,Ativo
4011635-54.2025.8.26.0576,Pacaembu Construtora S/A,Aryell Matos de Amorim,Primeira Instância,Escritório Reis & Souza Advogados,Marcos Cesar Chagas Perez,Vícios Construtivos,Cível,Ativo
4009955-21.2025.8.26.0451,Pacaembu Construtora S/A,Tatiane Fernandes Faggionato,Primeira Instância,Bruno - Escritório RST&A,Guilherme Mendonça Mendes de Oliveira,Caixa de Esgoto,Cível,Ativo
0014460-59.2025.8.16.0045,Pacaembu Construtora S/A,Leonardo dos Santos Dantas,Primeira Instância,Bentivegna e Ribeiro Advogados,Eduardo Alexandre Antoniassi,Vícios Construtivos e muro de arrimo,Cível,Ativo
0013388-37.2025.8.16.0045,Pacaembu Construtora S/A,Glaucia das Graças Palacio Padua,Primeira Instância,Bentivegna e Ribeiro Advogados,Eduardo Alexandre Antoniassi,Vícios Construtivos e muro de arrimo,Cível,Ativo
0011782-07.2025.5.15.0027,Pacaembu Construtora S/A,Kauan Santos Oliveira,Primeira Instância,Jurídico Trabalhista,Vandrea Cristine Moreira Pascoalão,,Trabalhista,Ativo
0011781-22.2025.5.15.0027,Pacaembu Construtora S/A,Andre de Morais Oliveira,Primeira Instância,Jurídico Trabalhista,Vandrea Cristine Moreira Pascoalão,,Trabalhista,Ativo
0011776-97.2025.5.15.0027,Pacaembu Construtora S/A,Diego Michel de Matos Pereira,Primeira Instância,Jurídico Trabalhista,Vandrea Cristine Moreira Pascoalão,,Trabalhista,Ativo
0011775-15.2025.5.15.0027,Pacaembu Construtora S/A,Andre Pereira de Santana,Primeira Instância,Jurídico Trabalhista,Vandrea Cristine Moreira Pascoalão,,Trabalhista,Ativo
0011780-37.2025.5.15.0027,Pacaembu Construtora S/A,Wanderson de Morais Oliveira,Primeira Instância,Jurídico Trabalhista,Vandrea Cristine Moreira Pascoalão,,Trabalhista,Ativo
0011779-52.2025.5.15.0027,Pacaembu Construtora S/A,Rikelmy Alves Nunes,Primeira Instância,Jurídico Trabalhista,Vandrea Cristine Moreira Pascoalão,,Trabalhista,Ativo
0011777-82.2025.5.15.0027,Pacaembu Construtora S/A,Maecio dos Santos,Primeira Instância,Jurídico Trabalhista,Vandrea Cristine Moreira Pascoalão,,Trabalhista,Ativo
0011785-59.2025.5.15.0027,Pacaembu Construtora S/A,Kelvy Alves Nunes,Primeira Instância,Jurídico Trabalhista,Vandrea Cristine Moreira Pascoalão,,Trabalhista,Ativo
0011786-44.2025.5.15.0027,Pacaembu Construtora S/A,José Maria Rodrigues,Primeira Instância,Jurídico Trabalhista,Vandrea Cristine Moreira Pascoalão,,Trabalhista,Ativo
0002820-06.2025.8.16.0192,Pacaembu Construtora S/A,Marcelo Luiz Dal Molin,Primeira Instância,Thaia - Escritório RST&A,Helder Sansel de Souza Silva,Indenização por Dano Ambiental,Cível,Ativo
0001335-10.2025.5.23.0003,Pacaembu Construtora S/A,Elvis Luan Almeida Cardim,Primeira Instância,Jurídico Trabalhista,Paula Fernanda Winter Buss,,Trabalhista,Ativo
0013158-30.2025.5.15.0091,Pacaembu Piratininga 464 - Empreendimento Imobiliario LTDA,Rita de Cassia Bamonte,Primeira Instância,Jurídico Trabalhista,Virginia Soares de Chechi,,Trabalhista,Ativo
4009949-14.2025.8.26.0451,Pacaembu Construtora S/A,Igles Dias Bicalho,Primeira Instância,Bentivegna e Ribeiro Advogados,Guilherme Mendonça Mendes de Oliveira,Caixa de Esgoto,Cível,Ativo
4014132-57.2025.8.26.0506,Poá Empreendimento Imobiliário Ltda,Iara Felismina de Oliveira Santos,Primeira Instância,Bentivegna e Ribeiro Advogados,Indeterminado,Obrigação de Fazer / Não Fazer,Cível,Ativo
0012064-53.2025.5.15.0089,Pacaembu Bauru Azevedo - Empreendimento Imobiliário Ltda.,Adeilton dos Santos Silva,Primeira Instância,Jurídico Trabalhista,Williana de Fátima Oja,,Trabalhista,Ativo
0001676-51.2025.5.10.0018,Pacaembu Construtora S/A,Maiara dos Santos Souza,Primeira Instância,Jurídico Trabalhista,,,Trabalhista,Ativo
0001685-22.2025.5.08.0130,Pacaembu Construtora S/A,Jefferson de Freitas Oliveira,Primeira Instância,Jurídico Trabalhista,Andre Luyz da Silveira Marques,,Trabalhista,Ativo
4001773-46.2025.8.26.0451,Pacaembu Piracicaba Incorporadora Ltda.,Keven Silva Mendonça,Primeira Instância,Bentivegna e Ribeiro Advogados,Yara Regina Araujo Richter,Vícios Construtivos,Cível,Ativo
0003326-26.2025.8.16.0048,Pacaembu Assis Chateaubriand 447 - Empreendimento Imobiliario LTDA,R Cardoso de Moraes Lotes Ltda.,Primeira Instância,Thaia - Escritório RST&A,Guilherme Henrique Canal da Rocha,Ação de Cobrança,Cível,Ativo
4009956-06.2025.8.26.0451,Pacaembu Construtora S/A,Rosangela da Silva Aprijo,Primeira Instância,Bruno - Escritório RST&A,Guilherme Mendonça Mendes de Oliveira,Caixa de Esgoto,Cível,Ativo
0024996-13.2025.8.16.0019,Vida Nova Ponta Grossa - Empreendimento Imobiliário Ltda.,William Rafael Meira Govea,Primeira Instância,Thaia - Escritório RST&A,João Douglas Gonçalves,Entrega de chaves,Cível,Ativo
4010197-77.2025.8.26.0451,Pacaembu Piracicaba Com Viva - Empreendimento Imobiliário Ltda.,Wenderson Alessandro Abel dos Santos,Primeira Instância,Thaia - Escritório RST&A,Stefany Marie Pereira,Vícios Construtivos,Cível,Ativo
0012221-82.2025.8.16.0045,Pacaembu Construtora S/A,Edson dos Santos,Primeira Instância,Escritório Reis & Souza Advogados,Tirone Cardozo de Aguiar,Vícios Construtivos,Cível,Ativo
4009864-28.2025.8.26.0451,Pacaembu Construtora S/A,Jeremias de Jesus Nascimento,Primeira Instância,Bentivegna e Ribeiro Advogados,Guilherme Mendonça Mendes de Oliveira,Caixa de Esgoto,Cível,Ativo
1014614-27.2025.8.26.0451,Pacaembu Construtora S/A,Talita de Oliveira Lima,Primeira Instância,Bruno - Escritório RST&A,Guilherme Mendonça Mendes de Oliveira,Caixa de Esgoto,Cível,Ativo
0001959-71.2025.5.10.0019,Pacaembu Construtora S/A,Lucas Ferreira dos Santos,Primeira Instância,Jurídico Trabalhista,Aliny Vaz Vieira,,Trabalhista,Ativo
4004115-59.2025.8.26.0506,Poá Empreendimento Imobiliário Ltda,Paulo Cesar Vieira Amarante,Primeira Instância,Jurídico Interno Cível,Marco Tulio Nascimento Martins,IPTU,Cível,Ativo
0011908-26.2025.5.15.0102,Pacaembu Construtora S/A,Emerson de Oliveira Souza,Primeira Instância,Jurídico Trabalhista,Antonio Maria Salvador,,Trabalhista,Ativo
1014289-52.2025.8.26.0451,Pacaembu Construtora S/A,Ariane Aparecida Bispo de Franca,Primeira Instância,Bentivegna e Ribeiro Advogados,Guilherme Mendonça Mendes de Oliveira,Caixa de Esgoto,Cível,Ativo
0012548-27.2025.8.16.0045,Pacaembu Construtora S/A,Pamela Cristina da Cruz,Primeira Instância,Thaia - Escritório RST&A,Tirone Cardozo de Aguiar,Vícios Construtivos,Cível,Ativo
1034415-55.2025.8.26.0506,Poá Empreendimento Imobiliário Ltda,Adriana Teresa Fava,Primeira Instância,Escritório Reis & Souza Advogados,Luciana Rodrigues de Lima,Ação cominatória,Cível,Ativo
1014114-58.2025.8.26.0451,Pacaembu Construtora S/A,Maria Aparecida Batista Coelho,Primeira Instância,Bruno - Escritório RST&A,Guilherme Mendonça Mendes de Oliveira,Caixa de Esgoto,Cível,Ativo
0012689-12.2025.5.15.0017,Pacaembu São José do Rio Preto 395 - Empreendimento Imobiliario Ltda,Valdineia Pereira da Silva,Primeira Instância,Jurídico Trabalhista,Claucia Poltronieri,,Trabalhista,Ativo
4003556-73.2025.8.26.0451,Pacaembu Piracicaba Incorporadora Ltda.,Franciele Wust Grance,Primeira Instância,Bentivegna e Ribeiro Advogados,Yara Regina Araujo Richter,Vícios Construtivos,Cível,Ativo
1014322-42.2025.8.26.0451,Pacaembu Construtora S/A,Jonathan Jardim Ramos da Silva,Primeira Instância,Bentivegna e Ribeiro Advogados,Guilherme Mendonça Mendes de Oliveira,Caixa de Esgoto,Cível,Ativo
4006039-89.2025.8.26.0576,Pacaembu Construtora S/A,Emerson Barbosa Silva,Primeira Instância,Escritório Reis & Souza Advogados,Marcos Cesar Chagas Perez,Vícios Construtivos,Cível,Ativo
4005963-65.2025.8.26.0576,Pacaembu Construtora S/A,Rosiele Barbosa Silva,Primeira Instância,Thaia - Escritório RST&A,Marcos Cesar Chagas Perez,Vícios Construtivos,Cível,Ativo
4005903-92.2025.8.26.0576,Pacaembu Construtora S/A,Vinicius Henrique Da Silva Teixeira,Primeira Instância,Thaia - Escritório RST&A,Lucas Guilherme da Silva Teixeira,Vícios Construtivos,Cível,Ativo
4005252-60.2025.8.26.0576,Pacaembu Construtora S/A,Josiele Barbosa da Silva,Primeira Instância,Escritório Reis & Souza Advogados,Marcos Cesar Chagas Perez,Vícios Construtivos,Cível,Ativo
4005238-76.2025.8.26.0576,Pacaembu Construtora S/A,Maria Daniela Barbosa Silva,Primeira Instância,Thaia - Escritório RST&A,Marcos Cesar Chagas Perez,Vícios Construtivos,Cível,Ativo
1005562-39.2025.8.26.0408,Pacaembu Construtora S/A,Janaina Ruiz Cardoso Ribeiro,Primeira Instância,Escritório Reis & Souza Advogados,Fernando Alves de Moura,Negativação indevida,Cível,Ativo
1020443-02.2025.8.26.0576,Pacaembu Construtora S/A,Silvana Goncalves da Silva,Primeira Instância,Thaia - Escritório RST&A,Guilherme Mendonça Mendes de Oliveira,Vícios Construtivos,Cível,Ativo
1051393-44.2024.8.26.0506,Poá Empreendimento Imobiliário Ltda,Município de Ribeirão Preto,Primeira Instância,Jurídico Interno Cível,Procurador do Município de Ribeirão Preto,Execução Fiscal - IPTU,Tributário,Ativo
4004020-73.2025.8.26.0071,Vida Nova Primavera do Leste 394 - Empreendimento Imobiliário Ltda,V.J. Caceano - ME,Primeira Instância,Thaia - Escritório RST&A,N/A,Sustação de Protesto,Cível,Ativo
1007712-58.2025.8.26.0451,Pacaembu Piracicaba Incorporadora Ltda.,Natalia Caroline Guedes da Silva,Primeira Instância,Bruno - Escritório RST&A,Everton de Oliveira Gil,Vícios Construtivos,Cível,Ativo
4000895-11.2025.8.26.0132,Pacaembu Construtora S/A,Jackeline Soares de Oliveira,Primeira Instância,Escritório Reis & Souza Advogados,Hugo Renato Vinhatico de Britto,Negativação indevida,Cível,Ativo
4001633-12.2025.8.26.0451,Pacaembu Piracicaba Incorporadora Ltda.,Maria José da Silva Bezerra,Primeira Instância,Bruno - Escritório RST&A,Everton de Oliveira Gil,Vícios Construtivos,Cível,Ativo
4005028-25.2025.8.26.0576,Pacaembu Construtora S/A,Altair Fernando de Souza Dias,Primeira Instância,Escritório Reis & Souza Advogados,Marcos Cesar Chagas Perez,Vícios Construtivos,Cível,Ativo
4003694-53.2025.8.26.0576,Pacaembu Construtora S/A,Lucas de Oliveira Broncaneli Carana,Primeira Instância,Escritório Reis & Souza Advogados,Marcos Cesar Chagas Perez,Vícios Construtivos e muro de arrimo,Cível,Ativo
4004579-67.2025.8.26.0576,Pacaembu São José do Rio Preto 405 - Empreendimento Imobiliário Ltda.,M&A Naves Gestão Administrativa Ltda,Primeira Instância,Thaia - Escritório RST&A,Robson Geraldo Costa,Anulatória de Leilão extrajudicial,Cível,Ativo
1008799-89.2025.8.26.0664,Pacaembu Votuporanga 366 - Empreendimento Imobiliário Ldta.,Nadia Regina de Paula,Primeira Instância,Thaia - Escritório RST&A,Fabiano Fabiano,Ação de Rescisão Contratual,Cível,Ativo
4004575-30.2025.8.26.0576,Pacaembu São José do Rio Preto 405 - Empreendimento Imobiliário Ltda.,M&A Naves Gestão Administrativa Ltda,Primeira Instância,Thaia - Escritório RST&A,Robson Geraldo Costa,Alienação Fiduciária,Cível,Ativo
4001000-41.2025.8.26.0664,Pacaembu Construtora S/A,Tania Luci Mendes,Primeira Instância,Thaia - Escritório RST&A,José Roberto Russo,Vícios Construtivos,Cível,Ativo
4003809-74.2025.8.26.0576,Pacaembu Construtora S/A,Leia Cristina Eugenio,Primeira Instância,Escritório Reis & Souza Advogados,Marcos Cesar Chagas Perez,Vícios Construtivos,Cível,Ativo
4003804-52.2025.8.26.0576,Pacaembu Construtora S/A,Indaiá Maria de Souza Silva,Primeira Instância,Escritório Reis & Souza Advogados,Marcos Cesar Chagas Perez,Vícios Construtivos,Cível,Ativo
0001084-13.2025.5.22.0102,Pacaembu Construtora S/A,Ernando Rodrigues Ferreira,Primeira Instância,Jurídico Trabalhista,Raymsandreson de Morais Prudêncio,,Trabalhista,Ativo
1050222-52.2024.8.26.0506,Poá Empreendimento Imobiliário Ltda,Município de Ribeirão Preto,Primeira Instância,Jurídico Interno Cível,Procurador do Município de Ribeirão Preto,Execução Fiscal - IPTU,Tributário,Ativo
1008555-63.2025.8.26.0664,Pacaembu Construtora S/A,Superintendencia de Água e Esgoto e Meio Ambiente de Votuporanga,Primeira Instância,Thaia - Escritório RST&A,Procuradoria do Estado de São Paulo,Reparação de danos,Cível,Ativo
4003689-31.2025.8.26.0576,Pacaembu Construtora S/A,Sonia Pereira de Oliveira,Primeira Instância,Thaia - Escritório RST&A,Marcos Cesar Chagas Perez,Vícios Construtivos,Cível,Ativo
4001572-54.2025.8.26.0451,Pacaembu Piracicaba Incorporadora Ltda.,Edna Aparecida Beraldo,Primeira Instância,Bentivegna e Ribeiro Advogados,Yara Regina Araujo Richter,Vícios Construtivos,Cível,Ativo
1060915-95.2024.8.26.0506,Poá Empreendimento Imobiliário Ltda,Município de Ribeirão Preto,Primeira Instância,Jurídico Interno Cível,Procurador do Município de Ribeirão Preto,Execução Fiscal - IPTU,Tributário,Ativo
1014712-12.2025.8.26.0451,Pacaembu Piracicaba Incorporadora Ltda.,Gisele Cristina do Carmo,Primeira Instância,Bentivegna e Ribeiro Advogados,Yara Regina Araujo Richter,Vícios Construtivos,Cível,Ativo
1051426-34.2024.8.26.0506,Poá Empreendimento Imobiliário Ltda,Município de Ribeirão Preto,Primeira Instância,Jurídico Interno Cível,Procurador do Município de Ribeirão Preto,Execução Fiscal - IPTU,Tributário,Ativo
1052860-58.2024.8.26.0506,Poá Empreendimento Imobiliário Ltda,Município de Ribeirão Preto,Primeira Instância,Jurídico Interno Cível,Procurador do Município de Ribeirão Preto,Execução Fiscal - IPTU,Tributário,Ativo
1014631-63.2025.8.26.0451,Pacaembu Piracicaba Incorporadora Ltda.,Daniele de Matos Rodrigues,Primeira Instância,Bentivegna e Ribeiro Advogados,Guilherme Mendonça Mendes de Oliveira,Caixa de Esgoto,Cível,Ativo
0001048-32.2025.5.23.0008,Pacaembu Construtora S/A,Daniel Fernandes Pereira,Primeira Instância,Jurídico Trabalhista,José Aldenísio Júnior,,Trabalhista,Ativo
0012306-93.2025.5.15.0062,Pacaembu Construtora S/A,Flavya Selleny Alves Figueiredo,Primeira Instância,Jurídico Trabalhista,Evelyn Mayara Petrone Saturnino,,Trabalhista,Ativo
1008450-10.2025.8.26.0269,Pacaembu Itapetininga Cristovao Colombo,Prefeitura de Itapetininga,Primeira Instância,Serur Advogados,Procurador do Município de Itapetininga,ISS - Imposto Sobre Serviços,Tributário,Ativo
1047026-40.2025.8.26.0506,Pacaembu Construtora S/A,Sonia Aparecida da Silva,Primeira Instância,Bruno - Escritório RST&A,Lucas Fernando Varela,Vícios Construtivos,Cível,Ativo
0012536-13.2025.8.16.0045,Pacaembu Construtora S/A,Cristoffer Ferreira de Oliveira,Primeira Instância,Escritório Reis & Souza Advogados,Tirone Cardozo de Aguiar,Vícios Construtivos,Cível,Ativo
0011297-07.2025.5.15.0027,Pacaembu Construtora S/A,Adão Santos e Mais (1),Primeira Instância,Jurídico Trabalhista,Vandrea Cristine Moreira Pascoalão,,Trabalhista,Ativo
0011311-88.2025.5.15.0027,Pacaembu Construtora S/A,Wellington Francisco Gonçalves de Souza,Primeira Instância,Jurídico Trabalhista,Vandrea Cristine Moreira Pascoalão,,Trabalhista,Ativo
1008978-32.2025.8.26.0079,Pacaembu Construtora S/A,Aref Benyammine El Adass,Primeira Instância,Escritório Reis & Souza Advogados,N/A,Execução de Título Extrajudicial,Cível,Ativo
1014308-58.2025.8.26.0451,Pacaembu Construtora S/A,Janaine Alves Moreira,Primeira Instância,Bentivegna e Ribeiro Advogados,Guilherme Mendonça Mendes de Oliveira,Caixa de Esgoto,Cível,Ativo
4001446-04.2025.8.26.0451,Pacaembu Piracicaba Incorporadora Ltda.,Cileudo Lima de Oliveira,Primeira Instância,Bentivegna e Ribeiro Advogados,Yara Regina Araujo Richter,Vícios Construtivos,Cível,Ativo
1020396-28.2025.8.26.0576,Pacaembu Construtora S/A,Maeli Luiza de Souza,Primeira Instância,Thaia - Escritório RST&A,Guilherme Mendonça Mendes de Oliveira,Vícios Construtivos,Cível,Ativo
1035925-87.2025.8.26.0576,Pacaembu Água Santa - Empreendimento Imobiliário Ltda.,Guilherme Capatti Cardoso,Primeira Instância,Escritório Reis & Souza Advogados,Guilherme Capatti Cardoso,Indenização por Danos Morais,Cível,Ativo
4001836-47.2025.8.26.0071,Pacaembu Construtora S/A,Beatriz Rodrigues de Melo Penholato,Primeira Instância,Escritório Reis & Souza Advogados,Cristiano Teixeira Pombo Gonçalves D'abril,Cobrança indevida,Cível,Ativo
1044977-26.2025.8.26.0506,Poá Empreendimento Imobiliário Ltda,Suellen de Freitas,Primeira Instância,Bruno - Escritório RST&A,N/A,Obrigação de Fazer / Não Fazer,Cível,Ativo
0010784-05.2025.5.15.0103,Pacaembu Araçatuba I - Empreendimento Imobiliário LTDA,Fatima Ferreira dos Santos,Primeira Instância,Jurídico Trabalhista,Carlos Henrique Firmino Jodas,,Trabalhista,Ativo
1033840-31.2025.8.26.0576,Pacaembu Construtora S/A,Daniel Moraes Gomes da Trindade,Primeira Instância,Escritório Reis & Souza Advogados,Marcos Cesar Chagas Perez,Vícios Construtivos,Cível,Ativo
1014130-12.2025.8.26.0451,Pacaembu Piracicaba Incorporadora Ltda.,Thiago Duarte Oliveira,Primeira Instância,Bruno - Escritório RST&A,Guilherme Mendonça Mendes de Oliveira,Caixa de Esgoto,Cível,Ativo
1041374-42.2025.8.26.0506,Poá Empreendimento Imobiliário Ltda,Danila Renata de Freitas Gomes de Moura,Primeira Instância,Escritório Reis & Souza Advogados,Rodrigo Augusto Ivani,Alienação Fiduciária,Cível,Ativo
4001451-02.2025.8.26.0071,Pacaembu Cafelândia - 364 - Empreendimento Imobiliário Ltda.,CH Xavier Estruturas Metálicas Ltda.,Primeira Instância,Escritório Reis & Souza Advogados,Daniel Kruschewsky Bastos,Ação de Cobrança,Cível,Ativo
1007166-64.2025.8.26.0269,Pacaembu Itapetininga Cristovao Colombo,Prefeitura do Município de Itapetininga,Primeira Instância,Serur Advogados,Procurador do Município de Itapetininga,ISS - Imposto Sobre Serviços,Tributário,Ativo
1035197-46.2025.8.26.0576,Pacaembu São José do Rio Preto 336 - Empreendimento Imobiliário Ltda.,Réu desconhecido,Primeira Instância,Jurídico Interno Cível,N/A,Reintegração de posse,Cível,Ativo
1001991-20.2025.5.02.0201,Pacaembu Construtora S/A,Renata Cristiane da Silva Oliveira,Primeira Instância,Jurídico Trabalhista,Valmir Palu,,Trabalhista,Ativo
1017721-68.2025.8.26.0196,Pacaembu Construtora S/A,Sandra Maria de Souza,Primeira Instância,Thaia - Escritório RST&A,Guilherme Mendonça Mendes de Oliveira,Vícios Construtivos,Cível,Ativo
1010683-46.2025.8.26.0344,Pacaembu Construtora S/A,Luciano Caprari Pereira,Primeira Instância,Thaia - Escritório RST&A,Guilherme Mendonça Mendes de Oliveira,Vícios Construtivos,Cível,Ativo
0003499-59.2025.8.16.0045,Pacaembu Construtora S/A,Douglas Henrique de Souza Freire,Primeira Instância,Bentivegna e Ribeiro Advogados,Leonardo de Almeida Zanetti,Vícios Construtivos,Cível,Ativo
1520480-69.2025.8.26.0576,Vida Nova Dignidade 2 Empreendimento Imobiliário ltda,Município São José do Rio Preto,Primeira Instância,Jurídico Interno Cível,Procuradoria do Estado de São Paulo,Execução Fiscal - Licença de Publicidade,Cível,Ativo
1000657-35.2025.8.26.0458,Município de Piratininga,Rosa Maria Julião Coimbra,Primeira Instância,Procuradoria do Estado de São Paulo,N/A,Instituição de Servidão,Cível,Ativo - não Pacaembu
0002638-64.2025.8.16.0048,Pacaembu Assis Chateaubriand 447 - Empreendimento Imobiliario LTDA,R Cardoso de Moraes Lotes Ltda.,Primeira Instância,Thaia - Escritório RST&A,N/A,Declaratória de Inexigibilidade de Crédito,Cível,Ativo
0011399-37.2025.5.15.0089,Pacaembu Construtora S/A,Rafael Plakitquen Vicente,Primeira Instância,Jurídico Trabalhista,Rodrigo Amaral Catto,,Trabalhista,Ativo
1032382-76.2025.8.26.0576,Pacaembu Construtora S/A,Juraci de Souza,Primeira Instância,Escritório Reis & Souza Advogados,José Roberto Russo,Vícios Construtivos,Cível,Ativo
1004915-30.2025.8.26.0445,Pacaembu Construtora S/A,Danielle dos Anjos Nascimento,Primeira Instância,Escritório Reis & Souza Advogados,Reginaldo Marceano da Fonseca,Vícios Construtivos,Cível,Ativo
1014106-81.2025.8.26.0451,Pacaembu Construtora S/A,Hellen Ester da Conceicao Ferreira,Primeira Instância,Bentivegna e Ribeiro Advogados,Guilherme Mendonça Mendes de Oliveira,Caixa de Esgoto,Cível,Ativo
1001048-80.2025.8.26.0137,Pacaembu Construtora S/A,Benedita Rodrigues Vilas Boas,Primeira Instância,Bentivegna e Ribeiro Advogados,Mateus Burani de Campos,Inexistência de relação jurídica,Cível,Ativo
5048475-19.2025.8.13.0702,Pacaembu Uberlândia - Empreendimento Imobiliário Ltda.,1º Ofício de Registro de Imóveis de Uberlândia,Primeira Instância,Serur Advogados,Jus Postulandi,Cobrança de Emolumentos,Tributário,Ativo
1011118-68.2025.8.26.0037,Pacaembu Araraquara 271 - Empreendimento Imobiliario Ltda,Secretario da Fazenda do Município de Araraquara,Primeira Instância,Jurídico Interno Cível,Procurador do Município de Araraquara,Cobrança indevida - ITBI,Tributário,Ativo
0021898-20.2025.8.16.0019,Pacaembu Construtora S/A,Emmanuel Christoforo,Primeira Instância,Escritório Reis & Souza Advogados,Amanda Thaís Bonette,Retenção de chave,Cível,Ativo
1016538-62.2025.8.26.0196,Pacaembu Construtora S/A,Watilas Aparecido dos Santos,Primeira Instância,Thaia - Escritório RST&A,Guilherme Mendonça Mendes de Oliveira,Vícios Construtivos,Cível,Ativo
0000849-27.2025.5.09.0678,Pacaembu Ponta Grossa 525 - Empreendimento Imobiliário Ltda.,Diemerson Costa Leite,Primeira Instância,Jurídico Trabalhista,Jefferson Silva,,Trabalhista,Ativo
1013892-90.2025.8.26.0451,Pacaembu Piracicaba Incorporadora Ltda.,Denilson Aparecido da Silva,Primeira Instância,Bentivegna e Ribeiro Advogados,Yara Regina Araujo Richter,Vícios Construtivos,Cível,Ativo
1013826-13.2025.8.26.0451,Pacaembu Piracicaba Com Viva - Empreendimento Imobiliário Ltda.,Cleiton Fernandes da Silva,Primeira Instância,Escritório Reis & Souza Advogados,Lenita Davanzo,Muro de Arrimo,Cível,Ativo
0003181-58.2025.8.16.0148,Pacaembu Arapongas 2 - Empreendimento Imobiliarios Ltda.,Beatriz Cristina Mateus Lima,Primeira Instância,Escritório Reis & Souza Advogados,Iris Soraia Inez,Inexigibilidade de débito,Cível,Ativo
1027962-28.2025.8.26.0576,Pacaembu Construtora S/A,Alessandra Bianchi Donizete,Primeira Instância,Escritório Reis & Souza Advogados,José Roberto Russo,Vícios Construtivos,Cível,Ativo
1026359-17.2025.8.26.0576,Pacaembu Construtora S/A,Stephanie Parise,Primeira Instância,Thaia - Escritório RST&A,Guilherme Mendonça Mendes de Oliveira,Vícios Construtivos,Cível,Ativo
1012930-67.2025.8.26.0451,Pacaembu Construtora S/A,Alexandre Rosario Junior,Primeira Instância,Bentivegna e Ribeiro Advogados,Guilherme Mendonça Mendes de Oliveira,Caixa de Esgoto,Cível,Ativo
1012929-82.2025.8.26.0451,Pacaembu Construtora S/A,Aline Joyce Alves da Silva,Primeira Instância,Bentivegna e Ribeiro Advogados,Guilherme Mendonça Mendes de Oliveira,Caixa de Esgoto,Cível,Ativo
0011572-98.2025.5.15.0012,Pacaembu Piracicaba Incorporadora Ltda.,Valdeci José Campos,Primeira Instância,Jurídico Trabalhista,Isabella dos Santos Marzo,,Trabalhista,Ativo
1012326-09.2025.8.26.0451,Pacaembu Piracicaba Com Viva - Empreendimento Imobiliário Ltda.,Willian Lopes da Costa,Primeira Instância,Thaia - Escritório RST&A,Stefany Marie Pereira,Muro de Arrimo,Cível,Ativo
0031841-72.2008.8.26.0506,E.w. Almeida Participacoes e Empreendimentos Imobiliarios,Ministério Público do Estado de São Paulo,Primeira Instância,Escritório Reis & Souza Advogados,Ministério Público do Estado de São Paulo,Ação Civil Pública,Cível,Ativo - não Pacaembu
0000728-88.2025.5.23.0005,Pacaembu Construtora S/A,Sheldon Bolandim Loiola,Primeira Instância,Jurídico Trabalhista,José Aldenísio Júnior,,Trabalhista,Ativo
1022791-90.2025.8.26.0576,Pacaembu Construtora S/A,José Pereira Filho,Primeira Instância,Escritório Reis & Souza Advogados,José Roberto Russo,Vícios Construtivos,Cível,Ativo
1003910-30.2025.8.26.0038,Pacaembu Araras 392 - Empreendimento Imobiliario LTDA,Prefeitura Municipal de Araras,Primeira Instância,Serur Advogados,Procuradoria do Estado de São Paulo,Aprovação de Projeto,Cível,Ativo
1013916-94.2025.8.26.0071,Pacaembu Bauru Azevedo 2 - Empreendimento Imobiliário Ltda.,José Filho Araújo da Silva,Primeira Instância,Bentivegna e Ribeiro Advogados,Juliana Silva Martinez,Devolução de sinal,Cível,Ativo
1011949-38.2025.8.26.0451,Pacaembu Construtora S/A,Matheus dos Santos Pacheco,Primeira Instância,Bruno - Escritório RST&A,Guilherme Mendonça Mendes de Oliveira,Caixa de Esgoto,Cível,Ativo
1010721-28.2025.8.26.0451,Pacaembu Piracicaba Incorporadora Ltda.,Adriele Souza Regis,Primeira Instância,Bentivegna e Ribeiro Advogados,Guilherme Mendonça Mendes de Oliveira,Caixa de Esgoto,Cível,Ativo
1010068-26.2025.8.26.0451,Pacaembu Piracicaba Incorporadora Ltda.,Guilherme de Moraes Alexandre,Primeira Instância,Bentivegna e Ribeiro Advogados,Guilherme Mendonça Mendes de Oliveira,Caixa de Esgoto,Cível,Ativo
1010063-04.2025.8.26.0451,Pacaembu Piracicaba Incorporadora Ltda.,Benicia Maria da Silva,Primeira Instância,Bentivegna e Ribeiro Advogados,Guilherme Mendonça Mendes de Oliveira,Caixa de Esgoto,Cível,Ativo
1009791-10.2025.8.26.0451,Pacaembu Construtora S/A,Richard Ryan Rigo,Primeira Instância,Bruno - Escritório RST&A,Guilherme Mendonça Mendes de Oliveira,Caixa de Esgoto,Cível,Ativo
0011100-10.2025.5.15.0041,Pacaembu Construtora S/A,Donizete Aparecido Ribeiro da Silva,Primeira Instância,Jurídico Trabalhista,Gustavo Pessoa Cruz,,Trabalhista,Ativo
1001299-69.2025.8.26.0664,Pacaembu Votuporanga 366 - Empreendimento Imobiliário Ldta.,Anderson Loide da Silva,Primeira Instância,Escritório Reis & Souza Advogados,Edna Mara da Silva Abou Dehn,Manutenção de vínculo contratual,Cível,Ativo
1009470-72.2025.8.26.0451,Pacaembu Piracicaba Incorporadora Ltda.,Walton da Silva,Primeira Instância,Bruno - Escritório RST&A,Guilherme Mendonça Mendes de Oliveira,Caixa de Esgoto,Cível,Ativo
1009469-87.2025.8.26.0451,Pacaembu Piracicaba Incorporadora Ltda.,Edna Mendes Pereira,Primeira Instância,Bentivegna e Ribeiro Advogados,Guilherme Mendonça Mendes de Oliveira,Caixa de Esgoto,Cível,Ativo
1006167-55.2025.8.26.0320,Pacaembu Piracicaba Incorporadora Ltda.,Marcos Vinicius Carvalho Filho,Primeira Instância,Thaia - Escritório RST&A,Guilherme Mendonça Mendes de Oliveira,Vícios Construtivos,Cível,Ativo
0010869-90.2025.5.15.0070,Pacaembu Construtora S/A,Daniel Silva Barreto,Primeira Instância,Jurídico Trabalhista,Daniela Menegoli Miatello,,Trabalhista,Ativo
5003442-82.2025.4.04.7009,Vida Nova Ponta Grossa - Empreendimento Imobiliário Ltda.,Suely Caroline Paes Babo Alves,Primeira Instância,Thaia - Escritório RST&A,Tainan Felix Laskos,Vícios Construtivos,Cível,Ativo
0006297-90.2025.8.16.0045,Pacaembu Construtora S/A,Antonio Ferreira de Assis,Primeira Instância,Bentivegna e Ribeiro Advogados,Leonardo de Almeida Zanetti,Vícios Construtivos,Cível,Ativo
1020447-39.2025.8.26.0576,Pacaembu Construtora S/A,Ana Julia Soares,Primeira Instância,Escritório Reis & Souza Advogados,Guilherme Mendonça Mendes de Oliveira,Vícios Construtivos,Cível,Ativo
1009498-40.2025.8.26.0451,Pacaembu Piracicaba Incorporadora Ltda.,Thais Gomes Leme Garcia,Primeira Instância,Bruno - Escritório RST&A,Everton de Oliveira Gil,Vícios Construtivos,Cível,Ativo
1021311-77.2025.8.26.0576,Pacaembu Água Santa - Empreendimento Imobiliário Ltda.,Alexandre Eleno de Oliveira,Primeira Instância,Bentivegna e Ribeiro Advogados,N/A,Consignação em pagamento,Cível,Ativo
0010671-53.2025.5.15.0070,Pacaembu Construtora S/A,Francisco Matias dos Santos,Primeira Instância,Jurídico Trabalhista,Gabriel Oreste Zuchi Jorge,,Trabalhista,Ativo
1020950-88.2025.8.26.0114,Pacaembu Piracicaba Incorporadora Ltda.,Izildinha Silvia Rosa de Oliveira,Primeira Instância,Bentivegna e Ribeiro Advogados,Guilherme Mendonça Mendes de Oliveira,Caixa de Esgoto,Cível,Ativo
1019349-19.2025.8.26.0576,Pacaembu São José do Rio Preto - Empreendimento Imobiliário Ltda.,Antônio Ronnald Lima Araujo,Primeira Instância,Escritório Reis & Souza Advogados,Guilherme Mendonça Mendes de Oliveira,Vícios Construtivos,Cível,Ativo
0011030-65.2025.5.15.0017,Pacaembu Construtora S/A,Marcelo de Souza,Primeira Instância,Jurídico Trabalhista,Helder Luis Fortes,,Trabalhista,Ativo
1016761-39.2025.8.26.0576,Pacaembu Água Santa - Empreendimento Imobiliário Ltda.,Gessica Mendonça de Oliveira,Primeira Instância,Escritório Reis & Souza Advogados,Guilherme Mendonça Mendes de Oliveira,Vícios Construtivos,Cível,Ativo
0011058-61.2025.5.15.0137,Pacaembu Construtora S/A,Gabriel Alves de Souza Junior,Primeira Instância,Jurídico Trabalhista,Milton Scanholato Junior,,Trabalhista,Ativo
0005948-87.2025.8.16.0045,Pacaembu Construtora S/A,Josilene de Fátima Juliano Carvalho,Primeira Instância,Bentivegna e Ribeiro Advogados,Leonardo de Almeida Zanetti,Vícios Construtivos,Cível,Ativo
0010946-64.2025.5.15.0017,Pacaembu Construtora S/A,Paulo Sergio Batista,Primeira Instância,Jurídico Trabalhista,Tupa Montemor Pereira,,Trabalhista,Ativo
0005787-77.2025.8.16.0045,Pacaembu Construtora S/A,Rogério de Souza,Primeira Instância,Bruno - Escritório RST&A,Leonardo de Almeida Zanetti,Vícios Construtivos,Cível,Ativo
1505730-79.2021.8.26.0066,Gold Land Barretos,Prefeitura Municipal de Barretos,Primeira Instância,Jurídico Interno Cível,Procuradoria do Estado de São Paulo,Execução Fiscal - IPTU,Cível,Ativo - não Pacaembu
0010650-09.2025.5.15.0028,Pacaembu Catanduva III - Empreendimento Imobiliário Ltda.,Márcio dos Santos,Primeira Instância,Jurídico Trabalhista,Bruno Henrique Valle,,Trabalhista,Ativo
0010437-78.2025.5.15.0100,Pacaembu Construtora S/A,Erico José Alves Neto,Primeira Instância,Jurídico Trabalhista,Gregory Nicholas Moraes Braga,,Trabalhista,Ativo
1050059-09.2023.8.26.0506,Poá Empreendimento Imobiliário Ltda,Prefeitura de Ribeirão Preto,Primeira Instância,Jurídico Interno Cível,Procuradoria do Estado de São Paulo,Execução Fiscal - IPTU,Tributário,Ativo
1007163-48.2025.8.26.0451,Pacaembu Piracicaba Incorporadora Ltda.,Tatiane Cristiane Coelho Barbosa,Primeira Instância,Bruno - Escritório RST&A,Everton de Oliveira Gil,Vícios Construtivos,Cível,Ativo
1513069-72.2025.8.26.0576,Pacaembu São José do Rio Preto - Empreendimento Imobiliário Ltda.,Município São José do Rio Preto,Primeira Instância,Jurídico Interno Cível,Procuradoria do Estado de São Paulo,Execução Fiscal - IPTU,Tributário,Ativo
1513862-11.2025.8.26.0576,Pacaembu São José do Rio Preto - Empreendimento Imobiliário Ltda.,Município São José do Rio Preto,Primeira Instância,Jurídico Interno Cível,Procuradoria do Estado de São Paulo,Execução Fiscal - IPTU,Tributário,Ativo
1007504-74.2025.8.26.0451,Pacaembu Piracicaba Incorporadora Ltda.,José Emilio dos Santos de Jesus,Primeira Instância,Bentivegna e Ribeiro Advogados,Yara Regina Araujo Richter,Vícios Construtivos,Cível,Ativo
1008845-14.2025.8.26.0071,Pacaembu Assis 371 Empreendimento Imobiliário Ltda.,Sermov - Vigilancia e Segurança Patrimonial Ltda.,Primeira Instância,Thaia - Escritório RST&A,Rubens Rufino dos Santos Sobrinho,Execução de Título Extrajudicial,Cível,Ativo
1513071-42.2025.8.26.0576,Pacaembu São José do Rio Preto - Empreendimento Imobiliário Ltda.,Município São José do Rio Preto,Primeira Instância,Jurídico Interno Cível,Procuradoria do Estado de São Paulo,Execução Fiscal - IPTU,Tributário,Ativo
1003857-03.2025.8.26.0506,Poá Empreendimento Imobiliário Ltda,Alexander Rodrigo Crepaldi,Primeira Instância,Escritório Reis & Souza Advogados,Guilherme Mendonça Mendes de Oliveira,Vícios Construtivos,Cível,Ativo
0004456-85.2024.8.16.0048,Pacaembu Construtora S/A,Ricardo Mauricio de Souza,Primeira Instância,Bruno - Escritório RST&A,Pedro Henrique Benassi Perozin,Vícios Construtivos,Cível,Ativo
1511858-98.2025.8.26.0576,Pacaembu São José do Rio Preto - Empreendimento Imobiliário Ltda.,Município São José do Rio Preto,Primeira Instância,Jurídico Interno Cível,Procuradoria do Estado de São Paulo,Execução Fiscal - IPTU,Tributário,Ativo
1053146-56.2025.8.26.0100,Pacaembu Assis 371 Empreendimento Imobiliário Ltda.,Sermov - Vigilancia e Segurança Patrimonial Ltda.,Primeira Instância,Thaia - Escritório RST&A,Rubens Rufino dos Santos Sobrinho,Sustação de Protesto,Cível,Ativo
0010389-15.2025.5.15.0070,Pacaembu Catanduva III - Empreendimento Imobiliário Ltda.,Thiago Manoel da Silva,Primeira Instância,Jurídico Trabalhista,Deigles Willian Duarte Ribeiro,,Trabalhista,Ativo
0010811-92.2025.5.15.0133,Pacaembu Construtora S/A,Fabiano da Silva Nogueira,Primeira Instância,Jurídico Trabalhista,Stenio Augusto Vasques Baldin,,Trabalhista,Ativo
0004772-73.2025.8.16.0045,Pacaembu Construtora S/A,Claudia Renata Domingos,Primeira Instância,Bentivegna e Ribeiro Advogados,Leonardo de Almeida Zanetti,Vícios Construtivos,Cível,Ativo
0003441-56.2025.8.16.0045,Pacaembu Construtora S/A,Aline Alecio de Almeida,Primeira Instância,Bentivegna e Ribeiro Advogados,Leonardo de Almeida Zanetti,Vícios Construtivos,Cível,Ativo
5000704-48.2024.4.03.6116,Pacaembu Assis 371 Empreendimento Imobiliário Ltda.,Edna Benato,Primeira Instância,Escritório Reis & Souza Advogados,Rodolfo Napoli Bonani,Ação de Rescisão Contratual - Alienação Fiduciária,Cível,Ativo
1004329-72.2025.8.26.0451,Pacaembu Piracicaba Com Viva - Empreendimento Imobiliário Ltda.,Guilherme Henrique da Silva Manoel,Primeira Instância,Escritório Reis & Souza Advogados,Yara Regina Araujo Richter,Vícios Construtivos e muro de arrimo,Cível,Ativo
1007604-05.2025.8.26.0071,Pacaembu Bauru - Empreendimento Imobiliário Ltda.,Marlos Mendes Pimenta,Primeira Instância,Thaia - Escritório RST&A,João Guilherme Claro,Vícios Construtivos,Cível,Ativo
1005066-38.2025.8.26.0625,Pacaembu Taubate - Empreendimento Imobiliário LTDA,Prefeitura Municipal de Taubaté,Primeira Instância,Serur Advogados,Procurador do Município de Taubaté,Cobrança indevida - ITBI,Tributário,Ativo
0010719-90.2025.5.15.0044,Pacaembu Construtora S/A,Jocilene Santos de Jesus,Primeira Instância,Jurídico Trabalhista,Ibiraci Navarro Martins,,Trabalhista,Ativo
0010381-97.2025.5.15.0115,Pacaembu Presidente Prudente - Empreendimento Imobiliário Ltda.,José Roberto Matias de Araujo,Primeira Instância,Jurídico Trabalhista,Eduardo da Silva Costa,,Trabalhista,Ativo
1001513-87.2025.8.26.0073,Haus Compra e Venda de Bens Imóveis Ltda.,Prefeitura Municipal de Avaré,Primeira Instância,Jurídico Interno Cível,Procuradoria do Estado de São Paulo,Execução Fiscal,Tributário,Ativo
0005951-23.2025.8.16.0019,Pacaembu Construtora S/A,Leonardo Ezequias de Oliveira,Primeira Instância,Escritório Reis & Souza Advogados,Jocivania Marins Carraro,Ação de Cobrança,Cível,Ativo
5001821-92.2025.4.03.6325,Pacaembu Bauru Azevedo - Empreendimento Imobiliário Ltda.,Debora Rodrigues Gabriel,Primeira Instância,Escritório Reis & Souza Advogados,Vitória Saggioro Sormani Garcia,Tutela Cautelar Antecedente,Cível,Ativo
1000327-73.2025.8.26.0414,Pacaembu Construtora S/A,Regiane Fernandes Montanari,Primeira Instância,Thaia - Escritório RST&A,Juliano César Maldonado Mingati,Negativação indevida,Cível,Ativo
0010328-64.2025.5.15.0100,Pacaembu Assis 371 Empreendimento Imobiliário Ltda.,Luciano Farias Vitalino,Primeira Instância,Jurídico Trabalhista,Teodoro de Filippo,,Trabalhista,Ativo
1005593-56.2025.8.26.0506,Poá Empreendimento Imobiliário Ltda,Andressa Danielle de Araújo Melo,Primeira Instância,Bentivegna e Ribeiro Advogados,Fernando Donizeti Zanchini,Alienação Fiduciária,Cível,Ativo
0010333-05.2025.5.15.0030,Pacaembu Construtora S/A,Carolina Marques dos Santos,Primeira Instância,Jurídico Trabalhista,Fabio Moia Teixeira,,Trabalhista,Ativo
0010319-21.2025.5.15.0030,Pacaembu Construtora S/A,Alcimar Souza Bonfim,Primeira Instância,Jurídico Trabalhista,Eduardo da Silva Costa,,Trabalhista,Ativo
0010596-19.2025.5.15.0133,Pacaembu Construtora S/A,Rogerio Barbosa da SIlva,Primeira Instância,Jurídico Trabalhista,Fabiano Renato Dias Perin,,Trabalhista,Ativo
1008708-69.2025.8.26.0576,Pacaembu Construtora S/A,Maisa Pasquoto Giocondo Finati,Primeira Instância,Thaia - Escritório RST&A,Wadi Atique,Ação Declaratória - Cobrança IPTU,Cível,Ativo
1011854-42.2024.8.26.0451,Pacaembu Piracicaba Incorporadora Ltda.,Marcos Sampaio Rodrigues,Primeira Instância,Bruno - Escritório RST&A,Yara Regina Araujo Richter,Vícios Construtivos,Cível,Ativo
1026696-40.2024.8.26.0576,Pacaembu Papa Empreendimento Imobiliário Ltda,Mariana da Silva Oliveira,Primeira Instância,Thaia - Escritório RST&A,Miller Jean Guapo da Silva,Ação de Rescisão Contratual,Cível,Ativo
1003734-73.2025.8.26.0451,Pacaembu Piracicaba Incorporadora Ltda.,Vagner Gonçalves dos Santos,Primeira Instância,Thaia - Escritório RST&A,Lenita Davanzo,Vícios Construtivos,Cível,Ativo
1008806-54.2025.8.26.0576,Pacaembu Água Santa - Empreendimento Imobiliário Ltda.,Airton Nogueira,Primeira Instância,Bentivegna e Ribeiro Advogados,N/A,Pagamento em Consignação,Cível,Ativo
1001392-32.2025.8.26.0664,Pacaembu Construtora S/A,Alecxandra Menezes Ramos,Primeira Instância,Bentivegna e Ribeiro Advogados,Guilherme Mendonça Mendes de Oliveira,Vícios Construtivos,Cível,Ativo
0083917-14.2024.8.16.0014,Pacaembu Construtora S/A,Israel Antônio Pina,Primeira Instância,Bentivegna e Ribeiro Advogados,Celso José Bonifácio Junior,Cobrança indevida - ITBI,Cível,Ativo
1002897-91.2025.8.26.0071,Pacaembu Construtora S/A,Lidia Maria Caldeira,Primeira Instância,Escritório Reis & Souza Advogados,Camila Ramonholi Chaves,Obrigação de fazer,Cível,Ativo
0010197-86.2025.5.15.0101,Pacaembu Construtora S/A,Jair Soares da Silva,Primeira Instância,Jurídico Trabalhista,Silvan Alves de Lima,,Trabalhista,Ativo
1506554-72.2024.8.26.0344,Ej Administração de Bens Eireli,Prefeitura Municipal de Marília,Primeira Instância,Bentivegna e Ribeiro Advogados,Procuradoria do Estado de São Paulo,Execução Fiscal - IPTU,Cível,Ativo - não Pacaembu
1002776-63.2025.8.26.0071,Pacaembu Construtora S/A,Jorge Eduardo Pedroso Vigentini,Primeira Instância,Bentivegna e Ribeiro Advogados,Thainan Ferreguti,Vícios Construtivos,Cível,Ativo
1002326-47.2025.8.26.0451,Pacaembu Construtora S/A,Ricardo Aparecido Projette,Primeira Instância,Bruno - Escritório RST&A,Guilherme Mendonça Mendes de Oliveira,Vícios Construtivos e Caixa de Esgoto,Cível,Ativo
1000961-07.2025.8.26.0079,Pacaembu Construtora S/A,Diego Augusto Paula Romero,Primeira Instância,Escritório Reis & Souza Advogados,Guilherme Mendonça Mendes de Oliveira,Vícios Construtivos,Cível,Ativo
1053929-19.2023.8.26.0100,Vida Nova Botucatu - Empreendimento Imobiliário Ltda.,Banco Bradesco S/A,Primeira Instância,Jurídico Notificação,Eliane Aburesi,Lote penhorado,Cível,Ativo - não Pacaembu
1002298-79.2025.8.26.0451,Pacaembu Piracicaba Incorporadora Ltda.,Eliene Rodrigues da Silva,Primeira Instância,Bentivegna e Ribeiro Advogados,Stefany Marie Pereira,Vícios Construtivos,Cível,Ativo
0010312-96.2025.5.15.0137,Pacaembu Construtora S/A,Cerlandia Santos de Oliveira Paixão,Primeira Instância,Jurídico Trabalhista,Jamil Aparecido Milani,,Trabalhista,Ativo
1001666-53.2025.8.26.0451,Pacaembu Construtora S/A,Marcinelha Esteves Vieira,Primeira Instância,Thaia - Escritório RST&A,Clarisse Ruhoff Damer,Negativação indevida,Cível,Ativo
1007792-88.2024.8.26.0408,Pacaembu Ourinhos Constante - Empreendimento Imobiliário Ltda.,Gabriel Moraes Rodrigues Silva,Primeira Instância,Bentivegna e Ribeiro Advogados,Fernando Alves de Moura,Recursos Próprios,Cível,Ativo
0011123-96.2024.8.16.0045,Pacaembu Arapongas 1 - Empreendimento Imobiliário Ltda.,Janaine Pineti Francisco,Primeira Instância,Bentivegna e Ribeiro Advogados,Celso José Bonifácio Junior,Vícios Construtivos e muro de arrimo,Cível,Ativo
1001335-71.2025.8.26.0451,Pacaembu Construtora S/A,Enzio Ricardo de Sousa Santos,Primeira Instância,Bentivegna e Ribeiro Advogados,Guilherme Mendonça Mendes de Oliveira,Caixa de Esgoto,Cível,Ativo
1000589-09.2025.8.26.0451,Pacaembu Piracicaba Com Viva - Empreendimento Imobiliário Ltda. (Filial),Rivaldo da Silva,Primeira Instância,Thaia - Escritório RST&A,Stefany Marie Pereira,Vícios Construtivos,Cível,Ativo
0065627-48.2024.8.16.0014,Pacaembu Construtora S/A,Israel Antônio Pina,Primeira Instância,Bentivegna e Ribeiro Advogados,Celso José Bonifácio Junior,Vícios Construtivos e muro de arrimo,Cível,Ativo
0010062-35.2025.5.15.0017,Pacaembu Construtora S/A,Reginaldo dos Santos,Primeira Instância,Jurídico Trabalhista,Esdras da Silva dos Santos,,Trabalhista,Ativo
0012868-76.2024.5.15.0082,Pacaembu São José do Rio Preto 336 - Empreendimento Imobiliário Ltda.,Railson de Moura de Souza,Primeira Instância,Jurídico Trabalhista,Vinicius Luis Castelan,,Trabalhista,Ativo
1000761-61.2025.8.26.0576,Pacaembu São José do Rio Preto - Empreendimento Imobiliário Ltda.,Lana Caroline Camargo,Primeira Instância,Escritório Reis & Souza Advogados,Andressa Cristina Malagolini Aielo,Vícios Construtivos e muro de arrimo,Cível,Ativo
1000711-35.2025.8.26.0576,Pacaembu São José do Rio Preto - Empreendimento Imobiliário Ltda.,Paola Tchetally dos Santos Lima,Primeira Instância,Thaia - Escritório RST&A,Andressa Cristina Malagolini Aielo,Vícios Construtivos e muro de arrimo,Cível,Ativo
0012628-25.2024.8.16.0045,Pacaembu Construtora S/A,Wesley Igor de Souza,Primeira Instância,Bruno - Escritório RST&A,Celso José Bonifácio Junior,Vícios Construtivos e muro de arrimo,Cível,Ativo
0012342-47.2024.8.16.0045,Pacaembu Construtora S/A,Vilma dos Reis,Primeira Instância,Bruno - Escritório RST&A,Celso José Bonifácio Junior,Vícios Construtivos e muro de arrimo,Cível,Ativo
0011774-31.2024.8.16.0045,Pacaembu Construtora S/A,Stephany de Lima Lacerda,Primeira Instância,Bruno - Escritório RST&A,Celso José Bonifácio Junior,Vícios Construtivos e muro de arrimo,Cível,Ativo
0015064-54.2024.8.16.0045,Pacaembu Construtora S/A,Maria Eduarda Ferreira de Lima,Primeira Instância,Bruno - Escritório RST&A,Celso José Bonifácio Junior,Vícios Construtivos e muro de arrimo,Cível,Ativo
0012613-56.2024.8.16.0045,Pacaembu Construtora S/A,Marcia Aparecida de Lima,Primeira Instância,Bruno - Escritório RST&A,Celso José Bonifácio Junior,Vícios Construtivos e muro de arrimo,Cível,Ativo
0012610-04.2024.8.16.0045,Pacaembu Construtora S/A,Leidevane Rosa Ferreira,Primeira Instância,Bentivegna e Ribeiro Advogados,Celso José Bonifácio Junior,Vícios Construtivos e muro de arrimo,Cível,Ativo
0012608-34.2024.8.16.0045,Pacaembu Construtora S/A,Leandro de Jesus Ferreira da Rocha,Primeira Instância,Bentivegna e Ribeiro Advogados,Celso José Bonifácio Junior,Vícios Construtivos e muro de arrimo,Cível,Ativo
0012602-27.2024.8.16.0045,Pacaembu Construtora S/A,Jessica Ataloane de Lima Campelo,Primeira Instância,Bentivegna e Ribeiro Advogados,Celso José Bonifácio Junior,Vícios Construtivos e muro de arrimo,Cível,Ativo
0012336-40.2024.8.16.0045,Pacaembu Construtora S/A,Iranilde Silva Brasil,Primeira Instância,Bentivegna e Ribeiro Advogados,Celso José Bonifácio Junior,Vícios Construtivos e muro de arrimo,Cível,Ativo
0011759-62.2024.8.16.0045,Pacaembu Construtora S/A,Jenifer Lins Leonor,Primeira Instância,Bentivegna e Ribeiro Advogados,Celso José Bonifácio Junior,Vícios Construtivos e muro de arrimo,Cível,Ativo
0015065-39.2024.8.16.0045,Pacaembu Construtora S/A,Gilson Marco Ferreira de Lima,Primeira Instância,Bentivegna e Ribeiro Advogados,Celso José Bonifácio Junior,Vícios Construtivos e muro de arrimo,Cível,Ativo
0015066-24.2024.8.16.0045,Pacaembu Construtora S/A,Allyson Adriano Padovani,Primeira Instância,Bentivegna e Ribeiro Advogados,Celso José Bonifácio Junior,Vícios Construtivos e muro de arrimo,Cível,Ativo
0012335-55.2024.8.16.0045,Pacaembu Construtora S/A,Adilson Bernini Souza,Primeira Instância,Bentivegna e Ribeiro Advogados,Celso José Bonifácio Junior,Vícios Construtivos e muro de arrimo,Cível,Ativo
0011750-03.2024.8.16.0045,Pacaembu Construtora S/A,Bianca Carolina de Souza Belli,Primeira Instância,Bentivegna e Ribeiro Advogados,Celso José Bonifácio Junior,Vícios Construtivos e muro de arrimo,Cível,Ativo
0011744-93.2024.8.16.0045,Pacaembu Construtora S/A,Ana Paula Camaro,Primeira Instância,Bentivegna e Ribeiro Advogados,Celso José Bonifácio Junior,Vícios Construtivos e muro de arrimo,Cível,Ativo
0011126-51.2024.8.16.0045,Pacaembu Construtora S/A,Margarida Bispo de Brites,Primeira Instância,Bruno - Escritório RST&A,Celso José Bonifácio Junior,Vícios Construtivos e muro de arrimo,Cível,Ativo
0011125-66.2024.8.16.0045,Pacaembu Construtora S/A,Jeferson Moreira Fagotti,Primeira Instância,Bentivegna e Ribeiro Advogados,Celso José Bonifácio Junior,Vícios Construtivos e muro de arrimo,Cível,Ativo
0011122-14.2024.8.16.0045,Pacaembu Construtora S/A,Jacir Casturino Antunes Soares,Primeira Instância,Bentivegna e Ribeiro Advogados,Celso José Bonifácio Junior,Vícios Construtivos e muro de arrimo,Cível,Ativo
0011117-89.2024.8.16.0045,Pacaembu Construtora S/A,Alberto Alves de Freitas Junior,Primeira Instância,Bentivegna e Ribeiro Advogados,Celso José Bonifácio Junior,Vícios Construtivos e muro de arrimo,Cível,Ativo
0010993-09.2024.8.16.0045,Pacaembu Construtora S/A,Danilo dos Santos Soares,Primeira Instância,Bentivegna e Ribeiro Advogados,Leonardo de Almeida Zanetti,Vícios Construtivos,Cível,Ativo
0010990-54.2024.8.16.0045,Pacaembu Construtora S/A,Andreia Maringonda,Primeira Instância,Bentivegna e Ribeiro Advogados,Leonardo de Almeida Zanetti,Vícios Construtivos,Cível,Ativo
1053529-95.2024.8.26.0576,Pacaembu São José do Rio Preto - Empreendimento Imobiliário Ltda.,Jackeline Navarro Amorim,Primeira Instância,Escritório Reis & Souza Advogados,Luany Capelini Juliano,Vícios Construtivos e muro de arrimo,Cível,Ativo
1057424-64.2024.8.26.0576,Pacaembu São José do Rio Preto - Empreendimento Imobiliário Ltda.,Ioneide Alves de Freitas,Primeira Instância,Escritório Reis & Souza Advogados,Luany Capelini Juliano,Vícios Construtivos e muro de arrimo,Cível,Ativo
1028403-30.2024.8.26.0451,Pacaembu Piracicaba Incorporadora Ltda.,Suzana Vanessa Correia da Silva,Primeira Instância,Bruno - Escritório RST&A,Everton de Oliveira Gil,Vícios Construtivos,Cível,Ativo
1027255-81.2024.8.26.0451,Pacaembu Construtora S/A,Katia Juliana Sesso Alves,Primeira Instância,Bentivegna e Ribeiro Advogados,Guilherme Mendonça Mendes de Oliveira,Caixa de Esgoto,Cível,Ativo
1027254-96.2024.8.26.0451,Pacaembu Construtora S/A,Adivaldo Gomes dos Santos,Primeira Instância,Bentivegna e Ribeiro Advogados,Guilherme Mendonça Mendes de Oliveira,Caixa de Esgoto,Cível,Ativo
1027253-14.2024.8.26.0451,Pacaembu Construtora S/A,Leonardo Tavares Alves,Primeira Instância,Bentivegna e Ribeiro Advogados,Guilherme Mendonça Mendes de Oliveira,Caixa de Esgoto,Cível,Ativo
1027252-29.2024.8.26.0451,Pacaembu Construtora S/A,Gabriela Caroline Iacope,Primeira Instância,Bentivegna e Ribeiro Advogados,Guilherme Mendonça Mendes de Oliveira,Caixa de Esgoto,Cível,Ativo
1027250-59.2024.8.26.0451,Pacaembu Construtora S/A,Vinicius Goes Pereira,Primeira Instância,Bruno - Escritório RST&A,Guilherme Mendonça Mendes de Oliveira,Caixa de Esgoto,Cível,Ativo
1056312-60.2024.8.26.0576,Pacaembu São José do Rio Preto - Empreendimento Imobiliário Ltda.,Vanessa Pereira Gomes,Primeira Instância,Thaia - Escritório RST&A,Beatriz Catelani Pereira,Vícios Construtivos e muro de arrimo,Cível,Ativo
1056310-90.2024.8.26.0576,Pacaembu São José do Rio Preto - Empreendimento Imobiliário Ltda.,Raysses Murielen Felipe Angelo Gonçalves,Primeira Instância,Thaia - Escritório RST&A,Beatriz Catelani Pereira,Vícios Construtivos e muro de arrimo,Cível,Ativo
1056307-38.2024.8.26.0576,Pacaembu São José do Rio Preto - Empreendimento Imobiliário Ltda.,Monara Frias de Souza,Primeira Instância,Thaia - Escritório RST&A,Beatriz Catelani Pereira,Vícios Construtivos e muro de arrimo,Cível,Ativo
1056305-68.2024.8.26.0576,Pacaembu São José do Rio Preto - Empreendimento Imobiliário Ltda.,Leticia Eduarda de Brito Costa,Primeira Instância,Escritório Reis & Souza Advogados,Beatriz Catelani Pereira,Vícios Construtivos e muro de arrimo,Cível,Ativo
1056303-98.2024.8.26.0576,Pacaembu São José do Rio Preto - Empreendimento Imobiliário Ltda.,Kelly Cristina Nunes,Primeira Instância,Escritório Reis & Souza Advogados,Beatriz Catelani Pereira,Vícios Construtivos e muro de arrimo,Cível,Ativo
1056301-31.2024.8.26.0576,Pacaembu São José do Rio Preto - Empreendimento Imobiliário Ltda.,Isabella Maria Simonato,Primeira Instância,Escritório Reis & Souza Advogados,Beatriz Catelani Pereira,Vícios Construtivos e muro de arrimo,Cível,Ativo
1056311-75.2024.8.26.0576,Pacaembu São José do Rio Preto - Empreendimento Imobiliário Ltda.,Saulo Semeone,Primeira Instância,Thaia - Escritório RST&A,Beatriz Catelani Pereira,Vícios Construtivos e muro de arrimo,Cível,Ativo
1026908-48.2024.8.26.0451,Pacaembu Piracicaba Incorporadora Ltda.,Fabiane Daniele da Silva Ricardo,Primeira Instância,Bentivegna e Ribeiro Advogados,Everton de Oliveira Gil,Vícios Construtivos,Cível,Ativo
1055886-48.2024.8.26.0576,Pacaembu São José do Rio Preto - Empreendimento Imobiliário Ltda.,Natanael Pereira Francisco,Primeira Instância,Thaia - Escritório RST&A,Luany Capelini Juliano,Vícios Construtivos e muro de arrimo,Cível,Ativo
1056300-46.2024.8.26.0576,Pacaembu São José do Rio Preto - Empreendimento Imobiliário Ltda.,Guilherme Ribeiro da Silva,Primeira Instância,Escritório Reis & Souza Advogados,Beatriz Catelani Pereira,Vícios Construtivos e muro de arrimo,Cível,Ativo
0010992-24.2024.8.16.0045,Pacaembu Construtora S/A,Simone Dutra,Primeira Instância,Bruno - Escritório RST&A,Leonardo de Almeida Zanetti,Vícios Construtivos,Cível,Ativo
0012612-71.2024.8.16.0045,Pacaembu Construtora S/A,Medellyn Sabrina Machado,Primeira Instância,Bruno - Escritório RST&A,Celso José Bonifácio Junior,Vícios Construtivos e muro de arrimo,Cível,Ativo
1001178-14.2024.8.26.0458,Pacaembu Piratininga 464 - Empreendimento Imobiliario LTDA,Prefeitura Municipal de Piratininga,Primeira Instância,Serur Advogados,Procuradoria do Estado de São Paulo,Cobrança indevida - ITBI,Tributário,Ativo
0010785-02.2024.5.15.0078,Salto de Pirapora Empreendimento Imobiliário,Marcia Aparecida de Matos Leite,Primeira Instância,Jurídico Trabalhista,Renato Vieira de Moraes,,Trabalhista,Ativo
1056304-83.2024.8.26.0576,Pacaembu São José do Rio Preto - Empreendimento Imobiliário Ltda.,Layra Susan Ramos Salvador,Primeira Instância,Escritório Reis & Souza Advogados,Beatriz Catelani Pereira,Vícios Construtivos e muro de arrimo,Cível,Ativo
1065979-86.2024.8.26.0506,Haus Compra e Venda de Bens Imóveis Ltda.,Olavo Bernardes Filgueiras Filho,Primeira Instância,Thaia - Escritório RST&A,Luciana Silva Miguel,Obrigação de Fazer / Não Fazer,Cível,Ativo
5000064-97.2024.4.03.6131,Pacaembu Construtora S/A,Bruno Giovanni de Lima Abramo,Primeira Instância,Bentivegna e Ribeiro Advogados,Yves Patrick Pescatori Galendi,Obrigação de Fazer - Regularização Matrícula,Cível,Ativo
5002413-42.2024.4.03.6109,Pacaembu Piracicaba Incorporadora Ltda.,Maurizia Francisco de Amaral,Primeira Instância,Bruno - Escritório RST&A,Simone de Lourdes Severino,Vícios Construtivos,Cível,Ativo
0011743-11.2024.8.16.0045,Pacaembu Construtora S/A,Ana Paula Aparecida Roza,Primeira Instância,Bentivegna e Ribeiro Advogados,Celso José Bonifácio Junior,Vícios Construtivos e muro de arrimo,Cível,Ativo
1051875-73.2024.8.26.0576,Pacaembu São José do Rio Preto - Empreendimento Imobiliário Ltda.,Chayene Carolini Dutra Basilio,Primeira Instância,Escritório Reis & Souza Advogados,Luany Capelini Juliano,Vícios Construtivos e muro de arrimo,Cível,Ativo
1054589-06.2024.8.26.0576,Pacaembu São José do Rio Preto - Empreendimento Imobiliário Ltda.,Jaqueline Galdino dos Santos,Primeira Instância,Escritório Reis & Souza Advogados,Luany Capelini Juliano,Vícios Construtivos e muro de arrimo,Cível,Ativo
0012710-21.2024.5.15.0082,Pacaembu São José do Rio Preto 336 - Empreendimento Imobiliário Ltda.,Gustavo Andrade Marconi,Primeira Instância,Jurídico Trabalhista,Vitor Laurintino Vilella Cardeliquio,,Trabalhista,Ativo
1051874-88.2024.8.26.0576,Pacaembu São José do Rio Preto - Empreendimento Imobiliário Ltda.,Angela Nascimento Martins,Primeira Instância,Thaia - Escritório RST&A,Andressa Cristina Malagolini Aielo,Vícios Construtivos e muro de arrimo,Cível,Ativo
1009995-52.2024.8.26.0269,Pacaembu Construtora S/A,Viviane Matias Silva,Primeira Instância,Bruno - Escritório RST&A,Sergio Ricardo Sambra Suyama,Devolução de Sinal,Cível,Ativo
1022773-94.2024.8.26.0482,Pacaembu Construtora S/A,Condomínio Residencial Bela Vista,Primeira Instância,Escritório Reis & Souza Advogados,Jose Antonio da Silva Garcia Junior,Produção Antecipada de Provas,Cível,Ativo
1030816-89.2024.8.26.0071,Pacaembu Bauru - Empreendimento Imobiliário Ltda.,Jéssica Letícia Vitorino,Primeira Instância,Escritório Reis & Souza Advogados,Luciano Francisco de Oliveira,Alienação Fiduciária,Cível,Ativo
1030813-37.2024.8.26.0071,Pacaembu Bauru - Empreendimento Imobiliário Ltda.,Jéssica Letícia Vitorino,Primeira Instância,Escritório Reis & Souza Advogados,Luciano Francisco de Oliveira,Alienação Fiduciária,Cível,Ativo
1053599-15.2024.8.26.0576,Pacaembu São José do Rio Preto - Empreendimento Imobiliário Ltda.,Luciane Batista Reis,Primeira Instância,Thaia - Escritório RST&A,Luany Capelini Juliano,Vícios Construtivos e muro de arrimo,Cível,Ativo
1053459-78.2024.8.26.0576,Pacaembu São José do Rio Preto - Empreendimento Imobiliário Ltda.,Bruno Cruz dos Santos,Primeira Instância,Escritório Reis & Souza Advogados,Luany Capelini Juliano,Vícios Construtivos e muro de arrimo,Cível,Ativo
1053450-19.2024.8.26.0576,Pacaembu São José do Rio Preto - Empreendimento Imobiliário Ltda.,Flávia Rebeca Fabio,Primeira Instância,Escritório Reis & Souza Advogados,Luany Capelini Juliano,Vícios Construtivos e muro de arrimo,Cível,Ativo
0061383-76.2024.8.16.0014,Pacaembu Construtora S/A,Paulo Marcelo Pellegrini,Primeira Instância,Bruno - Escritório RST&A,Celso José Bonifácio Junior,Vícios Construtivos e muro de arrimo,Cível,Ativo
1051896-49.2024.8.26.0576,Pacaembu São José do Rio Preto - Empreendimento Imobiliário Ltda.,Rute Souza de Andrade,Primeira Instância,Thaia - Escritório RST&A,Andressa Cristina Malagolini Aielo,Vícios Construtivos e muro de arrimo,Cível,Ativo
0059112-94.2024.8.16.0014,Pacaembu Construtora S/A,Lucimara Marcelo Marra,Primeira Instância,Bruno - Escritório RST&A,Celso José Bonifácio Junior,Vícios Construtivos e muro de arrimo,Cível,Ativo
1025028-10.2024.8.26.0196,Pacaembu Construtora S/A,Condomínio Vida Nova Franca Iv,Primeira Instância,Escritório Reis & Souza Advogados,Isabela Peixoto de Araújo,Vícios Construtivos,Cível,Ativo
1051892-12.2024.8.26.0576,Pacaembu São José do Rio Preto - Empreendimento Imobiliário Ltda.,Regiane Nunes,Primeira Instância,Thaia - Escritório RST&A,Andressa Cristina Malagolini Aielo,Vícios Construtivos e muro de arrimo,Cível,Ativo
1051891-27.2024.8.26.0576,Pacaembu São José do Rio Preto - Empreendimento Imobiliário Ltda.,Raphaela Ribeiro de Rezende,Primeira Instância,Thaia - Escritório RST&A,Andressa Cristina Malagolini Aielo,Vícios Construtivos e muro de arrimo,Cível,Ativo
1051884-35.2024.8.26.0576,Pacaembu São José do Rio Preto - Empreendimento Imobiliário Ltda.,Lauane Ferreira Garcia,Primeira Instância,Escritório Reis & Souza Advogados,Andressa Cristina Malagolini Aielo,Vícios Construtivos e muro de arrimo,Cível,Ativo
1051882-65.2024.8.26.0576,Pacaembu São José do Rio Preto - Empreendimento Imobiliário Ltda.,Karen Kelly Noronha Alves,Primeira Instância,Escritório Reis & Souza Advogados,Andressa Cristina Malagolini Aielo,Vícios Construtivos e muro de arrimo,Cível,Ativo
1051872-21.2024.8.26.0576,Pacaembu São José do Rio Preto - Empreendimento Imobiliário Ltda.,Alexandre Camargo,Primeira Instância,Escritório Reis & Souza Advogados,Andressa Cristina Malagolini Aielo,Vícios Construtivos e muro de arrimo,Cível,Ativo
0065620-56.2024.8.16.0014,Pacaembu Construtora S/A,Rayanna de Souza Araujo,Primeira Instância,Bruno - Escritório RST&A,Celso José Bonifácio Junior,Vícios Construtivos e muro de arrimo,Cível,Ativo
1017143-83.2024.8.26.0344,Pacaembu Marilia Altos do Palmital 379 - Empreendimento Imobiliario LTDA,Roberta Kelly Lima Ferreira,Primeira Instância,Bruno - Escritório RST&A,Diego da Silva Gama,Devolução de Sinal,Cível,Ativo
0011121-29.2024.8.16.0045,Pacaembu Construtora S/A,Fernando Henrique Fogaça de Oliveira,Primeira Instância,Bentivegna e Ribeiro Advogados,Celso José Bonifácio Junior,Vícios Construtivos e muro de arrimo,Cível,Ativo
0009489-65.2024.8.16.0045,Pacaembu Construtora S/A,Vanessa Cristina de Souza,Primeira Instância,Bruno - Escritório RST&A,Leonardo de Almeida Zanetti,Vícios Construtivos,Cível,Ativo
0057334-89.2024.8.16.0014,Pacaembu Construtora S/A,Daiani Barreiro Rech,Primeira Instância,Bentivegna e Ribeiro Advogados,Leonardo de Almeida Zanetti,Vícios Construtivos,Cível,Ativo
0016488-58.2024.5.16.0021,Pacaembu Construtora S/A,Alex Gomes da Silva,Primeira Instância,Jurídico Trabalhista,Alyne França Mota,,Trabalhista,Ativo
0012344-17.2024.8.16.0045,Pacaembu Construtora S/A,William Amaro Pereira de Oliveira,Primeira Instância,Bruno - Escritório RST&A,Celso José Bonifácio Junior,Vícios Construtivos e muro de arrimo,Cível,Ativo
1047885-74.2024.8.26.0576,Pacaembu Construtora S/A,Adrielle Souza Paschoalino Amorim,Primeira Instância,Escritório Reis & Souza Advogados,Wadi Atique,Vícios Construtivos,Cível,Ativo
1023633-91.2024.8.26.0451,Pacaembu Piracicaba Incorporadora Ltda.,Raquel Araujo Dias,Primeira Instância,Bruno - Escritório RST&A,Stefany Marie Pereira,Vícios Construtivos,Cível,Ativo
1023323-85.2024.8.26.0451,Pacaembu Piracicaba Incorporadora Ltda.,Jeferson Bezerra Lima,Primeira Instância,Bentivegna e Ribeiro Advogados,Everton de Oliveira Gil,Vícios Construtivos,Cível,Ativo
1027945-86.2024.8.26.0071,Pacaembu Bauru Azevedo - Empreendimento Imobiliário Ltda.,Secretário Municipal de Economia e Finanças de Bauru/SP,Primeira Instância,Serur Advogados,Procurador do Municipio de Bauru,Cobrança indevida - ITBI,Tributário,Ativo
0001039-34.2024.5.09.0513,Pacaembu Construtora S/A,Barbara Barbetta Leidens,Primeira Instância,Jurídico Trabalhista,Igor Filus Ludkevitck,,Trabalhista,Ativo
1014611-13.2024.8.26.0482,Haus Compra e Venda de Bens Imóveis Ltda.,Fausto Leandro da Silva,Primeira Instância,Escritório Reis & Souza Advogados,Carlos Jose Gonçalves Rosa,Alienação Fiduciária,Cível,Ativo
0060160-88.2024.8.16.0014,Pacaembu Construtora S/A,Maria de Fatima Ribeiro Assis,Primeira Instância,Bruno - Escritório RST&A,Leonardo de Almeida Zanetti,Vícios Construtivos,Cível,Ativo
0059108-57.2024.8.16.0014,Pacaembu Construtora S/A,Rosilene Aparecida Eugenio,Primeira Instância,Bruno - Escritório RST&A,Celso José Bonifácio Junior,Vícios Construtivos e muro de arrimo,Cível,Ativo
0012332-03.2024.8.16.0045,Pacaembu Construtora S/A,Natalia Ludmila Gomes dos Anjos,Primeira Instância,Bruno - Escritório RST&A,Celso José Bonifácio Junior,Vícios Construtivos e muro de arrimo,Cível,Ativo
1044251-70.2024.8.26.0576,Pacaembu Papa Empreendimento Imobiliário Ltda,João Lance Netto,Primeira Instância,Escritório Reis & Souza Advogados,Pedro Facuri Neto,Muro de Arrimo,Cível,Ativo
5008408-25.2024.4.04.7009,Vida Nova Ponta Grossa - Empreendimento Imobiliário Ltda.,Diego de Barros Campello,Primeira Instância,Bentivegna e Ribeiro Advogados,Rafaela Cristina Liebel Chaves,Vícios Construtivos,Cível,Ativo
1049991-59.2023.8.26.0506,Poá Empreendimento Imobiliário Ltda,Prefeitura de Ribeirão Preto,Primeira Instância,Jurídico Interno Cível,Renato Manaia Moreira,Execução Fiscal - IPTU,Tributário,Ativo
0011098-30.2024.5.15.0088,Pacaembu Construtora S/A,Gregori Peter Aparecido Oliveira,Primeira Instância,Jurídico Trabalhista,Luiz Henrique Pinto Ferreira,,Trabalhista,Ativo
1044526-19.2024.8.26.0576,Pacaembu Construtora S/A,Pamela Cristina Menezes,Primeira Instância,Bruno - Escritório RST&A,Jose Roberto Arlindo Nogueira Quartieri,Ação de Revisão Contratual,Cível,Ativo
0012435-76.2024.5.15.0016,Pacaembu Piracicaba Incorporadora Ltda.,Henrique Lopes Pereira,Primeira Instância,Jurídico Trabalhista,João Gustavo Caramanti Coconesi,,Trabalhista,Ativo
0011784-75.2024.8.16.0045,Pacaembu Construtora S/A,Vagner Jose da Silva,Primeira Instância,Bruno - Escritório RST&A,Celso José Bonifácio Junior,Vícios Construtivos e muro de arrimo,Cível,Ativo
1021321-45.2024.8.26.0451,Pacaembu Piracicaba Incorporadora Ltda.,Wanderson Souza Silva,Primeira Instância,Bruno - Escritório RST&A,Everton de Oliveira Gil,Vícios Construtivos,Cível,Ativo
1025752-98.2024.8.26.0071,Pacaembu Bauru - Empreendimento Imobiliário Ltda.,Prefeitura Municipal de Bauru,Primeira Instância,Serur Advogados,Procurador do Municipio de Bauru,ISS - Imposto Sobre Serviços,Cível,Ativo
1024836-64.2024.8.26.0071,Pacaembu Assis 371 Empreendimento Imobiliário Ltda.,Styro LNB Indústria e Comércio de Plásticos LTDA.,Primeira Instância,Jurídico Interno Cível,Abdo Karim Mahamud Baracat Netto,Sustação de Protesto,Cível,Ativo
1024831-42.2024.8.26.0071,Pacaembu Assis 371 Empreendimento Imobiliário Ltda.,Styro LNB Indústria e Comércio de Plásticos LTDA.,Primeira Instância,Jurídico Interno Cível,Abdo Karim Mahamud Baracat Netto,Sustação de Protesto,Cível,Ativo
1024815-88.2024.8.26.0071,Pacaembu Assis 371 Empreendimento Imobiliário Ltda.,Styro LNB Indústria e Comércio de Plásticos LTDA.,Primeira Instância,Jurídico Interno Cível,Abdo Karim Mahamud Baracat Netto,Sustação de Protesto,Cível,Ativo
1044115-73.2024.8.26.0576,Pacaembu Água Santa - Empreendimento Imobiliário Ltda.,Guilherme Capatti Cardoso,Primeira Instância,Jurídico Interno Cível,Jus Postulandi,Adjudicação Compulsória,Cível,Ativo
5001429-53.2024.4.03.6337,Pacaembu Votuporanga 366 - Empreendimento Imobiliário Ldta.,Nayane Keyla Madrid,Primeira Instância,Thaia - Escritório RST&A,Aline Cristiane de Oliveira Nyari,Ação de Rescisão Contratual - Alienação Fiduciária,Cível,Ativo
1054778-34.2023.8.26.0506,Poá Empreendimento Imobiliário Ltda,Prefeitura Municipal de Ribeirão Preto,Primeira Instância,Jurídico Interno Cível,Procuradoria do Estado de São Paulo,Execução Fiscal - IPTU,Tributário,Ativo
0017083-08.2024.5.16.0005,Pacaembu Construtora S/A,Charles Soares Dias,Primeira Instância,Jurídico Trabalhista,Patrícia Borges de Sousa Barbosa,,Trabalhista,Ativo
0011127-36.2024.8.16.0045,Pacaembu Construtora S/A,Rose Tenório do Carmo Bernardo,Primeira Instância,Bruno - Escritório RST&A,Celso José Bonifácio Junior,Vícios Construtivos e muro de arrimo,Cível,Ativo
0011118-74.2024.8.16.0045,Pacaembu Construtora S/A,Bruna Maiara Nogueira Sola,Primeira Instância,Bentivegna e Ribeiro Advogados,Celso José Bonifácio Junior,Vícios Construtivos e muro de arrimo,Cível,Ativo
1005916-53.2024.8.26.0132,Pacaembu Catanduva III - Empreendimento Imobiliário Ltda.,Roberta Cristina Azevedo Antunes,Primeira Instância,Thaia - Escritório RST&A,Luis Fernando Cazari Bueno,Ação de Rescisão Contratual,Cível,Ativo
1050625-55.2023.8.26.0506,Poá Empreendimento Imobiliário Ltda,Prefeitura de Ribeirão Preto,Primeira Instância,Jurídico Interno Cível,Procuradoria do Estado de São Paulo,Execução Fiscal - IPTU,Tributário,Ativo
1020198-12.2024.8.26.0451,Pacaembu Piracicaba Incorporadora Ltda.,Valdete de Souza Santos,Primeira Instância,Bruno - Escritório RST&A,Everton de Oliveira Gil,Vícios Construtivos,Cível,Ativo
1020126-25.2024.8.26.0451,Pacaembu Piracicaba Incorporadora Ltda.,Renan Ramos Saraiva,Primeira Instância,Bruno - Escritório RST&A,Jessica Aparecida Dantas Donegá,Vícios Construtivos,Cível,Ativo
1019831-85.2024.8.26.0451,Pacaembu Piracicaba Incorporadora Ltda.,Wilson Roberto Ferrazzi,Primeira Instância,Bruno - Escritório RST&A,Everton de Oliveira Gil,Vícios Construtivos,Cível,Ativo
1019951-31.2024.8.26.0451,Pacaembu Piracicaba Incorporadora Ltda.,Gabriel Kaique Henrique Constantino,Primeira Instância,Bentivegna e Ribeiro Advogados,Everton de Oliveira Gil,Vícios Construtivos,Cível,Ativo
1019882-96.2024.8.26.0451,Pacaembu Piracicaba Incorporadora Ltda.,Juliana Cristina Barreiros Silva,Primeira Instância,Bentivegna e Ribeiro Advogados,Everton de Oliveira Gil,Vícios Construtivos,Cível,Ativo
1013056-54.2024.8.26.0451,Pacaembu Piracicaba Incorporadora Ltda.,Luiz Henrique da Silva Santos,Primeira Instância,Bruno - Escritório RST&A,Everton de Oliveira Gil,Vícios Construtivos,Cível,Ativo
1011855-27.2024.8.26.0451,Pacaembu Piracicaba Incorporadora Ltda.,Maria Teresa da Silva,Primeira Instância,Bruno - Escritório RST&A,Yara Regina Araujo Richter,Vícios Construtivos,Cível,Ativo
0004898-88.2024.8.26.0269,Pacaembu Construtora S/A,Carlos Bachir Vaz da Rocha,Primeira Instância,Jurídico Interno Cível,,Vícios Construtivos,Cível,Ativo
0011846-57.2024.5.15.0025,Pacaembu Construtora S/A,Roberto Batista da Silva,Primeira Instância,Jurídico Trabalhista,Marcos Augusto de Argenton e Queiroz,,Trabalhista,Ativo
0055941-32.2024.8.16.0014,Pacaembu Construtora S/A,Carlos Vinicius Martins Pinheiro,Primeira Instância,Bentivegna e Ribeiro Advogados,Celso José Bonifácio Junior,Vícios Construtivos e muro de arrimo,Cível,Ativo
0010990-45.2024.5.15.0041,Pacaembu Construtora S/A,Gisele Aparecida da Silva Calhares Barbosa,Primeira Instância,Jurídico Trabalhista,Andressa Franciellen Momberg,,Trabalhista,Ativo
1018940-64.2024.8.26.0451,Pacaembu Piracicaba Incorporadora Ltda.,Thalita da Silva,Primeira Instância,Bruno - Escritório RST&A,Everton de Oliveira Gil,Vícios Construtivos,Cível,Ativo
1018883-46.2024.8.26.0451,Pacaembu Piracicaba Incorporadora Ltda.,Fabricio Pereira da Silva,Primeira Instância,Bentivegna e Ribeiro Advogados,Everton de Oliveira Gil,Vícios Construtivos,Cível,Ativo
1019425-64.2024.8.26.0451,Pacaembu Piracicaba Incorporadora Ltda.,Josenildo dos Santos,Primeira Instância,Bentivegna e Ribeiro Advogados,N/A,Ação de Execução de Título Extrajudicial,Cível,Ativo
1003012-32.2024.8.26.0400,Pacaembu Marilia Altos do Palmital 379 - Empreendimento Imobiliario LTDA,Bruno Henrique Martins,Primeira Instância,Bentivegna e Ribeiro Advogados,Oswaldo Antonio Serrano Júnior,Vícios Construtivos,Cível,Ativo
0003200-02.2004.5.15.0044,Wilson de Almeida Junior,Jose Roberto Modesto,Primeira Instância,Jurídico Trabalhista,Carlos Adalberto Rodrigues,,Trabalhista,Ativo
1017988-85.2024.8.26.0451,Pacaembu Piracicaba Incorporadora Ltda.,Celso Ricardo Theodoro,Primeira Instância,Bentivegna e Ribeiro Advogados,Everton de Oliveira Gil,Vícios Construtivos,Cível,Ativo
1017615-54.2024.8.26.0451,Pacaembu Piracicaba Incorporadora Ltda.,Pamela Cristina dos Santos,Primeira Instância,Bruno - Escritório RST&A,Lenita Davanzo,Vícios Construtivos,Cível,Ativo
0001878-08.2024.8.16.0192,Pacaembu Cafelândia - 364 - Empreendimento Imobiliário Ltda.,Município de Cafelândia,Primeira Instância,Serur Advogados,Procuradoria de Cafelândia,Isenção de IPTU,Tributário,Ativo
1004999-79.2024.8.26.0408,Pacaembu Ourinhos Constante - Empreendimento Imobiliário Ltda.,Lais Vicente Batista,Primeira Instância,Bentivegna e Ribeiro Advogados,Lucas Fernando Varela,Vícios Construtivos,Cível,Ativo
1050050-47.2023.8.26.0506,Poá Empreendimento Imobiliário Ltda,Prefeitura Municipal de Ribeirão Preto,Primeira Instância,Jurídico Interno Cível,Renato Manaia Moreira,Execução Fiscal - IPTU,Cível,Ativo
1033853-80.2024.8.26.0506,Poá Empreendimento Imobiliário Ltda,Maria Lucia da Silva Santos,Primeira Instância,Thaia - Escritório RST&A,Bruno Roberto Kussumato,Alienação Fiduciária,Cível,Ativo
0010494-02.2024.5.15.0078,Pacaembu Construtora S/A,Gabriele Aparecida Silva de Paula,Primeira Instância,Jurídico Trabalhista,Paulo octávio Hueso Andersen,,Trabalhista,Ativo
1049558-55.2023.8.26.0506,Poá Empreendimento Imobiliário Ltda,Prefeitura de Ribeirão Preto,Primeira Instância,Jurídico Interno Cível,Renato Manaia Moreira,Execução Fiscal - IPTU,Cível,Ativo
1006933-80.2024.8.26.0664,Pacaembu Construtora S/A,Odair Benedito Martins,Primeira Instância,Bruno - Escritório RST&A,Gustavo Gomes Furlani,Vícios Construtivos,Cível,Ativo
1015897-22.2024.8.26.0451,Pacaembu Piracicaba Incorporadora Ltda.,Tayssa Coelho dos Santos,Primeira Instância,Bruno - Escritório RST&A,Everton de Oliveira Gil,Vícios Construtivos,Cível,Ativo
1505501-30.2023.8.26.0073,Haus Compra e Venda de Bens Imóveis Ltda.,Prefeitura Municipal de Avaré,Primeira Instância,Jurídico Interno Cível,Rosangela Paulucci P. Pereira,Execução Fiscal,Tributário,Ativo
1011856-12.2024.8.26.0451,Pacaembu Piracicaba Incorporadora Ltda.,Paulo Joao Severino,Primeira Instância,Bruno - Escritório RST&A,Yara Regina Araujo Richter,Vícios Construtivos,Cível,Ativo
0000832-03.2024.5.09.0653,Pacaembu Construtora S/A,Ryan Lima de Sousa,Primeira Instância,Jurídico Trabalhista,João Gabriel Maia,,Trabalhista,Ativo
5005919-15.2024.4.04.7009,Pacaembu Construtora S/A,Leticia Ferreira,Primeira Instância,Bentivegna e Ribeiro Advogados,Davi Bozz Santos,Vícios Construtivos,Cível,Ativo
1030935-87.2024.8.26.0576,Pacaembu Água Santa - Empreendimento Imobiliário Ltda.,Lucas José Gomes de Souza,Primeira Instância,Bentivegna e Ribeiro Advogados,Felipe Augusto Tadini Martins,Vícios Construtivos,Cível,Ativo
1024842-27.2024.8.26.0506,Poá Empreendimento Imobiliário Ltda,Aline Aparecida dos Santos,Primeira Instância,Escritório Reis & Souza Advogados,Elton Junior da Silva,Alienação Fiduciária,Cível,Ativo
0011408-54.2024.5.15.0082,Pacaembu Construtora S/A,Emerson Pereira Celestino,Primeira Instância,Jurídico Trabalhista,Denise Matos,,Trabalhista,Ativo
1013177-82.2024.8.26.0451,Pacaembu Piracicaba Incorporadora Ltda.,Damila Peixoto da Silva,Primeira Instância,Bentivegna e Ribeiro Advogados,Yara Regina Araujo Richter,Vícios Construtivos,Cível,Ativo
0011407-69.2024.5.15.0082,Pacaembu Construtora S/A,Renato Pasqualinotto,Primeira Instância,Jurídico Trabalhista,Denise Matos,,Trabalhista,Ativo
0010490-67.2024.5.15.0141,Vida Nova Ponta Grossa - Empreendimento Imobiliário Ltda.,Leandro da Cunha de Brito,Primeira Instância,Jurídico Trabalhista,Carlos Henrique da Silva,,Trabalhista,Ativo
0016454-34.2024.5.16.0005,Pacaembu Construtora S/A,Igor Barbosa,Primeira Instância,Jurídico Trabalhista,Camila Muniz de Andrade,,Trabalhista,Ativo
0026079-64.2025.8.16.0019,Pacaembu Construtora S/A,Valmenci Ferreira Branco,Primeira Instância,Bruno - Escritório RST&A,Davi Bozz Santos,Vícios Construtivos,Cível,Ativo
0001666-40.2024.8.16.0045,Pacaembu Construtora S/A,Joselaine Galvão de Araújo,Primeira Instância,Bentivegna e Ribeiro Advogados,Sandro Rafael Barioni de Matos,Vícios Construtivos,Cível,Ativo
1011852-72.2024.8.26.0451,Pacaembu Piracicaba Incorporadora Ltda.,Jennifer Rosana Baboni,Primeira Instância,Bentivegna e Ribeiro Advogados,Yara Regina Araujo Richter,Vícios Construtivos,Cível,Ativo
1505499-60.2023.8.26.0073,Haus Compra e Venda de Bens Imóveis Ltda.,Prefeitura Municipal de Avaré,Primeira Instância,Jurídico Interno Cível,Procuradoria do Estado de São Paulo,Execução Fiscal - IPTU,Cível,Ativo
0033552-53.2024.8.16.0014,Vida Nova Londrina - Empreendimento Imobiliário Ltda.,Jonatan Narciso da Silva,Primeira Instância,Bentivegna e Ribeiro Advogados,Gabriela Duarte Bianchini,Ação de Revisão Contratual,Cível,Ativo
1052426-06.2023.8.26.0506,Poá Empreendimento Imobiliário Ltda,Laila Francielle Dutra dos Santos,Primeira Instância,Escritório Reis & Souza Advogados,Mara Lucia Catani Marin,Alienação Fiduciária,Cível,Ativo
0001664-70.2024.8.16.0045,Pacaembu Construtora S/A,Luan dos Santos Martinez Pereira,Primeira Instância,Bentivegna e Ribeiro Advogados,Sandro Rafael Barioni de Matos,Vícios Construtivos,Cível,Ativo
0001662-03.2024.8.16.0045,Pacaembu Construtora S/A,Ronaldo do Prado Paula,Primeira Instância,Bruno - Escritório RST&A,Sandro Rafael Barioni de Matos,Vícios Construtivos,Cível,Ativo
1002538-90.2024.8.26.0358,Pacaembu Construtora S/A,Sara Marini Sifontes Galhardo,Primeira Instância,Bruno - Escritório RST&A,Fausto José da Rocha,Negativação indevida,Cível,Ativo
0010771-04.2024.5.15.0115,Pacaembu Presidente Prudente - Empreendimento Imobiliário Ltda.,Edgar Reis Cordeiro,Primeira Instância,Jurídico Trabalhista,Hamilton Fernando Machado de Mattos,,Trabalhista,Ativo
0008778-56.2024.8.16.0014,Pacaembu Construtora S/A,Luciane Dias da Mota Gomes,Primeira Instância,Bruno - Escritório RST&A,Sandro Rafael Barioni de Matos,Vícios Construtivos,Cível,Ativo
1007644-45.2024.8.26.0451,Pacaembu Piracicaba Incorporadora Ltda.,Luciana Xisto dos Santos,Primeira Instância,Bruno - Escritório RST&A,Everton de Oliveira Gil,Vícios Construtivos,Cível,Ativo
0003509-36.2024.8.16.0014,Pacaembu Construtora S/A,Jheniffer Caroline Silva Oliveira,Primeira Instância,Bentivegna e Ribeiro Advogados,Leonardo de Almeida Zanetti,Vícios Construtivos,Cível,Ativo
1007269-44.2024.8.26.0451,Pacaembu Piracicaba Incorporadora Ltda.,Isolda Fernandes da Silva,Primeira Instância,Bentivegna e Ribeiro Advogados,Everton de Oliveira Gil,Vícios Construtivos,Cível,Ativo
1006160-92.2024.8.26.0451,Pacaembu Piracicaba Incorporadora Ltda.,Romilda Dinora Pereira,Primeira Instância,Bruno - Escritório RST&A,Everton de Oliveira Gil,Vícios Construtivos,Cível,Ativo
1006136-64.2024.8.26.0451,Pacaembu Piracicaba Incorporadora Ltda.,Erick Lucas da Silva Moraes,Primeira Instância,Bentivegna e Ribeiro Advogados,Everton de Oliveira Gil,Vícios Construtivos,Cível,Ativo
1001109-66.2024.8.26.0624,Vida Nova Tatuí III Empreendimento Imobiliário Ltda.,Leandro de Jesus Bastos,Primeira Instância,Escritório Reis & Souza Advogados,Robson Aparecido Camargo Sampaio,Alienação Fiduciária,Cível,Ativo
1011581-76.2024.8.26.0576,Pacaembu Construtora S/A,Lucas de Souza Guerreiro,Primeira Instância,Bentivegna e Ribeiro Advogados,Gustavo Andrioti Pinto,Muro de Arrimo,Cível,Ativo
1004888-63.2024.8.26.0451,Pacaembu Piracicaba Incorporadora Ltda.,Jennifer Jéssica Gonçalves,Primeira Instância,Bentivegna e Ribeiro Advogados,Everton de Oliveira Gil,Vícios Construtivos,Cível,Ativo
0012932-30.2023.5.15.0015,Pacaembu Construtora S/A,Carina Ferreira de Jesus da Paz,Primeira Instância,Jurídico Trabalhista,Anderson Luiz Scofoni,,Trabalhista,Ativo
0008362-35.2024.8.26.0071,Pacaembu Bauru - Empreendimento Imobiliário Ltda.,Geni de Sousa Santos,Primeira Instância,Bentivegna e Ribeiro Advogados,Fabio Jose de Souza,Vícios Construtivos,Cível,Ativo
1009939-68.2024.8.26.0576,Pacaembu Construtora S/A,Daniela Morgon Sousa,Primeira Instância,Bentivegna e Ribeiro Advogados,Jepson de Caires,Indenização por Danos Morais e Materiais,Cível,Ativo
1003820-82.2024.8.26.0482,Pacaembu Construtora S/A,Aparecida Florindo,Primeira Instância,Bentivegna e Ribeiro Advogados,Gabriel Tomaz Mariano,Negativação indevida,Cível,Ativo
0008776-86.2024.8.16.0014,Pacaembu Construtora S/A,David Rodrigues de Oliveira,Primeira Instância,Bentivegna e Ribeiro Advogados,Sandro Rafael Barioni de Matos,Vícios Construtivos,Cível,Ativo
0008780-26.2024.8.16.0014,Pacaembu Construtora S/A,Lucimara Alves Cabral,Primeira Instância,Bruno - Escritório RST&A,Sandro Rafael Barioni de Matos,Vícios Construtivos,Cível,Ativo
0000106-45.2024.5.09.0195,Pacaembu Construtora S/A,Mateus Souza Lima,Primeira Instância,Jurídico Trabalhista,Felipe José Selva,,Trabalhista,Ativo
1008329-65.2024.8.26.0576,Pacaembu Construtora S/A,Elisângela Mora da Silva Costa,Primeira Instância,Jurídico Interno Cível,N/A,Execução de Título Extrajudicial,Cível,Ativo
1008625-43.2023.8.26.0408,Pacaembu Ourinhos Constante - Empreendimento Imobiliário Ltda.,Renata de Sousa Amario,Primeira Instância,Bruno - Escritório RST&A,Thalis Rodrigues Salmazo,Vícios Construtivos,Cível,Ativo
1006705-78.2024.8.26.0576,Pacaembu Construtora S/A,Abner Henrique de Souza,Primeira Instância,Escritório Reis & Souza Advogados,Wadi Atique,Vícios Construtivos,Cível,Ativo
1006707-48.2024.8.26.0576,Pacaembu Construtora S/A,Vilcionei Jesus de Almeida,Primeira Instância,Thaia - Escritório RST&A,Wadi Atique,Vícios Construtivos,Cível,Ativo
1002579-69.2024.8.26.0451,Pacaembu Piracicaba Incorporadora Ltda.,Daiane Campos Morales,Primeira Instância,Bentivegna e Ribeiro Advogados,Everton de Oliveira Gil,Vícios Construtivos,Cível,Ativo
1002549-34.2024.8.26.0451,Pacaembu Piracicaba Incorporadora Ltda.,Estefani Pedronetti da Silva Alves,Primeira Instância,Bentivegna e Ribeiro Advogados,Yara Regina Araujo Richter,Vícios Construtivos,Cível,Ativo
1006224-18.2024.8.26.0576,Pacaembu São José do Rio Preto - Empreendimento Imobiliário Ltda.,Sueli da Silva Santos,Primeira Instância,Bruno - Escritório RST&A,Guilherme Mendonça Mendes de Oliveira,Vícios Construtivos,Cível,Ativo
0060203-59.2023.8.16.0014,Pacaembu Construtora S/A,Maria Eduarda da Silva Martins,Primeira Instância,Bruno - Escritório RST&A,Douglas Guergolette Alfieri,Vícios Construtivos,Cível,Ativo
1030912-54.2023.8.26.0196,Vida Nova Barretos III - Empreendimento Imobiliário Ltda.,Tereza Aparecida da Silva,Primeira Instância,Thaia - Escritório RST&A,Rodolfo Chiquini da Silva,Alienação Fiduciária,Cível,Ativo
0018218-13.2023.8.16.0014,Pacaembu Construtora S/A,Anderson de Oliveira,Primeira Instância,Bentivegna e Ribeiro Advogados,Celso José Bonifácio Junior,Vícios Construtivos e muro de arrimo,Cível,Ativo
1001266-73.2024.8.26.0451,Pacaembu Piracicaba Incorporadora Ltda.,João Lucas Alves Pereira,Primeira Instância,Bentivegna e Ribeiro Advogados,Everton de Oliveira Gil,Vícios Construtivos,Cível,Ativo
0015872-93.2023.8.16.0045,Pacaembu Arapongas 1 - Empreendimento Imobiliário Ltda.,Igor Antônio Rodrigues,Primeira Instância,Bentivegna e Ribeiro Advogados,Pedro Alexandre Pronievicz Barreto,Muro de Arrimo,Cível,Ativo
1000455-16.2024.8.26.0451,Pacaembu Piracicaba Incorporadora Ltda.,Pedro Santos Silva,Primeira Instância,Bruno - Escritório RST&A,Everton de Oliveira Gil,Vícios Construtivos,Cível,Ativo
1026253-13.2023.8.26.0451,Pacaembu Piracicaba Incorporadora Ltda.,Andreza Claudino da Silva,Primeira Instância,Bentivegna e Ribeiro Advogados,Yara Regina Araujo Richter,Vícios Construtivos,Cível,Ativo
5001132-19.2023.4.03.6131,Pacaembu Construtora S/A,Gabrielle Silva Pinheiro,Primeira Instância,Escritório Reis & Souza Advogados,Daniella Muniz Souza,Ação de Rescisão Contratual,Cível,Ativo
1000005-73.2024.8.26.0451,Pacaembu Piracicaba Incorporadora Ltda.,Andreia Souza da Rocha,Primeira Instância,Bentivegna e Ribeiro Advogados,Everton de Oliveira Gil,Erro no produto,Cível,Ativo
0012229-93.2023.5.15.0017,Pacaembu Construtora S/A,Italo Henrique da Silva,Primeira Instância,Jurídico Trabalhista,Fabiano Renato Dias Perin,,Trabalhista,Ativo
0012386-81.2023.5.15.0012,Pacaembu Construtora S/A,Eduardo Gomes Ferreira,Primeira Instância,Jurídico Trabalhista,Jamil Aparecido Milani,,Trabalhista,Ativo
0011704-83.2023.5.15.0091,Pacaembu Construtora S/A,Jurandir Aparecido de Oliveira,Primeira Instância,Jurídico Trabalhista,,,Trabalhista,Ativo
1058273-70.2023.8.26.0576,Pacaembu Construtora S/A,Erik da Silva Santos,Primeira Instância,Bentivegna e Ribeiro Advogados,Guilherme Mendonça Mendes de Oliveira,Muro de Arrimo,Cível,Ativo
1025710-10.2023.8.26.0451,Pacaembu Piracicaba Incorporadora Ltda.,Junia Maria Soares,Primeira Instância,Bentivegna e Ribeiro Advogados,Yara Regina Araujo Richter,Vícios Construtivos,Cível,Ativo
1031351-65.2023.8.26.0196,Vida Nova Barretos III - Empreendimento Imobiliário Ltda.,Arthur Henrique Rocha Machado,Primeira Instância,Bentivegna e Ribeiro Advogados,Rodolfo Chiquini da Silva,Alienação Fiduciária,Cível,Ativo
1021067-09.2023.8.26.0451,Pacaembu Piracicaba Incorporadora Ltda.,Luis Henrique dos Santos,Primeira Instância,Bruno - Escritório RST&A,Yara Regina Araujo Richter,Vícios Construtivos,Cível,Ativo
1059362-31.2023.8.26.0576,Pacaembu Água Santa - Empreendimento Imobiliário Ltda.,Carla Maria da Costa,Primeira Instância,Bentivegna e Ribeiro Advogados,Eduardo Zuanazzi Saden,Vícios Construtivos,Cível,Ativo
1042695-83.2023.8.26.0506,Poá Empreendimento Imobiliário Ltda,Simone dos Reis,Primeira Instância,Bruno - Escritório RST&A,Guilherme Toniazzo Ruas,Alienação Fiduciária,Cível,Ativo
1025617-47.2023.8.26.0451,Pacaembu Piracicaba Incorporadora Ltda.,Andreia Souza da Rocha,Primeira Instância,Bentivegna e Ribeiro Advogados,Everton de Oliveira Gil,Vícios Construtivos,Cível,Ativo
1007035-31.2023.8.26.0408,Pacaembu Ourinhos Constante - Empreendimento Imobiliário Ltda.,Marcia Nicoleti de Moraes,Primeira Instância,Bruno - Escritório RST&A,Gilberto José Rodrigues,Negativação indevida,Cível,Ativo
1056624-70.2023.8.26.0576,Pacaembu São José do Rio Preto - Empreendimento Imobiliário Ltda.,Igor Marcelo Ferreira da Silva,Primeira Instância,Bentivegna e Ribeiro Advogados,Guilherme Mendonça Mendes de Oliveira,Muro de Arrimo,Cível,Ativo
1056623-85.2023.8.26.0576,Pacaembu São José do Rio Preto - Empreendimento Imobiliário Ltda.,Rodrigo da Silva Tomaz,Primeira Instância,Bruno - Escritório RST&A,Guilherme Mendonça Mendes de Oliveira,Muro de Arrimo,Cível,Ativo
1056621-18.2023.8.26.0576,Pacaembu São José do Rio Preto - Empreendimento Imobiliário Ltda.,Sofia Queiroz Furquim,Primeira Instância,Bruno - Escritório RST&A,Guilherme Mendonça Mendes de Oliveira,Muro de Arrimo,Cível,Ativo
1024348-70.2023.8.26.0451,Pacaembu Piracicaba Incorporadora Ltda.,Michele Aparecida Francisco de Carvalho,Primeira Instância,Bruno - Escritório RST&A,Everton de Oliveira Gil,Vícios Construtivos,Cível,Ativo
0012347-84.2023.5.15.0012,Pacaembu Construtora S/A,Edimilsom Pereira da Silva,Primeira Instância,Jurídico Trabalhista,Jorge Priensnitz,,Trabalhista,Ativo
0012351-24.2023.5.15.0012,Pacaembu Construtora S/A,Edimilsom Pereira da Silva Junior,Primeira Instância,Jurídico Trabalhista,Jorge Priensnitz,,Trabalhista,Ativo
1071039-65.2022.8.26.0100,Vida Nova Itapetininga III - Empreendimento Imobiliário Ltda,Jn Fomento Mercantil ltda Epp.,Primeira Instância,Jurídico Interno Cível,Fernanda Elissa de Carvalho Awada,Execução de Título Extrajudicial,Cível,Ativo
1056622-03.2023.8.26.0576,Pacaembu Construtora S/A,Leandro da Silva Assunção,Primeira Instância,Bentivegna e Ribeiro Advogados,Guilherme Mendonça Mendes de Oliveira,Muro de Arrimo,Cível,Ativo
1016272-57.2023.8.26.0451,Pacaembu Piracicaba Incorporadora Ltda.,Camila de Arruda Ferraz,Primeira Instância,Bentivegna e Ribeiro Advogados,Antonio de Jesus Volpato,Negativação indevida,Cível,Ativo
1021439-55.2023.8.26.0451,Pacaembu Piracicaba Incorporadora Ltda.,Rafaella Martins Correia da Silva,Primeira Instância,Bruno - Escritório RST&A,Everton de Oliveira Gil,Vícios Construtivos,Cível,Ativo
1021641-32.2023.8.26.0451,Pacaembu Piracicaba Incorporadora Ltda.,Débora da Silva Galvão,Primeira Instância,Bentivegna e Ribeiro Advogados,Everton de Oliveira Gil,Vícios Construtivos,Cível,Ativo
1517252-87.2023.8.26.0566,Vida Nova Sao Carlos - Empreendimento Imobiliario LTDA,SAAE - São Carlos,Primeira Instância,Jurídico Interno Cível,Jus Postulandi,Execução Fiscal,Cível,Ativo
1019644-14.2023.8.26.0451,Pacaembu Piracicaba Incorporadora Ltda.,Milena Amaral Silva,Primeira Instância,Bruno - Escritório RST&A,Everton de Oliveira Gil,Vícios Construtivos,Cível,Ativo
1021113-95.2023.8.26.0451,Pacaembu Piracicaba Incorporadora Ltda.,Anderson Bezerra Santos Souza,Primeira Instância,Bentivegna e Ribeiro Advogados,Everton de Oliveira Gil,Vícios Construtivos,Cível,Ativo
1020757-03.2023.8.26.0451,Pacaembu Piracicaba Com Viva - Empreendimento Imobiliário Ltda. (Filial),Guilherme da Silva Araujo,Primeira Instância,Bentivegna e Ribeiro Advogados,Everton de Oliveira Gil,Erro no produto,Cível,Ativo
1017286-52.2023.8.26.0071,Pacaembu Bauru II- Empreendimento Imobiliário Ltda.,Mariana Doca Monteiro,Primeira Instância,Bruno - Escritório RST&A,Andre Luis Sevestrin Terencio,Alienação Fiduciária,Cível,Ativo
1049868-45.2023.8.26.0576,Pacaembu Construtora S/A,Auryelly Tainara de Souza Lopes,Primeira Instância,Bentivegna e Ribeiro Advogados,Beatriz Amorim Bertacini,Vícios Construtivos e muro de arrimo,Cível,Ativo
0011665-11.2023.5.15.0116,Vida Nova Tatuí III Empreendimento Imobiliário Ltda.,Matheus Henrique Pontes Siqueira Silva,Primeira Instância,Jurídico Trabalhista,Gustavo Pessoa Cruz,,Trabalhista,Ativo
1019366-13.2023.8.26.0451,Pacaembu Piracicaba Incorporadora Ltda.,Luciano Jeronimo Nagata,Primeira Instância,Bruno - Escritório RST&A,Yara Regina Araujo Richter,Vícios Construtivos,Cível,Ativo
0011707-65.2023.5.15.0082,Pacaembu Construtora S/A,Marcos Henrique Santana de Almeida,Primeira Instância,Jurídico Trabalhista,Daniel Alex Michelon,,Trabalhista,Ativo
0011588-11.2023.5.15.0113,Pacaembu Construtora S/A,Valdenor Pereira da Mota de Lima,Primeira Instância,Jurídico Trabalhista,Pablo de Figueiredo Souza Arraes,,Trabalhista,Ativo
0009381-66.2023.8.16.0014,Pacaembu Construtora S/A,Renata Oliveira da Silva,Primeira Instância,Bruno - Escritório RST&A,Celso José Bonifácio Junior,Vícios Construtivos e muro de arrimo,Cível,Ativo
1017792-52.2023.8.26.0451,Pacaembu Piracicaba Incorporadora Ltda.,Alan Eduardo dos Santos Nogueira,Primeira Instância,Bentivegna e Ribeiro Advogados,Yara Regina Araujo Richter,Vícios Construtivos,Cível,Ativo
0000897-32.2023.5.09.0653,Pacaembu Arapongas 1 - Empreendimento Imobiliário Ltda.,Mario Cesar Fernandes da Silva,Primeira Instância,Jurídico Trabalhista,Itacir Joaquim da Silva,,Trabalhista,Ativo
0011118-68.2023.5.15.0116,Pacaembu Construtora S/A,Gregorio Velasco,Primeira Instância,Jurídico Trabalhista,Rodrigo Hernandes Moreno,,Trabalhista,Ativo
1044926-67.2023.8.26.0576,Pacaembu Água Santa - Empreendimento Imobiliário Ltda.,Prefeitura de São José do Rio Preto,Primeira Instância,Serur Advogados,Procuradoria do Estado de São Paulo,Extinção do Crédito Tributário,Tributário,Ativo
1503853-43.2022.8.26.0269,Haus Compra e Venda de Bens Imóveis Ltda.,Prefeitura de Itapetininga,Primeira Instância,Jurídico Interno Cível,Procuradoria do Estado de São Paulo,Execução Fiscal - IPTU,Cível,Ativo
1502991-40.2023.8.26.0624,Haus Compra e Venda de Bens Imóveis Ltda.,Prefeitura Municipal de Tatui,Primeira Instância,Jurídico Interno Cível,Procuradoria do Estado de São Paulo,Execução Fiscal - IPTU,Cível,Ativo
1502990-55.2023.8.26.0624,Haus Compra e Venda de Bens Imóveis Ltda.,Prefeitura Municipal de Tatui,Primeira Instância,Jurídico Interno Cível,Procuradoria do Estado de São Paulo,Execução Fiscal - IPTU,Cível,Ativo
1502989-70.2023.8.26.0624,Haus Compra e Venda de Bens Imóveis Ltda.,Prefeitura Municipal de Tatui,Primeira Instância,Jurídico Interno Cível,Procuradoria do Estado de São Paulo,Execução Fiscal - IPTU,Cível,Ativo
1502988-85.2023.8.26.0624,Haus Compra e Venda de Bens Imóveis Ltda.,Prefeitura Municipal de Tatui,Primeira Instância,Jurídico Interno Cível,Procuradoria do Estado de São Paulo,Execução Fiscal - IPTU,Cível,Ativo
1019822-49.2023.8.26.0196,Pacaembu Construtora S/A,Vinícius Braulio da Costa,Primeira Instância,Bruno - Escritório RST&A,Guilherme Mendonça Mendes de Oliveira,Vícios Construtivos,Cível,Ativo
1040318-26.2023.8.26.0576,Pacaembu Construtora S/A,Lidiane Roberta da Silva Maciel,Primeira Instância,Bentivegna e Ribeiro Advogados,Guilherme Mendonça Mendes de Oliveira,Vícios Construtivos,Cível,Ativo
0011119-53.2023.5.15.0116,Pacaembu Construtora S/A,Gregorio Velasco,Primeira Instância,Jurídico Trabalhista,Rodrigo Hernandes Moreno,,Trabalhista,Ativo
1503588-86.2023.8.26.0566,Vida Nova Sao Carlos - Empreendimento Imobiliario LTDA,SAAE - São Carlos,Primeira Instância,Jurídico Interno Cível,Procuradoria do Estado de São Paulo,Execução Fiscal,Cível,Ativo
0018785-44.2023.8.16.0014,Pacaembu Construtora S/A,Lucas Vinicius Fernandes,Primeira Instância,Bentivegna e Ribeiro Advogados,Celso José Bonifácio Junior,Vícios Construtivos e muro de arrimo,Cível,Ativo
1013979-17.2023.8.26.0451,Pacaembu Piracicaba Incorporadora Ltda.,Lays dos Santos Alves,Primeira Instância,Bentivegna e Ribeiro Advogados,Yara Regina Araujo Richter,Vícios Construtivos,Cível,Ativo
1077743-60.2023.8.26.0100,Janaina Helena de Almeida,Itaú Unibanco S.a,Primeira Instância,Jurídico Interno Cível,,Declaratória de Inexigibilidade de Crédito,Cível,Ativo - não Pacaembu
1000905-16.2023.5.02.0320,Pacaembu Construtora S/A,Antonio Ernaldo Freires da Silva,Primeira Instância,Jurídico Trabalhista,Fábio Gusmão de Mesquita Santos,,Trabalhista,Ativo
1004195-15.2023.8.26.0322,Pacaembu Lins III - Empreendimento Imobiliario Spe Ltda,Luzia Cristina Picinato,Primeira Instância,Bruno - Escritório RST&A,Sandro Rafael Barioni de Matos,Vícios Construtivos e muro de arrimo,Cível,Ativo
0002644-57.2024.8.26.0071,Pacaembu Bauru - Empreendimento Imobiliário Ltda.,Marcelo Mathews Almeida Ramos,Primeira Instância,Bruno - Escritório RST&A,Fabio Jose de Souza,Vícios Construtivos,Cível,Ativo
5000192-58.2021.4.03.6314,Pacaembu Construtora S/A,Silvia de Sant Anna,Primeira Instância,Bruno - Escritório RST&A,Elaine Cristina Vechiato,Vícios Construtivos,Cível,Ativo
1003501-13.2023.8.26.0624,Vida Nova Tatuí III Empreendimento Imobiliário Ltda.,Geraldo Cunha Neto,Primeira Instância,Bentivegna e Ribeiro Advogados,Eduardo de Jesus Tavares Filho,Alienação Fiduciária,Cível,Ativo
0010847-38.2023.5.15.0026,Pacaembu Construtora S/A,Rafael Carvalho de Farias,Primeira Instância,Jurídico Trabalhista,Tuan Galiano Freitas,,Trabalhista,Ativo
1000209-59.2024.5.02.0056,Pacaembu Construtora S/A,Natanael Rodrigues Carneiro de Santana,Primeira Instância,Escritório Tozzini,Adalberto dos Santos Augusto Junior,,Trabalhista,Ativo
0031817-19.2023.8.16.0014,Pacaembu Construtora S/A,Nilza Garcia de Araujo,Primeira Instância,Bruno - Escritório RST&A,Celso José Bonifácio Junior,Vícios Construtivos e muro de arrimo,Cível,Ativo
1003765-63.2023.8.26.0322,Pacaembu Lins III - Empreendimento Imobiliario Spe Ltda,Kelly Picinato Pereira,Primeira Instância,Bentivegna e Ribeiro Advogados,Sandro Rafael Barioni de Matos,Vícios Construtivos e muro de arrimo,Cível,Ativo
1003768-18.2023.8.26.0322,Pacaembu Lins III - Empreendimento Imobiliario Spe Ltda,Wesley Prado dos Santos Tosi,Primeira Instância,Bruno - Escritório RST&A,Sandro Rafael Barioni de Matos,Vícios Construtivos e muro de arrimo,Cível,Ativo
1003771-70.2023.8.26.0322,Pacaembu Lins III - Empreendimento Imobiliario Spe Ltda,Guilherme Moraes de Lima,Primeira Instância,Bentivegna e Ribeiro Advogados,Sandro Rafael Barioni de Matos,Vícios Construtivos e muro de arrimo,Cível,Ativo
1003909-37.2023.8.26.0322,Pacaembu Lins III - Empreendimento Imobiliario Spe Ltda,Mariene dos Santos Cavalaria,Primeira Instância,Bruno - Escritório RST&A,Sandro Rafael Barioni de Matos,Vícios Construtivos e muro de arrimo,Cível,Ativo
1003911-07.2023.8.26.0322,Pacaembu Lins III - Empreendimento Imobiliario Spe Ltda,Elaine Aparecida Dias,Primeira Instância,Bentivegna e Ribeiro Advogados,Sandro Rafael Barioni de Matos,Vícios Construtivos e muro de arrimo,Cível,Ativo
1003913-74.2023.8.26.0322,Pacaembu Lins III - Empreendimento Imobiliario Spe Ltda,Guilherme Carminato Dutra,Primeira Instância,Bentivegna e Ribeiro Advogados,Sandro Rafael Barioni de Matos,Vícios Construtivos e muro de arrimo,Cível,Ativo
1003914-59.2023.8.26.0322,Pacaembu Lins III - Empreendimento Imobiliario Spe Ltda,Wilhan Prado de Souza,Primeira Instância,Bruno - Escritório RST&A,Sandro Rafael Barioni de Matos,Vícios Construtivos e muro de arrimo,Cível,Ativo
1003744-87.2023.8.26.0322,Pacaembu Lins III - Empreendimento Imobiliario Spe Ltda,Beatriz Fernandes Moreira,Primeira Instância,Bentivegna e Ribeiro Advogados,Sandro Rafael Barioni de Matos,Vícios Construtivos e muro de arrimo,Cível,Ativo
1003753-49.2023.8.26.0322,Pacaembu Lins III - Empreendimento Imobiliario Spe Ltda,Mayara Daiane Ferreira Martins,Primeira Instância,Bruno - Escritório RST&A,Sandro Rafael Barioni de Matos,Vícios Construtivos e muro de arrimo,Cível,Ativo
1003756-04.2023.8.26.0322,Pacaembu Lins III - Empreendimento Imobiliario Spe Ltda,Nathalia Andreza Canteiro de Lima,Primeira Instância,Bruno - Escritório RST&A,Sandro Rafael Barioni de Matos,Vícios Construtivos e muro de arrimo,Cível,Ativo
1003757-86.2023.8.26.0322,Pacaembu Lins III - Empreendimento Imobiliario Spe Ltda,Antonio Rogerio Borges,Primeira Instância,Bentivegna e Ribeiro Advogados,Sandro Rafael Barioni de Matos,Vícios Construtivos e muro de arrimo,Cível,Ativo
1003761-26.2023.8.26.0322,Pacaembu Lins III - Empreendimento Imobiliario Spe Ltda,Marcela de Brito,Primeira Instância,Bruno - Escritório RST&A,Sandro Rafael Barioni de Matos,Vícios Construtivos e muro de arrimo,Cível,Ativo
1013357-11.2023.8.26.0071,Pacaembu Bauru II- Empreendimento Imobiliário Ltda.,Sidnei Barbosa Teixeira,Primeira Instância,Bruno - Escritório RST&A,Luciano Pinhata,Alienação Fiduciária,Cível,Ativo
1003762-11.2023.8.26.0322,Pacaembu Lins III - Empreendimento Imobiliario Spe Ltda,Jean Carlos Porto Vancin,Primeira Instância,Bentivegna e Ribeiro Advogados,Sandro Rafael Barioni de Matos,Vícios Construtivos e muro de arrimo,Cível,Ativo
1003763-93.2023.8.26.0322,Pacaembu Lins III - Empreendimento Imobiliario Spe Ltda,Cristiano dos Santos,Primeira Instância,Bentivegna e Ribeiro Advogados,Sandro Rafael Barioni de Matos,Vícios Construtivos e muro de arrimo,Cível,Ativo
0010950-03.2023.5.15.0137,Pacaembu Construtora S/A,Daniela Darly Pereira Lima,Primeira Instância,Jurídico Trabalhista,Augusto Carlos Lamêgo Junior,,Trabalhista,Ativo
1009834-19.2023.8.26.0482,Pacaembu Construtora S/A,Daniel dos Santos Gonçalves,Primeira Instância,Bentivegna e Ribeiro Advogados,Marcelo Manfrim,Vícios Construtivos,Cível,Ativo
0008314-76.2024.8.26.0071,Pacaembu Bauru - Empreendimento Imobiliário Ltda.,Daiane Cristina da Silva,Primeira Instância,Bentivegna e Ribeiro Advogados,Fabio Jose de Souza,Vícios Construtivos,Cível,Ativo
0004626-09.2024.8.26.0071,Pacaembu Bauru - Empreendimento Imobiliário Ltda.,Matheus Henrique Goncalves,Primeira Instância,Bruno - Escritório RST&A,Fabio Jose de Souza,Vícios Construtivos,Cível,Ativo
0010643-57.2023.5.15.0005,Pacaembu Construtora S/A,Paulo Ricardo Santos Vicentino,Primeira Instância,Mattos Engelberg Echenique Advogados,Maria Carolina Markies Zani,,Trabalhista,Ativo
0001694-08.2023.8.26.0322,Pacaembu Construtora S/A,Danielle Cristiane Bento,Primeira Instância,Bentivegna e Ribeiro Advogados,Jus Postulandi,Muro de Arrimo,Cível,Ativo
1010114-83.2023.8.26.0451,Pacaembu Piracicaba Incorporadora Ltda.,Robson Gomes dos Santos,Primeira Instância,Bruno - Escritório RST&A,Lenita Davanzo,Vícios Construtivos,Cível,Ativo
0011728-59.2023.5.15.0076,Pacaembu Construtora S/A,Vinicius Laudares da Fonseca,Primeira Instância,Jurídico Trabalhista,Marcelo Junior Vilela,,Trabalhista,Ativo
0011638-40.2023.5.15.0015,Pacaembu Construtora S/A,Robson Amaral de Souza,Primeira Instância,Jurídico Trabalhista,Marcelo Junior Vilela,,Trabalhista,Ativo
1021359-07.2023.8.26.0576,Pacaembu Água Santa - Empreendimento Imobiliário Ltda.,Carla Maria da Costa,Primeira Instância,Bentivegna e Ribeiro Advogados,Eduardo Zuanazzi Saden,Vícios Construtivos,Cível,Ativo
1024972-35.2023.8.26.0576,Pacaembu Construtora S/A,Jardim California Empreendimentos Imobiliarios Spe ltda,Primeira Instância,Jurídico Interno Cível,Karina Mara Roda Perissotto,Monitória,Cível,Ativo
1504903-98.2020.8.26.0132,Gold Land Empreendimentos Imobiliários Ltda,Município de Catanduva,Primeira Instância,Serur Advogados,Município de Catanduva,Execução Fiscal - IPTU,Cível,Ativo
0009628-91.2023.8.26.0071,Pacaembu Bauru - Empreendimento Imobiliário Ltda.,Maria de Lourdes Oliveira,Primeira Instância,Bruno - Escritório RST&A,Fabio Jose de Souza,Vícios Construtivos,Cível,Ativo
0009674-80.2023.8.26.0071,Pacaembu Bauru - Empreendimento Imobiliário Ltda.,Gabriel Bispo da Silva,Primeira Instância,Bentivegna e Ribeiro Advogados,Fabio Jose de Souza,Vícios Construtivos,Cível,Ativo
0009666-06.2023.8.26.0071,Pacaembu Bauru - Empreendimento Imobiliário Ltda.,Alan Cesar Ambrozio,Primeira Instância,Bentivegna e Ribeiro Advogados,Fabio Jose de Souza,Vícios Construtivos,Cível,Ativo
0009657-44.2023.8.26.0071,Pacaembu Bauru II- Empreendimento Imobiliário Ltda.,Adriano Cataluppi,Primeira Instância,Bentivegna e Ribeiro Advogados,Fabio Jose de Souza,Vícios Construtivos,Cível,Ativo
0018780-22.2023.8.16.0014,Pacaembu Construtora S/A,Sidneia Firmino de Lima,Primeira Instância,Bruno - Escritório RST&A,Celso José Bonifácio Junior,Vícios Construtivos e muro de arrimo,Cível,Ativo
0068990-14.2022.8.16.0014,Pacaembu Construtora S/A,Joaquim Vieira,Primeira Instância,Bentivegna e Ribeiro Advogados,Paulo Aparecido Vieira,Perdas e Danos,Cível,Ativo
0010485-06.2023.5.15.0133,Pacaembu Construtora S/A,Orlando Carlos Hummel Julian,Primeira Instância,Jurídico Trabalhista,Thais Oliveira Pulici,,Trabalhista,Ativo
0010481-66.2023.5.15.0133,Pacaembu Construtora S/A,Orivando Henrique Bertolucci Junior,Primeira Instância,Jurídico Trabalhista,Thais Oliveira Pulici,,Trabalhista,Ativo
0010448-76.2023.5.15.0133,Pacaembu Construtora S/A,Eva Lopes Silva Alves (espólio de Wilson Aparecido Alves),Primeira Instância,Jurídico Trabalhista,Thais Oliveira Pulici,,Trabalhista,Ativo
0010474-33.2023.5.15.0082,Pacaembu Construtora S/A,Andre Luiz Marchi,Primeira Instância,Jurídico Trabalhista,Thais Oliveira Pulci,,Trabalhista,Ativo
0010455-28.2023.5.15.0017,Pacaembu Construtora S/A,Ivair Roberto Nunes Alves,Primeira Instância,Escritório Tozzini,Thais Oliveira Pulici,,Trabalhista,Ativo
0010822-58.2023.5.15.0015,Pacaembu Construtora S/A,Lucas Ferreira Augusto,Primeira Instância,Escritório Tozzini,Camila Robini Takada,,Trabalhista,Ativo
1501474-11.2022.8.26.0664,Haus Compra e Venda de Bens Imóveis Ltda.,Prefeitura de Votuporanga,Primeira Instância,Jurídico Interno Cível,Procuradoria do Estado de São Paulo,Execução Fiscal - IPTU,Tributário,Ativo
5005041-13.2023.4.03.6182,Ana Caroline Pires de Souza Prieto,Conselho de Arquitetura e Urbanismo de São Paulo,Primeira Instância,Jurídico Interno Cível,,Embargos à Execução,Cível,Ativo - não Pacaembu
0006435-68.2023.8.26.0071,Pacaembu Bauru II- Empreendimento Imobiliário Ltda.,Luiz Henrique Vendramin Rosalin,Primeira Instância,Bruno - Escritório RST&A,Fabio Jose de Souza,Vícios Construtivos,Cível,Ativo
1058286-22.2022.8.26.0506,Pacaembu Construtora S/A,Liziana Moreira Pinto,Primeira Instância,Bentivegna e Ribeiro Advogados,Yuri Alexieivig Mendes de Almeida,Muro de Arrimo,Cível,Ativo
1001755-83.2022.5.02.0036,Pacaembu Construtora S/A,Thayna Ramos Fernandes,Primeira Instância,Jurídico Trabalhista,Eduardo Augusto Alves Santana,,Trabalhista,Ativo
1056411-17.2022.8.26.0506,Poá Empreendimento Imobiliário Ltda,Fabio Henrique da Silva Oliveira,Primeira Instância,Bentivegna e Ribeiro Advogados,Arthur Augusto Paulo Poli,Alienação Fiduciária,Cível,Ativo
0011936-03.2022.5.15.0133,Pacaembu Construtora S/A,Julio Cezar Vendramini,Primeira Instância,Escritório Tozzini,Thais Oliveira Pulici,,Trabalhista,Ativo
0012016-24.2022.5.15.0017,Pacaembu Construtora S/A,Odair Bueno da Silva,Primeira Instância,Escritório Tozzini,Thais Oliveira Pulici,,Trabalhista,Ativo
0011944-36.2022.5.15.0082,Pacaembu Construtora S/A,Vaulte Aparecido Mendes Rodrigues,Primeira Instância,Escritório Tozzini,Thais Oliveira Pulici,,Trabalhista,Ativo
0011506-86.2022.5.15.0089,Pacaembu Construtora S/A,Fabio Galvão de Oliveira e outro (1),Primeira Instância,Jurídico Trabalhista,Nelson Ribeiro da Silva,,Trabalhista,Ativo
0011920-25.2022.5.15.0044,Pacaembu Construtora S/A,Aecio Ribeiro Cunha,Primeira Instância,Escritório Tozzini,Thais Oliveira Pulici,,Trabalhista,Ativo
1024478-70.2022.8.26.0071,Pacaembu Bauru - Empreendimento Imobiliário Ltda.,Jefferson Camilo Pereira,Primeira Instância,Bentivegna e Ribeiro Advogados,Luiz Sérgio Ribeiro Corrêa Júnior,Alienação Fiduciária,Cível,Ativo
1052770-05.2022.8.26.0576,Pacaembu Cedral I - Empreendimento Imobiliário Ltda,Ana Carolina da Silva Jesus,Primeira Instância,Bentivegna e Ribeiro Advogados,Jéssika de Cássia Maroco,Alienação Fiduciária,Cível,Ativo
0000356-87.2022.5.06.0371,Pacaembu Construtora S/A,Richarlisson Antonio Bezerra Diniz,Primeira Instância,Jurídico Trabalhista,Nilton Carlos Pereira Madureira,,Trabalhista,Ativo
1024523-74.2022.8.26.0071,Pacaembu Bauru - Empreendimento Imobiliário Ltda.,Ernane Jose de Melo Costa,Primeira Instância,Jurídico Interno Cível,Defensoria Pública do Estado de São Paulo,Execução de Título Extrajudicial,Cível,Ativo
1103321-59.2022.8.26.0100,Pacaembu Piracicaba Incorporadora Ltda.,Alexandre Ferreira de Moura,Primeira Instância,Jurídico Interno Cível,Clayton Roger Galhardo,Sustação de Protesto,Cível,Ativo
1517764-37.2022.8.26.0071,Pacaembu Lins III - Empreendimento Imobiliario Spe Ltda,Fazenda Pública do Estado de São Paulo,Primeira Instância,Jurídico Interno Cível,Procuradoria do Estado de São Paulo,Execução Fiscal,Tributário,Ativo
1040075-19.2022.8.26.0576,Pacaembu Construtora S/A,Claudemiro Aparecido Lacerda,Primeira Instância,Escritório Reis & Souza Advogados,Sergio Toyohiko Kiyomura,Embargos à Execução,Cível,Ativo
1006831-19.2022.8.26.0344,Atlanta Construções Comercio e Empreendimentos Ltda,Sônia Aparecida da Costa Biet,Primeira Instância,Bentivegna e Ribeiro Advogados,Juliano Candeloro Herminio,Usucapião Extraordinário,Cível,Ativo - não Pacaembu
0011376-38.2022.5.15.0076,Pacaembu Construtora S/A,Zaqueu Andrade Silva,Primeira Instância,Escritório Tozzini,Anderson Luiz Scofoni,,Trabalhista,Ativo
0011369-35.2022.5.15.0015,Pacaembu Construtora S/A,Jose Cristiano da Silva,Primeira Instância,Escritório Tozzini,Anderson Luiz Scofoni,,Trabalhista,Ativo
1022918-49.2022.8.26.0506,Poá Empreendimento Imobiliário Ltda,Brenda Cristina da Silva Theodoro,Primeira Instância,Bentivegna e Ribeiro Advogados,Rafael Nascimento Cariola,Alienação Fiduciária,Cível,Ativo
0010729-96.2022.5.15.0026,Pacaembu Construtora S/A,Thiago Augusto Fidelis,Primeira Instância,Escritório Tozzini,Hamilton Fernando Machado de Mattos,,Trabalhista,Ativo
1002006-20.2022.8.26.0445,Pacaembu Construtora S/A,Vitor Franca Macedo,Primeira Instância,Bruno - Escritório RST&A,Onivaldo Freitas Júnior,Produção Antecipada de Provas,Cível,Ativo
1019921-77.2022.8.26.0576,Pacaembu Construtora S/A,Claudemiro Aparecido Lacerda,Primeira Instância,Escritório Reis & Souza Advogados,Sergio Toyohiko Kiyomura,Execução de Título Extrajudicial,Cível,Ativo
1011674-26.2022.8.26.0506,Poá Empreendimento Imobiliário Ltda,Michelle Cristina da Silva,Primeira Instância,Bruno - Escritório RST&A,Rodolpho Luiz de Rangel Moreira Ramos,Alienação Fiduciária,Cível,Ativo
1504061-84.2021.8.26.0132,Gold Land Empreendimentos Imobiliários Ltda,Prefeitura do Município de Catanduva,Primeira Instância,Serur Advogados,,Execução Fiscal,Cível,Ativo
0011924-97.2021.5.15.0076,Pacaembu Construtora S/A,Ronaldo Rogério Junior,Primeira Instância,Escritório Tozzini,Anderson Luiz Scofoni,,Trabalhista,Ativo
0011928-37.2021.5.15.0076,Pacaembu Construtora S/A,Lucas Francisco Souza,Primeira Instância,Escritório Tozzini,Anderson Luiz Scofoni,,Trabalhista,Ativo
0011915-38.2021.5.15.0076,Pacaembu Construtora S/A,Carlos Eduardo Ferreira de Jesus,Primeira Instância,Escritório Tozzini,Anderson Luiz Scofoni,,Trabalhista,Ativo
0011639-07.2021.5.15.0076,Pacaembu Construtora S/A,Marcelo Adriano Porto,Primeira Instância,Escritório Tozzini,Luisa Helena Roque Cardoso,,Trabalhista,Ativo
0031365-05.2019.8.26.0100,Pacaembu Construtora S/A,Icmm Participações e Empreendimentos Imobiliários ltda,Primeira Instância,Bentivegna e Ribeiro Advogados,,Ação de Rescisão Contratual,Cível,Ativo - não Pacaembu
0011489-26.2021.5.15.0076,Pacaembu Construtora S/A,João dos Reis Guiraldelli,Primeira Instância,Escritório Tozzini,Anderson Luiz Scofoni,,Trabalhista,Ativo
5004590-56.2021.4.03.6182,Potencial Empreendimentos Ltda.,Conselho Regional de Engenharia e Agronomia do Estado de São Paulo,Primeira Instância,Bentivegna e Ribeiro Advogados,Ricardo Garcia Gomes,Execução Fiscal,Cível,Ativo
1506356-40.2021.8.26.0344,Gold Land Empreendimentos Imobiliários Ltda,Prefeitura Municipal de Marília,Primeira Instância,Jurídico Interno Cível,,Execução Fiscal,Cível,Ativo
1505878-32.2021.8.26.0344,Potencial Empreendimentos Ltda.,Prefeitura Municipal de Marília,Primeira Instância,Jurídico Interno Cível,,Execução Fiscal - IPTU,Cível,Ativo
1010067-47.2020.8.26.0344,Imobiliária Rio Branco ltda,Prefeitura Municipal de Marília,Primeira Instância,Bentivegna e Ribeiro Advogados,,Embargos à execução,Cível,Ativo
5001817-24.2022.4.03.6337,Pacaembu Construtora S/A,Vanderson da Silva Melo,Primeira Instância,Bruno - Escritório RST&A,Emerson Paulo dos Santos,Indenização por Danos Morais,Cível,Ativo
0011086-46.2021.5.15.0015,Pacaembu Construtora S/A,José da Penha Ribeiro Lopes,Primeira Instância,Escritório Tozzini,Anderson Luiz Scofoni,,Trabalhista,Ativo
0028984-56.2016.8.26.0576,Haus Compra e Venda de Bens Imóveis Ltda.,O L G S Empreiteira Rio Preto Ltda,Primeira Instância,Jurídico Interno Cível,Matheus de Jorge Scarpelli,Ação de Cobrança,Cível,Suspenso
1021889-95.2021.8.26.0506,Pacaembu Construtora S/A,Fabio Cristofoli,Primeira Instância,Bentivegna e Ribeiro Advogados,Ricardo Beschizza Ianelli,Alienação Fiduciária,Cível,Ativo
0001108-08.2017.5.13.0026,"Beach Shoes Comércio, Importação, Exportação e Franquia de Calçados e Bolsas Ltda. - EPP",Luciano Batista Dutra,Primeira Instância,Jurídico Trabalhista,Maxwell Estrela Araújo Dantas,,Trabalhista,Ativo
0000239-57.2021.4.03.6334,Pacaembu Construtora S/A,Marcos Paulo de Oliveira,Primeira Instância,Bruno - Escritório RST&A,Jacqueline Allana Montanari,Vícios Construtivos,Cível,Ativo
0010603-16.2021.5.15.0015,Pacaembu Construtora S/A,Jose Aparecido Ferreira,Primeira Instância,Escritório Tozzini,Anderson Luiz Scofoni,,Trabalhista,Ativo
0001138-55.2017.5.13.0022,"Beach Shoes Comércio, Importação, Exportação e Franquia de Calçados e Bolsas Ltda. - EPP",Rosinalva Leôncio de Lima,Primeira Instância,Jurídico Trabalhista,Maxwell Estrela Araújo Dantas,,Trabalhista,Ativo
0010207-54.2021.5.15.0107,Pacaembu Construtora S/A,Juarez Cândido Bastos,Primeira Instância,Jurídico Trabalhista,Adriano Silva Souza,,Trabalhista,Ativo
0011174-33.2020.5.15.0011,Pacaembu Construtora S/A,André Luiz de Oliveira,Primeira Instância,Jurídico Trabalhista,Daniel Alonso Machado Junior,,Trabalhista,Ativo
0010519-26.2021.5.15.0076,Pacaembu Construtora S/A,Gregory Oliveira da Cruz,Primeira Instância,Escritório Tozzini,Anderson Luiz Scofoni,,Trabalhista,Ativo
1501597-33.2021.8.26.0344,Gold Land Empreendimentos Imobiliários Ltda,Prefeitura Municipal Marilia,Primeira Instância,Jurídico Interno Cível,Procurador Fazenda Municipio de Marilia,Execução Fiscal - IPTU,Cível,Ativo
0010384-03.2021.5.15.0015,Pacaembu Construtora S/A,Fabio de Almeida Chamorro,Primeira Instância,Escritório Tozzini,Anderson Luiz Scofoni,,Trabalhista,Ativo
1000670-63.2020.5.02.0317,Jeferson Marcelo Machado,Thiago Jesus Mingguci,Primeira Instância,Jurídico Trabalhista,Rone Gonçalves,,Trabalhista,Ativo
0012142-62.2020.5.15.0076,Pacaembu Construtora S/A,Mateus de Paula Xavier,Primeira Instância,Jurídico Trabalhista,Katia Teixeira Viegas,,Trabalhista,Ativo
5052288-36.2020.4.04.7000,"Beach Shoes Comércio, Importação, Exportação e Franquia de Calçados e Bolsas Ltda. - EPP",INFRAERO - Empresa Brasileira de Infra-Estrutura Aeroportuária,Primeira Instância,Jurídico Trabalhista,VERONICA MARZULLO AGUIAR,"Transporte Aéreo - Aeroporto, Concessão / Permissão / Autorização, Serviços, DIREITO ADMINISTRATIVO E OUTRAS MATÉRIAS DE DIREITO PÚBLICO",Processo Cível,Ativo
5000438-40.2020.4.04.7000,"Beach Shoes Comércio, Importação, Exportação e Franquia de Calçados e Bolsas Ltda. - EPP",INFRAERO - Empresa Brasileira de Infra-Estrutura Aeroportuária,Primeira Instância,Jurídico Interno Cível,Alexandra Pedroso Peppes,"Execução Contratual, Contratos Administrativos, DiIREITO ADMINISTRATIVO E OUTRAS MATÉRIAS DE DIREITO PÚBLICO",Processo Cível,Ativo
1044746-56.2020.8.26.0576,Pacaembu Construtora S/A,Jeane Pedretti,Primeira Instância,Bentivegna e Ribeiro Advogados,Nelsi Cassia Gomes Silva,Indenização por Danos Morais e Materiais,Cível,Ativo
0011060-34.2019.5.15.0107,Pacaembu Marilia Altos do Palmital 379 - Empreendimento Imobiliario LTDA,Confederação da Agricultura e Pecuária do Brasil,Primeira Instância,Jurídico Trabalhista,Claudio Urenha Gomes,,Trabalhista,Ativo
1001042-06.2020.5.02.0610,Pacaembu Construtora S/A,Osvaldo dos Santos Silva Junior,Primeira Instância,Jurídico Trabalhista,Elvis Cleber Narcio,,Trabalhista,Ativo
0011338-94.2020.5.15.0076,Pacaembu Construtora S/A,Joselino Ranuzii da Silva,Primeira Instância,Escritório Tozzini,Anderson Luiz Scofoni,,Trabalhista,Ativo
0001113-21.2017.5.13.0029,"Beach Shoes Comércio, Importação, Exportação e Franquia de Calçados e Bolsas Ltda. - EPP",Gracielle Nunes dos Santos Silva,Primeira Instância,Jurídico Trabalhista,Maxwell Estrela Araújo Dantas,,Trabalhista,Ativo
1504305-61.2018.8.26.0344,Imobiliaria Seguranca Marilia Ltda,Prefeitura Municipal de Marília,Primeira Instância,Jurídico Interno Cível,,Execução Fiscal,Processo Cível,Ativo
1508618-02.2017.8.26.0344,Imobiliária Rio Branco Wilson Almeida,Prefeitura Municipal de Marília,Primeira Instância,Jurídico Interno Cível,,Execução Fiscal,Processo Cível,Ativo
0011174-21.2020.5.15.0015,Pacaembu Construtora S/A,Gilmar Abilo Dias,Primeira Instância,Jurídico Trabalhista,Anderson Luiz Scofoni,,Trabalhista,Ativo
0011168-14.2020.5.15.0015,Pacaembu Construtora S/A,Juliano Aparecido Barbosa,Primeira Instância,Escritório Tozzini,Anderson Luiz Scofoni,Abandono de Emprego,Trabalhista,Ativo
0011170-81.2020.5.15.0015,Pacaembu Construtora S/A,Tiago da Silva Melo,Primeira Instância,Escritório Tozzini,Anderson Luiz Scofoni,,Trabalhista,Ativo
0011198-49.2020.5.15.0015,Pacaembu Construtora S/A,Elismar Bento dos Santos,Primeira Instância,Escritório Tozzini,Anderson Luiz Scofoni,,Trabalhista,Ativo
0011199-34.2020.5.15.0015,Pacaembu Construtora S/A,Samuel da Silva,Primeira Instância,Escritório Tozzini,Anderson Luiz Scofoni,Adicional,Trabalhista,Ativo
0011197-64.2020.5.15.0015,Pacaembu Construtora S/A,Eliseu Teixeira da Silva,Primeira Instância,Escritório Tozzini,Anderson Luiz Scofoni,Contrato Individual de Trabalho,Trabalhista,Ativo
0010295-50.2020.5.15.0100,Pacaembu Construtora S/A,Arnaldo Amaro de Sousa,Primeira Instância,Escritório Tozzini,José Euclides Lopes,,Trabalhista,Ativo
0011196-90.2020.5.15.0076,Pacaembu Construtora S/A,Gabriel Pereira Ribeiro,Primeira Instância,Escritório Tozzini,Anderson Luiz Scofoni,Abono,Trabalhista,Ativo
0011192-53.2020.5.15.0076,Pacaembu Construtora S/A,William Bernardes da Silva,Primeira Instância,Escritório Tozzini,Anderson Luiz Scofoni,Abono,Trabalhista,Ativo
0010697-02.2020.5.15.0046,Pacaembu Construtora S/A,José Jesus Ferreira,Primeira Instância,Jurídico Trabalhista,Roberto Benetti Filho,,Trabalhista,Ativo
1018843-70.2019.8.26.0053,Olinda Maria Gomes da Costa Brito Eusébio,CETESB - Companhia Ambiental do Estado de São Paulo,Primeira Instância,Jurídico Interno Cível,,Mandado de Segurança,Processo Cível,Ativo
0000513-18.2020.4.03.6314,Pacaembu Construtora S/A,Jaqueline Leite da Silva,Primeira Instância,Jurídico Interno Cível,Alexandre Augusto Forcinitti Valera,Indenização por Danos Morais e Materiais,Cível,Pendente de Citação
0000511-48.2020.4.03.6314,Pacaembu Construtora S/A,Cleide Donizetti da Silva Nascimento,Primeira Instância,Jurídico Interno Cível,Alexandre Augusto Forcinitti Valera,Indenização por Danos Morais e Materiais,Cível,Pendente de Citação
0000515-85.2020.4.03.6314,Pacaembu Construtora S/A,Luciana Aparecida Rosa,Primeira Instância,Jurídico Interno Cível,Alexandre Augusto Forcinitti Valera,Indenização por Danos Morais e Materiais,Cível,Pendente de Citação
0000509-78.2020.4.03.6314,Pacaembu Construtora S/A,Elizabeth Francisco Ferreira,Primeira Instância,Jurídico Interno Cível,Alexandre Augusto Forcinitti Valera,Indenização por Danos Morais e Materiais,Cível,Pendente de Citação
0010112-59.2020.5.15.0042,Pacaembu Construtora S/A,Jose Leonardo Dos Anjos,Primeira Instância,Jurídico Trabalhista,Adauto Luiz Siqueira,,Trabalhista,Ativo
1500744-92.2019.8.26.0344,Imobiliária Rio Branco Wilson Almeida,Prefeitura do Município de Marília,Primeira Instância,Jurídico Interno Cível,,Execução Fiscal,Processo Cível,Ativo
0010130-64.2020.5.15.0015,Pacaembu Construtora S/A,Eneias Junior Mendonça,Primeira Instância,Escritório Tozzini,Anderson Luiz Scofoni,,Trabalhista,Ativo
0004583-82.2019.4.03.6324,Pacaembu Construtora S/A,Elismar Santana de Souza Queiroz,Primeira Instância,Jurídico Interno Cível,Emerson Paulo dos Santos,Taxa de Obra / Correção de Valor / Danos Morais,Cível,Pendente de Citação
0012012-27.2019.5.15.0070,Pacaembu Construtora S/A,Gilberto Carlos Favarao,Primeira Instância,Escritório Tozzini,Braulio Monti Junior,,Trabalhista,Ativo
1000044-96.2020.8.26.0132,Pacaembu Construtora S/A,Superintendência de Água e Esgoto de Catanduva,Primeira Instância,Jurídico Interno Cível,Procuradoria do Estado de São Paulo,Execução Fiscal,Tributário,Ativo
1001598-77.2019.5.02.0081,Plastic Beach Industria e Comercio de Calçados Eireli,Walter Oliveira da Fonseca,Primeira Instância,Jurídico Trabalhista,IGOR ALVES DA SILVA,,Trabalhista,Ativo
0011932-63.2019.5.15.0070,Pacaembu Construtora S/A,Andre Luis Daltin,Primeira Instância,Jurídico Trabalhista,Braulio Monti Junior,,Trabalhista,Ativo
0011986-58.2019.5.15.0028,Pacaembu Construtora S/A,Delvaci Francisco Teixeira,Primeira Instância,Jurídico Trabalhista,Braulio Monti Junior,,Trabalhista,Ativo
0010446-29.2019.5.15.0107,Pacaembu Construtora S/A,Ednaldo Rodrigues Vaz,Primeira Instância,Jurídico Trabalhista,Andre Zanini Wahbe,,Trabalhista,Ativo
0012571-16.2017.5.15.0082,"Beach Shoes Comércio, Importação, Exportação e Franquia de Calçados e Bolsas Ltda. - EPP",Fabiana Regina de Paula,Primeira Instância,Jurídico Trabalhista,Mariana Osti Alves de Souza Cardoso,,Trabalhista,Ativo
1000382-87.2018.5.02.0058,"Beach Shoes Comércio, Importação, Exportação e Franquia de Calçados e Bolsas Ltda. - EPP",Jhony Vieira Vasconcelos,Primeira Instância,Jurídico Trabalhista,Alexandre Carlos Giancoli Filho,,Trabalhista,Ativo
1561189-62.2019.8.26.0090,Potencial Empreendimentos Ltda.,Prefeitura do Município de São Paulo,Primeira Instância,Jurídico Interno Cível,,Execução Fiscal - IPTU/ Imposto Predial e Territorial Urbano,Processo Cível,Ativo
1090469-42.2018.8.26.0100,Plastic Beach Industria e Comercio de Calçados Eireli,"Eazycomm Suporte, Serviços e Comércio de Informática e Telecomunicações Ltda.",Primeira Instância,,,,Processo Cível,Ativo
1001033-19.2018.8.26.0344,Wilson de Almeida Junior,Teruaki Kushikawa,Primeira Instância,Escritório Reis & Souza Advogados,,Usucapião,Cível,Ativo - não Pacaembu
1010830-87.2016.8.26.0344,"Beach Shoes Comércio, Importação, Exportação e Franquia de Calçados e Bolsas Ltda. - EPP",Alessandra Idalgo Iague,Primeira Instância,Bentivegna e Ribeiro Advogados,,,Processo Cível,Ativo
0017646-92.2015.8.26.0100,"Beach Shoes Comércio, Importação, Exportação e Franquia de Calçados e Bolsas Ltda. - EPP",Mariley Martins de Miranda Silveira,Primeira Instância,Kelly Botelho Dias,,,Processo Cível,Ativo
1094058-13.2016.8.26.0100,"Beach Shoes Comércio, Importação, Exportação e Franquia de Calçados e Bolsas Ltda. - EPP",Alessandra Santos do Vale Ferreira,Primeira Instância,Bentivegna e Ribeiro Advogados,,,Processo Cível,Ativo
1039990-79.2017.8.26.0100,"Beach Shoes Comércio, Importação, Exportação e Franquia de Calçados e Bolsas Ltda. - EPP",Viviane Nervo Pergher,Primeira Instância,,,,Processo Cível,Ativo
0010792-72.2019.5.15.0044,Pacaembu Construtora S/A,Fabio Sebastiao da Silva,Primeira Instância,Jurídico Trabalhista,Nilson Antonio da Silveira Junior,,Trabalhista,Ativo
0010765-15.2019.5.15.0004,Pacaembu Construtora S/A,Weslei Romario Silva Lourenço,Primeira Instância,Jurídico Trabalhista,Renato César Matos,,Trabalhista,Ativo
0010338-19.2019.5.15.0133,Pacaembu Construtora S/A,Edimilson Gomes de Souza,Primeira Instância,Jurídico Trabalhista,Tupa Montemor Pereira,,Trabalhista,Ativo
0010340-62.2019.5.15.0044,Pacaembu Construtora S/A,Jose Robevan Alves de Souza,Primeira Instância,Jurídico Trabalhista,Tupa Montemor Pereira,,Trabalhista,Ativo
0011322-46.2018.5.15.0033,Pacaembu Construtora S/A,Maria da Gloria Rodrigues dos Santos,Primeira Instância,Jurídico Trabalhista,Marcelo Brazoloto,Adicional,Trabalhista,Ativo
0010649-37.2017.5.15.0082,Beach Mix Comercio de Calçados e Bolsas Ltda,Jaqueline de Souza Silva,Primeira Instância,Jurídico Trabalhista,Danilo Jesus Godoi Ramos,Anotação / Baixa / Retificação,Trabalhista,Ativo
0012397-41.2016.5.15.0082,Beach Mix Comercio de Calçados e Bolsas Ltda,Jaqueline de Souza Silva,Primeira Instância,Jurídico Trabalhista,Danilo Jesus Godoi Ramos,Aviso Prévio,Trabalhista,Ativo
0012382-89.2016.5.15.0044,Beach Mix Comercio de Calçados e Bolsas Ltda,Michele dos Santos Vicentini,Primeira Instância,Jurídico Trabalhista,Felipe Carusi Neto,FGTS,Trabalhista,Ativo
0012720-63.2016.5.15.0044,Beach Mix Comercio de Calçados e Bolsas Ltda,Silvia Liliam de Oliveira,Primeira Instância,Jurídico Trabalhista,Jorge Rodrigo Seba,FGTS,Trabalhista,Ativo
0011457-93.2016.5.15.0044,Beach Mix Comercio de Calçados e Bolsas Ltda,Samantha Scaamardi Silvado,Primeira Instância,Jurídico Trabalhista,Luciano Pereira Castro,Multa do Artigo 477 da CLT,Trabalhista,Ativo
0012038-81.2015.5.15.0129,Beach Mix Comercio de Calçados e Bolsas Ltda,Jeniffer Kelly Oliveira Viana,Primeira Instância,Jurídico Trabalhista,Cristiano Reis Cortezia,Outras Hipóteses de Estabilidade,Trabalhista,Ativo
0011731-30.2016.5.15.0053,Beach Mix Comercio de Calçados e Bolsas Ltda,Daniele Roberta Candido da Silva,Primeira Instância,Jurídico Trabalhista,Eduardo Cruvinel,Sucumbência,Trabalhista,Ativo
0011405-70.2016.5.15.0053,Beach Mix Comercio de Calçados e Bolsas Ltda,Claudineia Miguel Costa,Primeira Instância,Jurídico Trabalhista,Eduardo Cruvinel,Verbas Rescisórias,Trabalhista,Ativo
0010975-84.2016.5.15.0032,Beach Mix Comercio de Calçados e Bolsas Ltda,Juliana Alves Galhardo,Primeira Instância,Jurídico Trabalhista,Plinio Jose Barbosa Junior,Rescisão do Contrato de Trabalho,Trabalhista,Ativo
0011459-95.2016.5.15.0001,Beach Mix Comercio de Calçados e Bolsas Ltda,Viviane Ferreira de Oliveira Fermino,Primeira Instância,Jurídico Trabalhista,Eduardo Cruvinel,Responsabilidade Civil do Empregador,Trabalhista,Ativo
1001444-64.2018.5.02.0705,Beach Mix Comercio de Calçados e Bolsas Ltda,Marcia Rosana Pereira Santos,Primeira Instância,Jurídico Trabalhista,Ana Claudia Alves da Cunha,,Trabalhista,Ativo
1000211-84.2018.5.02.0720,Beach Mix Comercio de Calçados e Bolsas Ltda,Danielly Carla Pereira Serrone Barbosa,Primeira Instância,Jurídico Trabalhista,Flavia Nepomuceno Costa,,Trabalhista,Ativo
1000215-58.2018.5.02.0062,Beach Mix Comercio de Calçados e Bolsas Ltda,Beatriz Souza Mendes de Oliveira,Primeira Instância,Jurídico Trabalhista,Rony Jose Morais,,Trabalhista,Ativo
1000005-53.2018.5.02.0079,Beach Mix Comercio de Calçados e Bolsas Ltda,Valdir Oliveira,Primeira Instância,Jurídico Trabalhista,Alexandre Carlos Giancoli Filho,,Trabalhista,Ativo
0012118-05.2015.5.15.0110,Beach Mix Comercio de Calçados e Bolsas Ltda,Denise Fernanda Gonçalves,Primeira Instância,Jurídico Trabalhista,Milene de oliveira Pereira,Rescisão do Contrato de Trabalho,Trabalhista,Ativo
0001322-76.2018.5.22.0102,Pacaembu Construtora S/A,Gilson Dias Lima,Primeira Instância,Jurídico Trabalhista,Jean Sidney de Oliveira,,Trabalhista,Pendente
0018261-36.2017.5.16.0005,Pacaembu Construtora S/A,Marciel Campos Veloso,Primeira Instância,Jurídico Trabalhista,Fernando Campos de Sá,,Trabalhista,Pendente
0010963-64.2018.5.15.0076,Pacaembu Construtora S/A,Debora Cristina Oliveira Barbosa,Primeira Instância,Lívia Vendramin,Henrique Lima Correia,Indenização por Dano Moral,Trabalhista,Pendente
0018140-08.2017.5.16.0005,Pacaembu Construtora S/A,Wallas Murilo Nunes Araujo,Primeira Instância,Jurídico Trabalhista,Fernando Campos de Sá,,Trabalhista,Pendente
0010799-85.2018.5.15.0016,Pacaembu Construtora S/A,Rogerio Andrade,Primeira Instância,Jurídico Trabalhista,João Eduardo Ascencio,Indenizado - Efeitos,Trabalhista,Ativo
1000408-85.2018.5.02.0446,Pacaembu Construtora S/A,Marcos Correa da Silva,Primeira Instância,Jurídico Trabalhista,Alexandre Fernandes Domingues,,Trabalhista,Ativo
1501534-13.2018.8.26.0344,Gold Land Empreendimentos Imobiliários Ltda,Prefeitura Municipal Marilia,Primeira Instância,Jurídico Interno Cível,Município de Marília,IPTU/ Imposto Predial e Territorial Urbano,Cível,Ativo
0010758-17.2018.5.15.0082,Pacaembu Construtora S/A,Altair de Souza,Primeira Instância,Jurídico Trabalhista,Rogerio Marcatto,Verbas Rescisórias,Trabalhista,Pendente
0010392-15.2018.5.15.0005,Pacaembu Construtora S/A,Joao Batista Magno Santiago,Primeira Instância,Jurídico Trabalhista,Ornella Fogagnolli,Acordo e Convenção Coletivos de Trabalho,Trabalhista,Ativo
0010503-59.2018.5.15.0082,Pacaembu Construtora S/A,Julio Cesar dos Santos Ribeiro,Primeira Instância,Jurídico Trabalhista,Jose Carlos de Oliveira,Adicional de Horas Extras,Trabalhista,Pendente
0017191-81.2017.5.16.0005,Pacaembu Construtora S/A,Antonio Luis Silva Ferreira,Primeira Instância,Jurídico Trabalhista,Fernando Campos de Sá,,Trabalhista,Pendente
0017190-96.2017.5.16.0005,Pacaembu Construtora S/A,Fabielson de Jesus Campos Melo,Primeira Instância,Jurídico Trabalhista,Fernando Campos de Sá,,Trabalhista,Pendente
0012551-26.2017.5.15.0017,Pacaembu Construtora S/A,João Elielton de Oliveira Santos,Primeira Instância,Jurídico Trabalhista,Vinicius Luis Castelan,Ajuda / Tíquete Alimentação,Trabalhista,Pendente
0012152-61.2017.5.15.0028,Pacaembu Construtora S/A,Agnaldo Aparecido Trovo,Primeira Instância,Jurídico Trabalhista,Leandro Lourival Lopes,Adicional,Trabalhista,Pendente
0002502-64.2017.5.22.0102,Pacaembu Construtora S/A,Reinaldo Rozeno dos Santos,Primeira Instância,Jurídico Trabalhista,Heldir Macedo Azevedo,,Trabalhista,Pendente
1508290-72.2017.8.26.0344,AJ Comercial e Construtora Ltda.,Prefeitura do Município de Marília,Primeira Instância,Jurídico Interno Cível,,Execução Fiscal,Cível,Ativo
1001119-27.2017.5.02.0252,Pacaembu Construtora S/A,Epitacio Carlos dos Santos Junior,Primeira Instância,Jurídico Trabalhista,Andrea Costa Menezes Ferro,DIREITO DO TRABALHO,Trabalhista,Suspenso
0011850-03.2017.5.15.0070,Pacaembu Construtora S/A,Adao Aparecido da Silva,Primeira Instância,Jurídico Trabalhista,Jose Alexandre Junco,Contrato Individual de Trabalho,Trabalhista,Pendente
0016408-89.2017.5.16.0005,Pacaembu Construtora S/A,Janailson Costa Frazao,Primeira Instância,Pacaembu Construtora S/A,Genival Abrão Ferreira,,Trabalhista,Pendente
0011684-33.2017.5.15.0017,Pacaembu Construtora S/A,Agnaldo Antônio Perez Nogueira,Primeira Instância,Jurídico Trabalhista,Leandro Lourival Lopes,DIREITO DO TRABALHO,Trabalhista,Ativo
1502564-20.2017.8.26.0344,AJ Comercial e Construtora Ltda.,Prefeitura do Município de Marília,Primeira Instância,Jurídico Interno Cível,,Execução Fiscal,Processo Cível,Ativo
0010750-18.2017.5.15.0133,Pacaembu Construtora S/A,José Nilton Silva,Primeira Instância,Jurídico Trabalhista,Tatiana Einsweiler Delpreto,Acordo e Convenção Coletivos de Trabalho,Trabalhista,Pendente
0010751-03.2017.5.15.0133,Pacaembu Construtora S/A,Valentim Aparecido Nogueira,Primeira Instância,Jurídico Trabalhista,Tatiana Einsweiler Delpreto,Acordo e Convenção Coletivos de Trabalho,Trabalhista,Pendente
1056144-75.2017.8.26.0100,Pacaembu Construtora S/A,Quality Serviços de Pinturas Ltda,Primeira Instância,Bruno - Escritório RST&A,N/A,Ação de cobrança,Cível,Ativo
0010737-43.2017.5.15.0028,Pacaembu Construtora S/A,Edimauro Donizetti Moura Castro,Primeira Instância,Jurídico Trabalhista,Nilson Antonio da Silveira Junior,Adicional,Trabalhista,Ativo
1056132-61.2017.8.26.0100,Pacaembu Construtora S/A,Quality Serviços de Pinturas Ltda,Primeira Instância,Bruno - Escritório RST&A,N/A,Ação de cobrança,Cível,Ativo
0010893-02.2017.5.15.0070,Pacaembu Construtora S/A,Marcio Roberto dos Santos Rocha,Primeira Instância,Jurídico Trabalhista,Nilson Antonio da Silveira Junior,Adicional,Trabalhista,Ativo
0013613-97.2016.5.15.0062,Pacaembu Construtora S/A,Luiz Antônio da Silva,Primeira Instância,Jurídico Trabalhista,Carla Cristina Silva Batista,DIREITO DO TRABALHO,Trabalhista,Pendente
0013617-37.2016.5.15.0062,Pacaembu Construtora S/A,Bruno da Silva Frutuoso,Primeira Instância,Jurídico Trabalhista,Carla Cristina Silva Batista,DIREITO DO TRABALHO,Trabalhista,Pendente
0017365-27.2016.5.16.0005,Pacaembu Construtora S/A,Edeilson Silva,Primeira Instância,Jurídico Trabalhista,Genival Abrão Ferreira,,Trabalhista,Pendente
0009859-70.2006.8.26.0506,Agropecuária Anel Viário S/A,Vianorte S/A,Primeira Instância,Jurídico Interno Cível,Gustavo Pereira Defina,Desapropriação,Processo Cível,Ativo
1000524-31.2017.5.02.0445,Pacaembu Construtora S/A,Carleone Lima Santos,Primeira Instância,Jurídico Trabalhista,Melina Elias Villani Macedo Pinheiro,,Trabalhista,Pendente
0010515-46.2017.5.15.0070,Pacaembu Construtora S/A,Izaias Francisco do Nascimento,Primeira Instância,Jurídico Trabalhista,Daniela Redigolo Donato,Adicional,Trabalhista,Ativo
1504741-03.2017.8.26.0361,Potencial Empreendimentos Ltda.,Prefeitura Municipal de Mogi das Cruzes,Primeira Instância,Jurídico Interno Cível,,Dívida Ativa,Processo Cível,Ativo
0000557-55.2014.4.03.6182,Irmãos Carbonari S/A Comercial Industrial e Agricola,Fazenda Nacional,Primeira Instância,Grupo Pacaembu,Frederico de Santana Vieira,Dívida Ativa - Direito Tributário,Tributário,Suspenso
0026520-04.2001.8.26.0053,Atlanta Construções Comercio e Empreendimentos Ltda,Ministério Público do Estado de São Paulo,Primeira Instância,Jurídico Interno Cível,,Direito Administrativo,Processo Cível,Ativo
0601852-65.2011.8.26.0344,Wilson de Almeida,Departamento Água e Esgoto Marília,Primeira Instância,Bentivegna e Ribeiro Advogados,Marcelo Augusto Lazzarini Lucchese,Dívida Ativa,Processo Cível,Ativo
0600701-06.2007.8.26.0344,Wilson de Almeida,Departamento Água e Esgoto Marília,Primeira Instância,Jurídico Interno Cível,,Dívida Ativa,Processo Cível,Ativo
0046827-06.2009.8.26.0309,Irmãos Carbonari S/A Comercial Industrial e Agricola,Fazenda Pública de Jundiaí,Primeira Instância,Bentivegna e Ribeiro Advogados,,Execução Fiscal,Processo Cível,Ativo
0041111-03.2006.8.26.0309,Irmãos Carbonari S/A Comercial Industrial e Agricola,Município de Jundiaí,Primeira Instância,Jurídico Interno Cível,,,Processo Cível,Ativo
0018000-34.1999.8.26.0309,Irmãos Carbonari S/A Comercial Industrial e Agricola,Fazenda do Estado de São Paulo,Primeira Instância,Jurídico Interno Cível,,Execução Fiscal,Processo Cível,Ativo
0013247-34.1999.8.26.0309,Irmãos Carbonari S/A Comercial Industrial e Agricola,Fazenda do Estado de São Paulo,Primeira Instância,Bentivegna e Ribeiro Advogados,,Execução Fiscal,Processo Cível,Ativo
0000454-10.1992.8.26.0309,Irmãos Carbonari S/A Comercial Industrial e Agricola,Fazenda do Estado de São Paulo,Primeira Instância,Jurídico Interno Cível,,ICMS/ Imposto sobre Circulação de Mercadorias,Processo Cível,Ativo
0022038-81.1999.8.26.0344,Wilson de Almeida,Departamento de Água e Esgoto de Marília Daem,Primeira Instância,Jurídico Interno Cível,,,Processo Cível,Ativo
0532748-15.2013.8.26.0344,Wilson de Almeida Junior,Prefeitura Municipal de Marília,Primeira Instância,Bentivegna e Ribeiro Advogados,,IPTU,Processo Cível,Ativo
0534935-54.2005.8.26.0577,Planoeste Cronstrutora Ltda.,Prefeitura Municipal de São José dos Campos,Primeira Instância,Bentivegna e Ribeiro Advogados,,ISS - Imposto Sobre Serviços,Processo Cível,Ativo
0012406-95.2016.5.15.0116,Pacaembu Construtora S/A,Michel Leandro Duarte,Primeira Instância,Jurídico Trabalhista,Marcio Adriano de Camargo,Aviso Prévio,Trabalhista,Pendente
0013040-67.2016.5.15.0027,Pacaembu Construtora S/A,Jose Pereira Neto,Primeira Instância,Jurídico Trabalhista,Jose Antonio Carvalho da Silva,Adicional,Trabalhista,Pendente
1038589-28.2016.8.26.0602,CM Aparecidinha Empreendimentos Imobiliários Ltda,Prefeitura Municipal de Sorocaba,Primeira Instância,Bentivegna e Ribeiro Advogados,,Taxas Municipais,Processo Cível,Ativo
0011928-59.2016.5.03.0104,Pacaembu Construtora S/A,Fransuelo Antônio da Silva,Primeira Instância,Jurídico Trabalhista,Maria Alices Dias Costa,,Trabalhista,Ativo
0012410-11.2016.5.15.0027,Pacaembu Construtora S/A,Alexandre José de Souza,Primeira Instância,Jurídico Trabalhista,Thiago Brandão de Oliveira,,Trabalhista,Pendente
1001916-43.2016.5.02.0056,Pacaembu Construtora S/A,União Federal,Primeira Instância,Escritório Tozzini,,Anulatória de Débito Fiscal,Trabalhista,Ativo
0000946-61.2016.5.22.0102,Pacaembu Construtora S/A,Maurício dos Reis Benevides,Primeira Instância,Pacaembu Construtora S/A,Nilo Junior Lopes,,Trabalhista,Pendente
0012065-37.2016.5.15.0062,Pacaembu Construtora S/A,Douglas Pinto de Oliveira Costa,Primeira Instância,Jurídico Trabalhista,Márcio Antônio Eugênio,,Trabalhista,Ativo
1001154-35.2016.5.02.0312,Pacaembu Construtora S/A,Manoel Genailson de Morais,Primeira Instância,Jurídico Trabalhista,Luis Fernando Camargo,,Trabalhista,Pendente
1023522-23.2016.8.26.0602,Real Elevadores Imobiliária S/A,Makinvest Investimentos e Participações LTDA,Primeira Instância,Bentivegna e Ribeiro Advogados,,Usucapião Extraordinário,Processo Cível,Ativo
0011221-06.2016.5.15.0089,Pacaembu Construtora S/A,Valéria de Souza Gonçalves,Primeira Instância,Fernanda W. Dias Fernandes,Williana de Fátima Oja,,Trabalhista,Pendente
0011192-53.2016.5.15.0089,Pacaembu Construtora S/A,Aparecido Peixoto,Primeira Instância,Jurídico Trabalhista,Luiz Fernando Bobri Ribas,,Trabalhista,Pendente
0011443-31.2016.5.15.0070,Pacaembu Construtora S/A,Dirceu Gallego,Primeira Instância,Jurídico Trabalhista,Helton Carvalho,,Trabalhista,Ativo
0532747-30.2013.8.26.0344,Imobiliária Rio Branco Wilson Almeida,Prefeitura Municipal de Marília,Primeira Instância,Bentivegna e Ribeiro Advogados,,Execução Fiscal,Processo Cível,Ativo
0000623-87.2016.5.13.0011,Pacaembu Construtora S/A,Gilberlândio Gomes Barbosa,Primeira Instância,Fernanda W. Dias Fernandes,Jacielbe Gomes de Meneses,Rodrigues Barbalho,Trabalhista,Pendente
0010611-27.2016.5.15.0028,Pacaembu Construtora S/A,Laurenildo Vieira Dos Santos,Primeira Instância,Fernanda W. Dias Fernandes,Licina Perozim Barile,,Trabalhista,Pendente
0011849-25.2015.5.15.0058,Pacaembu Construtora S/A,Akaene Cristina Gobbi Ferreira,Primeira Instância,Fernanda W. Dias Fernandes,Renata Miranda Cunha,,Trabalhista,Pendente
0022521-43.2001.8.26.0344,Wilson de Almeida Junior,Prefeitura Municipal de Marília,Primeira Instância,Jurídico Interno Cível,Elisete Lima dos Santos,IPTU/ Imposto Predial e Territorial Urbano,Processo Cível,Ativo
0013014-16.2015.5.15.0056,Pacaembu Construtora S/A,Reginaldo Ferreira de Souza,Primeira Instância,Fernanda W. Dias Fernandes,Anderson Máximo Munhoz,,Trabalhista,Pendente
0015236-80.2002.8.26.0047,Wilson de Almeida Junior,Fazenda Municipal de Assis,Primeira Instância,Grupo Pacaembu,Jamil Hammond,Execução Fiscal,Cível,Suspenso
0034056-95.2003.8.26.0344,AJ Comercial e Construtora Ltda.,Fazenda Pública do Município de Marília,Primeira Instância,Grupo Pacaembu,Município de Marília,Execução Fiscal,Cível,Suspenso
0034105-39.2003.8.26.0344,AJ Comercial e Construtora Ltda.,Prefeitura Municipal de Marília,Primeira Instância,Grupo Pacaembu,Município de Marília,Execução Fiscal,Cível,Pendente
0026120-53.2002.8.26.0344,MML Empreendimentos Ltda.,Prefeitura Municipal de Marília,Primeira Instância,Jurídico Interno Cível,Koiti Hayashi,Execução Fiscal,Processo Cível,Ativo
0006030-72.2004.8.26.0079,Construtora Riachuelo Ltda.,Edna Maria Batista,Primeira Instância,Grupo Pacaembu,,Despejo por falta de pagamento,Cível,Suspenso
0500341-77.2010.8.26.0079,Construtora Riachuelo Ltda.,Prefeitura Municipal de Botucatu,Primeira Instância,Grupo Pacaembu,Antonio Delmanto Filho,Execução Fiscal,Cível,Suspenso
0501033-71.2013.8.26.0079,Construtora Riachuelo Ltda.,Prefeitura Municipal de Botucatu,Primeira Instância,Grupo Pacaembu,Helio Gomes de Souza,IPTU/ Imposto Predial e Territorial Urbano,Cível,Suspenso
0587700-07.2014.8.26.0344,AJ Comercial e Construtora Ltda.,Prefeitura Municipal de Marília,Primeira Instância,,Koiti Hayashi,Taxas Municipais,Tributário,Ativo - não Pacaembu
0024878-98.1998.8.26.0344,AJ Comercial e Construtora Ltda.,Município de Marília,Primeira Instância,Grupo Pacaembu,Município de Marília,Taxas Municipais,Tributário,Suspenso
0026912-75.2000.8.26.0344,AJ Comercial e Construtora Ltda.,Daem,Primeira Instância,Grupo Pacaembu,Luiz Carlos Clemente,Taxas Municipais,Tributário,Suspenso
0027290-31.2000.8.26.0344,AJ Comercial e Construtora Ltda.,Daem,Primeira Instância,Grupo Pacaembu,Luiz Carlos Clemente,Taxas Municipais,Tributário,Suspenso
0034154-80.2003.8.26.0344,AJ Comercial e Construtora Ltda.,Município de Marília,Primeira Instância,Grupo Pacaembu,Município de Marília,Taxas Municipais,Tributário,Suspenso
0018846-33.2005.8.26.0344,AJ Comercial e Construtora Ltda.,Daem,Primeira Instância,Grupo Pacaembu,,Taxas Municipais,Tributário,Suspenso
0021954-36.2006.8.26.0344,AJ Comercial e Construtora Ltda.,Fazenda Pública de Marília,Primeira Instância,Grupo Pacaembu,Elisete Lima dos Santos,Taxas Municipais,Tributário,Suspenso
0501164-66.2009.8.26.0344,AJ Comercial e Construtora Ltda.,Prefeitura do Município de Marília,Primeira Instância,Grupo Pacaembu,Elisete Lima dos Santos,Taxas Municipais,Tributário,Pendente
0508134-53.2007.8.26.0344,AJ Comercial e Construtora Ltda.,Prefeitura Municipal de Marília,Primeira Instância,Grupo Pacaembu,Elisete Lima dos Santos,Taxas Municipais,Tributário,Suspenso
0031299-29.2009.8.26.0309,Irmãos Carbonari S/A Comercial Industrial e Agricola,Fazenda Pública de Jundiaí,Primeira Instância,Jurídico Interno Cível,Cláudia Helena Fuso Cam,Taxas Municipais,Processo Cível,Ativo
0012194-52.2015.5.15.0070,Pacaembu Construtora S/A,Raquel Neves Cândido,Primeira Instância,Fernanda W. Dias Fernandes,Fabricio Oravez Pincini,Obra Nova Catanduva - Catanduva,Trabalhista,Pendente
0000748-78.2010.5.15.0021,Wilson de Almeida Junior,Roseli Balbino Gomes,Primeira Instância,Lívia Vendramin,Erica Bercelli,,Trabalhista,Pendente
0011178-02.2015.5.15.0058,Pacaembu Construtora S/A,Luiz Marcos da Silva,Primeira Instância,Fernanda W. Dias Fernandes,Renata Miranda Cunha,Obra: Harmonia,Trabalhista,Pendente
1007955-83.2015.8.26.0602,Pacaembu Construtora S/A,Ministério Público do Estado de São Paulo,Primeira Instância,Mendonça Sica Advogados Associados,Promotoria de Justiça do Estado de São Paulo,Ação Civil de Improbidade Administrativa,Cível,Ativo
0000436-51.2015.5.19.0010,Pacaembu Construtora S/A,Edson Junior Pinheiro da Silva,Primeira Instância,Jurídico Trabalhista,Hanna Gabriela Cardoso Nunes Ferreira,,Trabalhista,Pendente
0011431-24.2014.8.26.0072,Pacaembu Construtora S/A,Vania de Paula,Primeira Instância,Grupo Pacaembu,Telma Pires Ishy,Indenização por Dano Material,Cível,Remetido à Justiça Federal
0010640-05.2014.5.15.0107,Pacaembu Construtora S/A,Ministério Público do Trabalho,Primeira Instância,Escritório Tozzini,Luciano Zanguetin Michelão,Ação Civil de Improbidade Administrativa,Trabalhista,Ativo
0505032-62.2014.8.26.0090,Potencial Empreendimentos Ltda.,Prefeitura do Município de São Paulo,Primeira Instância,Bentivegna e Ribeiro Advogados,Myoko Tereza Kometani Melo,Execução Fiscal,Processo Cível,Ativo
0010284-02.2014.5.15.0142,Pacaembu Construtora S/A,Jose Quiteria Tenorio,Primeira Instância,Fernanda W. Dias Fernandes,Willian Gustavo Gilio,Adicional de Hora Extra,Trabalhista,Pendente
1005706-40.2014.8.26.0071,Pacaembu Construtora S/A,W.S. Santos Restaurante ME,Primeira Instância,Jurídico Interno Cível,Micheli Cristiane Moraes,Sustação de Protesto,Cível,Suspenso
0000219-73.2014.5.22.0102,Haus Construtora Ltda,Daniel dos Santos Lima,Primeira Instância,Fernanda W. Dias Fernandes,Jean Sidney de Oliveira,Obra Jardim Itália - Bebedouro,Trabalhista,Pendente
0021427-21.2005.8.26.0344,MML Empreendimentos Ltda.,Fazenda Pública do Município de Marília,Primeira Instância,Grupo Pacaembu,Regina Helena Gonçalves Segamarchi,Execução Fiscal,Cível,Suspenso
0500051-77.2009.8.26.0344,Planoeste Cronstrutora Ltda.,Prefeitura Municipal de Marília,Primeira Instância,Grupo Pacaembu,Elisete Lima dos Santos,Execução Fiscal,Cível,Suspenso
0003484-54.2006.8.26.0344,Planoeste Cronstrutora Ltda.,Fazenda Pública Municipal de Marília,Primeira Instância,Grupo Pacaembu,Regina Helena Gonçalves Segamarchi,,Cível,Suspenso
0016926-24.2005.8.26.0344,Planoeste Cronstrutora Ltda.,Município de Marília,Primeira Instância,Grupo Pacaembu,Município de Marília,,Cível,Suspenso
0018943-33.2005.8.26.0344,MML Empreendimentos Ltda.,Fazenda Estadual,Primeira Instância,Bentivegna e Ribeiro Advogados,,Execução Fiscal,Processo Cível,Ativo
0534893-44.2013.8.26.0344,AJ Comercial e Construtora Ltda.,Prefeitura Municipal de Marília,Primeira Instância,Grupo Pacaembu,Koiti Hayashi,Taxas Municipais,Cível,Suspenso
0534891-74.2013.8.26.0344,AJ Comercial e Construtora Ltda.,Prefeitura Municipal de Marília,Primeira Instância,Grupo Pacaembu,Koiti Hayashi,Taxas Municipais,Cível,Suspenso
0534892-59.2013.8.26.0344,AJ Comercial e Construtora Ltda.,Prefeitura Municipal de Marília,Primeira Instância,Grupo Pacaembu,Koiti Hayashi,Taxas Municipais,Tributário Execução Fiscal,Suspenso
0506366-82.2013.8.26.0344,Gold Land Empreendimentos Imobiliários Ltda,Prefeitura Municipal de Marília,Primeira Instância,Grupo Pacaembu,Koiti Hayashi,Taxas Municipais,Tributário,Suspenso
0506364-15.2013.8.26.0344,Gold Land Empreendimentos Imobiliários Ltda,Prefeitura Municipal de Marília,Primeira Instância,Escritório Reis &amp; Souza Advogados,Koiti Hayashi,Taxas Municipais,Tributário,Suspenso
0600522-96.2012.8.26.0344,AJ Comercial e Construtora Ltda.,Departamento Água e Esgoto Marília,Primeira Instância,Grupo Pacaembu,Marcelo Augusto Lazzarini Lucchese,Taxas Municipais,Cível,Suspenso
0535281-44.2013.8.26.0344,Potencial Empreendimentos Ltda.,Prefeitura Municipal de Marília,Primeira Instância,Jurídico Interno Cível,Koiti Hayashi,Taxas Municipais,Processo Cível,Ativo
0535280-59.2013.8.26.0344,Potencial Empreendimentos Ltda.,Prefeitura Municipal de Marília,Primeira Instância,Bentivegna e Ribeiro Advogados,Koiti Hayashi,IPTU/ Imposto Predial e Territorial Urbano,Processo Cível,Ativo
0535279-74.2013.8.26.0344,Potencial Empreendimentos Ltda.,Prefeitura Municipal de Marília,Primeira Instância,Jurídico Interno Cível,Koiti Hayashi,Taxas Municipais,Processo Cível,Ativo
0535278-89.2013.8.26.0344,Potencial Empreendimentos Ltda.,Prefeitura Municipal de Marília,Primeira Instância,Jurídico Interno Cível,Koiti Hayashi,Execução Fiscal,Processo Cível,Ativo
0003035-20.2014.8.26.0602,CM Aparecidinha Empreendimentos Imobiliários Ltda,Prefeitura Municipal de Sorocaba,Primeira Instância,Bentivegna e Ribeiro Advogados,,Taxas Municipais IPTU,Processo Cível,Ativo
0002290-82.2013.5.22.0102,Pacaembu Construtora S/A,Marcelo Paes Landim de Assis,Primeira Instância,Fernanda W. Dias Fernandes,Jean Sidney de Oliveira,Obra Caimã - Botucatu,Trabalhista,Pendente
0032405-81.2010.8.26.0344,Planoeste Cronstrutora Ltda.,Fazenda Pública do Estado de São Paulo,Primeira Instância,Rosangela Pereira,Ignacia Tomi Shinomya de Castro,Execução Fiscal,Processo Cível,Ativo
0501551-81.2009.8.26.0344,Planoeste Cronstrutora Ltda.,Prefeitura Municipal Marilia,Primeira Instância,Bentivegna e Ribeiro Advogados,,Dívida Ativa,Processo Cível,Ativo
0284300-70.2013.5.16.0005,Haus Construtora Ltda,Everton de Jesus de Andrade,Primeira Instância,Fernanda W. Dias Fernandes,Antonio Carlos Rodrigues Viana,Obra Amizade,Trabalhista,Pendente
0001296-29.2013.5.15.0044,Haus Construtora Ltda,Giselle Lopes de Paula,Primeira Instância,Fernanda W. Dias Fernandes,Dali Carnegie Borghetti,Obra Parque das Flores - Mirassol,Trabalhista,Pendente
0000706-77.2013.5.22.0102,Haus Construtora Ltda,Renilson Nonato Ferreira Santos,Primeira Instância,Fernanda W. Dias Fernandes,Jean Sidney de Oliveira,Obra Luz da Esperança,Trabalhista,Pendente
0502938-97.2010.8.26.0344,Potencial Empreendimentos Ltda.,Prefeitura Municipal Marilia,Primeira Instância,Jurídico Interno Cível,Eliste Lima,Execução Fiscal,Processo Cível,Ativo
0501170-73.2009.8.26.0344,Potencial Empreendimentos Ltda.,Prefeitura Municipal Marilia,Primeira Instância,Bentivegna e Ribeiro Advogados,,,Processo Cível,Ativo
0016757-37.2005.8.26.0344,Potencial Empreendimentos Ltda.,Prefeitura Municipal de Marília,Primeira Instância,Bentivegna e Ribeiro Advogados,,Execução Fiscal,Processo Cível,Ativo
0016743-53.2005.8.26.0344,Potencial Empreendimentos Ltda.,Prefeitura Municipal de Marília,Primeira Instância,Bentivegna e Ribeiro Advogados,,Execução Fiscal,Processo Cível,Ativo
0501847-06.2009.8.26.0344,Potencial Empreendimentos Ltda.,Prefeitura Municipal Marilia,Primeira Instância,Grupo Pacaembu,,Execução,Cível,Suspenso
0008929-58.2003.8.26.0344,Potencial Empreendimentos Ltda.,Marisa Da Silva Ulian,Primeira Instância,Grupo Pacaembu,,"Indenização - valor causa: 25.056,59",Cível,Suspenso
0000845-72.2011.5.15.0044,Potencial Empreendimentos Ltda.,Reinaldo Miranda Morais,Primeira Instância,Fernanda W. Dias Fernandes,Carlos Adalberto Rodrigues,Reclamação Trabalhista,Trabalhista,Pendente
0501659-13.2009.8.26.0344,Potencial Empreendimentos Ltda.,Município de Marília,Primeira Instância,Bentivegna e Ribeiro Advogados,Elisete Lima dos Santos,Execução Fiscal ITR Imposto Territorial Rural,Processo Cível,Ativo
0501354-29.2009.8.26.0344,Potencial Empreendimentos Ltda.,Fazenda Pública Municipal de Marília,Primeira Instância,Bentivegna e Ribeiro Advogados,Elisete Lima dos Santos,Prefeitura Municipal de Marília ajuizou ação de Execução Fiscal contra Pontecial,Processo Cível,Ativo
0017150-64.2002.8.26.0344,Planoeste Cronstrutora Ltda.,Paulo Gomes da Luz,Primeira Instância,Grupo Pacaembu,Reinaldo Clemente Souza,Rescisão com pedido de devolução das prestações quitadas.,Cível,Suspenso
0016752-15.2005.8.26.0344,Potencial Empreendimentos Ltda.,Município de Marília,Primeira Instância,Grupo Pacaembu,Cleomar Pimentel Pinheiro Javarotti,"Autor ajuizou ação de Execução fiscal para receber tributos referente á tx. expiente (EM), imposto sobre prop. territorial, taxa de combate a incêncio.",Tributário Execução Fiscal,Pendente
0011077-61.2011.8.26.0344,Potencial Empreendimentos Ltda.,Condominio Altos da Colina,Primeira Instância,Escritório Reis & Souza Advogados,Carla Silvia Aurani Bellinetti,"Altos da Colina - Valor Causa 36.916,92",Cível,Suspenso
0011571-91.2009.8.26.0344,Planoeste Cronstrutora Ltda.,Fazenda Pública do Estado de São Paulo,Primeira Instância,Marcos Alberto Gimenes Bolonhezi,Ignacia Tomi Shinomya de Castro,Cobrança de ICMS,Processo Cível,Ativo
