Data de abertura,Status,Tipo de ação,Cliente,Processo,Adverso,Instância da fase atual,Posição do cliente,Valor da Causa,Valor Provisionado - Atualizado,Possibilidade de Perda,Advogado do cliente,Advogado do adverso,Localidade da fase atual,Número da vara da fase atual,Vara da fase atual,Assunto,Responsável,Natureza
2025-04-01 00:00:00,Aguardando Citação,Ordinário - Conhecimento,Pacaembu Construtora S/A,1004992-59.2025.8.26.0309,Zilda de Almeida Silva,Primeira Instância,Réu,78977.12,82371.57,Possível,Indeterminado,Vítor Igor Spinucci de Oliveira,Jundiaí,1ª Vara,Vara Cível,Usucapião Extraordinário,Marina Luise Campana Perini,Cível
2026-05-04 00:00:00,Aguardando Citação,Ação Anulatória,Pacaembu Piracicaba Com Viva - Empreendimento Imobiliário Ltda.,5001204-67.2026.4.03.6109,Wesley Luan dos Santos Silva,Primeira Instância,Réu,245000.0,247229.5,Possível,Escritório Reis & Souza Advogados,Felipe Amaral de Carvalho,Piracicaba,1ª Vara,Vara Federal,Ação de Rescisão Contratual,Marina Luise Campana Perini,Cível
2026-04-16 00:00:00,Aguardando Citação,Ordinário - Conhecimento,Pacaembu Construtora S/A,0014152-23.2025.8.16.0045,Valter de Lima Gonçalves,Segunda Instância,Réu,40000.0,40858.41,Possível,Bentivegna e Ribeiro Advogados,Celso José Bonifácio Junior,Arapongas,20ª Câmara,Câmara de Direito Privado,Vícios Construtivos e muro de arrimo,Lawrencce Van Hornn Liberatori da Silva,Cível
2025-10-15 00:00:00,Aguardando Citação,Ordinário - Conhecimento,Pacaembu Construtora S/A,4005032-62.2025.8.26.0576,Valdenice Alves Pereira da Silva,Primeira Instância,Réu,10000.0,0.0,,Indeterminado,Marcos Cesar Chagas Perez,São José do Rio Preto,4ª Vara,Vara Cível,Vícios Construtivos,Marina Luise Campana Perini,Cível
2026-05-13 00:00:00,Aguardando Citação,Ordinário - Conhecimento,Pacaembu Sinop 449 - Empreendimento Imobiliario LTDA,1001836-70.2026.4.01.3603,Thainara da Costa,Primeira Instância,Réu,50000.0,50455.0,Possível,Indeterminado,João Guilherme Scheffler,Sinop,2ª Vara,Juizado Especial Federal Cível,Ação de Rescisão Contratual - Alienação Fiduciária,Lawrencce Van Hornn Liberatori da Silva,Cível
2026-05-06 00:00:00,Aguardando Citação,Ordinário - Conhecimento,Pacaembu Construtora S/A,0013995-50.2025.8.16.0045,Tamires Aparecida da Silva,Primeira Instância,Réu,30000.0,30803.16,Possível,Escritório Reis & Souza Advogados,Fernando Hideaki Zavan Yamaguro,Arapongas,1ª Vara,Vara Cível,Vícios Construtivos,Marina Luise Campana Perini,Cível
2026-03-24 00:00:00,Aguardando Citação,Ordinário - Conhecimento,Pacaembu Construtora S/A,4007561-20.2026.8.26.0576,Suelen Alves Gomes,Primeira Instância,Réu,31853.5,32143.37,Possível,Escritório Reis & Souza Advogados,Alexandre Esplendor Junior,São José do Rio Preto,1ª Vara,Juizado Especial Cível,Acidente de Trânsito,Cesar Matos Silva,Cível
2026-04-28 00:00:00,Aguardando Citação,Ordinário - Conhecimento,Pacaembu Arapongas 2 - Empreendimento Imobiliarios Ltda.,0003769-49.2026.8.16.0045,Simone Veras Dias da Silva,Primeira Instância,Réu,60000.0,60546.0,Possível,Escritório Reis & Souza Advogados,Eduardo Blanco,Arapongas,2ª Vara,Vara Cível,Vícios Construtivos,Lawrencce Van Hornn Liberatori da Silva,Cível
2026-01-08 00:00:00,Aguardando Citação,Ordinário - Conhecimento,Pacaembu Lins III - Empreendimento Imobiliario Spe Ltda,4023432-58.2025.8.26.0016,Sermov - Vigilancia e Segurança Patrimonial Ltda.,Primeira Instância,Réu,15070.19,15384.37,Possível,Escritório Reis & Souza Advogados,Rubens Rufino dos Santos Sobrinho,São Paulo,2ª Vara,Juizado Especial Cível,Ação de Cobrança,Marina Luise Campana Perini,Cível
2024-11-25 00:00:00,Aguardando Citação,Ordinário - Conhecimento,Pacaembu São José do Rio Preto - Empreendimento Imobiliário Ltda.,1051900-86.2024.8.26.0576,Roberta Anteliz Nardoni,Primeira Instância,Réu,102000.0,108834.63,Possível,Escritório Reis & Souza Advogados,Andressa Cristina Malagolini Aielo,São José do Rio Preto,5ª Vara,Vara Cível,Vícios Construtivos e muro de arrimo,Cesar Matos Silva,Cível
2026-03-10 00:00:00,Aguardando Citação,Ordinário - Conhecimento,Pacaembu Piracicaba Com Viva - Empreendimento Imobiliário Ltda.,4001517-69.2026.8.26.0451,Rikewlly Pereira de Lima,Primeira Instância,Réu,270000.0,0.0,Possível,Bentivegna e Ribeiro Advogados,Jessica Aparecida Dantas Donegá,Piracicaba,2ª Vara,Vara Cível,,Cesar Matos Silva,Cível
2025-06-23 00:00:00,Aguardando Citação,Ordinário - Conhecimento,Pacaembu Construtora S/A,1009791-10.2025.8.26.0451,Richard Ryan Rigo,Primeira Instância,Réu,20000.0,0.0,Possível,Indeterminado,Guilherme Mendonça Mendes de Oliveira,Piracicaba,4ª Vara,Vara Cível,Caixa de Esgoto,Marina Luise Campana Perini,Cível
2024-07-15 00:00:00,Aguardando Citação,Ordinário - Conhecimento,Pacaembu Piracicaba Incorporadora Ltda.,1013796-12.2024.8.26.0451,Raquel Cristina dos Santos,Primeira Instância,Réu,30000.0,32479.75,Possível,Indeterminado,Yara Regina Araujo Richter,Piracicaba,2ª Vara,Vara Cível,Vícios Construtivos,Cesar Matos Silva,Cível
2026-05-06 00:00:00,Aguardando Citação,Ordinário - Conhecimento,Pacaembu Construtora S/A,4012913-56.2026.8.26.0576,Raisa Debora Caroline da Silva,Primeira Instância,Réu,10000.0,10000.0,Possível,Escritório Reis & Souza Advogados,Marcos Cesar Chagas Perez,São José do Rio Preto,1ª Vara,Vara Cível,Vícios Construtivos,Marina Luise Campana Perini,Cível
2026-05-12 00:00:00,Aguardando Citação,Ordinário - Conhecimento,Pacaembu Sinop 449 - Empreendimento Imobiliario LTDA,1008298-28.2026.8.11.0015,Rafaela Fernanda Alves da Silva,Primeira Instância,Réu,8000.52,8073.32,Possível,Escritório Reis & Souza Advogados,Gabriela Munik Heep,Sinop,1° Juizado Especial Cível,Juizado Especial Cível,Devolução de sinal,Lawrencce Van Hornn Liberatori da Silva,Cível
2026-05-06 00:00:00,Aguardando Citação,Ordinário - Conhecimento,Pacaembu Construtora S/A,5004990-23.2026.4.04.7005,Priscila de Lima Ferreira,Primeira Instância,Réu,11428.0,11428.0,Possível,Escritório Reis & Souza Advogados,Viviane Costa Borges dos Santos,Cascavel,2ª Vara,Vara Federal,Ação de Rescisão Contratual,Lawrencce Van Hornn Liberatori da Silva,Cível
2026-05-06 00:00:00,Aguardando Citação,Ordinário - Conhecimento,Pacaembu Construtora S/A,5000118-92.2026.4.03.6131,Paulina Britzig,Primeira Instância,Réu,228000.0,232753.29,Possível,Escritório Reis & Souza Advogados,Karelene Pereira dos Santos,Botucatu,1ª Vara,Vara Cível,Cancelamento Unilateral do Contrato,Marina Luise Campana Perini,Cível
2023-07-06 00:00:00,Aguardando Citação,Ordinário - Conhecimento,Pacaembu Construtora S/A,5004020-36.2023.4.03.6106,Naylla Vitoria Rosemberg Marcelo,Primeira Instância,Réu,39997.02,44792.33,Possível,Indeterminado,Flavia Amaral dos Santos,São José do Rio Preto,1ª Vara,Vara Cível,Ação de Rescisão Contratual,Cesar Matos Silva,Cível
2026-04-16 00:00:00,Aguardando Citação,Ordinário - Conhecimento,Pacaembu Construtora S/A,0014037-02.2025.8.16.0045,Nathan Carvalho Caldarelli,Primeira Instância,Réu,30000.0,30803.16,Possível,Bentivegna e Ribeiro Advogados,Fernando Hideaki Zavan Yamaguro,Arapongas,2ª Vara,Vara Cível,Vícios Construtivos,Marina Luise Campana Perini,Cível
2026-04-27 00:00:00,Aguardando Citação,Ordinário - Conhecimento,Pacaembu Arapongas 2 - Empreendimento Imobiliarios Ltda.,0001025-81.2026.8.16.0045,Natali Aparecida Sarto da Silva,Primeira Instância,Réu,60000.0,61122.51,Possível,Bentivegna e Ribeiro Advogados,Eduardo Blanco,Arapongas,2ª Vara,Vara Cível,Vícios Construtivos e muro de arrimo,Cesar Matos Silva,Cível
2026-02-25 00:00:00,Aguardando Citação,Execução Fiscal,Urban Fortes Empreendimentos Imobiliários I Spe ltda,1526423-67.2025.8.26.0576,Município São José do Rio Preto,Primeira Instância,Réu,1742.36,1789.01,Possível,Bentivegna e Ribeiro Advogados,Procuradoria do Estado de São Paulo,São José do Rio Preto,Setor de Execuções Fiscais,SAF - Serviço de Anexo Fiscal,,Marina Luise Campana Perini,Cível
2026-04-17 00:00:00,Aguardando Citação,Ordinário - Conhecimento,Pacaembu Arapongas 1 - Empreendimento Imobiliário Ltda.,0003767-79.2026.8.16.0045,Miriam de Souza Ferreira,Primeira Instância,Réu,60000.0,60546.0,Possível,Bentivegna e Ribeiro Advogados,Eduardo Blanco,Arapongas,1ª Vara,Vara Cível,Vícios Construtivos e muro de arrimo,Cesar Matos Silva,Cível
2026-03-18 00:00:00,Aguardando Citação,Ordinário - Conhecimento,Pacaembu Construtora S/A,5340416-87.2025.8.09.0149,Maykon Oliveira de Paula,Primeira Instância,Réu,10500.0,10843.67,Possível,Bentivegna e Ribeiro Advogados,Kátia Morgado Esteves Gusmão Garrote,Trindade,1ª Vara,Vara Cível,Vícios Construtivos,Cesar Matos Silva,Cível
2026-04-16 00:00:00,Aguardando Citação,Ordinário - Conhecimento,Pacaembu Construtora S/A,0003763-42.2026.8.16.0045,Mauro Gonçalves Cardoso,Primeira Instância,Réu,60000.0,60546.0,Possível,Bentivegna e Ribeiro Advogados,Eduardo Blanco,Arapongas,1ª Vara,Vara Cível,Vícios Construtivos,Cesar Matos Silva,Cível
2026-05-05 00:00:00,Aguardando Citação,Ordinário - Conhecimento,Pacaembu Piracicaba Incorporadora Ltda.,4005811-67.2026.8.26.0451,Maurizia Francisco de Amaral,Primeira Instância,Réu,10000.0,10000.0,Possível,Escritório Reis & Souza Advogados,Simone de Lourdes Severino,Piracicaba,7ª Vara,Vara Cível,Vícios Construtivos,Cesar Matos Silva,Cível
2026-05-08 00:00:00,Aguardando Citação,Ordinário - Conhecimento,Pacaembu Construtora S/A,5000085-80.2026.4.03.6106,Matheus Leal de Sousa,Primeira Instância,Réu,208000.0,211891.36,Possível,Escritório Reis & Souza Advogados,Fabricio Pereira Santos,São José do Rio Preto,2ª Vara,Vara Federal,Ação de Rescisão Contratual,Marina Luise Campana Perini,Cível
2024-12-17 00:00:00,Aguardando Citação,Ordinário - Conhecimento,Pacaembu São José do Rio Preto - Empreendimento Imobiliário Ltda.,1055814-61.2024.8.26.0576,Marinete Candida Magalhaes da Silva,Primeira Instância,Réu,102000.0,108476.66,Possível,Escritório Reis & Souza Advogados,Luany Capelini Juliano,São José do Rio Preto,4ª Vara,Vara Cível,Vícios Construtivos e muro de arrimo,Cesar Matos Silva,Cível
2026-05-06 00:00:00,Aguardando Citação,Ordinário - Conhecimento,Pacaembu Papa Empreendimento Imobiliário Ltda,5000974-59.2026.4.03.6324,Mariana da Silva Oliveira,Primeira Instância,Réu,1024.0,0.0,Possível,Escritório Reis & Souza Advogados,Miller Jean Guapo da Silva,São José do Rio Preto,1ª Vara,Vara Cível,Rescisão Contratual,Marina Luise Campana Perini,Cível
2026-05-04 00:00:00,Aguardando Citação,Ordinário - Conhecimento,Pacaembu Construtora S/A,0000054-96.2026.8.16.0045,Maria Aparecida do Nascimento,Primeira Instância,Réu,60000.0,60625.01,Possível,Escritório Reis & Souza Advogados,Eduardo Blanco,Arapongas,2ª Vara,Vara Cível,Vícios Construtivos e muro de arrimo,Lawrencce Van Hornn Liberatori da Silva,Cível
2026-04-28 00:00:00,Aguardando Citação,Ordinário - Conhecimento,Pacaembu Arapongas 2 - Empreendimento Imobiliarios Ltda.,0003766-94.2026.8.16.0045,Marcia Benite,Primeira Instância,Réu,60000.0,60546.0,Possível,Escritório Reis & Souza Advogados,Eduardo Blanco,Arapongas,2ª Vara,Vara Cível,Vícios Construtivos,Lawrencce Van Hornn Liberatori da Silva,Cível
2025-10-14 00:00:00,Aguardando Citação,Ordinário - Conhecimento,Pacaembu São José do Rio Preto 405 - Empreendimento Imobiliário Ltda.,4004578-82.2025.8.26.0576,M&A Naves Gestão Administrativa Ltda,Segunda Instância,Réu,82438.65,84207.81,,Escritório Reis & Souza Advogados,Robson Geraldo Costa,São José do Rio Preto,34ª Câmara,Câmara de Direito Privado,Alienação Fiduciária,Cesar Matos Silva,Cível
2025-10-14 00:00:00,Aguardando Citação,Ordinário - Conhecimento,Pacaembu São José do Rio Preto 405 - Empreendimento Imobiliário Ltda.,4004576-15.2025.8.26.0576,M&A Naves Gestão Administrativa Ltda,Primeira Instância,Réu,83681.1,85476.92,,Indeterminado,Robson Geraldo Costa,São José do Rio Preto,2ª Vara,Vara Cível,Alienação Fiduciária,Cesar Matos Silva,Cível
2026-01-07 00:00:00,Aguardando Citação,Ordinário - Conhecimento,Pacaembu Lins III - Empreendimento Imobiliario Spe Ltda,4023411-82.2025.8.26.0016,M8 Soluções e Serviços de Apoio a Edifícios Ltda.,Primeira Instância,Réu,2813.22,2871.87,Possível,Escritório Reis & Souza Advogados,Rubens Rufino dos Santos Sobrinho,São Paulo,2ª Vara,Juizado Especial Cível,Ação de Cobrança,Marina Luise Campana Perini,Cível
2026-03-05 00:00:00,Aguardando Citação,Ordinário - Conhecimento,Pacaembu Construtora S/A,4005127-58.2026.8.26.0576,Luis Ferreira de Lima,Primeira Instância,Réu,10000.0,10147.51,Possível,Escritório Reis & Souza Advogados,Marcos Cesar Chagas Perez,São José do Rio Preto,10ª Vara,Vara Cível,Vícios Construtivos,Marina Luise Campana Perini,Cível
2026-02-09 00:00:00,Aguardando Citação,Ordinário - Conhecimento,Pacaembu Construtora S/A,4001518-54.2026.8.26.0451,Luciana Renata Pereira Silva,Primeira Instância,Réu,68800.0,69814.86,Possível,Escritório Reis & Souza Advogados,Stefany Marie Pereira,Piracicaba,5ª Vara,Vara Cível,Vícios Construtivos,Cesar Matos Silva,Cível
2026-04-28 00:00:00,Aguardando Citação,Ordinário - Conhecimento,Pacaembu Construtora S/A,0026653-87.2025.8.16.0019,Leandro Carneiro de Souza,Primeira Instância,Réu,90000.0,92215.41,Possível,Escritório Reis & Souza Advogados,Davi Bozz Santos,Ponta Grossa,4ª Vara,Vara Federal,,Lawrencce Van Hornn Liberatori da Silva,Cível
2024-12-03 00:00:00,Aguardando Citação,Ordinário - Conhecimento,Pacaembu São José do Rio Preto - Empreendimento Imobiliário Ltda.,1055802-47.2024.8.26.0576,Leandro Calixto Cortez,Primeira Instância,Réu,102000.0,108476.66,Possível,Escritório Reis & Souza Advogados,Luany Capelini Juliano,São José do Rio Preto,5ª Vara,Vara Cível,Vícios Construtivos e muro de arrimo,Cesar Matos Silva,Cível
2024-12-17 00:00:00,Aguardando Citação,Ordinário - Conhecimento,Pacaembu São José do Rio Preto - Empreendimento Imobiliário Ltda.,1055342-60.2024.8.26.0576,Jussara Angelica Garcia,Primeira Instância,Réu,102000.0,108476.66,Possível,Escritório Reis & Souza Advogados,Luany Capelini Juliano,São José do Rio Preto,5ª Vara,Vara Cível,Vícios Construtivos e muro de arrimo,Cesar Matos Silva,Cível
2026-04-17 00:00:00,Aguardando Citação,Ordinário - Conhecimento,Pacaembu Piracicaba Incorporadora Ltda.,4004131-47.2026.8.26.0451,Juan Matheus de Oliveira Rodrigues,Primeira Instância,Réu,29670.0,29940.0,Possível,Bentivegna e Ribeiro Advogados,Gabrielly Caroline Porsebon,Piracicaba,6ª Vara,Vara Cível,Negativação indevida,Lawrencce Van Hornn Liberatori da Silva,Cível
2026-04-15 00:00:00,Aguardando Citação,Ordinário - Conhecimento,Pacaembu Construtora S/A,0014023-18.2025.8.16.0045,Joziane de Souza,Primeira Instância,Réu,30000.0,30000.0,Possível,Bentivegna e Ribeiro Advogados,Fernando Hideaki Zavan Yamaguro,Arapongas,2ª Vara,Vara Cível,Vícios Construtivos,Marina Luise Campana Perini,Cível
2026-05-01 00:00:00,Aguardando Citação,Ordinário - Conhecimento,Pacaembu Construtora S/A,4009890-26.2025.8.26.0451,Josivan de Souza Lopes,Segunda Instância,Réu,30000.0,30634.62,Possível,Bentivegna e Ribeiro Advogados,Guilherme Mendonça Mendes de Oliveira,Piracicaba,10ª Câmara de Direito Privado,Câmara de Direito Privado,Caixa de Esgoto,Marina Luise Campana Perini,Cível
2026-04-28 00:00:00,Aguardando Citação,Ordinário - Conhecimento,Pacaembu Arapongas 1 - Empreendimento Imobiliário Ltda.,0003762-57.2026.8.16.0045,Josiane dos Santos,Primeira Instância,Réu,60000.0,60546.0,Possível,Escritório Reis & Souza Advogados,Eduardo Blanco,Arapongas,2ª Vara,Vara Cível,Vícios Construtivos e muro de arrimo,Lawrencce Van Hornn Liberatori da Silva,Cível
2026-04-28 00:00:00,Aguardando Citação,Ordinário - Conhecimento,Pacaembu Arapongas 2 - Empreendimento Imobiliarios Ltda.,0003733-07.2026.8.16.0045,Jose Adilson Aparecido da Silva,Primeira Instância,Réu,60000.0,60546.0,Possível,Escritório Reis & Souza Advogados,Eduardo Blanco,Arapongas,2ª Vara,Vara Cível,Vícios Construtivos e muro de arrimo,Lawrencce Van Hornn Liberatori da Silva,Cível
2025-06-23 00:00:00,Aguardando Citação,Ordinário - Conhecimento,Pacaembu Construtora S/A,1009789-40.2025.8.26.0451,Jonas Andrade da Silva,Primeira Instância,Réu,20000.0,0.0,Possível,Indeterminado,Guilherme Mendonça Mendes de Oliveira,Piracicaba,6ª Vara,Vara Cível,Caixa de Esgoto,Marina Luise Campana Perini,Cível
2026-02-17 00:00:00,Aguardando Citação,Ordinário - Conhecimento,Pacaembu Construtora S/A,4002732-93.2026.8.26.0576,Jessica Vitoria Dias Fernandes,Primeira Instância,Réu,10000.0,0.0,Possível,Escritório Reis & Souza Advogados,Marcos Cesar Chagas Perez,São José do Rio Preto,5ª Vara,Vara Cível,Vícios Construtivos,Marina Luise Campana Perini,Cível
2025-10-15 00:00:00,Aguardando Citação,Ordinário - Conhecimento,Pacaembu Construtora S/A,4004937-32.2025.8.26.0576,Jessica Vitoria Dias Fernandes,Primeira Instância,Réu,10000.0,10214.6,,Indeterminado,Marcos Cesar Chagas Perez,São José do Rio Preto,1ª Vara,Vara Cível,Vícios Construtivos,Marina Luise Campana Perini,Cível
2026-03-03 00:00:00,Aguardando Citação,Ordinário - Conhecimento,Pacaembu Construtora S/A,1014608-20.2025.8.26.0451,Jeferson Velozo Rodrigues,Primeira Instância,Réu,30000.0,30803.02,Possível,Bentivegna e Ribeiro Advogados,Guilherme Mendonça Mendes de Oliveira,Piracicaba,5ª Vara,Vara Cível,Caixa de Esgoto,Marina Luise Campana Perini,Cível
2026-04-16 00:00:00,Aguardando Citação,Ordinário - Conhecimento,Pacaembu Construtora S/A,0013036-79.2025.8.16.0045,Jeferson Pereira dos Santos Passos,Primeira Instância,Réu,45000.0,46204.74,Possível,Bentivegna e Ribeiro Advogados,Eduardo Alexandre Antoniassi,Arapongas,2ª Vara,Vara Cível,Vícios Construtivos,Marina Luise Campana Perini,Cível
2026-04-28 00:00:00,Aguardando Citação,Ordinário - Conhecimento,Pacaembu Arapongas 2 - Empreendimento Imobiliarios Ltda.,0003723-60.2026.8.16.0045,Ivan Carlos da Silva,Primeira Instância,Réu,60000.0,60546.0,Possível,Escritório Reis & Souza Advogados,Eduardo Blanco,Arapongas,2ª Vara,Vara Cível,Vícios Construtivos e muro de arrimo,Lawrencce Van Hornn Liberatori da Silva,Cível
2026-04-27 00:00:00,Aguardando Citação,Ordinário - Conhecimento,Pacaembu Arapongas 2 - Empreendimento Imobiliarios Ltda.,0003718-38.2026.8.16.0045,Isabel Cristina de Oliveira Floriano,Primeira Instância,Réu,60000.0,60546.0,Possível,Bentivegna e Ribeiro Advogados,Eduardo Blanco,Arapongas,2ª Vara,Vara Cível,Vícios Construtivos e muro de arrimo,Cesar Matos Silva,Cível
2026-01-07 00:00:00,Aguardando Citação,Ordinário - Conhecimento,Pacaembu Construtora S/A,4012336-15.2025.8.26.0576,Irineu Teodosio,Primeira Instância,Réu,10000.0,10208.48,Possível,Escritório Reis & Souza Advogados,Marcos Cesar Chagas Perez,São José do Rio Preto,1ª Vara,Vara Cível,Vícios Construtivos,Marina Luise Campana Perini,Cível
2026-03-24 00:00:00,Aguardando Citação,Ação Anulatória,Pacaembu Bauru Azevedo 2 - Empreendimento Imobiliário Ltda,4004419-68.2026.8.26.0071,IDP2 Engenharia e Comercio Ltda,Primeira Instância,Réu,15150.28,15288.15,Possível,Escritório Reis & Souza Advogados,Gabriel Luiz Camanforte Caminha,Bauru,4ª Vara,Vara Cível,Descumprimento Contratual,Cesar Matos Silva,Cível
2026-04-28 00:00:00,Aguardando Citação,Ordinário - Conhecimento,Pacaembu Arapongas 2 - Empreendimento Imobiliarios Ltda.,0002621-03.2026.8.16.0045,Heloisa Nobrega,Primeira Instância,Réu,60000.0,60546.0,Possível,Escritório Reis & Souza Advogados,Eduardo Blanco,Arapongas,2ª Vara,Vara Cível,Vícios Construtivos e muro de arrimo,Lawrencce Van Hornn Liberatori da Silva,Cível
2026-04-17 00:00:00,Aguardando Citação,Ordinário - Conhecimento,Pacaembu Construtora S/A,0016270-31.2026.8.16.0014,Giovane Bueno Martins,Primeira Instância,Réu,60000.0,60546.0,Possível,Bentivegna e Ribeiro Advogados,Eduardo Blanco,Londrina,6ª Vara,Vara Cível,Vícios Construtivos,Cesar Matos Silva,Cível
2026-04-16 00:00:00,Aguardando Citação,Ordinário - Conhecimento,Pacaembu Construtora S/A,0002619-33.2026.8.16.0045,Gian Carlos de Oliveira,Primeira Instância,Réu,60000.0,60546.0,Possível,Bentivegna e Ribeiro Advogados,Eduardo Blanco,Arapongas,2ª Vara,Vara Cível,Vícios Construtivos,Cesar Matos Silva,Cível
2026-04-30 00:00:00,Aguardando Citação,Ordinário - Conhecimento,Pacaembu Arapongas 2 - Empreendimento Imobiliarios Ltda.,0004714-36.2026.8.16.0045,Francielly Santos Gomes,Primeira Instância,Réu,40000.0,40000.0,Possível,Escritório Reis & Souza Advogados,Eduardo Blanco,Arapongas,1ª Vara,Vara Cível,Vícios Construtivos e muro de arrimo,Lawrencce Van Hornn Liberatori da Silva,Cível
2026-05-06 00:00:00,Aguardando Citação,Ordinário - Conhecimento,Pacaembu Construtora S/A,4004335-67.2026.8.26.0071,Fernando Henrique de Souza,Primeira Instância,Réu,50000.0,50455.0,Possível,Escritório Reis & Souza Advogados,Ana Laura Cardoso Vieira,Bauru,3ª Vara,Vara Cível,Negativação indevida,Lawrencce Van Hornn Liberatori da Silva,Cível
2026-02-18 00:00:00,Aguardando Citação,Ordinário - Conhecimento,Pacaembu Construtora S/A,4000816-24.2026.8.26.0576,Fabio Ryan Pereira Gonçalves,Primeira Instância,Réu,10000.0,10187.08,Possível,Escritório Reis & Souza Advogados,Marcos Cesar Chagas Perez,São José do Rio Preto,9ª Vara,Vara Cível,Vícios Construtivos,Marina Luise Campana Perini,Cível
2026-04-30 00:00:00,Aguardando Citação,Ordinário - Conhecimento,Pacaembu Construtora S/A,0002615-93.2026.8.16.0045,Eloina Alves Sofias,Primeira Instância,Réu,60000.0,60546.0,Possível,Escritório Reis & Souza Advogados,Eduardo Blanco,Arapongas,2ª Vara,Vara Cível,Vícios Construtivos e muro de arrimo,Lawrencce Van Hornn Liberatori da Silva,Cível
2026-04-30 00:00:00,Aguardando Citação,Ordinário - Conhecimento,Pacaembu Arapongas 2 - Empreendimento Imobiliarios Ltda.,0004713-51.2026.8.16.0045,Elisangela de Lima Catarina,Primeira Instância,Réu,40000.0,40364.0,Possível,Escritório Reis & Souza Advogados,Eduardo Blanco,Arapongas,2ª Vara,Vara Cível,Vícios Construtivos e muro de arrimo,Lawrencce Van Hornn Liberatori da Silva,Cível
2026-05-04 00:00:00,Aguardando Citação,Ordinário - Conhecimento,Pacaembu Arapongas 1 - Empreendimento Imobiliário Ltda.,0017826-09.2025.8.16.0045,Elibelto Aparecido Geraldo,Segunda Instância,Réu,119191.23,121676.1,Possível,Escritório Reis & Souza Advogados,Jessica da Silva Santos Betiol,Arapongas,20ª Câmara Cível,Câmara de Direito Privado,Ação de Rescisão Contratual,Lawrencce Van Hornn Liberatori da Silva,Cível
2026-04-24 00:00:00,Aguardando Citação,Ação Anulatória,Pacaembu Arapongas 1 - Empreendimento Imobiliário Ltda.,0002616-78.2026.8.16.0045,Eliane Ribeiro Alves,Primeira Instância,Réu,60000.0,60546.0,Possível,Bentivegna e Ribeiro Advogados,Eduardo Blanco,Arapongas,1ª Vara,Vara Cível,Vícios Construtivos e muro de arrimo,Cesar Matos Silva,Cível
2026-05-06 00:00:00,Aguardando Citação,Ordinário - Conhecimento,Pacaembu Bauru Azevedo 2 - Empreendimento Imobiliário Ltda,4000096-23.2026.8.26.0458,Eliana Cristina dos Santos,,Réu,10000.0,10147.51,Possível,Bentivegna e Ribeiro Advogados,Pedro Miguel Torres de Campos,Piratininga,Vara Única,Vara Cível,Indenização por Danos Morais,Marina Luise Campana Perini,Cível
2026-04-16 00:00:00,Aguardando Citação,Ordinário - Conhecimento,Pacaembu Construtora S/A,0014016-26.2025.8.16.0045,Elaine de Souza Teodoro,Primeira Instância,Réu,30000.0,30803.16,Possível,Bentivegna e Ribeiro Advogados,Fernando Hideaki Zavan Yamaguro,Arapongas,2ª Vara,Vara Cível,Vícios Construtivos e muro de arrimo,Marina Luise Campana Perini,Cível
2026-04-28 00:00:00,Aguardando Citação,Ação Anulatória,Pacaembu Arapongas 2 - Empreendimento Imobiliarios Ltda.,0001044-87.2026.8.16.0045,Ednei Ribeiro da Silva,Primeira Instância,Réu,60000.0,61122.51,Possível,Escritório Reis & Souza Advogados,Eduardo Blanco,Arapongas,2ª Vara,Vara Cível,Vícios Construtivos e muro de arrimo,Lawrencce Van Hornn Liberatori da Silva,Cível
2026-04-16 00:00:00,Aguardando Citação,Ordinário - Conhecimento,Pacaembu Construtora S/A,0014029-25.2025.8.16.0045,Edigar de Souza,Primeira Instância,Réu,30000.0,30803.16,Possível,Bentivegna e Ribeiro Advogados,Fernando Hideaki Zavan Yamaguro,Arapongas,2ª Vara,Vara Cível,Vícios Construtivos e muro de arrimo,Marina Luise Campana Perini,Cível
2026-03-25 00:00:00,Aguardando Citação,Ordinário - Conhecimento,Pacaembu Arapongas 1 - Empreendimento Imobiliário Ltda.,0001042-20.2026.8.16.0045,Donizete Carlos dos Santos,Primeira Instância,Réu,60000.0,61122.51,Possível,Bentivegna e Ribeiro Advogados,Eduardo Blanco,Arapongas,1ª Vara,Vara Cível,Vícios Construtivos e muro de arrimo,Cesar Matos Silva,Cível
2026-04-27 00:00:00,Aguardando Citação,Ordinário - Conhecimento,Pacaembu Arapongas 2 - Empreendimento Imobiliarios Ltda.,0002612-41.2026.8.16.0045,Diego Rossi,Primeira Instância,Réu,60000.0,60546.0,Possível,Bentivegna e Ribeiro Advogados,Eduardo Blanco,Arapongas,1ª Vara,Vara Cível,Vícios Construtivos e muro de arrimo,Cesar Matos Silva,Cível
2026-02-23 00:00:00,Aguardando Citação,Ordinário - Conhecimento,Pacaembu Piracicaba Incorporadora Ltda.,1014134-49.2025.8.26.0451,Dhuly Stefani Lourdes da Silveira,Segunda Instância,Réu,20000.0,20535.35,Possível,Bentivegna e Ribeiro Advogados,Guilherme Mendonça Mendes de Oliveira,Piracicaba,8ª Câmara,Câmara,Caixa de Esgoto,Marina Luise Campana Perini,Cível
2025-06-23 00:00:00,Aguardando Citação,Ordinário - Conhecimento,Pacaembu Construtora S/A,1011787-43.2025.8.26.0451,Delailton Barboza da Silva,Primeira Instância,Réu,20000.0,0.0,Possível,Indeterminado,Guilherme Mendonça Mendes de Oliveira,Piracicaba,6ª Vara,Vara Cível,Caixa de Esgoto,Marina Luise Campana Perini,Cível
2026-02-18 00:00:00,Aguardando Citação,Ordinário - Conhecimento,Pacaembu Construtora S/A,4000753-96.2026.8.26.0576,Debora Ester Rodrigues Pereira,Primeira Instância,Réu,10000.0,10187.08,Possível,Escritório Reis & Souza Advogados,Marcos Cesar Chagas Perez,São José do Rio Preto,6ª Vara,Vara Cível,Vícios Construtivos,Marina Luise Campana Perini,Cível
2024-06-19 00:00:00,Aguardando Citação,Ordinário - Conhecimento,Pacaembu Piracicaba Incorporadora Ltda.,1012916-20.2024.8.26.0451,Débora Cristina Coelho Leandro,Primeira Instância,Réu,25000.0,27066.45,Possível,Indeterminado,Everton de Oliveira Gil,Piracicaba,6ª Vara,Vara Cível,Vícios Construtivos,Cesar Matos Silva,Cível
2026-04-15 00:00:00,Aguardando Citação,Ordinário - Conhecimento,Pacaembu Construtora S/A,0014153-08.2025.8.16.0045,David Sampaio Inoue Vicente,Segunda Instância,Réu,40000.0,40671.83,Possível,Bentivegna e Ribeiro Advogados,Celso José Bonifácio Junior,Arapongas,20ª Câmara,Câmara de Direito Privado,Vícios Construtivos e muro de arrimo,Lawrencce Van Hornn Liberatori da Silva,Cível
2026-03-06 00:00:00,Aguardando Citação,Ordinário - Conhecimento,Pacaembu Piracicaba Incorporadora Ltda.,4002298-91.2026.8.26.0451,Danielle Cardoso de Barros,Primeira Instância,Réu,45000.0,45663.79,Possível,Bentivegna e Ribeiro Advogados,Jessica Aparecida Dantas Donegá,Piracicaba,2ª Vara,Vara Cível,Vícios Construtivos,Cesar Matos Silva,Cível
2026-05-04 00:00:00,Aguardando Citação,Ordinário - Conhecimento,Pacaembu Construtora S/A,4000470-60.2026.8.26.0451,Cristiano Conceicao Neto,Primeira Instância,Réu,42010.0,42795.94,Possível,Escritório Reis & Souza Advogados,Stefany Marie Pereira,Piracicaba,7ª Vara,Vara Cível,Vícios Construtivos e muro de arrimo,Marina Luise Campana Perini,Cível
2026-04-30 00:00:00,Aguardando Citação,Ordinário - Conhecimento,Pacaembu Arapongas 2 - Empreendimento Imobiliarios Ltda.,0006381-57.2026.8.16.0045,Cirineu da Silva,Primeira Instância,Réu,40000.0,40000.0,Possível,Escritório Reis & Souza Advogados,Eduardo Blanco,Arapongas,2ª Vara,Vara Cível,Vícios Construtivos e muro de arrimo,Lawrencce Van Hornn Liberatori da Silva,Cível
2026-03-12 00:00:00,Aguardando Citação,Ordinário - Conhecimento,Pacaembu Construtora S/A,4009952-66.2025.8.26.0451,Cicero Candido da Silva,Segunda Instância,Réu,20000.0,20423.08,Possível,Bentivegna e Ribeiro Advogados,Guilherme Mendonça Mendes de Oliveira,Piracicaba,8ª Câmara,Câmara de Direito Privado,Vícios Construtivos,Marina Luise Campana Perini,Cível
2026-04-17 00:00:00,Aguardando Citação,Ordinário - Conhecimento,Pacaembu Arapongas 1 - Empreendimento Imobiliário Ltda.,0014367-96.2025.8.16.0045,Cassia Aguiar Pinto,Primeira Instância,Réu,17800.0,18098.96,Possível,Bentivegna e Ribeiro Advogados,Hemerson Marcolino,Arapongas,1ª Vara,Vara Cível,Vícios Construtivos e muro de arrimo,Marina Luise Campana Perini,Cível
2026-04-30 00:00:00,Aguardando Citação,Ordinário - Conhecimento,Pacaembu Arapongas 2 - Empreendimento Imobiliarios Ltda.,0001041-35.2026.8.16.0045,Caio Gabriel de Oliveira,Primeira Instância,Réu,60000.0,61122.51,Possível,Escritório Reis & Souza Advogados,Eduardo Blanco,Arapongas,2ª Vara,Vara Cível,Vícios Construtivos e muro de arrimo,Lawrencce Van Hornn Liberatori da Silva,Cível
2025-10-13 00:00:00,Aguardando Citação,Ordinário - Conhecimento,Pacaembu Piracicaba Incorporadora Ltda.,4003348-89.2025.8.26.0451,Bruna Caroline da Silva,Primeira Instância,Réu,20000.0,20429.21,Possível,Indeterminado,Priscila Tolaine do Amaral Almeida,Piracicaba,4ª Vara,Vara Cível,Vícios Construtivos,Marina Luise Campana Perini,Cível
2026-05-05 00:00:00,Aguardando Citação,Ordinário - Conhecimento,Pacaembu Assis Chateaubriand 357 e 358 - Empreendimento Imobiliário Ltda.,0001176-38.2026.8.16.0048,Ana Paula Klauck,Primeira Instância,Réu,70000.0,70000.0,Possível,Escritório Reis & Souza Advogados,Carlos Alberto Nicioli,Assis Chateaubriand,Vara Única,Vara Cível,Indenização por Danos Morais e Materiais,Lawrencce Van Hornn Liberatori da Silva,Cível
2026-05-08 00:00:00,Aguardando Citação,Ordinário - Conhecimento,Pacaembu Construtora S/A,5000198-28.2026.4.03.6108,Alessandra Costa Souza,Primeira Instância,Réu,206800.0,210668.91,Possível,Escritório Reis & Souza Advogados,Mayara Medeiros da Silva,Bauru,3ª Vara,Vara Federal,Ação de Rescisão Contratual,Lawrencce Van Hornn Liberatori da Silva,Cível
2026-04-17 00:00:00,Aguardando Citação,Ordinário - Conhecimento,Pacaembu Construtora S/A,5006596-98.2026.4.04.7001,Ailton Mendes Cabral Filho,Primeira Instância,Réu,0.0,143368.81,Possível,Escritório Reis & Souza Advogados,Vânia de Arruda Mendonça Rodrigues,Londrina,1ª Vara,Vara Federal,Rescisão Contratual,Marina Luise Campana Perini,Cível
2026-04-16 00:00:00,Aguardando Citação,Ordinário - Conhecimento,Pacaembu Construtora S/A,0014026-70.2025.8.16.0045,Adryan Ferreira do Carmo,Primeira Instância,Réu,30000.0,30803.16,Possível,Bentivegna e Ribeiro Advogados,Fernando Hideaki Zavan Yamaguro,Arapongas,2ª Vara,Vara Cível,,Marina Luise Campana Perini,Cível
2026-04-14 00:00:00,Ativo,Ordinário - Conhecimento,Pacaembu Piracicaba Incorporadora Ltda.,4004632-35.2025.8.26.0451,Zelia Pereira da Silva,Primeira Instância,Réu,30000.0,30643.81,Possível,Bentivegna e Ribeiro Advogados,Bruno Miguel Ocanha,Piracicaba,5ª Vara,Vara Cível,Caixa de Esgoto,Marina Luise Campana Perini,Cível
2026-05-19 00:00:00,Ativo,Ordinário - Conhecimento,Pacaembu Arapongas 2 - Empreendimento Imobiliarios Ltda.,0003770-34.2026.8.16.0045,Zaqueu Gonçalves Soares,Primeira Instância,Réu,60000.0,60000.0,Possível,Bentivegna e Ribeiro Advogados,Eduardo Blanco,Arapongas,1ª Vara,Vara Cível,Vícios Construtivos e muro de arrimo,Lawrencce Van Hornn Liberatori da Silva,Cível
2024-09-11 00:00:00,Ativo,Ordinário - Conhecimento,Pacaembu Piracicaba Incorporadora Ltda.,1019831-85.2024.8.26.0451,Wilson Roberto Ferrazzi,Primeira Instância,Réu,25000.0,26966.7,Possível,Bentivegna e Ribeiro Advogados,Everton de Oliveira Gil,Piracicaba,6ª Vara,Vara Cível,Vícios Construtivos,Lawrencce Van Hornn Liberatori da Silva,Cível
2025-07-01 00:00:00,Ativo,Ordinário - Conhecimento,Pacaembu Piracicaba Com Viva - Empreendimento Imobiliário Ltda.,1012326-09.2025.8.26.0451,Willian Lopes da Costa,Primeira Instância,Réu,68000.0,69980.77,Possível,Escritório Reis & Souza Advogados,Stefany Marie Pereira,Piracicaba,6ª Vara,Vara Cível,Muro de Arrimo,Marina Luise Campana Perini,Cível
2025-12-03 00:00:00,Ativo,Ordinário - Conhecimento,Vida Nova Ponta Grossa - Empreendimento Imobiliário Ltda.,0024996-13.2025.8.16.0019,William Rafael Meira Govea,Primeira Instância,Réu,31700.0,32548.53,Possível,Escritório Reis & Souza Advogados,João Douglas Gonçalves,Ponta Grossa,2ª Vara,Vara Cível,Entrega de chaves,Lawrencce Van Hornn Liberatori da Silva,Cível
2024-11-01 00:00:00,Ativo,Ordinário - Conhecimento,Pacaembu Construtora S/A,0012344-17.2024.8.16.0045,William Amaro Pereira de Oliveira,Primeira Instância,Réu,40000.0,43146.71,Possível,Bentivegna e Ribeiro Advogados,Celso José Bonifácio Junior,Arapongas,1ª Vara,Vara Cível,Vícios Construtivos e muro de arrimo,Lawrencce Van Hornn Liberatori da Silva,Cível
2023-07-18 00:00:00,Ativo,Ordinário - Conhecimento,Pacaembu Lins III - Empreendimento Imobiliario Spe Ltda,1003914-59.2023.8.26.0322,Wilhan Prado de Souza,Primeira Instância,Réu,30000.0,10155.85,Provável,Bentivegna e Ribeiro Advogados,Sandro Rafael Barioni de Matos,Lins,2ª Vara,Vara Cível,Vícios Construtivos e muro de arrimo,Lawrencce Van Hornn Liberatori da Silva,Cível
2026-05-08 00:00:00,Ativo,Ordinário - Conhecimento,Pacaembu Piracicaba Com Viva - Empreendimento Imobiliário Ltda.,4006068-92.2026.8.26.0451,Wesley Rocha Coutinho,Primeira Instância,Réu,42010.0,42010.0,Possível,Escritório Reis & Souza Advogados,Stefany Marie Pereira,Piracicaba,3ª Vara,Vara Cível,,Marina Luise Campana Perini,Cível
2023-08-23 00:00:00,Ativo,Ordinário - Conhecimento,Pacaembu Lins III - Empreendimento Imobiliario Spe Ltda,1003768-18.2023.8.26.0322,Wesley Prado dos Santos Tosi,Primeira Instância,Réu,40000.0,12874.03,Provável,Bentivegna e Ribeiro Advogados,Sandro Rafael Barioni de Matos,Lins,2ª Vara,Vara Cível,Vícios Construtivos e muro de arrimo,Lawrencce Van Hornn Liberatori da Silva,Cível
2025-08-01 00:00:00,Ativo,Ordinário - Conhecimento,Pacaembu Construtora S/A,0012628-25.2024.8.16.0045,Wesley Igor de Souza,Primeira Instância,Réu,40000.0,43146.71,Possível,Bentivegna e Ribeiro Advogados,Celso José Bonifácio Junior,Arapongas,2ª Vara,Vara Cível,Vícios Construtivos e muro de arrimo,Lawrencce Van Hornn Liberatori da Silva,Cível
2026-04-06 00:00:00,Ativo,Ação Anulatória,Pacaembu Construtora S/A,0014040-54.2025.8.16.0045,Wesley Giovani Zimbermann,Segunda Instância,Réu,30000.0,30803.16,Possível,Bentivegna e Ribeiro Advogados,Fernando Hideaki Zavan Yamaguro,Arapongas,20ª Câmara,Câmara de Direito Privado,Vícios Construtivos,Marina Luise Campana Perini,Cível
2026-04-01 00:00:00,Ativo,Ordinário - Conhecimento,Pacaembu Construtora S/A,0014022-33.2025.8.16.0045,Wesley de Brito Dutra,Primeira Instância,Réu,30000.0,30803.16,Possível,Bentivegna e Ribeiro Advogados,Fernando Hideaki Zavan Yamaguro,Arapongas,19ª Câmara Cível,Câmara de Direito Privado,Vícios Construtivos,Marina Luise Campana Perini,Cível
2025-12-02 00:00:00,Ativo,Ordinário - Conhecimento,Pacaembu Piracicaba Com Viva - Empreendimento Imobiliário Ltda.,4010197-77.2025.8.26.0451,Wenderson Alessandro Abel dos Santos,Primeira Instância,Réu,46600.0,47585.78,Possível,Escritório Reis & Souza Advogados,Stefany Marie Pereira,Piracicaba,1ª Vara,Vara Cível,Vícios Construtivos,Marina Luise Campana Perini,Cível
2025-08-04 00:00:00,Ativo,Ordinário - Conhecimento,Pacaembu Construtora S/A,1016538-62.2025.8.26.0196,Watilas Aparecido dos Santos,Primeira Instância,Réu,20000.0,20548.41,Possível,Escritório Reis & Souza Advogados,Guilherme Mendonça Mendes de Oliveira,Franca,4ª Vara,Vara Cível,Vícios Construtivos,Marina Luise Campana Perini,Cível
2024-10-03 00:00:00,Ativo,Ordinário - Conhecimento,Pacaembu Piracicaba Incorporadora Ltda.,1021321-45.2024.8.26.0451,Wanderson Souza Silva,Primeira Instância,Réu,25000.0,26966.7,Possível,Bentivegna e Ribeiro Advogados,Everton de Oliveira Gil,Piracicaba,6ª Vara,Vara Cível,Vícios Construtivos,Lawrencce Van Hornn Liberatori da Silva,Cível
2026-04-01 00:00:00,Ativo,Ordinário - Conhecimento,Pacaembu Piracicaba Incorporadora Ltda.,1009470-72.2025.8.26.0451,Walton da Silva,Primeira Instância,Réu,20000.0,20654.62,Possível,Bentivegna e Ribeiro Advogados,Guilherme Mendonça Mendes de Oliveira,Piracicaba,4ª Vara,Vara Cível,Caixa de Esgoto,Marina Luise Campana Perini,Cível
2025-10-17 00:00:00,Ativo,Ordinário - Conhecimento,Vida Nova Primavera do Leste 394 - Empreendimento Imobiliário Ltda,4004020-73.2025.8.26.0071,V.J. Caceano - ME,Primeira Instância,Autor,145277.06,148394.75,Possível,Escritório Reis & Souza Advogados,,Bauru,7ª Vara,Vara Cível,Sustação de Protesto,Cesar Matos Silva,Cível
2024-12-06 00:00:00,Ativo,Ordinário - Conhecimento,Pacaembu Construtora S/A,1009995-52.2024.8.26.0269,Viviane Matias Silva,Primeira Instância,Réu,12793.05,6126.09,Provável,Bentivegna e Ribeiro Advogados,Sergio Ricardo Sambra Suyama,Itapetininga,3ª Vara,Vara Cível,Devolução de Sinal,Lawrencce Van Hornn Liberatori da Silva,Cível
2026-01-25 00:00:00,Ativo,Ordinário - Conhecimento,Pacaembu Construtora S/A,0014018-93.2025.8.16.0045,Viviane Aline dos Santos Pinto,Primeira Instância,Réu,30000.0,30803.16,Possível,Bentivegna e Ribeiro Advogados,Fernando Hideaki Zavan Yamaguro,Arapongas,2ª Vara,Vara Cível,Vícios Construtivos,Marina Luise Campana Perini,Cível
2026-03-01 00:00:00,Ativo,Ordinário - Conhecimento,Pacaembu Construtora S/A,0014038-84.2025.8.16.0045,Vitória Luciano Carrascal Cruz,Primeira Instância,Réu,30000.0,30803.16,Possível,Bentivegna e Ribeiro Advogados,Fernando Hideaki Zavan Yamaguro,Arapongas,1ª Vara,Vara Cível,Vícios Construtivos e muro de arrimo,Marina Luise Campana Perini,Cível
2022-05-13 00:00:00,Ativo,Ordinário - Conhecimento,Pacaembu Construtora S/A,1002006-20.2022.8.26.0445,Vitor Franca Macedo,Primeira Instância,Réu,1000.0,1177.98,Possível,Bentivegna e Ribeiro Advogados,Onivaldo Freitas Júnior,Pindamonhangaba,2ª Vara,Vara Cível,Produção Antecipada de Provas,Cesar Matos Silva,Cível
2025-02-10 00:00:00,Ativo,Ordinário - Conhecimento,Pacaembu Piracicaba Com Viva - Empreendimento Imobiliário Ltda. (Filial),1001209-21.2025.8.26.0451,Vinicius Henrique Soares,Segunda Instância,Réu,42010.0,44464.07,Possível,Escritório Reis & Souza Advogados,Stefany Marie Pereira,Piracicaba,1ª Câmara de Direito Privado,Câmara de Direito Privado,Vícios Construtivos,Marina Luise Campana Perini,Cível
2025-12-17 00:00:00,Ativo,Ordinário - Conhecimento,Pacaembu Construtora S/A,4005903-92.2025.8.26.0576,Vinicius Henrique Da Silva Teixeira,Primeira Instância,Réu,10000.0,10214.6,Possível,Escritório Reis & Souza Advogados,Lucas Guilherme da Silva Teixeira,São José do Rio Preto,3ª Vara,Vara Cível,Vícios Construtivos,Marina Luise Campana Perini,Cível
2025-06-26 00:00:00,Ativo,Ordinário - Conhecimento,Pacaembu Construtora S/A,1027250-59.2024.8.26.0451,Vinicius Goes Pereira,Primeira Instância,Réu,30000.0,31904.9,Possível,Bentivegna e Ribeiro Advogados,Guilherme Mendonça Mendes de Oliveira,Piracicaba,1ª Vara,Vara Cível,Caixa de Esgoto,Marina Luise Campana Perini,Cível
2023-09-06 00:00:00,Ativo,Ordinário - Conhecimento,Pacaembu Construtora S/A,1019822-49.2023.8.26.0196,Vinícius Braulio da Costa,Primeira Instância,Réu,20000.0,11944.25,Provável,Bentivegna e Ribeiro Advogados,Guilherme Mendonça Mendes de Oliveira,Lins,5ª Vara,Vara Cível,Vícios Construtivos,Marina Luise Campana Perini,Cível
2025-07-07 00:00:00,Ativo,Ordinário - Conhecimento,Pacaembu Construtora S/A,0012342-47.2024.8.16.0045,Vilma dos Reis,Primeira Instância,Réu,40000.0,43146.71,Possível,Bentivegna e Ribeiro Advogados,Celso José Bonifácio Junior,Arapongas,2ª Vara,Vara Cível,Vícios Construtivos e muro de arrimo,Lawrencce Van Hornn Liberatori da Silva,Cível
2025-05-02 00:00:00,Ativo,Ordinário - Conhecimento,Pacaembu Construtora S/A,1006707-48.2024.8.26.0576,Vilcionei Jesus de Almeida,Primeira Instância,Réu,4136.0,4560.34,Possível,Escritório Reis & Souza Advogados,Wadi Atique,São José do Rio Preto,3ª Vara,Vara Cível,Vícios Construtivos,Lawrencce Van Hornn Liberatori da Silva,Cível
2026-05-15 00:00:00,Ativo,Ordinário - Conhecimento,Pacaembu Arapongas 2 - Empreendimento Imobiliarios Ltda.,0000091-26.2026.8.16.0045,Victor Henrique Martins Diniz,Primeira Instância,Réu,60000.0,61122.51,Possível,Bentivegna e Ribeiro Advogados,Eduardo Blanco,Arapongas,2ª Vara,Vara Cível,Vícios Construtivos e muro de arrimo,Lawrencce Van Hornn Liberatori da Silva,Cível
2025-08-07 00:00:00,Ativo,Cumprimento de Sentença,Pacaembu Construtora S/A,0016943-20.2022.8.26.0100,Vargenski e Stadler Engenharia Ltda - ME,Primeira Instância,Autor,325050.72,382901.91,Remota,Jurídico Interno Cível,Welesson Jose Reuters de Freitas,São Paulo,5ª Vara,Vara Cível,Cumprimento de sentença,Cesar Matos Silva,Cível
2025-03-20 00:00:00,Ativo,Ordinário - Conhecimento,Pacaembu São José do Rio Preto - Empreendimento Imobiliário Ltda.,1051898-19.2024.8.26.0576,Vanessa Perpetua Barrionuevo,Segunda Instância,Réu,102000.0,108834.63,Possível,Escritório Reis & Souza Advogados,Andressa Cristina Malagolini Aielo,São José do Rio Preto,7ª Câmara,Câmara,Vícios Construtivos e muro de arrimo,Marina Luise Campana Perini,Cível
2025-03-20 00:00:00,Ativo,Ordinário - Conhecimento,Pacaembu São José do Rio Preto - Empreendimento Imobiliário Ltda.,1056312-60.2024.8.26.0576,Vanessa Pereira Gomes,Primeira Instância,Réu,102000.0,108476.66,Possível,Escritório Reis & Souza Advogados,Beatriz Catelani Pereira,São José do Rio Preto,1ª Vara,Vara Cível,Vícios Construtivos e muro de arrimo,Marina Luise Campana Perini,Cível
2024-11-11 00:00:00,Ativo,Ordinário - Conhecimento,Pacaembu Construtora S/A,0009489-65.2024.8.16.0045,Vanessa Cristina de Souza,Primeira Instância,Réu,28319.43,30583.8,Possível,Bentivegna e Ribeiro Advogados,Leonardo de Almeida Zanetti,Arapongas,2ª Vara,Vara Cível,Vícios Construtivos,Lawrencce Van Hornn Liberatori da Silva,Cível
2021-08-18 00:00:00,Ativo,Ordinário - Conhecimento,Pacaembu Construtora S/A,5001817-24.2022.4.03.6337,Vanderson da Silva Melo,Primeira Instância,Réu,29716.64,38363.18,Possível,Bentivegna e Ribeiro Advogados,Emerson Paulo dos Santos,Votuporanga,1ª Vara,Juizado Especial Cível,Indenização por Danos Morais,Marina Luise Campana Perini,Cível
2024-06-10 00:00:00,Ativo,Ordinário - Conhecimento,Pacaembu Construtora S/A,0026079-64.2025.8.16.0019,Valmenci Ferreira Branco,Primeira Instância,Réu,100000.0,108763.84,Possível,Bentivegna e Ribeiro Advogados,Davi Bozz Santos,Ponta Grossa,3ª Vara,Vara Cível,Vícios Construtivos,Cesar Matos Silva,Cível
2026-04-14 00:00:00,Ativo,Ordinário - Conhecimento,Pacaembu Construtora S/A,4002416-58.2026.8.26.0066,Valeria Cristina Pereira Ribeiro,Primeira Instância,Réu,10000.0,10000.0,Possível,Bentivegna e Ribeiro Advogados,Isabelle Narduchi da Silva,Barretos,2ª Vara,Vara Cível,Retenção das chaves,Marina Luise Campana Perini,Cível
2023-10-30 00:00:00,Ativo,Ordinário - Conhecimento,Pacaembu Piracicaba Incorporadora Ltda.,1021612-79.2023.8.26.0451,Valdete de Souza Santos,Segunda Instância,Réu,25000.0,27935.85,Possível,Bentivegna e Ribeiro Advogados,Everton de Oliveira Gil,Piracicaba,4ª Vara,Vara Cível,Vícios Construtivos,Lawrencce Van Hornn Liberatori da Silva,Cível
2024-09-16 00:00:00,Ativo,Ordinário - Conhecimento,Pacaembu Piracicaba Incorporadora Ltda.,1020198-12.2024.8.26.0451,Valdete de Souza Santos,Primeira Instância,Réu,61629.97,66478.27,Possível,Bentivegna e Ribeiro Advogados,Everton de Oliveira Gil,Piracicaba,5ª Vara,Vara Cível,Vícios Construtivos,Lawrencce Van Hornn Liberatori da Silva,Cível
2024-10-03 00:00:00,Ativo,Ordinário - Conhecimento,Pacaembu Construtora S/A,0011784-75.2024.8.16.0045,Vagner Jose da Silva,Primeira Instância,Réu,40000.0,43146.71,Possível,Bentivegna e Ribeiro Advogados,Celso José Bonifácio Junior,Arapongas,1ª Vara,Vara Cível,Vícios Construtivos e muro de arrimo,Lawrencce Van Hornn Liberatori da Silva,Cível
2025-09-22 00:00:00,Ativo,Ordinário - Conhecimento,Pacaembu Piracicaba Incorporadora Ltda.,1003734-73.2025.8.26.0451,Vagner Gonçalves dos Santos,Primeira Instância,Réu,20000.0,20859.6,Possível,Escritório Reis & Souza Advogados,Lenita Davanzo,Piracicaba,2ª Vara,Vara Cível,Vícios Construtivos,Marina Luise Campana Perini,Cível
2026-03-01 00:00:00,Ativo,Ordinário - Conhecimento,Pacaembu Arapongas 2 - Empreendimento Imobiliarios Ltda.,0000090-41.2026.8.16.0045,Tracy Patricia de Souza Paulino,Primeira Instância,Réu,60000.0,61122.51,Possível,Bentivegna e Ribeiro Advogados,Eduardo Blanco,Arapongas,2ª Vara,Vara do Trabalho,Vícios Construtivos e muro de arrimo,Lawrencce Van Hornn Liberatori da Silva,Cível
2025-01-17 00:00:00,Ativo,Ordinário - Conhecimento,Pacaembu Construtora S/A,0011129-06.2024.8.16.0045,Toniel Soares de Lima,Segunda Instância,Réu,40000.0,43086.31,Possível,Bentivegna e Ribeiro Advogados,Celso José Bonifácio Junior,Arapongas,20ª Câmara,Câmara,Vícios Construtivos e muro de arrimo,Lawrencce Van Hornn Liberatori da Silva,Cível
2025-01-23 00:00:00,Ativo,Ordinário - Conhecimento,Pacaembu Construtora S/A,1014252-72.2024.8.26.0576,Thiago Rodrigues Coelho,Segunda Instância,Réu,15500.0,16376.49,Possível,Escritório Reis & Souza Advogados,Wadi Atique,São José do Rio Preto,11ª Câmara,Câmara de Direito Privado,Vícios Construtivos,Lawrencce Van Hornn Liberatori da Silva,Cível
2025-09-08 00:00:00,Ativo,Ordinário - Conhecimento,Pacaembu Piracicaba Incorporadora Ltda.,1014130-12.2025.8.26.0451,Thiago Duarte Oliveira,Primeira Instância,Réu,20000.0,20535.35,Possível,Bentivegna e Ribeiro Advogados,Guilherme Mendonça Mendes de Oliveira,Piracicaba,4ª Vara,Vara Cível,Caixa de Esgoto,Marina Luise Campana Perini,Cível
2026-05-01 00:00:00,Ativo,Ordinário - Conhecimento,Pacaembu Construtora S/A,0014027-55.2025.8.16.0045,Thalita Pacheco de Souza,Primeira Instância,Réu,30000.0,30803.16,Possível,Escritório Reis & Souza Advogados,Fernando Hideaki Zavan Yamaguro,Arapongas,1ª Vara,Vara Cível,Vícios Construtivos e muro de arrimo,Marina Luise Campana Perini,Cível
2024-09-06 00:00:00,Ativo,Ordinário - Conhecimento,Pacaembu Piracicaba Incorporadora Ltda.,1018940-64.2024.8.26.0451,Thalita da Silva,Primeira Instância,Réu,25000.0,5126.05,Provável,Bentivegna e Ribeiro Advogados,Everton de Oliveira Gil,São Paulo,3ª Vara,Vara Cível,Vícios Construtivos,Lawrencce Van Hornn Liberatori da Silva,Cível
2025-05-27 00:00:00,Ativo,Ordinário - Conhecimento,Pacaembu Piracicaba Incorporadora Ltda.,1009498-40.2025.8.26.0451,Thais Gomes Leme Garcia,Primeira Instância,Réu,20000.0,12407.21,Provável,Bentivegna e Ribeiro Advogados,Everton de Oliveira Gil,Piracicaba,3ª Vara,Vara Cível,Vícios Construtivos,Lawrencce Van Hornn Liberatori da Silva,Cível
2024-02-07 00:00:00,Ativo,Ordinário - Conhecimento,Vida Nova Barretos III - Empreendimento Imobiliário Ltda.,1030912-54.2023.8.26.0196,Tereza Aparecida da Silva,Primeira Instância,Réu,24809.98,26944.58,Remota,Escritório Reis & Souza Advogados,Rodolfo Chiquini da Silva,Piracicaba,4ª Vara,Vara Cível,Alienação Fiduciária,Cesar Matos Silva,Cível
2025-06-11 00:00:00,Ativo,Ordinário - Conhecimento,Pacaembu Piracicaba Incorporadora Ltda.,1015897-22.2024.8.26.0451,Tayssa Coelho dos Santos,Primeira Instância,Réu,20000.0,21599.17,Possível,Bentivegna e Ribeiro Advogados,Everton de Oliveira Gil,Piracicaba,2ª Vara,Vara Cível,Vícios Construtivos,Lawrencce Van Hornn Liberatori da Silva,Cível
2025-12-17 00:00:00,Ativo,Ordinário - Conhecimento,Pacaembu Construtora S/A,4009955-21.2025.8.26.0451,Tatiane Fernandes Faggionato,Primeira Instância,Réu,48570.0,49597.45,Possível,Bentivegna e Ribeiro Advogados,Guilherme Mendonça Mendes de Oliveira,Piracicaba,2ª Vara,Vara Cível,Caixa de Esgoto,Marina Luise Campana Perini,Cível
2025-05-14 00:00:00,Ativo,Ordinário - Conhecimento,Pacaembu Piracicaba Incorporadora Ltda.,1007163-48.2025.8.26.0451,Tatiane Cristiane Coelho Barbosa,Primeira Instância,Réu,20000.0,12465.83,Provável,Bentivegna e Ribeiro Advogados,Everton de Oliveira Gil,Piracicaba,3ª Vara,Vara Cível,Vícios Construtivos,Lawrencce Van Hornn Liberatori da Silva,Cível
2025-10-28 00:00:00,Ativo,Ordinário - Conhecimento,Pacaembu Construtora S/A,4001000-41.2025.8.26.0664,Tania Luci Mendes,Primeira Instância,Réu,30000.0,30643.81,Possível,Escritório Reis & Souza Advogados,José Roberto Russo,Votuporanga,3ª Vara,Vara Cível,Vícios Construtivos,Marina Luise Campana Perini,Cível
2026-01-05 00:00:00,Ativo,Ordinário - Conhecimento,Pacaembu Arapongas 2 - Empreendimento Imobiliarios Ltda.,0014568-88.2025.8.16.0045,Tania Cristina Martins dos Santos,Primeira Instância,Réu,62922.0,64272.33,Possível,Bentivegna e Ribeiro Advogados,Eduardo Alexandre Antoniassi,Arapongas,2ª Vara,Vara Cível,Ação Reparatória de Danos Materiais e Morais,Marina Luise Campana Perini,Cível
2024-12-23 00:00:00,Ativo,Ordinário - Conhecimento,Pacaembu São José do Rio Preto - Empreendimento Imobiliário Ltda.,1051897-34.2024.8.26.0576,Tamiris Ferrareze Mello,Segunda Instância,Réu,102000.0,108834.63,Possível,Escritório Reis & Souza Advogados,Andressa Cristina Malagolini Aielo,São José do Rio Preto,5ª Câmara,Câmara de Direito Privado,Vícios Construtivos e muro de arrimo,Marina Luise Campana Perini,Cível
2022-05-13 00:00:00,Ativo,Ordinário - Conhecimento,Poá Empreendimento Imobiliário Ltda,1003988-80.2022.8.26.0506,Talita Gracielle da Mata Bianchi,Segunda Instância,Réu,49289.9,115821.58,Provável,Bentivegna e Ribeiro Advogados,Filipe Tonelli,São Paulo,27ª câmara,Câmara de Direito Privado,Alienação Fiduciária,Cesar Matos Silva,Cível
2025-11-25 00:00:00,Ativo,Ordinário - Conhecimento,Pacaembu Construtora S/A,1014614-27.2025.8.26.0451,Talita de Oliveira Lima,Primeira Instância,Réu,60000.0,61606.04,Possível,Bentivegna e Ribeiro Advogados,Guilherme Mendonça Mendes de Oliveira,Piracicaba,3ª Vara,Vara Cível,Caixa de Esgoto,Marina Luise Campana Perini,Cível
2026-03-06 00:00:00,Ativo,Ordinário - Conhecimento,Pacaembu Construtora S/A,4009951-81.2025.8.26.0451,Tales Vinicius de Oliveira,Segunda Instância,Réu,20000.0,20423.08,Possível,Bentivegna e Ribeiro Advogados,Guilherme Mendonça Mendes de Oliveira,Piracicaba,1ª Câmara,Câmara de Direito Privado,Vícios Construtivos,Marina Luise Campana Perini,Cível
2026-04-01 00:00:00,Ativo,Ordinário - Conhecimento,Pacaembu Construtora S/A,0002351-76.2026.8.16.0045,Taisa Maria da Silva,Segunda Instância,Réu,40000.0,40590.04,Possível,Bentivegna e Ribeiro Advogados,Celso José Bonifácio Junior,Arapongas,19ª Câmara,Câmara de Direito Privado,Vícios Construtivos e muro de arrimo,Marina Luise Campana Perini,Cível
2026-03-01 00:00:00,Ativo,Ordinário - Conhecimento,Pacaembu Construtora S/A,1009834-19.2026.8.11.0001,Syndel Costa Conceição,Primeira Instância,Réu,15310.0,15535.84,Possível,Escritório Reis & Souza Advogados,Crislaine Francione Marques de Jesus,Cuiabá,5ª Vara,Juizado Especial Cível,Obrigação de Fazer / Não Fazer,Cesar Matos Silva,Cível
2025-01-22 00:00:00,Ativo,Ordinário - Conhecimento,Pacaembu Piracicaba Incorporadora Ltda.,1028403-30.2024.8.26.0451,Suzana Vanessa Correia da Silva,Primeira Instância,Réu,25000.0,26587.42,Possível,Bentivegna e Ribeiro Advogados,Everton de Oliveira Gil,Piracicaba,1ª Vara,Vara Cível,Vícios Construtivos,Lawrencce Van Hornn Liberatori da Silva,Cível
2025-12-18 00:00:00,Ativo,Ação Civil Pública,Pacaembu Construtora S/A,1008555-63.2025.8.26.0664,Superintendencia de Água e Esgoto e Meio Ambiente de Votuporanga,Primeira Instância,Réu,529996.94,544185.98,Possível,Escritório Reis & Souza Advogados,Procuradoria do Estado de São Paulo,Votuporanga,3ª Vara,Vara Cível,Reparação de danos,Cesar Matos Silva,Cível
2020-01-14 00:00:00,Ativo,Execução Fiscal,Pacaembu Construtora S/A,1000044-96.2020.8.26.0132,Superintendência de Água e Esgoto de Catanduva,Primeira Instância,Réu,5495.16,7776.1,Possível,Jurídico Interno Cível,Procuradoria do Estado de São Paulo,Catanduva,Vara Única,SAF - Serviço de Anexo Fiscal,Execução Fiscal,Cesar Matos Silva,Tributário
2025-06-02 00:00:00,Ativo,Ordinário - Conhecimento,Vida Nova Ponta Grossa - Empreendimento Imobiliário Ltda.,5003442-82.2025.4.04.7009,Suely Caroline Paes Babo Alves,Primeira Instância,Réu,239898.88,250209.78,Possível,Escritório Reis & Souza Advogados,Tainan Felix Laskos,Ponta Grossa,2ª Vara,Vara Federal,Vícios Construtivos,Marina Luise Campana Perini,Cível
2025-09-01 00:00:00,Ativo,Ordinário - Conhecimento,Poá Empreendimento Imobiliário Ltda,1044977-26.2025.8.26.0506,Suellen de Freitas,Primeira Instância,Autor,10995.61,11289.98,Possível,Bentivegna e Ribeiro Advogados,,Ribeirão Preto,9ª Vara,Vara Cível,Obrigação de Fazer / Não Fazer,Cesar Matos Silva,Cível
2026-02-10 00:00:00,Ativo,Ordinário - Conhecimento,Urban Fortes Empreendimentos Imobiliários I Spe ltda,1031250-81.2025.8.26.0576,Sueli Maria Marilhano,Primeira Instância,Réu,1720.27,1766.32,Possível,Bentivegna e Ribeiro Advogados,Vinicius de Paula Santos Oliveira Matos,São José do Rio Preto,7ª Vara,Vara Cível,Cobrança de IPTU,Marina Luise Campana Perini,Cível
2024-10-10 00:00:00,Ativo,Ordinário - Conhecimento,Pacaembu São José do Rio Preto - Empreendimento Imobiliário Ltda.,1006224-18.2024.8.26.0576,Sueli da Silva Santos,Primeira Instância,Réu,20000.0,22051.92,Possível,Bentivegna e Ribeiro Advogados,Guilherme Mendonça Mendes de Oliveira,São José do Rio Preto,5ª Vara,Vara Cível,Vícios Construtivos,Marina Luise Campana Perini,Cível
2024-10-01 00:00:00,Ativo,Ordinário - Conhecimento,Pacaembu Assis 371 Empreendimento Imobiliário Ltda.,1024815-88.2024.8.26.0071,Styro LNB Indústria e Comércio de Plásticos LTDA.,Primeira Instância,Autor,60933.37,65726.87,Possível,Jurídico Interno Cível,Abdo Karim Mahamud Baracat Netto,Bauru,1ª Vara,Vara Cível,Sustação de Protesto,Marina Luise Campana Perini,Cível
2024-10-01 00:00:00,Ativo,Ordinário - Conhecimento,Pacaembu Assis 371 Empreendimento Imobiliário Ltda.,1024836-64.2024.8.26.0071,Styro LNB Indústria e Comércio de Plásticos LTDA.,Primeira Instância,Autor,104125.34,112316.65,Possível,Jurídico Interno Cível,Abdo Karim Mahamud Baracat Netto,Bauru,3ª Vara,Vara Cível,Sustação de Protesto,Marina Luise Campana Perini,Cível
2024-10-01 00:00:00,Ativo,Ordinário - Conhecimento,Pacaembu Assis 371 Empreendimento Imobiliário Ltda.,1024831-42.2024.8.26.0071,Styro LNB Indústria e Comércio de Plásticos LTDA.,Primeira Instância,Autor,9696.31,10459.1,Possível,Jurídico Interno Cível,Abdo Karim Mahamud Baracat Netto,Bauru,3ª Vara,Vara Cível,Sustação de Protesto,Marina Luise Campana Perini,Cível
2025-04-03 00:00:00,Ativo,Ordinário - Conhecimento,Pacaembu Construtora S/A,0011774-31.2024.8.16.0045,Stephany de Lima Lacerda,Primeira Instância,Réu,40000.0,43146.71,Possível,Bentivegna e Ribeiro Advogados,Celso José Bonifácio Junior,Arapongas,2ª Vara,Vara Cível,Vícios Construtivos e muro de arrimo,Lawrencce Van Hornn Liberatori da Silva,Cível
2025-09-01 00:00:00,Ativo,Ordinário - Conhecimento,Pacaembu Construtora S/A,1026359-17.2025.8.26.0576,Stephanie Parise,Primeira Instância,Réu,20000.0,20582.58,Possível,Escritório Reis & Souza Advogados,Guilherme Mendonça Mendes de Oliveira,São José do Rio Preto,9ª Vara,Vara Cível,Vícios Construtivos,Marina Luise Campana Perini,Cível
2026-05-01 00:00:00,Ativo,Ordinário - Conhecimento,Pacaembu Arapongas 1 - Empreendimento Imobiliário Ltda.,0001040-50.2026.8.16.0045,Stefany Sena Brito,Primeira Instância,Réu,60000.0,60625.01,Possível,Escritório Reis & Souza Advogados,Eduardo Blanco,Arapongas,1ª Vara,Vara Cível,Vícios Construtivos,Lawrencce Van Hornn Liberatori da Silva,Cível
2025-10-06 00:00:00,Ativo,Ordinário - Conhecimento,Pacaembu Construtora S/A,4003689-31.2025.8.26.0576,Sonia Pereira de Oliveira,Primeira Instância,Réu,10000.0,10267.72,Possível,Escritório Reis & Souza Advogados,Marcos Cesar Chagas Perez,São José do Rio Preto,4ª Vara,Vara Cível,Vícios Construtivos,Cesar Matos Silva,Cível
2025-09-22 00:00:00,Ativo,Ordinário - Conhecimento,Pacaembu Construtora S/A,1047026-40.2025.8.26.0506,Sonia Aparecida da Silva,Primeira Instância,Réu,19000.0,17919.61,Provável,Bentivegna e Ribeiro Advogados,Lucas Fernando Varela,Ribeirão Preto,3ª Vara,Vara Cível,Vícios Construtivos,Cesar Matos Silva,Cível
2024-06-10 00:00:00,Ativo,Ordinário - Conhecimento,Pacaembu São José do Rio Preto - Empreendimento Imobiliário Ltda.,1056621-18.2023.8.26.0576,Sofia Queiroz Furquim,Primeira Instância,Réu,20000.0,22321.89,Possível,Bentivegna e Ribeiro Advogados,Guilherme Mendonça Mendes de Oliveira,São José do Rio Preto,7ª Vara,Vara Cível,Muro de Arrimo,Marina Luise Campana Perini,Cível
2024-06-26 00:00:00,Ativo,Ordinário - Conhecimento,Poá Empreendimento Imobiliário Ltda,1005584-31.2024.8.26.0506,Sinésio Moreira de Almeida,Primeira Instância,Réu,20715.2,22840.5,Possível,Bentivegna e Ribeiro Advogados,Andresa da Silva Sousa,Ribeirão Preto,8ª Vara,Vara Cível,Inexigibilidade de Débito,Cesar Matos Silva,Cível
2026-02-19 00:00:00,Ativo,Ordinário - Conhecimento,Pacaembu Piracicaba Incorporadora Ltda.,4010620-37.2025.8.26.0451,Simone Medeiro Ferreira,Primeira Instância,Réu,45000.0,45951.93,Possível,Bentivegna e Ribeiro Advogados,Jessica Aparecida Dantas Donegá,Piracicaba,3ª Vara,Vara Cível,Vícios Construtivos,Cesar Matos Silva,Cível
2024-12-27 00:00:00,Ativo,Ordinário - Conhecimento,Pacaembu Construtora S/A,0010992-24.2024.8.16.0045,Simone Dutra,Primeira Instância,Réu,28117.64,30329.59,Possível,Bentivegna e Ribeiro Advogados,Leonardo de Almeida Zanetti,Arapongas,1ª Vara,Vara Cível,Vícios Construtivos,Lawrencce Van Hornn Liberatori da Silva,Cível
2023-12-22 00:00:00,Ativo,Ordinário - Conhecimento,Poá Empreendimento Imobiliário Ltda,1042695-83.2023.8.26.0506,Simone dos Reis,Primeira Instância,Réu,69840.09,78127.53,Possível,Bentivegna e Ribeiro Advogados,Guilherme Toniazzo Ruas,Ribeirão Preto,7ª Vara,Vara Cível,Alienação Fiduciária,Cesar Matos Silva,Cível
2024-06-04 00:00:00,Ativo,Ordinário - Conhecimento,Pacaembu Construtora S/A,5000192-58.2021.4.03.6314,Silvia de Sant Anna,Primeira Instância,Réu,16500.0,19236.54,Possível,Bentivegna e Ribeiro Advogados,Elaine Cristina Vechiato,Barretos,1ª Vara,Juizado Especial Cível,Vícios Construtivos,Cesar Matos Silva,Cível
2025-10-20 00:00:00,Ativo,Ordinário - Conhecimento,Pacaembu Construtora S/A,1020443-02.2025.8.26.0576,Silvana Goncalves da Silva,Primeira Instância,Réu,20000.0,20654.62,Possível,Escritório Reis & Souza Advogados,Guilherme Mendonça Mendes de Oliveira,São José do Rio Preto,4ª Vara,Vara Cível,Vícios Construtivos,Marina Luise Campana Perini,Cível
2026-03-12 00:00:00,Ativo,Ordinário - Conhecimento,Pacaembu Construtora S/A,4003482-95.2026.8.26.0576,Silvana Alves,Primeira Instância,Réu,60000.0,60885.06,Possível,Escritório Reis & Souza Advogados,José Roberto Russo,São José do Rio Preto,10ª Vara,Vara Cível,Vícios Construtivos e muro de arrimo,Marina Luise Campana Perini,Cível
2023-06-13 00:00:00,Ativo,Ordinário - Conhecimento,Pacaembu Bauru II- Empreendimento Imobiliário Ltda.,1013357-11.2023.8.26.0071,Sidnei Barbosa Teixeira,Primeira Instância,Réu,21581.62,34117.27,Provável,Bentivegna e Ribeiro Advogados,Luciano Pinhata,Bauru,2ª Vara,Vara Cível,Alienação Fiduciária,Cesar Matos Silva,Cível
2023-05-02 00:00:00,Ativo,Ordinário - Conhecimento,Pacaembu Construtora S/A,0018780-22.2023.8.16.0014,Sidneia Firmino de Lima,Primeira Instância,Réu,30000.0,33862.51,Possível,Bentivegna e Ribeiro Advogados,Celso José Bonifácio Junior,Londrina,10ª Vara,Vara Cível,Vícios Construtivos e muro de arrimo,Lawrencce Van Hornn Liberatori da Silva,Cível
2026-05-19 00:00:00,Ativo,Ordinário - Conhecimento,Pacaembu Construtora S/A,4001390-66.2026.8.26.0408,Sheila Aparecida Goulart,Primeira Instância,Réu,42393.55,42393.55,Possível,Escritório Reis & Souza Advogados,Alex Junior Machado Tomas,Ourinhos,1ª Vara,Vara Cível,Ação de Revisão Contratual,Marina Luise Campana Perini,Cível
2025-04-25 00:00:00,Ativo,Ordinário - Conhecimento,Pacaembu Assis 371 Empreendimento Imobiliário Ltda.,1008845-14.2025.8.26.0071,Sermov - Vigilancia e Segurança Patrimonial Ltda.,Primeira Instância,Réu,80751.3,83794.65,Possível,Escritório Reis & Souza Advogados,Rubens Rufino dos Santos Sobrinho,Bauru,5ª Vara,Vara Cível,Execução de Título Extrajudicial,Marina Luise Campana Perini,Cível
2025-04-23 00:00:00,Ativo,Ordinário - Conhecimento,Pacaembu Assis 371 Empreendimento Imobiliário Ltda.,1053146-56.2025.8.26.0100,Sermov - Vigilancia e Segurança Patrimonial Ltda.,Primeira Instância,Autor,71807.88,74514.18,Possível,Escritório Reis & Souza Advogados,Rubens Rufino dos Santos Sobrinho,São Paulo,11ª Vara,Vara Cível,Sustação de Protesto,Marina Luise Campana Perini,Cível
2026-05-14 00:00:00,Ativo,Ordinário - Conhecimento,Vida Nova Botucatu - Empreendimento Imobiliário Ltda.,4002220-49.2026.8.26.0079,Selma Sueli Ribeiro,Primeira Instância,Réu,112701.0,0.0,Possível,Escritório Reis & Souza Advogados,Taynah Pimentel Carvalho Costa,Botucatu,1ª Vara,Vara Cível,Negativação indevida,Lawrencce Van Hornn Liberatori da Silva,Cível
2026-04-22 00:00:00,Ativo,Ordinário - Conhecimento,Pacaembu Construtora S/A,1037662-28.2025.8.26.0576,Selma Efigênia Ramalho,Primeira Instância,Réu,15000.0,15136.5,Possível,Escritório Reis & Souza Advogados,Marcos Cesar Chagas Perez,Catanduva,3ª Vara,Vara Cível,Vícios Construtivos,Marina Luise Campana Perini,Cível
2024-10-25 00:00:00,Ativo,Mandado de Segurança,Pacaembu Bauru Azevedo - Empreendimento Imobiliário Ltda.,1027945-86.2024.8.26.0071,Secretário Municipal de Economia e Finanças de Bauru/SP,Primeira Instância,Autor,10000.0,10735.15,Possível,Serur Advogados,Procurador do Municipio de Bauru,Bauru,2ª Vara,Vara da Fazenda Pública,Cobrança indevida - ITBI,Cesar Matos Silva,Tributário
2025-08-04 00:00:00,Ativo,Mandado de Segurança,Pacaembu Araraquara 271 - Empreendimento Imobiliario Ltda,1011118-68.2025.8.26.0037,Secretario da Fazenda do Município de Araraquara,Primeira Instância,Autor,10000.0,10246.16,Remota,Jurídico Interno Cível,Procurador do Município de Araraquara,Araraquara,1ª Vara,Vara da Fazenda Pública,Cobrança indevida - ITBI,Cesar Matos Silva,Tributário
2026-04-01 00:00:00,Ativo,Mandado de Segurança,Vida Nova Araçatuba 330 - Empreendimento Imobiliário Ltda.,1001692-13.2026.8.26.0032,Secretaria da Fazenda do Município de Araçatuba,Primeira Instância,Autor,10000.0,10091.0,Possível,Serur Advogados,Procuradoria de Araçatuba,Araçatuba,1ª Vara,Vara da Fazenda Pública,Mandado de Segurança,Marina Luise Campana Perini,Tributário
2025-01-02 00:00:00,Ativo,Ordinário - Conhecimento,Pacaembu São José do Rio Preto - Empreendimento Imobiliário Ltda.,1056311-75.2024.8.26.0576,Saulo Semeone,Primeira Instância,Réu,102000.0,108476.66,Possível,Escritório Reis & Souza Advogados,Beatriz Catelani Pereira,São José do Rio Preto,1ª Vara,Vara Cível,Vícios Construtivos e muro de arrimo,Marina Luise Campana Perini,Cível
2024-05-22 00:00:00,Ativo,Ordinário - Conhecimento,Pacaembu Construtora S/A,1002538-90.2024.8.26.0358,Sara Marini Sifontes Galhardo,Primeira Instância,Réu,29466.05,32048.41,Possível,Bentivegna e Ribeiro Advogados,Fausto José da Rocha,Mirassol,3ª Vara,Vara Cível,Negativação indevida,Lawrencce Van Hornn Liberatori da Silva,Cível
2026-03-23 00:00:00,Ativo,Ordinário - Conhecimento,Pacaembu Arapongas 2 - Empreendimento Imobiliarios Ltda.,5026509-03.2025.4.04.7001,Sandra Pereira da Silva,Segunda Instância,Réu,40000.0,40833.91,Possível,Bentivegna e Ribeiro Advogados,Eduardo Blanco,Arapongas,1ª Vara Federal,Juizado Especial Federal Cível,Vícios Construtivos e muro de arrimo,Lawrencce Van Hornn Liberatori da Silva,Cível
2025-09-01 00:00:00,Ativo,Ordinário - Conhecimento,Pacaembu Construtora S/A,1017721-68.2025.8.26.0196,Sandra Maria de Souza,Primeira Instância,Réu,20000.0,20535.35,Possível,Escritório Reis & Souza Advogados,Guilherme Mendonça Mendes de Oliveira,Franca,3ª Vara,Vara Cível,Vícios Construtivos,Marina Luise Campana Perini,Cível
2026-05-01 00:00:00,Ativo,Ordinário - Conhecimento,Pacaembu Construtora S/A,0014017-11.2025.8.16.0045,Sabrina Cristina de Araujo,Primeira Instância,Réu,30000.0,30803.16,Possível,Escritório Reis & Souza Advogados,Fernando Hideaki Zavan Yamaguro,Arapongas,1ª Vara,Vara Cível,Vícios Construtivos,Marina Luise Campana Perini,Cível
2023-08-07 00:00:00,Ativo,Ordinário - Conhecimento,Vida Nova Sao Carlos - Empreendimento Imobiliario LTDA,1503588-86.2023.8.26.0566,SAAE - São Carlos,Primeira Instância,Réu,14412.27,16140.18,Possível,Jurídico Interno Cível,Procuradoria do Estado de São Paulo,São Carlos,1ª Vara,Vara da Fazenda Pública,Execução Fiscal,Marina Luise Campana Perini,Cível
2023-10-26 00:00:00,Ativo,Ordinário - Conhecimento,Vida Nova Sao Carlos - Empreendimento Imobiliario LTDA,1517252-87.2023.8.26.0566,SAAE - São Carlos,Primeira Instância,Réu,1432.78,1601.04,Possível,Jurídico Interno Cível,Jus Postulandi,São Carlos,1ª Vara,Vara da Fazenda Pública,Execução Fiscal,Marina Luise Campana Perini,Cível
2026-03-09 00:00:00,Ativo,Ordinário - Conhecimento,Pacaembu Construtora S/A,1014135-34.2025.8.26.0451,Rutilene Santos de Sa,Primeira Instância,Réu,20000.0,20535.35,Possível,Bentivegna e Ribeiro Advogados,Guilherme Mendonça Mendes de Oliveira,Piracicaba,5ª Vara,Vara Cível,Caixa de Esgoto,Marina Luise Campana Perini,Cível
2024-12-03 00:00:00,Ativo,Ordinário - Conhecimento,Pacaembu São José do Rio Preto - Empreendimento Imobiliário Ltda.,1051896-49.2024.8.26.0576,Rute Souza de Andrade,Primeira Instância,Réu,102000.0,108834.63,Possível,Escritório Reis & Souza Advogados,Andressa Cristina Malagolini Aielo,São José do Rio Preto,1ª Vara,Vara Cível,Vícios Construtivos e muro de arrimo,Marina Luise Campana Perini,Cível
2024-08-23 00:00:00,Ativo,Ordinário - Conhecimento,Vida Nova Primavera do Leste 394 - Empreendimento Imobiliário Ltda,1002097-77.2024.8.11.0051,Rosilene Souza Gaudencio,Primeira Instância,Réu,15000.0,16199.37,Possível,Bentivegna e Ribeiro Advogados,Defensoria Pública,Campo Verde,2ª Vara,Vara Cível,Dever de informação,Marina Luise Campana Perini,Cível
2024-10-18 00:00:00,Ativo,Ordinário - Conhecimento,Pacaembu Construtora S/A,0059108-57.2024.8.16.0014,Rosilene Aparecida Eugenio,Primeira Instância,Réu,40000.0,43146.71,Possível,Bentivegna e Ribeiro Advogados,Celso José Bonifácio Junior,Londrina,8ª Vara,Vara Cível,Vícios Construtivos e muro de arrimo,Lawrencce Van Hornn Liberatori da Silva,Cível
2025-12-02 00:00:00,Ativo,Ordinário - Conhecimento,Pacaembu Construtora S/A,4005963-65.2025.8.26.0576,Rosiele Barbosa Silva,Primeira Instância,Réu,10000.0,10214.6,Possível,Escritório Reis & Souza Advogados,Marcos Cesar Chagas Perez,São José do Rio Preto,10ª Vara,Vara Cível,Vícios Construtivos,Marina Luise Campana Perini,Cível
2025-03-14 00:00:00,Ativo,Ordinário - Conhecimento,Pacaembu São José do Rio Preto - Empreendimento Imobiliário Ltda.,1051894-79.2024.8.26.0576,Rose Vitoria dos Santos Liebana,Segunda Instância,Réu,102000.0,108834.63,Possível,Escritório Reis & Souza Advogados,Andressa Cristina Malagolini Aielo,São José do Rio Preto,8ª Vara,Câmara de Direito Privado,Vícios Construtivos e muro de arrimo,Marina Luise Campana Perini,Cível
2024-09-20 00:00:00,Ativo,Ordinário - Conhecimento,Pacaembu Construtora S/A,0011127-36.2024.8.16.0045,Rose Tenório do Carmo Bernardo,Primeira Instância,Réu,40000.0,43086.31,Possível,Bentivegna e Ribeiro Advogados,Celso José Bonifácio Junior,Arapongas,1ª Vara,Vara Cível,Vícios Construtivos e muro de arrimo,Lawrencce Van Hornn Liberatori da Silva,Cível
2025-12-03 00:00:00,Ativo,Ordinário - Conhecimento,Pacaembu Construtora S/A,4009956-06.2025.8.26.0451,Rosangela da Silva Aprijo,Primeira Instância,Réu,20000.0,20423.08,Possível,Bentivegna e Ribeiro Advogados,Guilherme Mendonça Mendes de Oliveira,Piracicaba,7ª Vara,Vara Cível,Caixa de Esgoto,Marina Luise Campana Perini,Cível
2024-06-04 00:00:00,Ativo,Ordinário - Conhecimento,Pacaembu Construtora S/A,0001662-03.2024.8.16.0045,Ronaldo do Prado Paula,Primeira Instância,Réu,30000.0,33077.88,Possível,Bentivegna e Ribeiro Advogados,Sandro Rafael Barioni de Matos,Arapongas,2ª Vara,Vara Cível,Vícios Construtivos,Lawrencce Van Hornn Liberatori da Silva,Cível
2025-12-17 00:00:00,Ativo,Ordinário - Conhecimento,Pacaembu Construtora S/A,1011789-13.2025.8.26.0451,Romilda Dinora Pereira,Primeira Instância,Réu,20000.0,20582.58,Possível,Bentivegna e Ribeiro Advogados,Guilherme Mendonça Mendes de Oliveira,Piracicaba,4ª Vara,Vara Cível,Caixa de Esgoto,Marina Luise Campana Perini,Cível
2024-04-10 00:00:00,Ativo,Ordinário - Conhecimento,Pacaembu Piracicaba Incorporadora Ltda.,1006160-92.2024.8.26.0451,Romilda Dinora Pereira,Primeira Instância,Réu,25000.0,13501.9,Provável,Bentivegna e Ribeiro Advogados,Everton de Oliveira Gil,Piracicaba,3ª Vara,Vara Cível,Vícios Construtivos,Lawrencce Van Hornn Liberatori da Silva,Cível
2025-05-19 00:00:00,Ativo,Ordinário - Conhecimento,Pacaembu Construtora S/A,0005787-77.2025.8.16.0045,Rogério de Souza,Primeira Instância,Réu,27141.59,28164.5,Possível,Bentivegna e Ribeiro Advogados,Leonardo de Almeida Zanetti,Arapongas,1ª Vara,Vara Cível,Vícios Construtivos,Lawrencce Van Hornn Liberatori da Silva,Cível
2024-01-26 00:00:00,Ativo,Ordinário - Conhecimento,Pacaembu São José do Rio Preto - Empreendimento Imobiliário Ltda.,1056623-85.2023.8.26.0576,Rodrigo da Silva Tomaz,Primeira Instância,Réu,20000.0,22321.89,Possível,Bentivegna e Ribeiro Advogados,Guilherme Mendonça Mendes de Oliveira,São José do Rio Preto,1ª Vara,Vara Cível,Muro de Arrimo,Marina Luise Campana Perini,Cível
2023-06-02 00:00:00,Ativo,Ordinário - Conhecimento,Pacaembu Piracicaba Incorporadora Ltda.,1010114-83.2023.8.26.0451,Robson Gomes dos Santos,Primeira Instância,Réu,25000.0,28069.98,Provável,Bentivegna e Ribeiro Advogados,Lenita Davanzo,Piracicaba,2ª Vara,Vara Cível,Vícios Construtivos,Marina Luise Campana Perini,Cível
2025-03-18 00:00:00,Ativo,Ordinário - Conhecimento,Pacaembu Construtora S/A,5016959-40.2023.4.04.7005,Robson Gomes da Silva,Segunda Instância,Réu,140000.0,156097.16,Possível,Bentivegna e Ribeiro Advogados,Daniella Moratelli Batista,Cascavel,12ª Câmara,Câmara,Ação de Rescisão Contratual,Marina Luise Campana Perini,Cível
2026-02-05 00:00:00,Ativo,Ordinário - Conhecimento,Pacaembu Construtora S/A,4009898-03.2025.8.26.0451,Roberta Silva do Nascimento de Souza,Primeira Instância,Réu,50000.0,51057.7,Possível,Bentivegna e Ribeiro Advogados,Guilherme Mendonça Mendes de Oliveira,Piracicaba,3ª Vara,Vara Cível,Caixa de Esgoto,Marina Luise Campana Perini,Cível
2024-11-18 00:00:00,Ativo,Ordinário - Conhecimento,Pacaembu Marilia Altos do Palmital 379 - Empreendimento Imobiliario LTDA,1017143-83.2024.8.26.0344,Roberta Kelly Lima Ferreira,Primeira Instância,Réu,6000.0,6441.09,Possível,Bentivegna e Ribeiro Advogados,Diego da Silva Gama,Marília,3ª Vara,Vara Cível,Devolução de Sinal,Lawrencce Van Hornn Liberatori da Silva,Cível
2024-09-18 00:00:00,Ativo,Ordinário - Conhecimento,Pacaembu Catanduva III - Empreendimento Imobiliário Ltda.,1005916-53.2024.8.26.0132,Roberta Cristina Azevedo Antunes,Primeira Instância,Réu,7895.36,8504.55,Remota,Escritório Reis & Souza Advogados,Luis Fernando Cazari Bueno,Catanduva,2ª Vara,Vara Cível,Ação de Rescisão Contratual,Cesar Matos Silva,Cível
2025-02-03 00:00:00,Ativo,Ordinário - Conhecimento,Pacaembu Piracicaba Com Viva - Empreendimento Imobiliário Ltda. (Filial),1000589-09.2025.8.26.0451,Rivaldo da Silva,Primeira Instância,Réu,38800.0,41066.55,Possível,Escritório Reis & Souza Advogados,Stefany Marie Pereira,Piracicaba,6ª Vara,Vara Cível,Vícios Construtivos,Marina Luise Campana Perini,Cível
2025-04-07 00:00:00,Ativo,Ordinário - Conhecimento,Pacaembu Construtora S/A,0004456-85.2024.8.16.0048,Ricardo Mauricio de Souza,Primeira Instância,Réu,85000.0,90397.22,Possível,Bentivegna e Ribeiro Advogados,Pedro Henrique Benassi Perozin,Assis Chateaubriand,Vara Única,Vara Cível,Vícios Construtivos,Marina Luise Campana Perini,Cível
2026-05-11 00:00:00,Ativo,Ordinário - Conhecimento,Pacaembu Arapongas 2 - Empreendimento Imobiliarios Ltda.,5026486-57.2025.4.04.7001,Ricardo Luiz Fabri Filho,Primeira Instância,Réu,40000.0,40000.0,Possível,Escritório Reis & Souza Advogados,Eduardo Blanco,Londrina,1ª Vara,Juizado Especial Federal Cível,Vícios Construtivos e muro de arrimo,Lawrencce Van Hornn Liberatori da Silva,Cível
2025-07-21 00:00:00,Ativo,Ordinário - Conhecimento,Pacaembu Construtora S/A,1002326-47.2025.8.26.0451,Ricardo Aparecido Projette,Primeira Instância,Autor,38000.0,40219.82,Possível,Bentivegna e Ribeiro Advogados,Guilherme Mendonça Mendes de Oliveira,Piracicaba,3ª Vara,Vara Cível,Vícios Construtivos e Caixa de Esgoto,Marina Luise Campana Perini,Cível
2026-02-02 00:00:00,Ativo,Ordinário - Conhecimento,Pacaembu Piracicaba Com Viva - Empreendimento Imobiliário Ltda.,4002480-90.2026.8.26.0576,Réu desconhecido,Primeira Instância,Autor,1000.0,1018.71,Remota,Bentivegna e Ribeiro Advogados,Indeterminado,São José do Rio Preto,5ª Vara,Vara Cível,Reintegração de posse,Lawrencce Van Hornn Liberatori da Silva,Cível
2026-02-02 00:00:00,Ativo,Ordinário - Conhecimento,Pacaembu Piracicaba Com Viva - Empreendimento Imobiliário Ltda.,4000998-94.2026.8.26.0451,Réu desconhecido,Primeira Instância,Autor,1000.0,1018.71,Remota,Bentivegna e Ribeiro Advogados,Indeterminado,Piracicaba,6ª Vara,Vara Cível,Reintegração de posse,Lawrencce Van Hornn Liberatori da Silva,Cível
2026-02-02 00:00:00,Ativo,Ordinário - Conhecimento,Pacaembu Piracicaba Com Viva - Empreendimento Imobiliário Ltda.,4001000-64.2026.8.26.0451,Réu desconhecido,Segunda Instância,Autor,1000.0,1018.71,Remota,Bentivegna e Ribeiro Advogados,Indeterminado,Piracicaba,38ª Câmara de Direito Privado,Câmara de Direito Privado,Reintegração de posse,Lawrencce Van Hornn Liberatori da Silva,Cível
2025-08-28 00:00:00,Ativo,Ação Anulatória,Pacaembu São José do Rio Preto 336 - Empreendimento Imobiliário Ltda.,1035197-46.2025.8.26.0576,Réu desconhecido,Primeira Instância,Autor,1000.0,1024.62,Possível,Jurídico Interno Cível,,São José do Rio Preto,1ª Vara,Vara Cível,Reintegração de posse,Cesar Matos Silva,Cível
2026-02-02 00:00:00,Ativo,Ordinário - Conhecimento,Pacaembu Piracicaba Com Viva - Empreendimento Imobiliário Ltda.,4000995-42.2026.8.26.0451,Réu desconhecido,Segunda Instância,Autor,1000.0,1018.71,Remota,Bentivegna e Ribeiro Advogados,Indeterminado,Piracicaba,7ª Vara,Vara Cível,Reintegração de posse,Lawrencce Van Hornn Liberatori da Silva,Cível
2026-01-26 00:00:00,Ativo,Ordinário - Conhecimento,Pacaembu Construtora S/A,4012579-56.2025.8.26.0576,Renato Ferreira de Souza,Primeira Instância,Réu,15000.0,15312.72,Possível,Escritório Reis & Souza Advogados,José Roberto Russo,São José do Rio Preto,2ª Vara,Vara Cível,Vícios Construtivos e muro de arrimo,Marina Luise Campana Perini,Cível
2024-09-05 00:00:00,Ativo,Ordinário - Conhecimento,Pacaembu Piracicaba Incorporadora Ltda.,1019551-17.2024.8.26.0451,Renata Rodrigues Santos,Segunda Instância,Réu,25000.0,26966.7,Possível,Bentivegna e Ribeiro Advogados,Everton de Oliveira Gil,São Paulo,6ª Câmara,Câmara de Direito Privado,Vícios Construtivos,Lawrencce Van Hornn Liberatori da Silva,Cível
2023-10-03 00:00:00,Ativo,Ordinário - Conhecimento,Pacaembu Construtora S/A,0009381-66.2023.8.16.0014,Renata Oliveira da Silva,Primeira Instância,Réu,30000.0,2634.69,Provável,Bentivegna e Ribeiro Advogados,Celso José Bonifácio Junior,Londrina,3ª Vara,Vara Cível,Vícios Construtivos e muro de arrimo,Lawrencce Van Hornn Liberatori da Silva,Cível
2024-04-17 00:00:00,Ativo,Ordinário - Conhecimento,Pacaembu Ourinhos Constante - Empreendimento Imobiliário Ltda.,1008625-43.2023.8.26.0408,Renata de Sousa Amario,Primeira Instância,Réu,157500.0,175609.3,Possível,Bentivegna e Ribeiro Advogados,Thalis Rodrigues Salmazo,Ourinhos,2ª Vara,Vara Cível,Vícios Construtivos,Cesar Matos Silva,Cível
2024-10-22 00:00:00,Ativo,Ordinário - Conhecimento,Pacaembu Piracicaba Incorporadora Ltda.,1020126-25.2024.8.26.0451,Renan Ramos Saraiva,Primeira Instância,Réu,30000.0,32360.03,Possível,Bentivegna e Ribeiro Advogados,Jessica Aparecida Dantas Donegá,Piracicaba,5ª Vara,Vara Cível,Vícios Construtivos,Cesar Matos Silva,Cível
2025-12-01 00:00:00,Ativo,Ordinário - Conhecimento,Pacaembu Construtora S/A,0013046-26.2025.8.16.0045,Renan Carlos Vieira,Primeira Instância,Réu,45000.0,46204.74,Possível,Bentivegna e Ribeiro Advogados,Eduardo Alexandre Antoniassi,Arapongas,1ª Vara,Vara Cível,Vícios Construtivos,Marina Luise Campana Perini,Cível
2026-03-01 00:00:00,Ativo,Ordinário - Conhecimento,Pacaembu Arapongas 1 - Empreendimento Imobiliário Ltda.,0000088-71.2026.8.16.0045,Renan Carlos Martins Ferreira,Primeira Instância,Réu,60000.0,61122.51,Possível,Bentivegna e Ribeiro Advogados,Eduardo Blanco,Arapongas,2ª Vara,Vara Cível,Vícios Construtivos e muro de arrimo,Lawrencce Van Hornn Liberatori da Silva,Cível
2025-06-04 00:00:00,Ativo,Ordinário - Conhecimento,Pacaembu Construtora S/A,1001840-08.2025.8.26.0663,Regina Aparecida Vieira Leite,Primeira Instância,Réu,22430.44,23275.8,Possível,Escritório Reis & Souza Advogados,Daiane Estefane Leite Figueiredo,Salto de Pirapora,1ª Vara,Vara Cível,Obrigação de Fazer / Não Fazer,Marina Luise Campana Perini,Cível
2024-12-10 00:00:00,Ativo,Ordinário - Conhecimento,Pacaembu São José do Rio Preto - Empreendimento Imobiliário Ltda.,1051892-12.2024.8.26.0576,Regiane Nunes,Primeira Instância,Réu,102000.0,108834.63,Possível,Escritório Reis & Souza Advogados,Andressa Cristina Malagolini Aielo,São José do Rio Preto,1ª Vara,Vara Cível,Vícios Construtivos e muro de arrimo,Marina Luise Campana Perini,Cível
2025-06-06 00:00:00,Ativo,Ordinário - Conhecimento,Pacaembu Construtora S/A,1000327-73.2025.8.26.0414,Regiane Fernandes Montanari,Primeira Instância,Réu,25439.24,26532.62,Possível,Escritório Reis & Souza Advogados,Juliano César Maldonado Mingati,Palmeira d'Oeste,Vara Única,Vara Cível,Negativação indevida,Lawrencce Van Hornn Liberatori da Silva,Cível
2025-08-18 00:00:00,Ativo,Ação de Inexigibilidade de Crédito,Pacaembu Assis Chateaubriand 447 - Empreendimento Imobiliario LTDA,0002638-64.2025.8.16.0048,R Cardoso de Moraes Lotes Ltda.,Primeira Instância,Autor,121191.68,124174.9,Possível,Escritório Reis & Souza Advogados,,Assis Chateaubriand,1ª Vara,Vara Cível,Declaratória de Inexigibilidade de Crédito,Cesar Matos Silva,Cível
2025-12-04 00:00:00,Ativo,Ordinário - Conhecimento,Pacaembu Assis Chateaubriand 447 - Empreendimento Imobiliario LTDA,0003326-26.2025.8.16.0048,R Cardoso de Moraes Lotes Ltda.,Primeira Instância,Réu,119000.0,122185.86,Possível,Escritório Reis & Souza Advogados,Guilherme Henrique Canal da Rocha,Assis Chateaubriand,Vara Única,Vara Cível,Ação de Cobrança,Cesar Matos Silva,Cível
2025-02-04 00:00:00,Ativo,Ordinário - Conhecimento,Pacaembu São José do Rio Preto - Empreendimento Imobiliário Ltda.,1056310-90.2024.8.26.0576,Raysses Murielen Felipe Angelo Gonçalves,Primeira Instância,Réu,102000.0,108476.66,Possível,Escritório Reis & Souza Advogados,Beatriz Catelani Pereira,São José do Rio Preto,1ª Vara,Vara Cível,Vícios Construtivos e muro de arrimo,Marina Luise Campana Perini,Cível
2026-03-01 00:00:00,Ativo,Ordinário - Conhecimento,Pacaembu Ituiutaba 422 - Empreendimento Imobiliário LTDA,6003228-69.2025.4.06.3824,Rayelle Cardoso da Silva,Primeira Instância,Réu,20000.0,20535.44,Possível,Escritório Reis & Souza Advogados,,Ituiutaba,Vara Única,Juizado Especial Federal Cível,Descumprimento Contratual,Cesar Matos Silva,Cível
2024-11-18 00:00:00,Ativo,Ordinário - Conhecimento,Pacaembu Construtora S/A,0065620-56.2024.8.16.0014,Rayanna de Souza Araujo,Primeira Instância,Réu,40000.0,43146.71,Possível,Bentivegna e Ribeiro Advogados,Celso José Bonifácio Junior,Londrina,6ª Vara,Vara Cível,Vícios Construtivos e muro de arrimo,Lawrencce Van Hornn Liberatori da Silva,Cível
2024-11-01 00:00:00,Ativo,Ordinário - Conhecimento,Pacaembu Piracicaba Incorporadora Ltda.,1023633-91.2024.8.26.0451,Raquel Araujo Dias,Primeira Instância,Réu,20000.0,13219.56,Provável,Bentivegna e Ribeiro Advogados,Stefany Marie Pereira,Piracicaba,3ª Vara,Vara Cível,Vícios Construtivos,Marina Luise Campana Perini,Cível
2026-01-05 00:00:00,Ativo,Ordinário - Conhecimento,Pacaembu Água Santa - Empreendimento Imobiliário Ltda.,4006547-35.2025.8.26.0576,Raphael Issa,Primeira Instância,Réu,23648.24,24155.74,Possível,Escritório Reis & Souza Advogados,Raphael Issa,São José do Rio Preto,2ª Vara,Juizado Especial Cível,Vícios Construtivos,Marina Luise Campana Perini,Cível
2024-11-29 00:00:00,Ativo,Ordinário - Conhecimento,Pacaembu São José do Rio Preto - Empreendimento Imobiliário Ltda.,1051891-27.2024.8.26.0576,Raphaela Ribeiro de Rezende,Primeira Instância,Réu,102000.0,108834.63,Possível,Escritório Reis & Souza Advogados,Andressa Cristina Malagolini Aielo,São José do Rio Preto,1ª Vara,Vara Cível,Vícios Construtivos e muro de arrimo,Marina Luise Campana Perini,Cível
2023-05-16 00:00:00,Ativo,Ordinário - Conhecimento,Pacaembu Construtora S/A,0018784-59.2023.8.16.0014,Raimundo Nogueira da Silva,Primeira Instância,Réu,30000.0,33862.51,Possível,Bentivegna e Ribeiro Advogados,Celso José Bonifácio Junior,Londrina,7ª Vara,Vara Cível,Vícios Construtivos e muro de arrimo,Lawrencce Van Hornn Liberatori da Silva,Cível
2023-11-14 00:00:00,Ativo,Ordinário - Conhecimento,Pacaembu Piracicaba Incorporadora Ltda.,1021439-55.2023.8.26.0451,Rafaella Martins Correia da Silva,Primeira Instância,Réu,25000.0,14000.96,Provável,Bentivegna e Ribeiro Advogados,Everton de Oliveira Gil,Piracicaba,2ª Vara,Vara Cível,Vícios Construtivos,Lawrencce Van Hornn Liberatori da Silva,Cível
2026-05-06 00:00:00,Ativo,Ordinário - Conhecimento,Urban Fortes Empreendimentos Imobiliários I Spe ltda,4005519-95.2026.8.26.0576,Rafael Fabrega Rodrigues,Primeira Instância,Réu,1798.35,1824.88,Possível,Bentivegna e Ribeiro Advogados,Rodolpho Luiz de Rangel Moreira Ramos,São José do Rio Preto,9ª Vara,Vara Cível,Clausulas Abusivas,Marina Luise Campana Perini,Cível
2026-04-06 00:00:00,Ativo,Ordinário - Conhecimento,Pacaembu Construtora S/A,0014043-09.2025.8.16.0045,Rafaela Roberta dos Santos,Segunda Instância,Réu,30000.0,30803.16,Possível,Bentivegna e Ribeiro Advogados,Fernando Hideaki Zavan Yamaguro,Arapongas,19ª Câmara,Câmara de Direito Privado,Vícios Construtivos,Marina Luise Campana Perini,Cível
2017-06-19 00:00:00,Ativo,Ordinário - Conhecimento,Pacaembu Construtora S/A,1056132-61.2017.8.26.0100,Quality Serviços de Pinturas Ltda,Primeira Instância,Autor,74739.03,246330.68,Remota,Bentivegna e Ribeiro Advogados,,São Paulo,13ª Vara,Vara Cível,Ação de cobrança,Marina Luise Campana Perini,Cível
2017-06-20 00:00:00,Ativo,Ordinário - Conhecimento,Pacaembu Construtora S/A,1056144-75.2017.8.26.0100,Quality Serviços de Pinturas Ltda,Primeira Instância,Autor,67925.98,226570.92,Remota,Bentivegna e Ribeiro Advogados,,São Paulo,13ª Vara,Vara Cível,Ação de cobrança,Marina Luise Campana Perini,Cível
2025-04-08 00:00:00,Ativo,Mandado de Segurança,Pacaembu Taubate - Empreendimento Imobiliário LTDA,1005066-38.2025.8.26.0625,Prefeitura Municipal de Taubaté,Primeira Instância,Autor,10000.0,10376.88,Possível,Serur Advogados,Procurador do Município de Taubaté,Taubaté,Vara Única,Vara da Fazenda Pública,Cobrança indevida - ITBI,Cesar Matos Silva,Tributário
2026-01-12 00:00:00,Ativo,Embargos à Execução,Haus Compra e Venda de Bens Imóveis Ltda.,1006528-33.2025.8.26.0624,Prefeitura Municipal de Tatui,Primeira Instância,Autor,51799.38,57113.79,Possível,Jurídico Interno Cível,Procuradoria do Estado de São Paulo,Tatuí,Vara Única,SAF - Serviço de Anexo Fiscal,Execução Fiscal - IPTU,Marina Luise Campana Perini,Tributário
2023-09-27 00:00:00,Ativo,Ordinário - Conhecimento,Haus Compra e Venda de Bens Imóveis Ltda.,1502991-40.2023.8.26.0624,Prefeitura Municipal de Tatui,Primeira Instância,Réu,1414.39,1582.38,Possível,Jurídico Interno Cível,Procuradoria do Estado de São Paulo,Tatuí,1ª Vara,SAF - Serviço de Anexo Fiscal,Execução Fiscal - IPTU,Marina Luise Campana Perini,Cível
2023-09-27 00:00:00,Ativo,Ordinário - Conhecimento,Haus Compra e Venda de Bens Imóveis Ltda.,1502990-55.2023.8.26.0624,Prefeitura Municipal de Tatui,Primeira Instância,Réu,1049.35,1173.98,Possível,Jurídico Interno Cível,Procuradoria do Estado de São Paulo,Tatuí,1ª Vara,SAF - Serviço de Anexo Fiscal,Execução Fiscal - IPTU,Marina Luise Campana Perini,Cível
2023-10-02 00:00:00,Ativo,Ordinário - Conhecimento,Haus Compra e Venda de Bens Imóveis Ltda.,1502988-85.2023.8.26.0624,Prefeitura Municipal de Tatui,Primeira Instância,Réu,1414.39,1582.38,Possível,Jurídico Interno Cível,Procuradoria do Estado de São Paulo,Tatuí,1ª Vara,SAF - Serviço de Anexo Fiscal,Execução Fiscal - IPTU,Marina Luise Campana Perini,Cível
2023-10-02 00:00:00,Ativo,Ordinário - Conhecimento,Haus Compra e Venda de Bens Imóveis Ltda.,1502989-70.2023.8.26.0624,Prefeitura Municipal de Tatui,Primeira Instância,Réu,1026.04,1147.9,Possível,Jurídico Interno Cível,Procuradoria do Estado de São Paulo,Tatuí,1ª Vara,SAF - Serviço de Anexo Fiscal,Execução Fiscal - IPTU,Marina Luise Campana Perini,Cível
2025-05-28 00:00:00,Ativo,Mandado de Segurança,Pacaembu Sinop 449 - Empreendimento Imobiliario LTDA,1015969-39.2025.8.11.0015,Prefeitura Municipal de Sinop,Segunda Instância,Autor,10000.0,10327.31,Possível,Serur Advogados,Procuradoria do Estado de Mato Grosso,Mato Grosso,3ª Câmara,Câmara de Direito Público,Cobrança indevida - ITBI,Cesar Matos Silva,Tributário
2023-10-06 00:00:00,Ativo,Mandado de Segurança - Tributário,Pacaembu São José do Rio Preto 336 - Empreendimento Imobiliário Ltda.,1050215-78.2023.8.26.0576,Prefeitura Municipal de São José do Rio Preto,Segunda Instância,Autor,10000.0,11174.34,Possível,Jurídico Interno Cível,Procuradoria do Estado de São Paulo,São José do Rio Preto,14ª Câmara de Direito Público,Câmara de Direito Público,Cobrança indevida - ITBI,Cesar Matos Silva,Tributário
2024-01-01 00:00:00,Ativo,Mandado de Segurança - Tributário,Pacaembu Papa Empreendimento Imobiliário Ltda,1064637-58.2023.8.26.0576,Prefeitura Municipal de São José do Rio Preto,Segunda Instância,Autor,500000.0,557489.85,Possível,Jurídico Interno Cível,Procuradoria do Estado de São Paulo,São José do Rio Preto,14ª Câmara de Direito Público,Câmara de Direito Público,Cobrança indevida - ITBI,Cesar Matos Silva,Tributário
2024-10-01 00:00:00,Ativo,Execução Fiscal,Poá Empreendimento Imobiliário Ltda,1054778-34.2023.8.26.0506,Prefeitura Municipal de Ribeirão Preto,Primeira Instância,Réu,2029.23,2267.53,Possível,Jurídico Interno Cível,Procuradoria do Estado de São Paulo,Ribeirão Preto,1ª Vara,SAF - Serviço de Anexo Fiscal,Execução Fiscal - IPTU,Marina Luise Campana Perini,Tributário
2024-08-06 00:00:00,Ativo,Ordinário - Conhecimento,Poá Empreendimento Imobiliário Ltda,1050050-47.2023.8.26.0506,Prefeitura Municipal de Ribeirão Preto,Primeira Instância,Réu,6363.54,7110.84,Possível,Jurídico Interno Cível,Renato Manaia Moreira,Ribeirão Preto,1ª Vara,Setor de Execuções Fiscais,Execução Fiscal - IPTU,Marina Luise Campana Perini,Cível
2024-12-26 00:00:00,Ativo,Mandado de Segurança - Tributário,Pacaembu Piratininga 464 - Empreendimento Imobiliario LTDA,1001178-14.2024.8.26.0458,Prefeitura Municipal de Piratininga,Primeira Instância,Autor,10000.0,10634.97,Possível,Serur Advogados,Procuradoria do Estado de São Paulo,Piratininga,1ª Vara,Vara Cível,Cobrança indevida - ITBI,Cesar Matos Silva,Tributário
2024-10-02 00:00:00,Ativo,Tutela Cautelar Antecedente,Pacaembu Bauru - Empreendimento Imobiliário Ltda.,1025752-98.2024.8.26.0071,Prefeitura Municipal de Bauru,Primeira Instância,Autor,315964.68,339192.81,Possível,Serur Advogados,Procurador do Municipio de Bauru,Bauru,1ª Vara,Vara da Fazenda Pública,ISS - Imposto Sobre Serviços,Cesar Matos Silva,Cível
2024-07-25 00:00:00,Ativo,Execução Fiscal,Haus Compra e Venda de Bens Imóveis Ltda.,1505501-30.2023.8.26.0073,Prefeitura Municipal de Avaré,Primeira Instância,Réu,34788.29,38788.24,Possível,Jurídico Interno Cível,Rosangela Paulucci P. Pereira,Avaré,1ª Vara,SAF - Serviço de Anexo Fiscal,Execução Fiscal,Marina Luise Campana Perini,Tributário
2024-06-07 00:00:00,Ativo,Ordinário - Conhecimento,Haus Compra e Venda de Bens Imóveis Ltda.,1505499-60.2023.8.26.0073,Prefeitura Municipal de Avaré,Primeira Instância,Réu,31097.22,34672.77,Possível,Jurídico Interno Cível,Procuradoria do Estado de São Paulo,Avaré,1ª Vara,SAF - Serviço de Anexo Fiscal,Execução Fiscal - IPTU,Marina Luise Campana Perini,Cível
2025-04-02 00:00:00,Ativo,Embargos a Execução Fiscal,Haus Compra e Venda de Bens Imóveis Ltda.,1001513-87.2025.8.26.0073,Prefeitura Municipal de Avaré,Primeira Instância,Autor,29704.83,30981.55,Possível,Jurídico Interno Cível,Procuradoria do Estado de São Paulo,Avaré,Vara Única,SAF - Serviço de Anexo Fiscal,Execução Fiscal,Marina Luise Campana Perini,Tributário
2024-05-16 00:00:00,Ativo,Ordinário - Conhecimento,Haus Compra e Venda de Bens Imóveis Ltda.,1504802-39.2023.8.26.0073,Prefeitura Municipal de Avaré,Segunda Instância,Réu,27826.01,31025.44,Possível,Jurídico Interno Cível,Procuradoria do Estado de São Paulo,Avaré,1ª Vara,SAF - Serviço de Anexo Fiscal,Execução Fiscal - IPTU,Marina Luise Campana Perini,Cível
2025-06-24 00:00:00,Ativo,Mandado de Segurança - Cível,Pacaembu Araras 392 - Empreendimento Imobiliario LTDA,1003910-30.2025.8.26.0038,Prefeitura Municipal de Araras,Primeira Instância,Autor,10000.0,10291.29,Possível,Serur Advogados,Procuradoria do Estado de São Paulo,Araras,3ª Vara,Vara Cível,Aprovação de Projeto,Marina Luise Campana Perini,Cível
2026-01-13 00:00:00,Ativo,Mandado de Segurança,Pacaembu Arapongas 563 - Empreendimento Imobiliário Ltda.,0000173-57.2026.8.16.0045,Prefeitura Municipal de Arapongas,Primeira Instância,Autor,10000.0,10187.08,Possível,Serur Advogados,Procurador do Município de Arapongas,Arapongas,1ª Vara,Vara da Fazenda Pública,Mandado de Segurança,Marina Luise Campana Perini,Tributário
2025-08-29 00:00:00,Ativo,Ação Anulatória,Pacaembu Itapetininga Cristovao Colombo,1007166-64.2025.8.26.0269,Prefeitura do Município de Itapetininga,Primeira Instância,Autor,488089.25,500103.91,Possível,Serur Advogados,Procurador do Município de Itapetininga,Itapetininga,1ª Vara,Vara Cível,ISS - Imposto Sobre Serviços,Marina Luise Campana Perini,Tributário
2023-03-15 00:00:00,Ativo,Execução Fiscal,Haus Compra e Venda de Bens Imóveis Ltda.,1501474-11.2022.8.26.0664,Prefeitura de Votuporanga,Primeira Instância,Réu,1469.77,1713.53,Possível,Jurídico Interno Cível,Procuradoria do Estado de São Paulo,Votuporanga,1ª Vara,SAF - Serviço de Anexo Fiscal,Execução Fiscal - IPTU,Marina Luise Campana Perini,Tributário
2026-02-10 00:00:00,Ativo,Ordinário - Conhecimento,Haus Compra e Venda de Bens Imóveis Ltda.,1500890-72.2026.8.26.0576,Prefeitura de São José do Rio Preto,Primeira Instância,Réu,1131.19,0.0,Possível,Jurídico Interno Cível,Procuradoria de São José do Rio Preto,São José do Rio Preto,Setor de Execuções Fiscais,Setor de Execuções Fiscais,Execução Fiscal,Marina Luise Campana Perini,Tributário
2023-09-06 00:00:00,Ativo,Mandado de Segurança - Tributário,Pacaembu Água Santa - Empreendimento Imobiliário Ltda.,1044926-67.2023.8.26.0576,Prefeitura de São José do Rio Preto,Primeira Instância,Autor,310000.0,346785.58,Possível,Serur Advogados,Procuradoria do Estado de São Paulo,São José do Rio Preto,2ª Vara,Vara da Fazenda Pública,Extinção do Crédito Tributário,Cesar Matos Silva,Tributário
2024-10-11 00:00:00,Ativo,Ordinário - Conhecimento,Poá Empreendimento Imobiliário Ltda,1049991-59.2023.8.26.0506,Prefeitura de Ribeirão Preto,Primeira Instância,Réu,10156.56,11349.29,Possível,Jurídico Interno Cível,Renato Manaia Moreira,Ribeirão Preto,1ª Vara,SAF - Serviço de Anexo Fiscal,Execução Fiscal - IPTU,Marina Luise Campana Perini,Tributário
2024-09-18 00:00:00,Ativo,Ordinário - Conhecimento,Poá Empreendimento Imobiliário Ltda,1050625-55.2023.8.26.0506,Prefeitura de Ribeirão Preto,Primeira Instância,Réu,23237.31,25966.16,Possível,Jurídico Interno Cível,Procuradoria do Estado de São Paulo,Ribeirão Preto,1ª Vara,Setor de Execuções Fiscais,Execução Fiscal - IPTU,Marina Luise Campana Perini,Tributário
2025-05-14 00:00:00,Ativo,Execução Fiscal,Poá Empreendimento Imobiliário Ltda,1050059-09.2023.8.26.0506,Prefeitura de Ribeirão Preto,Primeira Instância,Réu,2164.27,2418.43,Possível,Jurídico Interno Cível,Procuradoria do Estado de São Paulo,Ribeirão Preto,Vara Única,SAF - Serviço de Anexo Fiscal,Execução Fiscal - IPTU,Marina Luise Campana Perini,Tributário
2024-07-31 00:00:00,Ativo,Ordinário - Conhecimento,Poá Empreendimento Imobiliário Ltda,1049558-55.2023.8.26.0506,Prefeitura de Ribeirão Preto,Primeira Instância,Réu,8757.99,9786.48,Possível,Jurídico Interno Cível,Renato Manaia Moreira,Ribeirão Preto,1ª Vara,Setor de Execuções Fiscais,Execução Fiscal - IPTU,Marina Luise Campana Perini,Cível
2025-09-23 00:00:00,Ativo,Ação Anulatória,Pacaembu Itapetininga Cristovao Colombo,1008450-10.2025.8.26.0269,Prefeitura de Itapetininga,Primeira Instância,Autor,372052.9,382013.47,Possível,Serur Advogados,Procurador do Município de Itapetininga,Itapetininga,4ª Vara,Vara Cível,ISS - Imposto Sobre Serviços,Cesar Matos Silva,Tributário
2023-11-30 00:00:00,Ativo,Ordinário - Conhecimento,Haus Compra e Venda de Bens Imóveis Ltda.,1503853-43.2022.8.26.0269,Prefeitura de Itapetininga,Primeira Instância,Réu,2460.89,2873.79,Possível,Jurídico Interno Cível,Procuradoria do Estado de São Paulo,Itapetininga,1ª Vara,SAF - Serviço de Anexo Fiscal,Execução Fiscal - IPTU,Marina Luise Campana Perini,Cível
2025-12-17 00:00:00,Ativo,Ordinário - Conhecimento,Pacaembu Construtora S/A,4005228-32.2025.8.26.0576,Plinio Damasco Penna Neto,Primeira Instância,Réu,90000.0,91931.43,Possível,Escritório Reis & Souza Advogados,José Roberto Russo,São José do Rio Preto,1ª Vara,Vara Cível,Vícios Construtivos,Marina Luise Campana Perini,Cível
2024-03-22 00:00:00,Ativo,Ordinário - Conhecimento,Pacaembu Piracicaba Incorporadora Ltda.,1000455-16.2024.8.26.0451,Pedro Santos Silva,Primeira Instância,Réu,25000.0,27722.02,Possível,Bentivegna e Ribeiro Advogados,Everton de Oliveira Gil,Piracicaba,3ª Vara,Vara Cível,Vícios Construtivos,Lawrencce Van Hornn Liberatori da Silva,Cível
2025-01-10 00:00:00,Ativo,Ordinário - Conhecimento,Pacaembu São José do Rio Preto - Empreendimento Imobiliário Ltda.,1055906-39.2024.8.26.0576,Paulo Teixeira de Oliveira,Primeira Instância,Réu,102000.0,108476.66,Possível,Escritório Reis & Souza Advogados,Luany Capelini Juliano,São José do Rio Preto,1ª Vara,Vara Cível,Vícios Construtivos e muro de arrimo,Marina Luise Campana Perini,Cível
2026-02-20 00:00:00,Ativo,Ordinário - Conhecimento,Pacaembu Construtora S/A,0075433-73.2025.8.16.0014,Paulo Sergio Santos da Silva,Primeira Instância,Réu,40000.0,40858.41,Possível,Bentivegna e Ribeiro Advogados,Celso José Bonifácio Junior,Londrina,3ª Vara,Vara Cível,Vícios Construtivos e muro de arrimo,Marina Luise Campana Perini,Cível
2025-10-15 00:00:00,Ativo,Ordinário - Conhecimento,Pacaembu Construtora S/A,0014156-60.2025.8.16.0045,Paulo Ricardo Albino de Souza,Segunda Instância,Réu,40000.0,40858.41,Possível,Bentivegna e Ribeiro Advogados,Celso José Bonifácio Junior,Arapongas,20ª Câmara,Câmara de Direito Privado,Vícios Construtivos e muro de arrimo,Lawrencce Van Hornn Liberatori da Silva,Cível
2024-12-03 00:00:00,Ativo,Ordinário - Conhecimento,Pacaembu Construtora S/A,0061383-76.2024.8.16.0014,Paulo Marcelo Pellegrini,Primeira Instância,Réu,40000.0,43146.71,Possível,Bentivegna e Ribeiro Advogados,Celso José Bonifácio Junior,Londrina,1ª Vara,Vara Cível,Vícios Construtivos e muro de arrimo,Lawrencce Van Hornn Liberatori da Silva,Cível
2024-07-23 00:00:00,Ativo,Ordinário - Conhecimento,Pacaembu Piracicaba Incorporadora Ltda.,1011856-12.2024.8.26.0451,Paulo Joao Severino,Primeira Instância,Réu,30000.0,32629.15,Possível,Bentivegna e Ribeiro Advogados,Yara Regina Araujo Richter,Piracicaba,4ª Vara,Vara Cível,Vícios Construtivos,Marina Luise Campana Perini,Cível
2026-01-08 00:00:00,Ativo,Ordinário - Conhecimento,Pacaembu Construtora S/A,4008755-89.2025.8.26.0576,Paulo Henrique Oliveira Martins,Primeira Instância,Réu,15000.0,15317.31,Possível,Escritório Reis & Souza Advogados,José Roberto Russo,São José do Rio Preto,3ª Vara,Vara Cível,Vícios Construtivos e muro de arrimo,Marina Luise Campana Perini,Cível
2025-11-24 00:00:00,Ativo,Ordinário - Conhecimento,Poá Empreendimento Imobiliário Ltda,4004115-59.2025.8.26.0506,Paulo Cesar Vieira Amarante,Primeira Instância,Réu,15167.89,15573.96,Possível,Jurídico Interno Cível,Marco Tulio Nascimento Martins,Ribeirão Preto,Vara Única,Juizado Especial Cível,IPTU,Lawrencce Van Hornn Liberatori da Silva,Cível
2025-10-01 00:00:00,Ativo,Ordinário - Conhecimento,Pacaembu Construtora S/A,0011782-08.2024.8.16.0045,Paulo César Ferreira,Segunda Instância,Réu,40000.0,43146.71,Possível,Bentivegna e Ribeiro Advogados,Celso José Bonifácio Junior,Arapongas,20ª Câmara,Câmara de Direito Privado,Vícios Construtivos e muro de arrimo,Lawrencce Van Hornn Liberatori da Silva,Cível
2024-12-27 00:00:00,Ativo,Ordinário - Conhecimento,Pacaembu São José do Rio Preto - Empreendimento Imobiliário Ltda.,1055894-25.2024.8.26.0576,Patrícia Jardim Silva Dourado,Segunda Instância,Réu,102000.0,108476.66,Possível,Escritório Reis & Souza Advogados,Luany Capelini Juliano,São José do Rio Preto,10ª Câmara,Câmara de Direito Privado,Vícios Construtivos e muro de arrimo,Marina Luise Campana Perini,Cível
2025-05-14 00:00:00,Ativo,Ordinário - Conhecimento,Pacaembu São José do Rio Preto - Empreendimento Imobiliário Ltda.,1000711-35.2025.8.26.0576,Paola Tchetally dos Santos Lima,Primeira Instância,Réu,102000.0,107958.46,Possível,Escritório Reis & Souza Advogados,Andressa Cristina Malagolini Aielo,São José do Rio Preto,8ª Vara,Vara Cível,Vícios Construtivos e muro de arrimo,Marina Luise Campana Perini,Cível
2024-10-10 00:00:00,Ativo,Ordinário - Conhecimento,Pacaembu Construtora S/A,1044526-19.2024.8.26.0576,Pamela Cristina Menezes,Primeira Instância,Réu,38756.75,41805.66,Possível,Bentivegna e Ribeiro Advogados,Jose Roberto Arlindo Nogueira Quartieri,São José do Rio Preto,10ª Vara,Vara Cível,Ação de Revisão Contratual,Marina Luise Campana Perini,Cível
2024-10-08 00:00:00,Ativo,Ordinário - Conhecimento,Pacaembu Construtora S/A,1044537-48.2024.8.26.0576,Pamela Cristina Menezes,Segunda Instância,Réu,178567.42,192614.93,Possível,Bentivegna e Ribeiro Advogados,Jose Roberto Arlindo Nogueira Quartieri,São Paulo,3ª Câmara,Câmara de Direito Privado,Muro de Arrimo,Cesar Matos Silva,Cível
2024-09-12 00:00:00,Ativo,Ordinário - Conhecimento,Pacaembu Piracicaba Incorporadora Ltda.,1017615-54.2024.8.26.0451,Pamela Cristina dos Santos,Primeira Instância,Réu,25000.0,26928.94,Possível,Bentivegna e Ribeiro Advogados,Lenita Davanzo,Piracicaba,5ª Vara,Vara Cível,Vícios Construtivos,Marina Luise Campana Perini,Cível
2025-11-17 00:00:00,Ativo,Ordinário - Conhecimento,Pacaembu Construtora S/A,0012548-27.2025.8.16.0045,Pamela Cristina da Cruz,Primeira Instância,Réu,20000.0,20492.31,Possível,Escritório Reis & Souza Advogados,Tirone Cardozo de Aguiar,Arapongas,2ª Vara,Vara Cível,Vícios Construtivos,Marina Luise Campana Perini,Cível
2026-01-28 00:00:00,Ativo,Ordinário - Conhecimento,Vida Nova Primavera do Leste 394 - Empreendimento Imobiliário Ltda,4008185-42.2026.8.26.0100,Paiva & Rodrigues Construtora Ltda,Primeira Instância,Autor,73628.44,75005.92,Possível,Escritório Reis & Souza Advogados,Indeterminado,São Paulo,34ª Vara,Vara Cível,Tutela Cautelar de Arresto,Marina Luise Campana Perini,Cível
2026-05-05 00:00:00,Ativo,Ordinário - Conhecimento,Pacaembu Piracicaba Incorporadora Ltda.,1014124-05.2025.8.26.0451,Otavio Jose Pereira,Primeira Instância,Réu,20000.0,20535.35,Possível,Escritório Reis & Souza Advogados,Guilherme Mendonça Mendes de Oliveira,Piracicaba,3ª Vara,Vara Cível,Vícios Construtivos,Marina Luise Campana Perini,Cível
2024-12-06 00:00:00,Ativo,Ordinário - Conhecimento,Haus Compra e Venda de Bens Imóveis Ltda.,1065979-86.2024.8.26.0506,Olavo Bernardes Filgueiras Filho,Primeira Instância,Autor,200000.0,212699.34,Possível,Escritório Reis & Souza Advogados,Luciana Silva Miguel,Ribeirão Preto,2ª Vara,Vara Cível,Obrigação de Fazer / Não Fazer,Cesar Matos Silva,Cível
2024-07-23 00:00:00,Ativo,Ordinário - Conhecimento,Pacaembu Construtora S/A,1006933-80.2024.8.26.0664,Odair Benedito Martins,Primeira Instância,Réu,44596.22,61150.18,Possível,Bentivegna e Ribeiro Advogados,Gustavo Gomes Furlani,Votuporanga,1ª Vara,Vara Cível,Vícios Construtivos,Cesar Matos Silva,Cível
2023-06-23 00:00:00,Ativo,Ordinário - Conhecimento,Pacaembu Construtora S/A,0031817-19.2023.8.16.0014,Nilza Garcia de Araujo,Primeira Instância,Réu,30000.0,5259.84,Provável,Bentivegna e Ribeiro Advogados,Celso José Bonifácio Junior,Londrina,4ª Vara,Vara Cível,Vícios Construtivos e muro de arrimo,Lawrencce Van Hornn Liberatori da Silva,Cível
2026-04-01 00:00:00,Ativo,Ordinário - Conhecimento,Pacaembu Construtora S/A,4000835-30.2026.8.26.0576,Nilton Fabio da Silva,Segunda Instância,Réu,10000.0,10187.08,Possível,Escritório Reis & Souza Advogados,Marcos Cesar Chagas Perez,São José do Rio Preto,2ª Câmara de Direito Privado,Câmara de Direito Privado,Vícios Construtivos,Marina Luise Campana Perini,Cível
2023-10-24 00:00:00,Ativo,Ordinário - Conhecimento,Pacaembu Piracicaba Incorporadora Ltda.,1020187-17.2023.8.26.0451,Neide Molitor de Lima,Primeira Instância,Réu,25000.0,2821.45,Provável,Bentivegna e Ribeiro Advogados,Yara Regina Araujo Richter,Piracicaba,4ª Vara,Vara Cível,Vícios Construtivos,Marina Luise Campana Perini,Cível
2024-10-01 00:00:00,Ativo,Ordinário - Conhecimento,Pacaembu Votuporanga 366 - Empreendimento Imobiliário Ldta.,5001429-53.2024.4.03.6337,Nayane Keyla Madrid,Primeira Instância,Réu,9811.88,10671.78,Possível,Escritório Reis & Souza Advogados,Aline Cristiane de Oliveira Nyari,Jales,1ª Vara,Juizado Especial Federal Cível,Ação de Rescisão Contratual - Alienação Fiduciária,Cesar Matos Silva,Cível
2023-06-15 00:00:00,Ativo,Ordinário - Conhecimento,Pacaembu Lins III - Empreendimento Imobiliario Spe Ltda,1003756-04.2023.8.26.0322,Nathalia Andreza Canteiro de Lima,Primeira Instância,Réu,30000.0,10777.16,Provável,Bentivegna e Ribeiro Advogados,Sandro Rafael Barioni de Matos,Lins,2ª Vara,Vara Cível,Vícios Construtivos e muro de arrimo,Lawrencce Van Hornn Liberatori da Silva,Cível
2024-12-27 00:00:00,Ativo,Ordinário - Conhecimento,Pacaembu São José do Rio Preto - Empreendimento Imobiliário Ltda.,1055886-48.2024.8.26.0576,Natanael Pereira Francisco,Primeira Instância,Réu,102000.0,108476.66,Possível,Escritório Reis & Souza Advogados,Luany Capelini Juliano,São José do Rio Preto,1ª Vara,Vara Cível,Vícios Construtivos e muro de arrimo,Marina Luise Campana Perini,Cível
2025-02-13 00:00:00,Ativo,Ordinário - Conhecimento,Pacaembu São José do Rio Preto - Empreendimento Imobiliário Ltda.,1051889-57.2024.8.26.0576,Natalia Marinho de Lima,Segunda Instância,Réu,102000.0,108834.63,Possível,Escritório Reis & Souza Advogados,Andressa Cristina Malagolini Aielo,São José do Rio Preto,7ª Câmara,Câmara de Direito Privado,Vícios Construtivos e muro de arrimo,Marina Luise Campana Perini,Cível
2024-10-16 00:00:00,Ativo,Ordinário - Conhecimento,Pacaembu Construtora S/A,0012332-03.2024.8.16.0045,Natalia Ludmila Gomes dos Anjos,Primeira Instância,Réu,40000.0,43146.71,Possível,Bentivegna e Ribeiro Advogados,Celso José Bonifácio Junior,Arapongas,1ª Vara,Vara Cível,Vícios Construtivos e muro de arrimo,Lawrencce Van Hornn Liberatori da Silva,Cível
2025-10-17 00:00:00,Ativo,Ordinário - Conhecimento,Pacaembu Piracicaba Incorporadora Ltda.,1007712-58.2025.8.26.0451,Natalia Caroline Guedes da Silva,Primeira Instância,Réu,25000.0,25942.2,Possível,Bentivegna e Ribeiro Advogados,Everton de Oliveira Gil,Piracicaba,2ª Vara,Vara Cível,Vícios Construtivos,Lawrencce Van Hornn Liberatori da Silva,Cível
2026-03-01 00:00:00,Ativo,Ordinário - Conhecimento,Pacaembu Arapongas 1 - Empreendimento Imobiliário Ltda.,0000086-04.2026.8.16.0045,Nalanda Suellem Oliveira da Silva,Primeira Instância,Réu,60000.0,61122.51,Possível,Bentivegna e Ribeiro Advogados,Eduardo Blanco,Arapongas,2ª Vara,Vara Cível,Vícios Construtivos e muro de arrimo,Lawrencce Van Hornn Liberatori da Silva,Cível
2025-10-14 00:00:00,Ativo,Ordinário - Conhecimento,Pacaembu Votuporanga 366 - Empreendimento Imobiliário Ldta.,1008799-89.2025.8.26.0664,Nadia Regina de Paula,Primeira Instância,Réu,190000.0,195086.67,Possível,Escritório Reis & Souza Advogados,Fabiano Fabiano,Votuporanga,2ª Vara,Vara Cível,Ação de Rescisão Contratual,Cesar Matos Silva,Cível
2026-04-13 00:00:00,Ativo,Ordinário - Conhecimento,Pacaembu Construtora S/A,4000505-90.2026.8.26.0072,Nadia Lucia Ribeiro,Primeira Instância,Réu,15000.0,15221.26,Possível,Escritório Reis & Souza Advogados,Lilian Patricia Morente Foganholi,Bebedouro,1ª Vara,Vara Cível,Vícios Construtivos,Cesar Matos Silva,Cível
2025-05-06 00:00:00,Ativo,Execução Fiscal,Pacaembu São José do Rio Preto - Empreendimento Imobiliário Ltda.,1513069-72.2025.8.26.0576,Município São José do Rio Preto,Primeira Instância,Réu,1662.38,1733.83,Possível,Jurídico Interno Cível,Procuradoria do Estado de São Paulo,São José do Rio Preto,Vara Única,SAF - Serviço de Anexo Fiscal,Execução Fiscal - IPTU,Marina Luise Campana Perini,Tributário
2025-04-23 00:00:00,Ativo,Execução Fiscal,Pacaembu São José do Rio Preto - Empreendimento Imobiliário Ltda.,1511858-98.2025.8.26.0576,Município São José do Rio Preto,Primeira Instância,Réu,2975.22,3103.1,Possível,Jurídico Interno Cível,Procuradoria do Estado de São Paulo,São José do Rio Preto,Vara Única,SAF - Serviço de Anexo Fiscal,Execução Fiscal - IPTU,Marina Luise Campana Perini,Tributário
2025-04-24 00:00:00,Ativo,Execução Fiscal,Pacaembu São José do Rio Preto - Empreendimento Imobiliário Ltda.,1513071-42.2025.8.26.0576,Município São José do Rio Preto,Primeira Instância,Réu,1925.78,2008.55,Possível,Jurídico Interno Cível,Procuradoria do Estado de São Paulo,São José do Rio Preto,Vara Única,SAF - Serviço de Anexo Fiscal,Execução Fiscal - IPTU,Marina Luise Campana Perini,Tributário
2025-05-06 00:00:00,Ativo,Execução Fiscal,Pacaembu São José do Rio Preto - Empreendimento Imobiliário Ltda.,1513862-11.2025.8.26.0576,Município São José do Rio Preto,Primeira Instância,Réu,2543.62,2639.48,Possível,Jurídico Interno Cível,Procuradoria do Estado de São Paulo,São José do Rio Preto,Vara Única,SAF - Serviço de Anexo Fiscal,Execução Fiscal - IPTU,Marina Luise Campana Perini,Tributário
2025-03-25 00:00:00,Ativo,Ordinário - Conhecimento,Haus Compra e Venda de Bens Imóveis Ltda.,1510347-65.2025.8.26.0576,Município São José do Rio Preto,Primeira Instância,Réu,965.73,1007.24,Possível,Jurídico Interno Cível,Procuradoria do Estado de São Paulo,São José do Rio Preto,Setor de Execuções Fiscais,Setor de Execuções Fiscais,Execução Fiscal - IPTU,Marina Luise Campana Perini,Cível
2026-01-09 00:00:00,Ativo,Execução Fiscal,Haus Compra e Venda de Bens Imóveis Ltda.,1532643-81.2025.8.26.0576,Município São José do Rio Preto,Primeira Instância,Réu,869.26,887.65,Possível,Jurídico Interno Cível,Procuradoria do Estado de São Paulo,São José do Rio Preto,Setor de Execuções Fiscais,SAF - Serviço de Anexo Fiscal,Execução Fiscal - IPTU,Marina Luise Campana Perini,Cível
2025-08-26 00:00:00,Ativo,Execução Fiscal,Vida Nova Dignidade 2 Empreendimento Imobiliário ltda,1520480-69.2025.8.26.0576,Município São José do Rio Preto,Primeira Instância,Réu,6726.13,6906.17,Possível,Jurídico Interno Cível,Procuradoria do Estado de São Paulo,São José do Rio Preto,Vara Única,SAF - Serviço de Anexo Fiscal,Execução Fiscal - Licença de Publicidade,Marina Luise Campana Perini,Cível
2024-01-30 00:00:00,Ativo,Anulatória de Débito Fiscal,Pacaembu São José do Rio Preto 336 - Empreendimento Imobiliário Ltda.,1003966-35.2024.8.26.0576,Município São José do Rio Preto,Primeira Instância,Autor,90000.0,99799.28,Possível,Serur Advogados,Procuradoria do Estado de São Paulo,São José do Rio Preto,1ª Vara,Vara da Fazenda Pública,Anulação de Débito Fiscal,Cesar Matos Silva,Tributário
2025-10-10 00:00:00,Ativo,Ordinário - Conhecimento,Poá Empreendimento Imobiliário Ltda,1050222-52.2024.8.26.0506,Município de Ribeirão Preto,Primeira Instância,Réu,2556.64,2757.77,Possível,Jurídico Interno Cível,Procurador do Município de Ribeirão Preto,Ribeirão Preto,Vara Única,SAF - Serviço de Anexo Fiscal,Execução Fiscal - IPTU,Marina Luise Campana Perini,Tributário
2025-10-03 00:00:00,Ativo,Ordinário - Conhecimento,Poá Empreendimento Imobiliário Ltda,1060915-95.2024.8.26.0506,Município de Ribeirão Preto,Primeira Instância,Réu,2003.16,2137.38,Possível,Jurídico Interno Cível,Procurador do Município de Ribeirão Preto,Ribeirão Preto,Vara Única,SEF - Serviço de Execução Fiscal,Execução Fiscal - IPTU,Marina Luise Campana Perini,Tributário
2026-01-25 00:00:00,Ativo,Mandado de Segurança,Pacaembu Ribeirão Preto 386 - Empreendimento Imobiliário Ltda.,1000286-87.2026.8.26.0506,Município de Ribeirão Preto,Segunda Instância,Autor,10000.0,10187.08,Possível,Serur Advogados,Procurador do Município de Ribeirão Preto,Ribeirão Preto,18 Câmara,Câmara,Mandado de Segurança,Marina Luise Campana Perini,Tributário
2026-02-10 00:00:00,Ativo,Ordinário - Conhecimento,Poá Empreendimento Imobiliário Ltda,1051963-64.2023.8.26.0506,Município de Ribeirão Preto,Primeira Instância,Réu,2028.48,2266.69,Possível,Jurídico Interno Cível,Procuradoria Geral do Município de Ribeirão Preto,Ribeirão Preto,Setor de Execuções Fiscais,SEF - Serviço de Execução Fiscal,Execução Fiscal - IPTU,Marina Luise Campana Perini,Tributário
2025-10-03 00:00:00,Ativo,Ordinário - Conhecimento,Poá Empreendimento Imobiliário Ltda,1052860-58.2024.8.26.0506,Município de Ribeirão Preto,Primeira Instância,Réu,2377.89,2552.7,Possível,Jurídico Interno Cível,Procurador do Município de Ribeirão Preto,Ribeirão Preto,Vara Única,Setor de Execuções Fiscais,Execução Fiscal - IPTU,Cesar Matos Silva,Tributário
2025-10-03 00:00:00,Ativo,Ordinário - Conhecimento,Poá Empreendimento Imobiliário Ltda,1051426-34.2024.8.26.0506,Município de Ribeirão Preto,Primeira Instância,Réu,2654.76,2725.83,Possível,Jurídico Interno Cível,Procurador do Município de Ribeirão Preto,Ribeirão Preto,Vara Única,SEF - Serviço de Execução Fiscal,Execução Fiscal - IPTU,Marina Luise Campana Perini,Tributário
2025-03-26 00:00:00,Ativo,Ordinário - Conhecimento,Pacaembu Construtora S/A,1002886-18.2025.8.26.0506,Município de Ribeirão Preto,Segunda Instância,Réu,590959.97,632871.02,Possível,Escritório Reis & Souza Advogados,Procurador do Município de Ribeirão Preto,Ribeirão Preto,5ª Câmara,Câmara de Direito Público,Obrigação de Fazer / Não Fazer,Cesar Matos Silva,Cível
2025-10-20 00:00:00,Ativo,Ordinário - Conhecimento,Poá Empreendimento Imobiliário Ltda,1051393-44.2024.8.26.0506,Município de Ribeirão Preto,Primeira Instância,Réu,2459.05,2524.88,Possível,Jurídico Interno Cível,Procurador do Município de Ribeirão Preto,Ribeirão Preto,Vara Única,SAF - Serviço de Anexo Fiscal,Execução Fiscal - IPTU,Marina Luise Campana Perini,Tributário
2024-08-12 00:00:00,Ativo,Mandado de Segurança - Tributário,Pacaembu Cafelândia - 364 - Empreendimento Imobiliário Ltda.,0001878-08.2024.8.16.0192,Município de Cafelândia,Primeira Instância,Autor,99138.42,106787.71,Possível,Serur Advogados,Procuradoria de Cafelândia,Nova Aurora,1ª Vara,Vara da Fazenda Pública,Isenção de IPTU,Cesar Matos Silva,Tributário
2025-01-17 00:00:00,Ativo,Ordinário - Conhecimento,Pacaembu São José do Rio Preto - Empreendimento Imobiliário Ltda.,1056307-38.2024.8.26.0576,Monara Frias de Souza,Primeira Instância,Réu,102000.0,108476.66,Possível,Escritório Reis & Souza Advogados,Beatriz Catelani Pereira,São José do Rio Preto,1ª Vara,Vara Cível,Vícios Construtivos e muro de arrimo,Marina Luise Campana Perini,Cível
2026-01-23 00:00:00,Ativo,Ordinário - Conhecimento,Pacaembu Bauru Azevedo 2 - Empreendimento Imobiliário Ltda,4007643-48.2025.8.26.0071,Miucha de Abreu Bianchi,Primeira Instância,Réu,20000.0,20416.96,Possível,Escritório Reis & Souza Advogados,Maycon Nunes Verissimo Gimenes,Bauru,1ª Vara,Juizado Especial Cível,Vícios Construtivos,Lawrencce Van Hornn Liberatori da Silva,Cível
2026-02-04 00:00:00,Ativo,Ordinário - Conhecimento,Pacaembu Arapongas 2 - Empreendimento Imobiliarios Ltda.,5026469-21.2025.4.04.7001,Misael dos Santos Leite,Primeira Instância,Réu,40000.0,40833.91,Possível,Escritório Reis & Souza Advogados,Eduardo Blanco,Londrina,1ª Vara,Juizado Especial Federal Cível,Vícios Construtivos e muro de arrimo,Lawrencce Van Hornn Liberatori da Silva,Cível
2015-05-07 00:00:00,Ativo,Ação Civil de Improbidade Administrativa,Pacaembu Construtora S/A,1007955-83.2015.8.26.0602,Ministério Público do Estado de São Paulo,Primeira Instância,Réu,5917012.0,10669898.17,Remota,Mendonça Sica Advogados Associados,Promotoria de Justiça do Estado de São Paulo,Sorocaba,1ª Vara,Vara da Fazenda,Ação Civil de Improbidade Administrativa,Cesar Matos Silva,Cível
2023-11-22 00:00:00,Ativo,Ordinário - Conhecimento,Pacaembu Piracicaba Incorporadora Ltda.,1019644-14.2023.8.26.0451,Milena Amaral Silva,Primeira Instância,Réu,20000.0,22373.26,Possível,Bentivegna e Ribeiro Advogados,Everton de Oliveira Gil,Piracicaba,3ª Vara,Vara Cível,Vícios Construtivos,Lawrencce Van Hornn Liberatori da Silva,Cível
2025-11-04 00:00:00,Ativo,Ordinário - Conhecimento,Pacaembu Construtora S/A,1019582-16.2025.8.26.0576,Michelle de Jesus Medeiros,Primeira Instância,Réu,20000.0,20654.62,Possível,Escritório Reis & Souza Advogados,Guilherme Mendonça Mendes de Oliveira,São José do Rio Preto,10ª Vara,Vara Cível,Vícios Construtivos,Marina Luise Campana Perini,Cível
2022-04-11 00:00:00,Ativo,Ordinário - Conhecimento,Poá Empreendimento Imobiliário Ltda,1011674-26.2022.8.26.0506,Michelle Cristina da Silva,Primeira Instância,Réu,115046.4,137839.31,Possível,Bentivegna e Ribeiro Advogados,Rodolpho Luiz de Rangel Moreira Ramos,Ribeirão Preto,8ª Vara,Vara Cível,Alienação Fiduciária,Cesar Matos Silva,Cível
2018-07-20 00:00:00,Ativo,Ordinário - Conhecimento,Pacaembu Construtora S/A,1054983-93.2018.8.26.0100,Michele Vasques do Nascimento - ME,Segunda Instância,Autor,20000.0,30375.31,Possível,Jurídico Interno Cível,Bruno Jose Giannotti,São Paulo,18ª Vara Cível,Vara Cível,Ação de Cobrança,Marina Luise Campana Perini,Cível
2026-04-01 00:00:00,Ativo,Ordinário - Conhecimento,Pacaembu Arapongas 1 - Empreendimento Imobiliário Ltda.,0000085-19.2026.8.16.0045,Michele Carvalho da Silva,Primeira Instância,Réu,60000.0,61122.51,Possível,Bentivegna e Ribeiro Advogados,Eduardo Blanco,Arapongas,1ª Vara,Vara Cível,Vícios Construtivos e muro de arrimo,Lawrencce Van Hornn Liberatori da Silva,Cível
2023-12-08 00:00:00,Ativo,Ordinário - Conhecimento,Pacaembu Piracicaba Incorporadora Ltda.,1024348-70.2023.8.26.0451,Michele Aparecida Francisco de Carvalho,Primeira Instância,Réu,25000.0,27998.26,Possível,Bentivegna e Ribeiro Advogados,Everton de Oliveira Gil,Piracicaba,3ª Vara,Vara Cível,Vícios Construtivos,Lawrencce Van Hornn Liberatori da Silva,Cível
2024-12-27 00:00:00,Ativo,Ordinário - Conhecimento,Pacaembu Construtora S/A,0012612-71.2024.8.16.0045,Medellyn Sabrina Machado,Primeira Instância,Réu,40000.0,43667.97,Possível,Bentivegna e Ribeiro Advogados,Celso José Bonifácio Junior,Arapongas,1ª Vara,Vara Cível,Vícios Construtivos e muro de arrimo,Lawrencce Van Hornn Liberatori da Silva,Cível
2023-06-22 00:00:00,Ativo,Ordinário - Conhecimento,Pacaembu Lins III - Empreendimento Imobiliario Spe Ltda,1003753-49.2023.8.26.0322,Mayara Daiane Ferreira Martins,Primeira Instância,Réu,30000.0,9100.6,Provável,Bentivegna e Ribeiro Advogados,Sandro Rafael Barioni de Matos,Lins,2ª Vara,Vara Cível,Vícios Construtivos e muro de arrimo,Lawrencce Van Hornn Liberatori da Silva,Cível
2024-12-11 00:00:00,Ativo,Ordinário - Conhecimento,Pacaembu Piracicaba Incorporadora Ltda.,5002413-42.2024.4.03.6109,Maurizia Francisco de Amaral,Primeira Instância,Réu,10000.0,10786.68,Possível,Bentivegna e Ribeiro Advogados,Simone de Lourdes Severino,Piracicaba,1ª Vara,Vara Federal,Vícios Construtivos,Cesar Matos Silva,Cível
2026-03-19 00:00:00,Ativo,Ordinário - Conhecimento,Pacaembu Construtora S/A,0000084-34.2026.8.16.0045,Matheus William Artão Lopes,Primeira Instância,Réu,60000.0,122245.02,Possível,Bentivegna e Ribeiro Advogados,Eduardo Blanco,Arapongas,1ª Vara,Vara Cível,Vícios Construtivos e muro de arrimo,Lawrencce Van Hornn Liberatori da Silva,Cível
2025-02-10 00:00:00,Ativo,Ordinário - Conhecimento,Pacaembu São José do Rio Preto - Empreendimento Imobiliário Ltda.,1002571-71.2025.8.26.0576,Matheus Sotelo da Silva,Segunda Instância,Réu,102000.0,107958.46,Possível,Escritório Reis & Souza Advogados,Andressa Cristina Malagolini Aielo,São José do Rio Preto,7ª Câmara,Câmara,Vícios Construtivos e muro de arrimo,Marina Luise Campana Perini,Cível
2023-06-13 00:00:00,Ativo,Ordinário - Conhecimento,Pacaembu Bauru - Empreendimento Imobiliário Ltda.,0004626-09.2024.8.26.0071,Matheus Henrique Goncalves,Primeira Instância,Réu,15600.0,9880.63,Provável,Bentivegna e Ribeiro Advogados,Fabio Jose de Souza,Bauru,2ª Vara,Vara Cível,Vícios Construtivos,Marina Luise Campana Perini,Cível
2026-04-02 00:00:00,Ativo,Ordinário - Conhecimento,Pacaembu Construtora S/A,4002128-71.2026.8.26.0079,Matheus Godoy Ribeiro,Primeira Instância,Réu,213900.0,215846.49,Possível,Jurídico Interno Cível,Matheus Godoy Ribeiro,Botucatu,Vara Única,CEJUSC Botucatu,Ação de Rescisão Contratual,Cesar Matos Silva,Cível
2025-09-12 00:00:00,Ativo,Ordinário - Conhecimento,Pacaembu Construtora S/A,1011949-38.2025.8.26.0451,Matheus dos Santos Pacheco,Primeira Instância,Réu,20000.0,20582.58,Possível,Bentivegna e Ribeiro Advogados,Guilherme Mendonça Mendes de Oliveira,Piracicaba,2ª Vara,Vara Cível,Caixa de Esgoto,Marina Luise Campana Perini,Cível
2026-03-18 00:00:00,Ativo,Ordinário - Conhecimento,Pacaembu Construtora S/A,4007580-26.2026.8.26.0576,Mateus Aparecido Marcal Pereira,Primeira Instância,Réu,10000.0,10091.0,Possível,Escritório Reis & Souza Advogados,Hideraldo Brandão Ferrari Filho,São José do Rio Preto,1ª Vara,Vara Cível,Vícios Construtivos,Marina Luise Campana Perini,Cível
2025-05-02 00:00:00,Ativo,Ordinário - Conhecimento,Pacaembu Bauru - Empreendimento Imobiliário Ltda.,1007604-05.2025.8.26.0071,Marlos Mendes Pimenta,Primeira Instância,Réu,50000.0,20812.7,Possível,Escritório Reis & Souza Advogados,João Guilherme Claro,Bauru,1ª Vara,Precatória Cível,Vícios Construtivos,Marina Luise Campana Perini,Cível
2025-06-06 00:00:00,Ativo,Ordinário - Conhecimento,Pacaembu Construtora S/A,1002734-37.2025.8.26.0322,Marli Rosangela Cardoso de Carvalho Silva,Primeira Instância,Réu,27218.0,8214.18,Provável,Escritório Reis & Souza Advogados,João Luiz Montalvão,Lins,1ª Vara,Vara Cível,Negativação indevida,Lawrencce Van Hornn Liberatori da Silva,Cível
2025-08-04 00:00:00,Ativo,Ordinário - Conhecimento,Pacaembu Construtora S/A,0011770-91.2024.8.16.0045,Marlene Soares Baio,Segunda Instância,Réu,40000.0,43146.71,Possível,Bentivegna e Ribeiro Advogados,Celso José Bonifácio Junior,Arapongas,19ª Câmara de Direito Privado,Câmara de Direito Privado,Vícios Construtivos e muro de arrimo,Lawrencce Van Hornn Liberatori da Silva,Cível
2023-07-27 00:00:00,Ativo,Ordinário - Conhecimento,Pacaembu Lins III - Empreendimento Imobiliario Spe Ltda,1003909-37.2023.8.26.0322,Mariene dos Santos Cavalaria,Primeira Instância,Réu,30000.0,11456.55,Provável,Bentivegna e Ribeiro Advogados,Sandro Rafael Barioni de Matos,Lins,2ª Vara,Vara Cível,Vícios Construtivos e muro de arrimo,Lawrencce Van Hornn Liberatori da Silva,Cível
2024-09-10 00:00:00,Ativo,Ordinário - Conhecimento,Pacaembu Piracicaba Incorporadora Ltda.,1011855-27.2024.8.26.0451,Maria Teresa da Silva,Primeira Instância,Réu,30000.0,13732.47,Provável,Bentivegna e Ribeiro Advogados,Yara Regina Araujo Richter,Piracicaba,5ª Vara,Vara Cível,Vícios Construtivos,Marina Luise Campana Perini,Cível
2026-05-07 00:00:00,Ativo,Ordinário - Conhecimento,Pacaembu Bauru Azevedo 2 - Empreendimento Imobiliário Ltda,4000146-49.2026.8.26.0458,Mariana Oliveira de Almeida,Primeira Instância,Réu,14926.0,15061.83,Possível,Escritório Reis & Souza Advogados,Pedro Miguel Torres de Campos,Piratininga,Vara Única,Vara Única da Comarca de Piratininga,Devolução do Sinal,Marina Luise Campana Perini,Cível
2023-10-25 00:00:00,Ativo,Ordinário - Conhecimento,Pacaembu Bauru II- Empreendimento Imobiliário Ltda.,1017286-52.2023.8.26.0071,Mariana Doca Monteiro,Primeira Instância,Réu,22158.0,27298.47,Provável,Bentivegna e Ribeiro Advogados,Andre Luis Sevestrin Terencio,Bauru,5ª Vara,Vara Cível,Alienação Fiduciária,Cesar Matos Silva,Cível
2025-03-11 00:00:00,Ativo,Ordinário - Conhecimento,Pacaembu Papa Empreendimento Imobiliário Ltda,1026696-40.2024.8.26.0576,Mariana da Silva Oliveira,Primeira Instância,Réu,1024.0,1108.64,Possível,Escritório Reis & Souza Advogados,Miller Jean Guapo da Silva,São José do Rio Preto,9ª Vara,Vara Cível,Ação de Rescisão Contratual,Marina Luise Campana Perini,Cível
2024-08-06 00:00:00,Ativo,Ordinário - Conhecimento,Poá Empreendimento Imobiliário Ltda,1033853-80.2024.8.26.0506,Maria Lucia da Silva Santos,Primeira Instância,Réu,101258.56,5107.3,Possível,Escritório Reis & Souza Advogados,Bruno Roberto Kussumato,Ribeirão Preto,8ª Vara,Vara Cível,Alienação Fiduciária,Cesar Matos Silva,Cível
2025-10-16 00:00:00,Ativo,Ordinário - Conhecimento,Pacaembu Piracicaba Incorporadora Ltda.,4001633-12.2025.8.26.0451,Maria José da Silva Bezerra,Primeira Instância,Réu,10000.0,10267.72,Possível,Bentivegna e Ribeiro Advogados,Everton de Oliveira Gil,Piracicaba,3ª Vara,Vara Cível,Vícios Construtivos,Lawrencce Van Hornn Liberatori da Silva,Cível
2026-05-11 00:00:00,Ativo,Ordinário - Conhecimento,Poá Empreendimento Imobiliário Ltda,4010400-34.2026.8.26.0506,Maria Isabel Pereira,Primeira Instância,Réu,190000.0,191729.0,Possível,Escritório Reis & Souza Advogados,Renan Fabrega Sanchez,Ribeirão Preto,11ª Vara,Vara Cível,Ação de Resolução Contratual,Marina Luise Campana Perini,Cível
2025-05-23 00:00:00,Ativo,Ordinário - Conhecimento,Pacaembu Construtora S/A,1009840-40.2025.8.26.0196,Maria Gabriela Molina Mendes,Primeira Instância,Réu,10000.0,10376.88,Possível,Escritório Reis & Souza Advogados,Caio Abrão Dagher,Franca,3ª Vara,Vara Cível,Vícios Construtivos,Cesar Matos Silva,Cível
2026-03-01 00:00:00,Ativo,Ordinário - Conhecimento,Pacaembu Construtora S/A,4009888-56.2025.8.26.0451,Maria Eduarda Rodrigues da Silva,Segunda Instância,Réu,30000.0,30000.0,Possível,Bentivegna e Ribeiro Advogados,Guilherme Mendonça Mendes de Oliveira,Piracicaba,1ª Vara,Câmara de Direito Privado,Caixa de Esgoto,Marina Luise Campana Perini,Cível
2025-07-07 00:00:00,Ativo,Ordinário - Conhecimento,Pacaembu Construtora S/A,0015064-54.2024.8.16.0045,Maria Eduarda Ferreira de Lima,Primeira Instância,Réu,40000.0,42680.25,Possível,Bentivegna e Ribeiro Advogados,Celso José Bonifácio Junior,Arapongas,2ª Vara,Vara Cível,Vícios Construtivos e muro de arrimo,Lawrencce Van Hornn Liberatori da Silva,Cível
2024-02-14 00:00:00,Ativo,Ordinário - Conhecimento,Pacaembu Construtora S/A,0060203-59.2023.8.16.0014,Maria Eduarda da Silva Martins,Primeira Instância,Réu,20000.0,22373.26,Possível,Bentivegna e Ribeiro Advogados,Douglas Guergolette Alfieri,Londrina,3ª Vara,Vara Cível,Vícios Construtivos,Cesar Matos Silva,Cível
2023-05-10 00:00:00,Ativo,Ordinário - Conhecimento,Pacaembu Bauru - Empreendimento Imobiliário Ltda.,0009628-91.2023.8.26.0071,Maria de Lourdes Oliveira,Primeira Instância,Réu,15600.0,17721.2,Possível,Bentivegna e Ribeiro Advogados,Fabio Jose de Souza,Bauru,7ª Vara,Vara Cível,Vícios Construtivos,Marina Luise Campana Perini,Cível
2024-10-22 00:00:00,Ativo,Ordinário - Conhecimento,Pacaembu Construtora S/A,0060160-88.2024.8.16.0014,Maria de Fatima Ribeiro Assis,Primeira Instância,Réu,28382.6,30615.4,Provável,Bentivegna e Ribeiro Advogados,Leonardo de Almeida Zanetti,Londrina,9ª Vara,Vara Cível,Vícios Construtivos,Lawrencce Van Hornn Liberatori da Silva,Cível
2026-02-18 00:00:00,Ativo,Ordinário - Conhecimento,Pacaembu Piracicaba Incorporadora Ltda.,1014751-09.2025.8.26.0451,Maria das Graças Caires Ribeiro,Primeira Instância,Réu,10000.0,10267.67,Possível,Bentivegna e Ribeiro Advogados,Everton de Oliveira Gil,Piracicaba,2ª Vara,Vara Cível,Vícios Construtivos,Lawrencce Van Hornn Liberatori da Silva,Cível
2025-10-21 00:00:00,Ativo,Ordinário - Conhecimento,Pacaembu Construtora S/A,4005238-76.2025.8.26.0576,Maria Daniela Barbosa Silva,Primeira Instância,Réu,10000.0,10214.6,Possível,Escritório Reis & Souza Advogados,Marcos Cesar Chagas Perez,São José do Rio Preto,9ª Vara,Vara Cível,Vícios Construtivos,Marina Luise Campana Perini,Cível
2026-03-01 00:00:00,Ativo,Ordinário - Conhecimento,Pacaembu Arapongas 1 - Empreendimento Imobiliário Ltda.,0000083-49.2026.8.16.0045,Maria Aparecida dos Santos,Primeira Instância,Réu,60000.0,61122.51,Possível,Bentivegna e Ribeiro Advogados,Eduardo Blanco,Arapongas,2ª Vara,Vara Cível,Vícios Construtivos e muro de arrimo,Lawrencce Van Hornn Liberatori da Silva,Cível
2025-10-30 00:00:00,Ativo,Ordinário - Conhecimento,Pacaembu Construtora S/A,1014114-58.2025.8.26.0451,Maria Aparecida Batista Coelho,Primeira Instância,Réu,20000.0,20535.35,Possível,Bentivegna e Ribeiro Advogados,Guilherme Mendonça Mendes de Oliveira,Piracicaba,4ª Vara,Vara Cível,Caixa de Esgoto,Marina Luise Campana Perini,Cível
2026-05-19 00:00:00,Ativo,Ordinário - Conhecimento,Pacaembu Ituiutaba 422 - Empreendimento Imobiliário LTDA,1001013-16.2026.8.13.0342,Maria Alice Medeiros,Primeira Instância,Réu,150000.0,150000.0,Possível,Escritório Reis & Souza Advogados,Waldemar Fernandes Severino de Moraes,Ituiutaba,3ª Vara,Vara Cível,Vícios Construtivos,Marina Luise Campana Perini,Cível
2025-04-03 00:00:00,Ativo,Ordinário - Conhecimento,Pacaembu Construtora S/A,0011126-51.2024.8.16.0045,Margarida Bispo de Brites,Primeira Instância,Réu,40000.0,43086.31,Possível,Bentivegna e Ribeiro Advogados,Celso José Bonifácio Junior,Arapongas,2ª Vara,Vara Cível,Vícios Construtivos e muro de arrimo,Lawrencce Van Hornn Liberatori da Silva,Cível
2025-07-02 00:00:00,Ativo,Ordinário - Conhecimento,Pacaembu Piracicaba Incorporadora Ltda.,1006167-55.2025.8.26.0320,Marcos Vinicius Carvalho Filho,Primeira Instância,Réu,20000.0,20654.62,Possível,Escritório Reis & Souza Advogados,Guilherme Mendonça Mendes de Oliveira,Limeira,3ª Vara,Vara Cível,Vícios Construtivos,Marina Luise Campana Perini,Cível
2025-03-17 00:00:00,Ativo,Ordinário - Conhecimento,Pacaembu Piracicaba Incorporadora Ltda.,1011854-42.2024.8.26.0451,Marcos Sampaio Rodrigues,Primeira Instância,Réu,30000.0,32629.15,Possível,Bentivegna e Ribeiro Advogados,Yara Regina Araujo Richter,Piracicaba,2ª Vara,Vara Cível,Vícios Construtivos,Marina Luise Campana Perini,Cível
2026-05-15 00:00:00,Ativo,Ordinário - Conhecimento,Pacaembu Arapongas 2 - Empreendimento Imobiliarios Ltda.,0011716-91.2025.8.16.0045,Marcos Renan Ferreira,Primeira Instância,Réu,25000.0,25615.39,Possível,Bentivegna e Ribeiro Advogados,Ana Caroline Marcolino,Arapongas,2ª Vara,Vara Cível,Vícios Construtivos e muro de arrimo,Marina Luise Campana Perini,Cível
2021-06-16 00:00:00,Ativo,Ordinário - Conhecimento,Pacaembu Construtora S/A,0000239-57.2021.4.03.6334,Marcos Paulo de Oliveira,Primeira Instância,Réu,59000.0,78321.39,Possível,Bentivegna e Ribeiro Advogados,Jacqueline Allana Montanari,Assis,1ª Vara,Juizado Especial Cível,Vícios Construtivos,Cesar Matos Silva,Cível
2025-12-03 00:00:00,Ativo,Ordinário - Conhecimento,Pacaembu Construtora S/A,4009947-44.2025.8.26.0451,Marcos Charles Nunes Matos,Primeira Instância,Réu,20000.0,20000.0,Possível,Bentivegna e Ribeiro Advogados,Guilherme Mendonça Mendes de Oliveira,Piracicaba,1ª Vara,Vara Cível,Caixa de Esgoto,Marina Luise Campana Perini,Cível
2025-10-01 00:00:00,Ativo,Ordinário - Conhecimento,Pacaembu Construtora S/A,0006260-63.2025.8.16.0045,Márcio Capetulino,Segunda Instância,Réu,27877.22,28927.86,Possível,Bentivegna e Ribeiro Advogados,Leonardo de Almeida Zanetti,Arapongas,19ª Câmara,Câmara de Direito Privado,Vícios Construtivos,Lawrencce Van Hornn Liberatori da Silva,Cível
2026-02-11 00:00:00,Ativo,Ordinário - Conhecimento,Pacaembu Piracicaba Com Viva - Empreendimento Imobiliário Ltda.,4000233-26.2026.8.26.0451,Marcio Alves de Paula,Primeira Instância,Réu,40000.0,40748.34,Possível,Escritório Reis & Souza Advogados,Yara Regina Araujo Richter,Piracicaba,1ª Vara,Vara Cível,Vícios Construtivos,Marina Luise Campana Perini,Cível
2025-02-26 00:00:00,Ativo,Ordinário - Conhecimento,Pacaembu Construtora S/A,1001666-53.2025.8.26.0451,Marcinelha Esteves Vieira,Primeira Instância,Réu,30000.0,31752.49,Possível,Escritório Reis & Souza Advogados,Clarisse Ruhoff Damer,Piracicaba,4ª Vara,Vara Cível,Negativação indevida,Lawrencce Van Hornn Liberatori da Silva,Cível
2025-12-19 00:00:00,Ativo,Ordinário - Conhecimento,Pacaembu Construtora S/A,0016607-58.2025.8.16.0045,Marciele Biscaia Mendes,Primeira Instância,Réu,45000.0,45951.93,Possível,Bentivegna e Ribeiro Advogados,Eduardo Alexandre Antoniassi,Arapongas,1ª Vara,Vara Cível,Vícios Construtivos,Marina Luise Campana Perini,Cível
2023-12-22 00:00:00,Ativo,Ordinário - Conhecimento,Pacaembu Ourinhos Constante - Empreendimento Imobiliário Ltda.,1007035-31.2023.8.26.0408,Marcia Nicoleti de Moraes,Primeira Instância,Réu,52080.0,58195.96,Possível,Bentivegna e Ribeiro Advogados,Gilberto José Rodrigues,Ourinhos,2ª Vara,Vara Cível,Negativação indevida,Lawrencce Van Hornn Liberatori da Silva,Cível
2026-03-01 00:00:00,Ativo,Ordinário - Conhecimento,Pacaembu Piracicaba Incorporadora Ltda.,1012747-96.2025.8.26.0451,Marcia Maria Veiga,Primeira Instância,Réu,20000.0,20582.58,Possível,Bentivegna e Ribeiro Advogados,Guilherme Mendonça Mendes de Oliveira,Piracicaba,3ª Vara,Vara Cível,Caixa de Esgoto,Marina Luise Campana Perini,Cível
2026-04-17 00:00:00,Ativo,Ordinário - Conhecimento,Pacaembu Arapongas 2 - Empreendimento Imobiliarios Ltda.,0001024-96.2026.8.16.0045,Marcia Cristina da Silva,Primeira Instância,Réu,60000.0,61122.51,Possível,Bentivegna e Ribeiro Advogados,Eduardo Blanco,Arapongas,1ª Vara,Vara Cível,Vícios Construtivos e muro de arrimo,Lawrencce Van Hornn Liberatori da Silva,Cível
2025-08-01 00:00:00,Ativo,Ordinário - Conhecimento,Pacaembu Construtora S/A,0012613-56.2024.8.16.0045,Marcia Aparecida de Lima,Primeira Instância,Réu,40000.0,43146.71,Possível,Bentivegna e Ribeiro Advogados,Celso José Bonifácio Junior,Arapongas,2ª Vara,Vara Cível,Vícios Construtivos e muro de arrimo,Lawrencce Van Hornn Liberatori da Silva,Cível
2023-07-06 00:00:00,Ativo,Ordinário - Conhecimento,Pacaembu Bauru - Empreendimento Imobiliário Ltda.,0002644-57.2024.8.26.0071,Marcelo Mathews Almeida Ramos,Primeira Instância,Réu,15600.0,1882.51,Provável,Bentivegna e Ribeiro Advogados,Fabio Jose de Souza,Bauru,4ª Vara,Vara Cível,Vícios Construtivos,Marina Luise Campana Perini,Cível
2026-02-04 00:00:00,Ativo,Ordinário - Conhecimento,Pacaembu Construtora S/A,0002820-06.2025.8.16.0192,Marcelo Luiz Dal Molin,Primeira Instância,Réu,645400.0,659250.5,Possível,Escritório Reis & Souza Advogados,Helder Sansel de Souza Silva,Nova Aurora,Vara Única,Vara da Fazenda Pública,Indenização por Dano Ambiental,Cesar Matos Silva,Cível
2024-12-26 00:00:00,Ativo,Ordinário - Conhecimento,Pacaembu São José do Rio Preto - Empreendimento Imobiliário Ltda.,1053538-57.2024.8.26.0576,Marcelo Jose Miatello Dias,Segunda Instância,Réu,102000.0,108834.63,Possível,Escritório Reis & Souza Advogados,Luany Capelini Juliano,São José do Rio Preto,6ª Câmara,Câmara de Direito Privado,Vícios Construtivos e muro de arrimo,Marina Luise Campana Perini,Cível
2023-06-15 00:00:00,Ativo,Ordinário - Conhecimento,Pacaembu Lins III - Empreendimento Imobiliario Spe Ltda,1003761-26.2023.8.26.0322,Marcela de Brito,Primeira Instância,Réu,30000.0,10887.64,Provável,Bentivegna e Ribeiro Advogados,Sandro Rafael Barioni de Matos,Lins,2ª Vara,Vara Cível,Vícios Construtivos e muro de arrimo,Lawrencce Van Hornn Liberatori da Silva,Cível
2025-12-15 00:00:00,Ativo,Ordinário - Conhecimento,Pacaembu São José do Rio Preto 405 - Empreendimento Imobiliário Ltda.,4004575-30.2025.8.26.0576,M&A Naves Gestão Administrativa Ltda,Primeira Instância,Réu,131001.3,133812.63,Possível,Escritório Reis & Souza Advogados,Robson Geraldo Costa,São José do Rio Preto,27ª Câmara de Direito Privado,Câmara de Direito Privado,Alienação Fiduciária,Cesar Matos Silva,Cível
2026-03-01 00:00:00,Ativo,Ordinário - Conhecimento,Pacaembu São José do Rio Preto 405 - Empreendimento Imobiliário Ltda.,4004579-67.2025.8.26.0576,M&A Naves Gestão Administrativa Ltda,Primeira Instância,Réu,123654.6,126308.27,Possível,Escritório Reis & Souza Advogados,Robson Geraldo Costa,São José do Rio Preto,1ª Vara,Vara Cível,Anulatória de Leilão extrajudicial,Cesar Matos Silva,Cível
2025-11-04 00:00:00,Ativo,Ordinário - Conhecimento,Pacaembu São José do Rio Preto 405 - Empreendimento Imobiliário Ltda.,4005349-60.2025.8.26.0576,M&A Naves Gestão Administrativa Ltda,Segunda Instância,Réu,89100.0,91012.12,Possível,Escritório Reis & Souza Advogados,Robson Geraldo Costa,São José do Rio Preto,35ª Câmara de Direito Privado,Câmara de Direito Privado,Alienação Fiduciária,Cesar Matos Silva,Cível
2025-04-02 00:00:00,Ativo,Ordinário - Conhecimento,Pacaembu Construtora S/A,1008708-69.2025.8.26.0576,Maisa Pasquoto Giocondo Finati,Primeira Instância,Réu,793.12,827.21,Possível,Escritório Reis & Souza Advogados,Wadi Atique,São José do Rio Preto,5ª Vara,Vara Cível,Ação Declaratória - Cobrança IPTU,Lawrencce Van Hornn Liberatori da Silva,Cível
2025-09-12 00:00:00,Ativo,Ordinário - Conhecimento,Pacaembu Construtora S/A,1020396-28.2025.8.26.0576,Maeli Luiza de Souza,Primeira Instância,Réu,20000.0,20657.92,Possível,Escritório Reis & Souza Advogados,Guilherme Mendonça Mendes de Oliveira,São José do Rio Preto,10ª Vara,Vara Cível,Vícios Construtivos,Marina Luise Campana Perini,Cível
2026-05-01 00:00:00,Ativo,Ordinário - Conhecimento,Pacaembu Presidente Prudente III - Empreendimento Imobiliário Ltda.,4023418-74.2025.8.26.0016,M8 Soluções e Serviços de Apoio a Edifícios Ltda.,Primeira Instância,Réu,20265.97,20688.47,Possível,Escritório Reis & Souza Advogados,Rubens Rufino dos Santos Sobrinho,São Paulo,2ª Vara,Juizado Especial Cível,Ação de Cobrança,Marina Luise Campana Perini,Cível
2026-02-03 00:00:00,Ativo,Ordinário - Conhecimento,Pacaembu Assis 370 - Empreendimento Imobiliário Ltda.,4018960-14.2025.8.26.0016,M8 Soluções e Serviços de Apoio a Edifícios Ltda.,Primeira Instância,Réu,14948.99,15269.8,Possível,Escritório Reis & Souza Advogados,Rubens Rufino dos Santos Sobrinho,São Paulo,1ª Vara,Juizado Especial Cível,Ação de Cobrança,Marina Luise Campana Perini,Cível
2026-05-01 00:00:00,Ativo,Ordinário - Conhecimento,Vida Nova Salto de Pirapora - Empreendimento Imobiliário Ltda.,4023419-59.2025.8.26.0016,M8 Soluções e Serviços de Apoio a Edifícios Ltda.,Primeira Instância,Réu,14756.71,29783.99,Possível,Escritório Reis & Souza Advogados,Rubens Rufino dos Santos Sobrinho,São Paulo,2ª Vara,Juizado Especial Cível,Ação de Cobrança,Marina Luise Campana Perini,Cível
2026-03-01 00:00:00,Ativo,Ordinário - Conhecimento,Pacaembu Ourinhos Constante 2 - Empreendimento Imobiliário,4023416-07.2025.8.26.0016,M8 Soluções e Serviços de Apoio a Edifícios Ltda.,Primeira Instância,Réu,19482.97,19889.15,Possível,Escritório Reis & Souza Advogados,Rubens Rufino dos Santos Sobrinho,Bauru,2ª Vara,Juizado Especial Cível,Ação de Cobrança,Marina Luise Campana Perini,Cível
2023-07-07 00:00:00,Ativo,Ordinário - Conhecimento,Pacaembu Lins III - Empreendimento Imobiliario Spe Ltda,1004195-15.2023.8.26.0322,Luzia Cristina Picinato,Primeira Instância,Réu,30000.0,14256.32,Provável,Bentivegna e Ribeiro Advogados,Sandro Rafael Barioni de Matos,Lins,3ª Vara,Vara Cível,Vícios Construtivos e muro de arrimo,Lawrencce Van Hornn Liberatori da Silva,Cível
2026-03-09 00:00:00,Ativo,Ordinário - Conhecimento,Pacaembu Construtora S/A,1038720-66.2025.8.26.0576,Lurdinei Pereira Abreu,Primeira Instância,Réu,15000.0,15401.58,Possível,Escritório Reis & Souza Advogados,Marcos Cesar Chagas Perez,São José do Rio Preto,7ª Vara,Vara Cível,Vícios Construtivos,Marina Luise Campana Perini,Cível
2023-02-10 00:00:00,Ativo,Ordinário - Conhecimento,Pacaembu Bauru II- Empreendimento Imobiliário Ltda.,0006435-68.2023.8.26.0071,Luiz Henrique Vendramin Rosalin,Primeira Instância,Réu,18342.99,11922.24,Provável,Bentivegna e Ribeiro Advogados,Fabio Jose de Souza,Bauru,7ª Vara,Vara Cível,Vícios Construtivos,Marina Luise Campana Perini,Cível
2024-09-10 00:00:00,Ativo,Ordinário - Conhecimento,Pacaembu Piracicaba Incorporadora Ltda.,1013056-54.2024.8.26.0451,Luiz Henrique da Silva Santos,Primeira Instância,Réu,25000.0,6178.71,Provável,Bentivegna e Ribeiro Advogados,Everton de Oliveira Gil,Piracicaba,1ª Vara,Vara Cível,Vícios Construtivos,Lawrencce Van Hornn Liberatori da Silva,Cível
2026-03-09 00:00:00,Ativo,Ordinário - Conhecimento,Pacaembu Piracicaba Com Viva - Empreendimento Imobiliário Ltda.,4002231-29.2026.8.26.0451,Luiz Carlos Bonifacio Junior,Primeira Instância,Réu,45000.0,45663.79,Possível,Escritório Reis & Souza Advogados,Yara Regina Araujo Richter,Piracicaba,3ª Vara,Vara Cível,Vícios Construtivos,Marina Luise Campana Perini,Cível
2026-03-01 00:00:00,Ativo,Ordinário - Conhecimento,Pacaembu Construtora S/A,4011057-91.2025.8.26.0576,Luiza Idaides Alves Silva,Primeira Instância,Réu,10000.0,10208.48,Possível,Escritório Reis & Souza Advogados,Marcos Cesar Chagas Perez,São José do Rio Preto,6ª Vara,Vara Cível,Vícios Construtivos,Marina Luise Campana Perini,Cível
2023-12-27 00:00:00,Ativo,Ordinário - Conhecimento,Pacaembu Piracicaba Incorporadora Ltda.,1021067-09.2023.8.26.0451,Luis Henrique dos Santos,Primeira Instância,Réu,25000.0,27935.85,Possível,Bentivegna e Ribeiro Advogados,Yara Regina Araujo Richter,Piracicaba,4ª Vara,Vara Cível,Vícios Construtivos,Marina Luise Campana Perini,Cível
2026-03-01 00:00:00,Ativo,Ordinário - Conhecimento,Pacaembu Piracicaba Com Viva - Empreendimento Imobiliário Ltda.,4002074-56.2026.8.26.0451,Luis Henrique Cesario Pereira,Primeira Instância,Réu,42010.0,42629.69,Possível,Escritório Reis & Souza Advogados,Stefany Marie Pereira,Piracicaba,3ª Vara,Vara Cível,Vícios Construtivos e muro de arrimo,Marina Luise Campana Perini,Cível
2024-12-03 00:00:00,Ativo,Ordinário - Conhecimento,Pacaembu São José do Rio Preto - Empreendimento Imobiliário Ltda.,1051887-87.2024.8.26.0576,Luis Fernando Rodrigues de Andrade,Segunda Instância,Réu,102000.0,108834.63,Possível,Escritório Reis & Souza Advogados,Andressa Cristina Malagolini Aielo,São José do Rio Preto,5ª Câmara,Câmara de Direito Privado,Vícios Construtivos e muro de arrimo,Marina Luise Campana Perini,Cível
2024-12-02 00:00:00,Ativo,Ordinário - Conhecimento,Pacaembu Construtora S/A,0059112-94.2024.8.16.0014,Lucimara Marcelo Marra,Primeira Instância,Réu,40000.0,43146.71,Possível,Bentivegna e Ribeiro Advogados,Celso José Bonifácio Junior,Londrina,5ª Vara,Vara Cível,Vícios Construtivos e muro de arrimo,Lawrencce Van Hornn Liberatori da Silva,Cível
2024-02-28 00:00:00,Ativo,Ordinário - Conhecimento,Pacaembu Construtora S/A,0008780-26.2024.8.16.0014,Lucimara Alves Cabral,Primeira Instância,Réu,40000.0,5586.39,Provável,Bentivegna e Ribeiro Advogados,Sandro Rafael Barioni de Matos,Londrina,9ª Vara,Vara Cível,Vícios Construtivos,Lawrencce Van Hornn Liberatori da Silva,Cível
2026-05-01 00:00:00,Ativo,Ordinário - Conhecimento,Pacaembu Construtora S/A,0014021-48.2025.8.16.0045,Lucilene Andreia da Silva,Primeira Instância,Réu,30000.0,30000.0,Possível,Escritório Reis & Souza Advogados,Fernando Hideaki Zavan Yamaguro,Arapongas,1ª Vara,Vara Cível,Vícios Construtivos,Marina Luise Campana Perini,Cível
2023-10-05 00:00:00,Ativo,Ordinário - Conhecimento,Pacaembu Piracicaba Incorporadora Ltda.,1019366-13.2023.8.26.0451,Luciano Jeronimo Nagata,Primeira Instância,Réu,30000.0,33559.89,Possível,Bentivegna e Ribeiro Advogados,Yara Regina Araujo Richter,Piracicaba,6ª Vara,Vara Cível,Vícios Construtivos,Marina Luise Campana Perini,Cível
2025-09-01 00:00:00,Ativo,Ordinário - Conhecimento,Pacaembu Construtora S/A,1010683-46.2025.8.26.0344,Luciano Caprari Pereira,Primeira Instância,Réu,20000.0,20535.35,Possível,Escritório Reis & Souza Advogados,Guilherme Mendonça Mendes de Oliveira,Marília,2ª Vara,Vara Cível,Vícios Construtivos,Marina Luise Campana Perini,Cível
2024-05-09 00:00:00,Ativo,Ordinário - Conhecimento,Pacaembu Construtora S/A,0008778-56.2024.8.16.0014,Luciane Dias da Mota Gomes,Primeira Instância,Réu,40000.0,44103.84,Possível,Bentivegna e Ribeiro Advogados,Sandro Rafael Barioni de Matos,Londrina,4ª Vara,Vara Cível,Vícios Construtivos,Lawrencce Van Hornn Liberatori da Silva,Cível
2025-05-02 00:00:00,Ativo,Ordinário - Conhecimento,Pacaembu São José do Rio Preto - Empreendimento Imobiliário Ltda.,1053599-15.2024.8.26.0576,Luciane Batista Reis,Primeira Instância,Réu,102000.0,108330.48,Possível,Escritório Reis & Souza Advogados,Luany Capelini Juliano,São José do Rio Preto,1ª Vara,Vara Cível,Vícios Construtivos e muro de arrimo,Marina Luise Campana Perini,Cível
2024-05-06 00:00:00,Ativo,Ordinário - Conhecimento,Pacaembu Piracicaba Incorporadora Ltda.,1007644-45.2024.8.26.0451,Luciana Xisto dos Santos,Primeira Instância,Réu,25000.0,13650.87,Provável,Bentivegna e Ribeiro Advogados,Everton de Oliveira Gil,Piracicaba,3ª Vara,Vara Cível,Vícios Construtivos,Lawrencce Van Hornn Liberatori da Silva,Cível
2026-01-29 00:00:00,Ativo,Ordinário - Conhecimento,Pacaembu Construtora S/A,4009865-13.2025.8.26.0451,Luciana Santos Cardoso,Primeira Instância,Réu,40000.0,40846.16,Possível,Escritório Reis & Souza Advogados,Guilherme Mendonça Mendes de Oliveira,Piracicaba,3ª Vara,Vara Cível,Vícios Construtivos,Marina Luise Campana Perini,Cível
2026-04-10 00:00:00,Ativo,Ação Anulatória,Vida Nova Araçatuba 380 - Empreendimento Imobiliário Ltda.,5000745-15.2025.4.03.6331,Luciana Pereira Mercado,Primeira Instância,Réu,220000.0,224115.86,Possível,Escritório Reis & Souza Advogados,Ricardo Pacheco Ikedo,Araçatuba,2ª Vara,Vara Federal,Rescisão do Contrato de Compra e Venda,Marina Luise Campana Perini,Cível
2023-08-07 00:00:00,Ativo,Ordinário - Conhecimento,Pacaembu Construtora S/A,0018785-44.2023.8.16.0014,Lucas Vinicius Fernandes,Primeira Instância,Réu,30000.0,33862.51,Possível,Bentivegna e Ribeiro Advogados,Celso José Bonifácio Junior,Londrina,5ª Vara,Vara Cível,Vícios Construtivos e muro de arrimo,Lawrencce Van Hornn Liberatori da Silva,Cível
2026-02-09 00:00:00,Ativo,Ordinário - Conhecimento,Vida Nova Cuiabá II - Empreendimento Imobiliário Ltda,1116458-06.2025.8.11.0041,Lucas Lourenço do Carmo,Segunda Instância,Réu,229357.43,234209.26,Possível,Escritório Reis & Souza Advogados,Agnaldo Evangelista do Carmo,Cuiabá,5ª Câmara de Direito Privado,Câmara de Direito Privado,Rescisão Contratual,Cesar Matos Silva,Cível
2024-09-05 00:00:00,Ativo,Ordinário - Conhecimento,Pacaembu Água Santa - Empreendimento Imobiliário Ltda.,1030935-87.2024.8.26.0576,Lucas José Gomes de Souza,Primeira Instância,Réu,17068.07,18432.8,Possível,Bentivegna e Ribeiro Advogados,Felipe Augusto Tadini Martins,São José do Rio Preto,9ª Vara,Vara Cível,Vícios Construtivos,Marina Luise Campana Perini,Cível
2024-03-26 00:00:00,Ativo,Ordinário - Conhecimento,Pacaembu Construtora S/A,1011581-76.2024.8.26.0576,Lucas de Souza Guerreiro,Primeira Instância,Réu,50000.0,6179.87,Provável,Bentivegna e Ribeiro Advogados,Gustavo Andrioti Pinto,São José do Rio Preto,1ª Vara,Vara Cível,Muro de Arrimo,Cesar Matos Silva,Cível
2025-10-17 00:00:00,Ativo,Ordinário - Conhecimento,Pacaembu Construtora S/A,4003694-53.2025.8.26.0576,Lucas de Oliveira Broncaneli Carana,Primeira Instância,Réu,10000.0,10267.72,Possível,Escritório Reis & Souza Advogados,Marcos Cesar Chagas Perez,São José do Rio Preto,8ª Vara,Vara Cível,Vícios Construtivos e muro de arrimo,Marina Luise Campana Perini,Cível
2024-06-04 00:00:00,Ativo,Ordinário - Conhecimento,Pacaembu Construtora S/A,0001664-70.2024.8.16.0045,Luan dos Santos Martinez Pereira,Primeira Instância,Réu,30000.0,33077.88,Possível,Bentivegna e Ribeiro Advogados,Sandro Rafael Barioni de Matos,Arapongas,2ª Vara,Vara Cível,Vícios Construtivos,Lawrencce Van Hornn Liberatori da Silva,Cível
2023-01-31 00:00:00,Ativo,Ordinário - Conhecimento,Pacaembu Construtora S/A,1058286-22.2022.8.26.0506,Liziana Moreira Pinto,Primeira Instância,Réu,20319.75,23528.68,Possível,Bentivegna e Ribeiro Advogados,Yuri Alexieivig Mendes de Almeida,Ribeirão Preto,7ª Vara,Vara Cível,Muro de Arrimo,Cesar Matos Silva,Cível
2026-02-04 00:00:00,Ativo,Ordinário - Conhecimento,Pacaembu Construtora S/A,4000185-67.2026.8.26.0451,Lilian Pires Antonio,Primeira Instância,Réu,20000.0,20374.17,Possível,Bentivegna e Ribeiro Advogados,Guilherme Mendonça Mendes de Oliveira,Piracicaba,2ª Vara,Vara Cível,Caixa de Esgoto,Marina Luise Campana Perini,Cível
2023-09-04 00:00:00,Ativo,Ordinário - Conhecimento,Pacaembu Construtora S/A,1040318-26.2023.8.26.0576,Lidiane Roberta da Silva Maciel,Primeira Instância,Réu,20000.0,22418.01,Possível,Bentivegna e Ribeiro Advogados,Guilherme Mendonça Mendes de Oliveira,São José do Rio Preto,7ª Vara,Vara Cível,Vícios Construtivos,Marina Luise Campana Perini,Cível
2025-02-20 00:00:00,Ativo,Ordinário - Conhecimento,Pacaembu Construtora S/A,1002897-91.2025.8.26.0071,Lidia Maria Caldeira,Primeira Instância,Réu,3000.0,3175.25,Possível,Escritório Reis & Souza Advogados,Camila Ramonholi Chaves,Bauru,2ª Vara,Juizado Especial Cível,Obrigação de fazer,Marina Luise Campana Perini,Cível
2024-06-28 00:00:00,Ativo,Ordinário - Conhecimento,Pacaembu Construtora S/A,5005919-15.2024.4.04.7009,Leticia Ferreira,Primeira Instância,Réu,90000.0,97196.25,Possível,Bentivegna e Ribeiro Advogados,Davi Bozz Santos,Ponta Grossa,2ª Vara,Vara Federal,Vícios Construtivos,Cesar Matos Silva,Cível
2025-01-27 00:00:00,Ativo,Ordinário - Conhecimento,Pacaembu São José do Rio Preto - Empreendimento Imobiliário Ltda.,1056305-68.2024.8.26.0576,Leticia Eduarda de Brito Costa,Primeira Instância,Réu,102000.0,108476.66,Possível,Escritório Reis & Souza Advogados,Beatriz Catelani Pereira,São José do Rio Preto,1ª Vara,Vara Cível,Vícios Construtivos e muro de arrimo,Marina Luise Campana Perini,Cível
2026-02-24 00:00:00,Ativo,Ordinário - Conhecimento,Pacaembu Avaré São Rogério III - 229 Empreendimentos Imobiliários Ltda.,4000172-38.2026.8.26.0073,Leonilda Alves Coutinho,Primeira Instância,Réu,7250.0,7385.64,Possível,Bentivegna e Ribeiro Advogados,Jus Postulandi,Avaré,Vara Única,Juizado Especial Cível,Devolução de sinal,Marina Luise Campana Perini,Cível
2025-05-28 00:00:00,Ativo,Ordinário - Conhecimento,Pacaembu Construtora S/A,1027253-14.2024.8.26.0451,Leonardo Tavares Alves,Primeira Instância,Réu,30000.0,31904.9,Possível,Bentivegna e Ribeiro Advogados,Guilherme Mendonça Mendes de Oliveira,Piracicaba,2ª Vara,Vara Cível,Caixa de Esgoto,Marina Luise Campana Perini,Cível
2025-04-01 00:00:00,Ativo,Ordinário - Conhecimento,Pacaembu Construtora S/A,0005951-23.2025.8.16.0019,Leonardo Ezequias de Oliveira,Primeira Instância,Réu,6268.01,6416.11,Possível,Escritório Reis & Souza Advogados,Jocivania Marins Carraro,Ponta Grossa,1ª Vara,Juizado Especial Cível,Ação de Cobrança,Marina Luise Campana Perini,Cível
2025-12-17 00:00:00,Ativo,Ordinário - Conhecimento,Pacaembu Construtora S/A,0014460-59.2025.8.16.0045,Leonardo dos Santos Dantas,Primeira Instância,Réu,45000.0,45965.72,Possível,Bentivegna e Ribeiro Advogados,Eduardo Alexandre Antoniassi,Arapongas,2ª Vara,Vara Cível,Vícios Construtivos e muro de arrimo,Marina Luise Campana Perini,Cível
2025-01-22 00:00:00,Ativo,Ordinário - Conhecimento,Pacaembu São José do Rio Preto - Empreendimento Imobiliário Ltda.,1055806-84.2024.8.26.0576,Leonardo Antonio Bego Salazar,Segunda Instância,Réu,102000.0,108476.66,Possível,Escritório Reis & Souza Advogados,Luany Capelini Juliano,São José do Rio Preto,10ª Câmara de Direito Privado,Câmara de Direito Privado,Vícios Construtivos e muro de arrimo,Marina Luise Campana Perini,Cível
2025-10-02 00:00:00,Ativo,Ordinário - Conhecimento,Pacaembu Arapongas 2 - Empreendimento Imobiliarios Ltda.,0012990-90.2025.8.16.0045,Leilaine Ferreira da Silva,Segunda Instância,Réu,45000.0,46204.74,Possível,Escritório Reis & Souza Advogados,Eduardo Alexandre Antoniassi,Arapongas,20ª Câmara,Câmara de Direito Privado,Vícios Construtivos,Cesar Matos Silva,Cível
2025-07-15 00:00:00,Ativo,Ordinário - Conhecimento,Pacaembu Construtora S/A,0012610-04.2024.8.16.0045,Leidevane Rosa Ferreira,Primeira Instância,Réu,40000.0,43146.71,Possível,Bentivegna e Ribeiro Advogados,Celso José Bonifácio Junior,Arapongas,2ª Vara,Vara Cível,Vícios Construtivos e muro de arrimo,Lawrencce Van Hornn Liberatori da Silva,Cível
2025-10-13 00:00:00,Ativo,Ordinário - Conhecimento,Pacaembu Construtora S/A,4003809-74.2025.8.26.0576,Leia Cristina Eugenio,Primeira Instância,Réu,10000.0,10267.72,Possível,Escritório Reis & Souza Advogados,Marcos Cesar Chagas Perez,São José do Rio Preto,1ª Vara,Vara Cível,Vícios Construtivos,Marina Luise Campana Perini,Cível
2022-10-10 00:00:00,Ativo,Ordinário - Conhecimento,Poá Empreendimento Imobiliário Ltda,1019488-26.2021.8.26.0506,Leandro Willian dos Santos Marioti,Primeira Instância,Réu,73775.87,95813.62,Possível,Bentivegna e Ribeiro Advogados,Edileuza Lopes Silva,Ribeirão Preto,2ª Vara,Vara Cível,Alienação Fiduciária,Cesar Matos Silva,Cível
2025-05-26 00:00:00,Ativo,Ordinário - Conhecimento,Pacaembu Construtora S/A,0012608-34.2024.8.16.0045,Leandro de Jesus Ferreira da Rocha,Primeira Instância,Réu,40000.0,43146.71,Possível,Bentivegna e Ribeiro Advogados,Celso José Bonifácio Junior,Arapongas,1ª Vara,Vara Cível,Vícios Construtivos e muro de arrimo,Lawrencce Van Hornn Liberatori da Silva,Cível
2024-03-26 00:00:00,Ativo,Ordinário - Conhecimento,Vida Nova Tatuí III Empreendimento Imobiliário Ltda.,1001109-66.2024.8.26.0624,Leandro de Jesus Bastos,Primeira Instância,Réu,40090.96,44142.04,Remota,Escritório Reis & Souza Advogados,Robson Aparecido Camargo Sampaio,Tatuí,3ª Vara,Vara Cível,Alienação Fiduciária,Cesar Matos Silva,Cível
2023-12-05 00:00:00,Ativo,Ordinário - Conhecimento,Pacaembu Construtora S/A,1056622-03.2023.8.26.0576,Leandro da Silva Assunção,Primeira Instância,Réu,20000.0,22321.89,Possível,Bentivegna e Ribeiro Advogados,Guilherme Mendonça Mendes de Oliveira,São José do Rio Preto,6ª Vara,Vara Cível,Muro de Arrimo,Marina Luise Campana Perini,Cível
2024-07-22 00:00:00,Ativo,Ordinário - Conhecimento,Vida Nova Ponta Grossa - Empreendimento Imobiliário Ltda.,5005422-98.2024.4.04.7009,Leandro Carneiro de Souza,Primeira Instância,Réu,90000.0,97439.24,Possível,Bentivegna e Ribeiro Advogados,Davi Bozz Santos,Ponta Grossa,2ª Vara,Vara Federal,Vícios Construtivos,Cesar Matos Silva,Cível
2026-02-02 00:00:00,Ativo,Ordinário - Conhecimento,Pacaembu Piracicaba Com Viva - Empreendimento Imobiliário Ltda.,4000345-92.2026.8.26.0451,Leandro Benedicto Garcia Costa,Primeira Instância,Réu,38800.0,38710.92,Possível,Escritório Reis & Souza Advogados,Stefany Marie Pereira,Piracicaba,3ª Vara,Vara Cível,Vícios Construtivos,Marina Luise Campana Perini,Cível
2025-07-03 00:00:00,Ativo,Ordinário - Conhecimento,Pacaembu Construtora S/A,0006405-22.2025.8.16.0045,Leandra Aparecida Borges,Segunda Instância,Réu,27948.15,29001.46,Possível,Bentivegna e Ribeiro Advogados,Leonardo de Almeida Zanetti,Arapongas,19ª Câmara,Câmara de Direito Privado,Vícios Construtivos,Lawrencce Van Hornn Liberatori da Silva,Cível
2025-03-07 00:00:00,Ativo,Ordinário - Conhecimento,Pacaembu São José do Rio Preto - Empreendimento Imobiliário Ltda.,1055797-25.2024.8.26.0576,Lazaro Sampaio Magalhaes Filho,Segunda Instância,Réu,102000.0,108476.66,Possível,Escritório Reis & Souza Advogados,Luany Capelini Juliano,São José do Rio Preto,5ª Câmara,Câmara de Direito Privado,Vícios Construtivos e muro de arrimo,Marina Luise Campana Perini,Cível
2023-08-03 00:00:00,Ativo,Ordinário - Conhecimento,Pacaembu Piracicaba Incorporadora Ltda.,1013979-17.2023.8.26.0451,Lays dos Santos Alves,Primeira Instância,Réu,30000.0,1734.26,Provável,Bentivegna e Ribeiro Advogados,Yara Regina Araujo Richter,Piracicaba,1ª Vara,Vara Cível,Vícios Construtivos,Marina Luise Campana Perini,Cível
2025-02-03 00:00:00,Ativo,Ordinário - Conhecimento,Pacaembu São José do Rio Preto - Empreendimento Imobiliário Ltda.,1056304-83.2024.8.26.0576,Layra Susan Ramos Salvador,Primeira Instância,Réu,102000.0,108476.66,Possível,Escritório Reis & Souza Advogados,Beatriz Catelani Pereira,São José do Rio Preto,2ª Vara,Vara Cível,Vícios Construtivos e muro de arrimo,Marina Luise Campana Perini,Cível
2024-12-17 00:00:00,Ativo,Ordinário - Conhecimento,Pacaembu São José do Rio Preto - Empreendimento Imobiliário Ltda.,1055357-29.2024.8.26.0576,Layane Agatha Esteves Moraes,Segunda Instância,Réu,102000.0,108476.66,Possível,Escritório Reis & Souza Advogados,Luany Capelini Juliano,São José do Rio Preto,2ª Câmara,Câmara de Direito Privado,Vícios Construtivos e muro de arrimo,Marina Luise Campana Perini,Cível
2025-03-20 00:00:00,Ativo,Ordinário - Conhecimento,Pacaembu São José do Rio Preto - Empreendimento Imobiliário Ltda.,1051884-35.2024.8.26.0576,Lauane Ferreira Garcia,Primeira Instância,Réu,102000.0,108834.63,Possível,Escritório Reis & Souza Advogados,Andressa Cristina Malagolini Aielo,São José do Rio Preto,1ª Vara,Vara Cível,Vícios Construtivos e muro de arrimo,Marina Luise Campana Perini,Cível
2025-04-14 00:00:00,Ativo,Ordinário - Conhecimento,Pacaembu São José do Rio Preto - Empreendimento Imobiliário Ltda.,1000761-61.2025.8.26.0576,Lana Caroline Camargo,Primeira Instância,Réu,102000.0,107958.46,Possível,Escritório Reis & Souza Advogados,Andressa Cristina Malagolini Aielo,São José do Rio Preto,10ª Vara,Vara Cível,Vícios Construtivos e muro de arrimo,Marina Luise Campana Perini,Cível
2024-08-09 00:00:00,Ativo,Ordinário - Conhecimento,Pacaembu Ourinhos Constante - Empreendimento Imobiliário Ltda.,1004999-79.2024.8.26.0408,Lais Vicente Batista,Primeira Instância,Réu,20000.0,21599.17,Possível,Bentivegna e Ribeiro Advogados,Lucas Fernando Varela,Ourinhos,1ª Vara,Vara Cível,Vícios Construtivos,Cesar Matos Silva,Cível
2024-06-05 00:00:00,Ativo,Ordinário - Conhecimento,Poá Empreendimento Imobiliário Ltda,1052426-06.2023.8.26.0506,Laila Francielle Dutra dos Santos,Primeira Instância,Réu,672624.24,757528.09,Remota,Escritório Reis & Souza Advogados,Mara Lucia Catani Marin,Ribeirão Preto,6ª Vara,Vara Cível,Alienação Fiduciária,Cesar Matos Silva,Cível
2025-12-04 00:00:00,Ativo,Ordinário - Conhecimento,Pacaembu Piracicaba Incorporadora Ltda.,4001773-46.2025.8.26.0451,Keven Silva Mendonça,Primeira Instância,Réu,20000.0,20535.44,Possível,Bentivegna e Ribeiro Advogados,Yara Regina Araujo Richter,Piracicaba,6ª Vara,Vara Cível,Vícios Construtivos,Marina Luise Campana Perini,Cível
2023-06-23 00:00:00,Ativo,Ordinário - Conhecimento,Pacaembu Lins III - Empreendimento Imobiliario Spe Ltda,1003765-63.2023.8.26.0322,Kelly Picinato Pereira,Primeira Instância,Réu,30000.0,9999.08,Provável,Bentivegna e Ribeiro Advogados,Sandro Rafael Barioni de Matos,Lins,2ª Vara,Vara Cível,Vícios Construtivos e muro de arrimo,Lawrencce Van Hornn Liberatori da Silva,Cível
2025-02-03 00:00:00,Ativo,Ordinário - Conhecimento,Pacaembu São José do Rio Preto - Empreendimento Imobiliário Ltda.,1056303-98.2024.8.26.0576,Kelly Cristina Nunes,Primeira Instância,Réu,102000.0,108476.66,Possível,Escritório Reis & Souza Advogados,Beatriz Catelani Pereira,São José do Rio Preto,1ª Vara,Vara Cível,Vícios Construtivos e muro de arrimo,Marina Luise Campana Perini,Cível
2025-05-13 00:00:00,Ativo,Ordinário - Conhecimento,Pacaembu Construtora S/A,0005620-60.2025.8.16.0045,Kawane Bruzaferro Carvalho,Segunda Instância,Réu,28463.63,29536.37,Possível,Bentivegna e Ribeiro Advogados,Leonardo de Almeida Zanetti,Arapongas,20ª Câmara Cível de Direito,Câmara de Direito Privado,Vícios Construtivos,Lawrencce Van Hornn Liberatori da Silva,Cível
2026-05-14 00:00:00,Ativo,Ordinário - Conhecimento,Pacaembu Arapongas 1 - Empreendimento Imobiliário Ltda.,0003765-12.2026.8.16.0045,Katia Regina Mendonça Lima Maciel,Primeira Instância,Réu,60000.0,60546.0,Possível,Bentivegna e Ribeiro Advogados,Eduardo Blanco,Arapongas,1ª Vara,Vara Cível,Vícios Construtivos,Lawrencce Van Hornn Liberatori da Silva,Cível
2025-04-03 00:00:00,Ativo,Ordinário - Conhecimento,Pacaembu Construtora S/A,1027255-81.2024.8.26.0451,Katia Juliana Sesso Alves,Primeira Instância,Réu,30000.0,31904.9,Possível,Bentivegna e Ribeiro Advogados,Guilherme Mendonça Mendes de Oliveira,Piracicaba,4ª Vara,Vara Cível,Caixa de Esgoto,Marina Luise Campana Perini,Cível
2025-12-01 00:00:00,Ativo,Ordinário - Conhecimento,Pacaembu Construtora S/A,0013387-52.2025.8.16.0045,Karla Patricia Romero Bermudez,Primeira Instância,Réu,45000.0,46204.74,Possível,Bentivegna e Ribeiro Advogados,Eduardo Alexandre Antoniassi,Arapongas,1ª Vara,Vara Cível,Vícios Construtivos,Marina Luise Campana Perini,Cível
2025-08-01 00:00:00,Ativo,Ordinário - Conhecimento,Pacaembu São José do Rio Preto - Empreendimento Imobiliário Ltda.,1051882-65.2024.8.26.0576,Karen Kelly Noronha Alves,Primeira Instância,Réu,102000.0,108834.63,Possível,Escritório Reis & Souza Advogados,Andressa Cristina Malagolini Aielo,São José do Rio Preto,2ª Vara,Vara Cível,Vícios Construtivos e muro de arrimo,Marina Luise Campana Perini,Cível
2026-02-05 00:00:00,Ativo,Ordinário - Conhecimento,Pacaembu Construtora S/A,1032382-76.2025.8.26.0576,Juraci de Souza,Primeira Instância,Réu,15000.0,15369.24,Possível,Escritório Reis & Souza Advogados,José Roberto Russo,São José do Rio Preto,9ª Vara,Vara Cível,Vícios Construtivos,Marina Luise Campana Perini,Cível
2024-01-04 00:00:00,Ativo,Ordinário - Conhecimento,Pacaembu Piracicaba Incorporadora Ltda.,1025710-10.2023.8.26.0451,Junia Maria Soares,Primeira Instância,Réu,25000.0,27874.49,Possível,Bentivegna e Ribeiro Advogados,Yara Regina Araujo Richter,piracicaba,3ª Vara,Vara Cível,Vícios Construtivos,Marina Luise Campana Perini,Cível
2026-03-02 00:00:00,Ativo,Ordinário - Conhecimento,Pacaembu Construtora S/A,4004661-64.2026.8.26.0576,Jully Graciely da Conceição Batista,Primeira Instância,Réu,60000.0,60885.06,Possível,Escritório Reis & Souza Advogados,José Roberto Russo,São José do Rio Preto,6ª Vara,Vara Cível,Vícios Construtivos e muro de arrimo,Marina Luise Campana Perini,Cível
2026-04-22 00:00:00,Ativo,Ordinário - Conhecimento,Pacaembu Arapongas 2 - Empreendimento Imobiliarios Ltda.,0001023-14.2026.8.16.0045,Julio Cesar Teixeira,Primeira Instância,Réu,60000.0,61122.51,Possível,Bentivegna e Ribeiro Advogados,Eduardo Blanco,Arapongas,1ª Vara,Vara Cível,Vícios Construtivos e muro de arrimo,Lawrencce Van Hornn Liberatori da Silva,Cível
2026-04-10 00:00:00,Ativo,Ordinário - Conhecimento,Pacaembu Piracicaba Com Viva - Empreendimento Imobiliário Ltda.,4003370-16.2026.8.26.0451,Julio Cesar de Jesuz Cruz,Primeira Instância,Réu,37825.57,38197.03,Possível,Escritório Reis & Souza Advogados,Jerusa de Moura,Piracicaba,7ª Vara,Vara Cível,Vícios Construtivos e muro de arrimo,Cesar Matos Silva,Cível
2024-03-13 00:00:00,Ativo,Ordinário - Conhecimento,Pacaembu Piracicaba Incorporadora Ltda.,1002816-06.2024.8.26.0451,Juliana Ferreira dos Santos,Primeira Instância,Réu,25000.0,27564.9,Possível,Bentivegna e Ribeiro Advogados,Everton de Oliveira Gil,Piracicaba,5ª Vara,Vara Cível,Vícios Construtivos,Lawrencce Van Hornn Liberatori da Silva,Cível
2026-04-06 00:00:00,Ativo,Ordinário - Conhecimento,Pacaembu Arapongas 563 - Empreendimento Imobiliário Ltda.,5003895-67.2026.4.04.7001,Juliana de Cassia Baptistone,Primeira Instância,Réu,210000.0,211911.0,Possível,Escritório Reis & Souza Advogados,Rafael Cordeiro Abade,Londrina,3ª Vara Federal,Vara Federal,Ação de Rescisão Contratual,Cesar Matos Silva,Cível
2024-09-11 00:00:00,Ativo,Ordinário - Conhecimento,Pacaembu Piracicaba Incorporadora Ltda.,1019882-96.2024.8.26.0451,Juliana Cristina Barreiros Silva,Primeira Instância,Réu,25000.0,26966.7,Possível,Bentivegna e Ribeiro Advogados,Everton de Oliveira Gil,Piracicaba,6ª Vara,Vara Cível,Vícios Construtivos,Lawrencce Van Hornn Liberatori da Silva,Cível
2026-02-02 00:00:00,Ativo,Ordinário - Conhecimento,Pacaembu Piracicaba Com Viva - Empreendimento Imobiliário Ltda.,4011241-34.2025.8.26.0451,Juliana Cesario Pereira,Primeira Instância,Réu,42010.0,42885.81,Possível,Escritório Reis & Souza Advogados,Stefany Marie Pereira,São Paulo,3ª Vara,Vara Cível,Vícios Construtivos,Marina Luise Campana Perini,Cível
2025-05-20 00:00:00,Ativo,Ordinário - Conhecimento,Pacaembu Construtora S/A,0005948-87.2025.8.16.0045,Josilene de Fátima Juliano Carvalho,Primeira Instância,Réu,28103.22,29162.37,Possível,Bentivegna e Ribeiro Advogados,Leonardo de Almeida Zanetti,Arapongas,1ª Vara,Vara Cível,Vícios Construtivos,Lawrencce Van Hornn Liberatori da Silva,Cível
2025-10-21 00:00:00,Ativo,Ordinário - Conhecimento,Pacaembu Construtora S/A,4005252-60.2025.8.26.0576,Josiele Barbosa da Silva,Primeira Instância,Réu,10000.0,10214.6,Possível,Escritório Reis & Souza Advogados,Marcos Cesar Chagas Perez,São José do Rio Preto,4ª Vara,Vara Cível,Vícios Construtivos,Marina Luise Campana Perini,Cível
2025-07-18 00:00:00,Ativo,Ordinário - Conhecimento,Pacaembu Construtora S/A,1022791-90.2025.8.26.0576,José Pereira Filho,Primeira Instância,Réu,165000.0,170400.6,Possível,Escritório Reis & Souza Advogados,José Roberto Russo,São José do Rio Preto,4ª Vara,Vara Cível,Vícios Construtivos,Marina Luise Campana Perini,Cível
2024-08-30 00:00:00,Ativo,Ordinário - Conhecimento,Pacaembu Piracicaba Incorporadora Ltda.,1019425-64.2024.8.26.0451,Josenildo dos Santos,Primeira Instância,Autor,30417.34,32764.27,Remota,Bentivegna e Ribeiro Advogados,,Limeira,1ª Vara,Vara Cível,Ação de Execução de Título Extrajudicial,Marina Luise Campana Perini,Cível
2026-01-06 00:00:00,Ativo,Ordinário - Conhecimento,Pacaembu Piracicaba Incorporadora Ltda.,1016130-82.2025.8.26.0451,Josenilda Correa de Lima,Primeira Instância,Réu,30000.0,30738.47,Possível,Bentivegna e Ribeiro Advogados,Yara Regina Araujo Richter,Piracicaba,2ª Vara,Vara Cível,Ação de Indenização de Danos Morais e Materiais,Marina Luise Campana Perini,Cível
2026-05-15 00:00:00,Ativo,Ordinário - Conhecimento,Pacaembu Construtora S/A,0013996-35.2025.8.16.0045,Jose Lucas Aparecido Ferreira de Araujo,Primeira Instância,Réu,30000.0,30803.16,Possível,Bentivegna e Ribeiro Advogados,Fernando Hideaki Zavan Yamaguro,Arapongas,2ª Vara,Vara Cível,Vícios Construtivos,Lawrencce Van Hornn Liberatori da Silva,Cível
2024-06-10 00:00:00,Ativo,Ordinário - Conhecimento,Pacaembu Construtora S/A,0001666-40.2024.8.16.0045,Joselaine Galvão de Araújo,Primeira Instância,Réu,40000.0,44103.84,Possível,Bentivegna e Ribeiro Advogados,Sandro Rafael Barioni de Matos,Arapongas,1ª Vara,Vara Cível,Vícios Construtivos,Lawrencce Van Hornn Liberatori da Silva,Cível
2025-08-01 00:00:00,Ativo,Ordinário - Conhecimento,Pacaembu Bauru Azevedo 2 - Empreendimento Imobiliário Ltda.,1013916-94.2025.8.26.0071,José Filho Araújo da Silva,Primeira Instância,Réu,11747.3,4965.3,Provável,Bentivegna e Ribeiro Advogados,Juliana Silva Martinez,Bauru,4ª Vara,Vara Cível,Devolução de sinal,Lawrencce Van Hornn Liberatori da Silva,Cível
2025-05-02 00:00:00,Ativo,Ordinário - Conhecimento,Pacaembu Piracicaba Incorporadora Ltda.,1007504-74.2025.8.26.0451,José Emilio dos Santos de Jesus,Primeira Instância,Réu,30000.0,31130.64,Possível,Bentivegna e Ribeiro Advogados,Yara Regina Araujo Richter,Piracicaba,1ª Vara,Vara Cível,Vícios Construtivos,Marina Luise Campana Perini,Cível
2026-04-01 00:00:00,Ativo,Ordinário - Conhecimento,Pacaembu Arapongas 1 - Empreendimento Imobiliário Ltda.,0001080-32.2026.8.16.0045,Jorge Marcelo dos Santos,Primeira Instância,Réu,60000.0,61122.51,Possível,Bentivegna e Ribeiro Advogados,Eduardo Blanco,Arapongas,1ª Vara,Vara Cível,Vícios Construtivos e muro de arrimo,Lawrencce Van Hornn Liberatori da Silva,Cível
2025-03-07 00:00:00,Ativo,Ordinário - Conhecimento,Pacaembu Construtora S/A,1002776-63.2025.8.26.0071,Jorge Eduardo Pedroso Vigentini,Primeira Instância,Réu,129000.0,136535.7,Possível,Bentivegna e Ribeiro Advogados,Thainan Ferreguti,Bauru,7ª Vara,Vara Cível,Vícios Construtivos,Cesar Matos Silva,Cível
2025-10-30 00:00:00,Ativo,Ordinário - Conhecimento,Pacaembu Construtora S/A,1014322-42.2025.8.26.0451,Jonathan Jardim Ramos da Silva,Primeira Instância,Réu,20000.0,20535.35,Possível,Bentivegna e Ribeiro Advogados,Guilherme Mendonça Mendes de Oliveira,Piracicaba,1ª Vara,Vara Cível,Caixa de Esgoto,Marina Luise Campana Perini,Cível
2024-06-05 00:00:00,Ativo,Ordinário - Conhecimento,Vida Nova Londrina - Empreendimento Imobiliário Ltda.,0033552-53.2024.8.16.0014,Jonatan Narciso da Silva,Primeira Instância,Réu,17998.8,19576.19,Possível,Bentivegna e Ribeiro Advogados,Gabriela Duarte Bianchini,Londrina,7ª Vara,Vara Cível,Ação de Revisão Contratual,Marina Luise Campana Perini,Cível
2025-06-02 00:00:00,Ativo,Ordinário - Conhecimento,Pacaembu São José do Rio Preto - Empreendimento Imobiliário Ltda.,1051880-95.2024.8.26.0576,Jociene Christina Marques da Silva Pereira,Primeira Instância,Réu,102000.0,108834.63,Possível,Escritório Reis & Souza Advogados,Andressa Cristina Malagolini Aielo,São José do Rio Preto,4ª Vara,Vara Cível,Vícios Construtivos e muro de arrimo,Marina Luise Campana Perini,Cível
2023-05-02 00:00:00,Ativo,Ordinário - Conhecimento,Pacaembu Construtora S/A,0068990-14.2022.8.16.0014,Joaquim Vieira,Primeira Instância,Réu,400000.0,463321.76,Possível,Bentivegna e Ribeiro Advogados,Paulo Aparecido Vieira,Londrina,3ª Vara,Vara Cível,Perdas e Danos,Marina Luise Campana Perini,Cível
2026-02-11 00:00:00,Ativo,Ordinário - Conhecimento,Pacaembu Piracicaba Com Viva - Empreendimento Imobiliário Ltda.,1014854-16.2025.8.26.0451,João Victor Ferreira Rodrigues,Primeira Instância,Réu,42010.0,43134.5,Possível,Escritório Reis & Souza Advogados,Stefany Marie Pereira,Piracicaba,4ª Vara,Vara Cível,Vícios Construtivos,Marina Luise Campana Perini,Cível
2024-02-09 00:00:00,Ativo,Ordinário - Conhecimento,Pacaembu Piracicaba Incorporadora Ltda.,1001266-73.2024.8.26.0451,João Lucas Alves Pereira,Primeira Instância,Réu,25000.0,18927.78,Provável,Bentivegna e Ribeiro Advogados,Everton de Oliveira Gil,Piracicaba,2ª Vara,Vara Cível,Vícios Construtivos,Lawrencce Van Hornn Liberatori da Silva,Cível
2024-10-16 00:00:00,Ativo,Ordinário - Conhecimento,Pacaembu Papa Empreendimento Imobiliário Ltda,1044251-70.2024.8.26.0576,João Lance Netto,Primeira Instância,Réu,1000.0,1078.67,Possível,Escritório Reis & Souza Advogados,Pedro Facuri Neto,São José do Rio Preto,4ª Vara,Vara Cível,Muro de Arrimo,Cesar Matos Silva,Cível
2023-12-05 00:00:00,Ativo,Ordinário - Conhecimento,Vida Nova Itapetininga III - Empreendimento Imobiliário Ltda,1071039-65.2022.8.26.0100,Jn Fomento Mercantil ltda Epp.,Primeira Instância,Terceiro interessado,1000.0,1153.48,Remota,Jurídico Interno Cível,Fernanda Elissa de Carvalho Awada,São Paulo,42ª Vara,Vara Cível,Execução de Título Extrajudicial,Marina Luise Campana Perini,Cível
2026-02-05 00:00:00,Ativo,Ordinário - Conhecimento,Pacaembu Construtora S/A,4001869-40.2026.8.26.0576,Jhonny Eduardo Martiniano,Primeira Instância,Réu,10000.0,10187.08,Possível,Escritório Reis & Souza Advogados,Marcos Cesar Chagas Perez,São José do Rio Preto,7ª Vara,Vara Cível,Vícios Construtivos,Marina Luise Campana Perini,Cível
2026-02-02 00:00:00,Ativo,Ordinário - Conhecimento,Pacaembu Piracicaba Com Viva - Empreendimento Imobiliário Ltda.,4008435-26.2025.8.26.0451,Jhessica Campos Sepulveda,Primeira Instância,Réu,68000.0,69438.47,Possível,Escritório Reis & Souza Advogados,Stefany Marie Pereira,Piracicaba,6ª Vara,Vara Cível,Vícios Construtivos,Marina Luise Campana Perini,Cível
2024-04-16 00:00:00,Ativo,Ordinário - Conhecimento,Pacaembu Construtora S/A,0003509-36.2024.8.16.0014,Jheniffer Caroline Silva Oliveira,Primeira Instância,Réu,28110.92,26258.63,Provável,Bentivegna e Ribeiro Advogados,Leonardo de Almeida Zanetti,Londrina,6ª Vara,Vara Cível,Vícios Construtivos,Lawrencce Van Hornn Liberatori da Silva,Cível
2025-09-04 00:00:00,Ativo,Ordinário - Conhecimento,Pacaembu Arapongas 2 - Empreendimento Imobiliarios Ltda.,0012168-04.2025.8.16.0045,Jesus Ferreira Maciel,Primeira Instância,Réu,16704.0,17115.18,Remota,Escritório Reis & Souza Advogados,Jus Postulandi,Arapongas,Vara Única,Juizado Especial Cível,Muro de Arrimo,Marina Luise Campana Perini,Cível
2026-04-01 00:00:00,Ativo,Ordinário - Conhecimento,Pacaembu Piracicaba Incorporadora Ltda.,1014547-62.2025.8.26.0451,Jessica Mariane Lopes de Sousa,Primeira Instância,Réu,10000.0,10267.67,Possível,Bentivegna e Ribeiro Advogados,Everton de Oliveira Gil,Piracicaba,2ª Vara,Vara Cível,Vícios Construtivos,Lawrencce Van Hornn Liberatori da Silva,Cível
2024-12-06 00:00:00,Ativo,Ordinário - Conhecimento,Pacaembu Bauru - Empreendimento Imobiliário Ltda.,1030816-89.2024.8.26.0071,Jéssica Letícia Vitorino,Primeira Instância,Réu,10382.93,11078.65,Remota,Escritório Reis & Souza Advogados,Luciano Francisco de Oliveira,Bauru,3ª Vara,Vara Cível,Alienação Fiduciária,Cesar Matos Silva,Cível
2024-12-26 00:00:00,Ativo,Ordinário - Conhecimento,Pacaembu Bauru - Empreendimento Imobiliário Ltda.,1030813-37.2024.8.26.0071,Jéssica Letícia Vitorino,Primeira Instância,Réu,11606.14,12383.82,Possível,Escritório Reis & Souza Advogados,Luciano Francisco de Oliveira,Bauru,7ª Vara,Vara Cível,Alienação Fiduciária,Cesar Matos Silva,Cível
2025-03-22 00:00:00,Ativo,Ordinário - Conhecimento,Pacaembu Construtora S/A,0012602-27.2024.8.16.0045,Jessica Ataloane de Lima Campelo,Primeira Instância,Réu,40000.0,43146.71,Possível,Bentivegna e Ribeiro Advogados,Celso José Bonifácio Junior,Arapongas,1ª Vara,Vara Cível,Vícios Construtivos e muro de arrimo,Lawrencce Van Hornn Liberatori da Silva,Cível
2025-11-25 00:00:00,Ativo,Ordinário - Conhecimento,Pacaembu Construtora S/A,4009864-28.2025.8.26.0451,Jeremias de Jesus Nascimento,Primeira Instância,Réu,20000.0,20423.08,Possível,Bentivegna e Ribeiro Advogados,Guilherme Mendonça Mendes de Oliveira,Piracicaba,1ª Vara,Vara Cível,Caixa de Esgoto,Marina Luise Campana Perini,Cível
2024-06-10 00:00:00,Ativo,Ordinário - Conhecimento,Pacaembu Piracicaba Incorporadora Ltda.,1011852-72.2024.8.26.0451,Jennifer Rosana Baboni,Primeira Instância,Réu,30000.0,32629.15,Possível,Bentivegna e Ribeiro Advogados,Yara Regina Araujo Richter,Piracicaba,3ª Vara,Vara Cível,Vícios Construtivos,Marina Luise Campana Perini,Cível
2024-06-06 00:00:00,Ativo,Ordinário - Conhecimento,Pacaembu Piracicaba Incorporadora Ltda.,1004888-63.2024.8.26.0451,Jennifer Jéssica Gonçalves,Primeira Instância,Réu,20000.0,13165.91,Provável,Bentivegna e Ribeiro Advogados,Everton de Oliveira Gil,Piracicaba,1ª Vara,Vara Cível,Vícios Construtivos,Lawrencce Van Hornn Liberatori da Silva,Cível
2025-06-02 00:00:00,Ativo,Ordinário - Conhecimento,Pacaembu Construtora S/A,0011759-62.2024.8.16.0045,Jenifer Lins Leonor,Primeira Instância,Réu,40000.0,43146.71,Possível,Bentivegna e Ribeiro Advogados,Celso José Bonifácio Junior,Arapongas,2ª Vara,Vara Cível,Vícios Construtivos e muro de arrimo,Lawrencce Van Hornn Liberatori da Silva,Cível
2022-10-13 00:00:00,Ativo,Ordinário - Conhecimento,Pacaembu Bauru - Empreendimento Imobiliário Ltda.,1024478-70.2022.8.26.0071,Jefferson Camilo Pereira,Primeira Instância,Réu,20726.92,24206.06,Provável,Bentivegna e Ribeiro Advogados,Luiz Sérgio Ribeiro Corrêa Júnior,Bauru,3ª Vara,Vara Cível,Alienação Fiduciária,Cesar Matos Silva,Cível
2025-03-13 00:00:00,Ativo,Ordinário - Conhecimento,Pacaembu Construtora S/A,0011125-66.2024.8.16.0045,Jeferson Moreira Fagotti,Primeira Instância,Réu,40000.0,43086.31,Possível,Bentivegna e Ribeiro Advogados,Celso José Bonifácio Junior,Arapongas,2ª Vara,Vara Cível,Vícios Construtivos e muro de arrimo,Lawrencce Van Hornn Liberatori da Silva,Cível
2026-03-18 00:00:00,Ativo,Ordinário - Conhecimento,Pacaembu Construtora S/A,4002862-03.2026.8.26.0344,Jeferson Henrique Camilo,Primeira Instância,Réu,20000.0,20182.0,Possível,Escritório Reis & Souza Advogados,Guilherme Mendonça Mendes de Oliveira,Marília,5ª Vara,Vara Cível,Vícios Construtivos,Marina Luise Campana Perini,Cível
2024-10-28 00:00:00,Ativo,Ordinário - Conhecimento,Pacaembu Piracicaba Incorporadora Ltda.,1023323-85.2024.8.26.0451,Jeferson Bezerra Lima,Primeira Instância,Réu,25000.0,12701.71,Provável,Bentivegna e Ribeiro Advogados,Everton de Oliveira Gil,Piracicaba,3ª Vara,Vara Cível,Vícios Construtivos,Lawrencce Van Hornn Liberatori da Silva,Cível
2026-05-15 00:00:00,Ativo,Ordinário - Conhecimento,Pacaembu Arapongas 2 - Empreendimento Imobiliarios Ltda.,0003727-97.2026.8.16.0045,Jean Verino Bealliere,Primeira Instância,Réu,60000.0,60546.0,Possível,Bentivegna e Ribeiro Advogados,Eduardo Blanco,Arapongas,1ª Vara,Vara Cível,Vícios Construtivos e muro de arrimo,Lawrencce Van Hornn Liberatori da Silva,Cível
2026-05-15 00:00:00,Ativo,Ordinário - Conhecimento,Pacaembu Arapongas 2 - Empreendimento Imobiliarios Ltda.,0003729-67.2026.8.16.0045,Jean Mirteau Bazelais,Primeira Instância,Réu,60000.0,60546.0,Possível,Bentivegna e Ribeiro Advogados,Eduardo Blanco,Arapongas,1ª Vara,Vara Cível,Vícios Construtivos e muro de arrimo,Lawrencce Van Hornn Liberatori da Silva,Cível
2020-11-19 00:00:00,Ativo,Ordinário - Conhecimento,Pacaembu Construtora S/A,1044746-56.2020.8.26.0576,Jeane Pedretti,Primeira Instância,Réu,10450.0,14491.44,Possível,Bentivegna e Ribeiro Advogados,Nelsi Cassia Gomes Silva,São José do Rio Preto,5ª Vara,Vara Cível,Indenização por Danos Morais e Materiais,Marina Luise Campana Perini,Cível
2025-04-02 00:00:00,Ativo,Ordinário - Conhecimento,Pacaembu São José do Rio Preto - Empreendimento Imobiliário Ltda.,1055997-32.2024.8.26.0576,Jean Cesar Menechelli,Segunda Instância,Réu,102000.0,108476.66,Possível,Escritório Reis & Souza Advogados,Beatriz Catelani Pereira,São José do Rio Preto,6ª Câmara,Câmara de Direito Privado,Vícios Construtivos e muro de arrimo,Marina Luise Campana Perini,Cível
2023-07-17 00:00:00,Ativo,Ordinário - Conhecimento,Pacaembu Lins III - Empreendimento Imobiliario Spe Ltda,1003762-11.2023.8.26.0322,Jean Carlos Porto Vancin,Primeira Instância,Réu,40000.0,10142.09,Provável,Bentivegna e Ribeiro Advogados,Sandro Rafael Barioni de Matos,Lins,1ª Vara,Vara Cível,Vícios Construtivos e muro de arrimo,Lawrencce Van Hornn Liberatori da Silva,Cível
2023-05-22 00:00:00,Ativo,Ordinário - Conhecimento,Pacaembu Construtora S/A,1024972-35.2023.8.26.0576,Jardim California Empreendimentos Imobiliarios Spe ltda,Primeira Instância,Autor,328339.68,368659.58,Possível,Jurídico Interno Cível,Karina Mara Roda Perissotto,São José do Rio Preto,1ª Vara,Vara Cível,Monitória,Cesar Matos Silva,Cível
2025-03-13 00:00:00,Ativo,Ordinário - Conhecimento,Pacaembu São José do Rio Preto - Empreendimento Imobiliário Ltda.,1054589-06.2024.8.26.0576,Jaqueline Galdino dos Santos,Primeira Instância,Réu,102000.0,108476.66,Possível,Escritório Reis & Souza Advogados,Luany Capelini Juliano,São José do Rio Preto,1ª Vara,Vara Cível,Vícios Construtivos e muro de arrimo,Marina Luise Campana Perini,Cível
2025-02-03 00:00:00,Ativo,Ordinário - Conhecimento,Pacaembu Arapongas 1 - Empreendimento Imobiliário Ltda.,0011123-96.2024.8.16.0045,Janaine Pineti Francisco,Primeira Instância,Réu,40000.0,43086.31,Possível,Bentivegna e Ribeiro Advogados,Celso José Bonifácio Junior,Arapongas,1ª Vara,Vara Cível,Vícios Construtivos e muro de arrimo,Lawrencce Van Hornn Liberatori da Silva,Cível
2025-09-16 00:00:00,Ativo,Ordinário - Conhecimento,Pacaembu Construtora S/A,1014308-58.2025.8.26.0451,Janaine Alves Moreira,Primeira Instância,Réu,20000.0,20535.35,Possível,Bentivegna e Ribeiro Advogados,Guilherme Mendonça Mendes de Oliveira,Piracicaba,5ª Vara,Vara Cível,Caixa de Esgoto,Marina Luise Campana Perini,Cível
2025-10-21 00:00:00,Ativo,Ordinário - Conhecimento,Pacaembu Construtora S/A,1005562-39.2025.8.26.0408,Janaina Ruiz Cardoso Ribeiro,Primeira Instância,Réu,10000.0,10267.72,Possível,Escritório Reis & Souza Advogados,Fernando Alves de Moura,Ourinhos,3ª Vara,Vara Cível,Negativação indevida,Lawrencce Van Hornn Liberatori da Silva,Cível
2026-03-01 00:00:00,Ativo,Ordinário - Conhecimento,Pacaembu Construtora S/A,1034913-38.2025.8.26.0576,Janaina Ermelinda de Almeida,Primeira Instância,Réu,15000.0,15369.24,Possível,Escritório Reis & Souza Advogados,Marcos Chagas Perez,São José do Rio Preto,5ª Vara,Vara Cível,Vícios Construtivos,Marina Luise Campana Perini,Cível
2025-12-01 00:00:00,Ativo,Ordinário - Conhecimento,Pacaembu Construtora S/A,4000895-11.2025.8.26.0132,Jackeline Soares de Oliveira,Primeira Instância,Réu,25581.0,26129.98,Possível,Escritório Reis & Souza Advogados,Hugo Renato Vinhatico de Britto,Catanduva,2ª Vara,Vara Cível,Negativação indevida,Lawrencce Van Hornn Liberatori da Silva,Cível
2025-01-13 00:00:00,Ativo,Ordinário - Conhecimento,Pacaembu São José do Rio Preto - Empreendimento Imobiliário Ltda.,1053529-95.2024.8.26.0576,Jackeline Navarro Amorim,Primeira Instância,Réu,102000.0,108330.48,Possível,Escritório Reis & Souza Advogados,Luany Capelini Juliano,São José do Rio Preto,1ª Vara,Vara Cível,Vícios Construtivos e muro de arrimo,Marina Luise Campana Perini,Cível
2025-03-13 00:00:00,Ativo,Ordinário - Conhecimento,Pacaembu Construtora S/A,0011122-14.2024.8.16.0045,Jacir Casturino Antunes Soares,Primeira Instância,Réu,40000.0,43086.31,Possível,Bentivegna e Ribeiro Advogados,Celso José Bonifácio Junior,Arapongas,2ª Vara,Vara Cível,Vícios Construtivos e muro de arrimo,Lawrencce Van Hornn Liberatori da Silva,Cível
2026-04-01 00:00:00,Ativo,Ordinário - Conhecimento,Pacaembu Piracicaba Incorporadora Ltda.,1020950-88.2025.8.26.0114,Izildinha Silvia Rosa de Oliveira,Primeira Instância,Réu,20000.0,20753.76,Possível,Bentivegna e Ribeiro Advogados,Guilherme Mendonça Mendes de Oliveira,Campinas,8ª Vara,Vara Cível,Caixa de Esgoto,Marina Luise Campana Perini,Cível
2026-03-01 00:00:00,Ativo,Ordinário - Conhecimento,Pacaembu Construtora S/A,4004537-81.2026.8.26.0576,Ivanilton Fernandes Oliveira,Primeira Instância,Réu,10000.0,10147.51,Possível,Escritório Reis & Souza Advogados,Marcos Cesar Chagas Perez,São José do Rio Preto,8ª Vara,Vara Cível,Vícios Construtivos,Marina Luise Campana Perini,Cível
2026-03-01 00:00:00,Ativo,Ordinário - Conhecimento,Pacaembu Construtora S/A,0013033-27.2025.8.16.0045,Ivan Carlos Pegorer,Segunda Instância,Réu,45000.0,46204.74,Possível,Bentivegna e Ribeiro Advogados,Eduardo Alexandre Antoniassi,Arapongas,2ª Vara,Vara Cível,Vícios Construtivos e muro de arrimo,Marina Luise Campana Perini,Cível
2025-02-24 00:00:00,Ativo,Ordinário - Conhecimento,Pacaembu Construtora S/A,0083917-14.2024.8.16.0014,Israel Antônio Pina,Primeira Instância,Réu,12996.0,5309.52,Provável,Bentivegna e Ribeiro Advogados,Celso José Bonifácio Junior,Londrina,4ª Vara,Juizado Especial Cível,Cobrança indevida - ITBI,Lawrencce Van Hornn Liberatori da Silva,Cível
2025-01-22 00:00:00,Ativo,Ordinário - Conhecimento,Pacaembu Construtora S/A,0065627-48.2024.8.16.0014,Israel Antônio Pina,Primeira Instância,Réu,40000.0,43146.71,Possível,Bentivegna e Ribeiro Advogados,Celso José Bonifácio Junior,Londrina,5ª Vara,Vara Cível,Vícios Construtivos e muro de arrimo,Lawrencce Van Hornn Liberatori da Silva,Cível
2025-03-05 00:00:00,Ativo,Ordinário - Conhecimento,Pacaembu Piracicaba Incorporadora Ltda.,1007269-44.2024.8.26.0451,Isolda Fernandes da Silva,Primeira Instância,Réu,25000.0,27291.57,Possível,Bentivegna e Ribeiro Advogados,Everton de Oliveira Gil,Piracicaba,2ª Vara,Vara Cível,Vícios Construtivos,Lawrencce Van Hornn Liberatori da Silva,Cível
2025-03-20 00:00:00,Ativo,Ordinário - Conhecimento,Pacaembu Construtora S/A,1035879-35.2024.8.26.0576,Ismael Marques de Oliveira,Segunda Instância,Réu,15500.0,16695.94,Possível,Escritório Reis & Souza Advogados,Wadi Atique,São José do Rio Preto,1ª Câmara,Câmara de Direito Privado,Vícios Construtivos,Lawrencce Van Hornn Liberatori da Silva,Cível
2026-04-17 00:00:00,Ativo,Ordinário - Conhecimento,Pacaembu Arapongas 2 - Empreendimento Imobiliarios Ltda.,0001079-47.2026.8.16.0045,Isaque Antunes,Primeira Instância,Réu,60000.0,61122.51,Possível,Bentivegna e Ribeiro Advogados,Eduardo Blanco,Arapongas,1ª Vara,Vara Cível,Vícios Construtivos e muro de arrimo,Lawrencce Van Hornn Liberatori da Silva,Cível
2025-08-06 00:00:00,Ativo,Ordinário - Conhecimento,Pacaembu Construtora S/A (Filial),1024770-87.2025.8.26.0576,Isabel Soares da Silva,Primeira Instância,Réu,120000.0,123495.47,Possível,Escritório Reis & Souza Advogados,José Roberto Russo,São José do Rio Preto,8ª Vara,Vara Cível,Vícios Construtivos,Marina Luise Campana Perini,Cível
2025-04-01 00:00:00,Ativo,Ordinário - Conhecimento,Pacaembu São José do Rio Preto - Empreendimento Imobiliário Ltda.,1056301-31.2024.8.26.0576,Isabella Maria Simonato,Primeira Instância,Réu,102000.0,108476.66,Possível,Escritório Reis & Souza Advogados,Beatriz Catelani Pereira,São José do Rio Preto,1ª Vara,Vara Cível,Vícios Construtivos e muro de arrimo,Marina Luise Campana Perini,Cível
2025-08-01 00:00:00,Ativo,Ordinário - Conhecimento,Pacaembu Construtora S/A,0012336-40.2024.8.16.0045,Iranilde Silva Brasil,Primeira Instância,Réu,40000.0,43146.71,Possível,Bentivegna e Ribeiro Advogados,Celso José Bonifácio Junior,Arapongas,2ª Vara,Vara Cível,Vícios Construtivos e muro de arrimo,Lawrencce Van Hornn Liberatori da Silva,Cível
2025-01-23 00:00:00,Ativo,Ordinário - Conhecimento,Pacaembu São José do Rio Preto - Empreendimento Imobiliário Ltda.,1057424-64.2024.8.26.0576,Ioneide Alves de Freitas,Primeira Instância,Réu,102000.0,108476.66,Possível,Escritório Reis & Souza Advogados,Luany Capelini Juliano,São José do Rio Preto,5ª Vara,Vara Cível,Vícios Construtivos e muro de arrimo,Marina Luise Campana Perini,Cível
2024-04-05 00:00:00,Ativo,Ordinário - Conhecimento,Pacaembu Lins III - Empreendimento Imobiliario Spe Ltda,1001833-06.2024.8.26.0322,Iolanda dos Santos Moreno,Primeira Instância,Réu,163000.0,11381.85,Provável,Bentivegna e Ribeiro Advogados,Maria Conceição da Silva,Lins,2ª Vara,Vara Cível,Negativação indevida,Lawrencce Van Hornn Liberatori da Silva,Cível
2025-10-14 00:00:00,Ativo,Ordinário - Conhecimento,Pacaembu Construtora S/A,4003804-52.2025.8.26.0576,Indaiá Maria de Souza Silva,Primeira Instância,Réu,10000.0,10267.72,Possível,Escritório Reis & Souza Advogados,Marcos Cesar Chagas Perez,São José do Rio Preto,3ª Vara,Vara Cível,Vícios Construtivos,Marina Luise Campana Perini,Cível
2024-05-17 00:00:00,Ativo,Ordinário - Conhecimento,Pacaembu São José do Rio Preto - Empreendimento Imobiliário Ltda.,1056624-70.2023.8.26.0576,Igor Marcelo Ferreira da Silva,Primeira Instância,Réu,20000.0,22321.89,Possível,Bentivegna e Ribeiro Advogados,Guilherme Mendonça Mendes de Oliveira,São José do Rio Preto,4ª Vara,Vara Cível,Muro de Arrimo,Marina Luise Campana Perini,Cível
2025-05-02 00:00:00,Ativo,Ordinário - Conhecimento,Pacaembu Construtora S/A,1001025-23.2025.8.26.0368,Igor Gomes de Andrade,Segunda Instância,Réu,20000.0,20859.6,Possível,Escritório Reis & Souza Advogados,Guilherme Mendonça Mendes de Oliveira,Monte Alto,10ª Câmara,Câmara de Direito Privado,Vícios Construtivos,Marina Luise Campana Perini,Cível
2024-02-02 00:00:00,Ativo,Ordinário - Conhecimento,Pacaembu Arapongas 1 - Empreendimento Imobiliário Ltda.,0015872-93.2023.8.16.0045,Igor Antônio Rodrigues,Primeira Instância,Réu,8593.0,9590.6,Possível,Bentivegna e Ribeiro Advogados,Pedro Alexandre Pronievicz Barreto,Arapongas,2ª Vara,Vara Cível,Muro de Arrimo,Cesar Matos Silva,Cível
2025-12-09 00:00:00,Ativo,Ordinário - Conhecimento,Pacaembu Construtora S/A,4009949-14.2025.8.26.0451,Igles Dias Bicalho,Primeira Instância,Réu,20000.0,20423.08,Possível,Bentivegna e Ribeiro Advogados,Guilherme Mendonça Mendes de Oliveira,Piracicaba,4ª Vara,Vara Cível,Caixa de Esgoto,Marina Luise Campana Perini,Cível
2025-12-09 00:00:00,Ativo,Ordinário - Conhecimento,Poá Empreendimento Imobiliário Ltda,4014132-57.2025.8.26.0506,Iara Felismina de Oliveira Santos,Primeira Instância,Autor,9771.19,9974.9,Possível,Bentivegna e Ribeiro Advogados,Indeterminado,Ribeirão Preto,7ª Vara,Vara Cível,Obrigação de Fazer / Não Fazer,Cesar Matos Silva,Cível
2026-02-06 00:00:00,Ativo,Ordinário - Conhecimento,Pacaembu Construtora S/A,4012138-75.2025.8.26.0576,Ian Rodrigo Cruz,Primeira Instância,Réu,10000.0,10208.48,Possível,Escritório Reis & Souza Advogados,Marcos Chagas Perez,São José do Rio Preto,6ª Vara,Vara Cível,Vícios Construtivos,Marina Luise Campana Perini,Cível
2025-12-30 00:00:00,Ativo,Ordinário - Conhecimento,Pacaembu Construtora S/A,4008834-84.2025.8.26.0506,Iago Sestari Machado,Primeira Instância,Réu,50000.0,51073.02,Possível,Escritório Reis & Souza Advogados,Fracele Cristina Machado,Ribeirão Preto,11ª Vara,Vara Cível,Vícios Construtivos,Cesar Matos Silva,Cível
2026-05-01 00:00:00,Ativo,Ordinário - Conhecimento,Pacaembu Construtora S/A,0000053-14.2026.8.16.0045,Heloisa do Nascimento de Sales,Primeira Instância,Réu,60000.0,61122.51,Possível,Escritório Reis & Souza Advogados,Eduardo Blanco,Arapongas,1ª Vara,Vara Cível,Vícios Construtivos,Lawrencce Van Hornn Liberatori da Silva,Cível
2025-09-12 00:00:00,Ativo,Ordinário - Conhecimento,Pacaembu Construtora S/A,1014106-81.2025.8.26.0451,Hellen Ester da Conceicao Ferreira,Primeira Instância,Réu,40000.0,41070.7,Possível,Bentivegna e Ribeiro Advogados,Guilherme Mendonça Mendes de Oliveira,Piracicaba,3ª Vara,Vara Cível,Caixa de Esgoto,Marina Luise Campana Perini,Cível
2026-04-01 00:00:00,Ativo,Ordinário - Conhecimento,Vida Nova Sao Carlos - Empreendimento Imobiliario LTDA,4004264-69.2025.8.26.0566,Havelange dos Santos Cruz,Segunda Instância,Réu,23426.04,23914.42,Possível,Bentivegna e Ribeiro Advogados,Itamar Crivelari Muniz,São Carlos,9ª Câmara,Câmara de Direito Privado,Inexistência e inexigibilidade de débito,Marina Luise Campana Perini,Cível
2025-06-09 00:00:00,Ativo,Ordinário - Conhecimento,Pacaembu Construtora S/A,1002259-82.2025.8.26.0451,Gustavo Ferreira de Souza,Segunda Instância,Réu,40000.0,42336.65,Possível,Escritório Reis & Souza Advogados,Yara Regina Araujo Richter,Piracicaba,5ª Câmara,Câmara de Direito Privado,Vícios Construtivos,Marina Luise Campana Perini,Cível
2024-12-26 00:00:00,Ativo,Ordinário - Conhecimento,Pacaembu São José do Rio Preto - Empreendimento Imobiliário Ltda.,1056300-46.2024.8.26.0576,Guilherme Ribeiro da Silva,Primeira Instância,Réu,102000.0,108476.66,Possível,Escritório Reis & Souza Advogados,Beatriz Catelani Pereira,São José do Rio Preto,1ª Vara,Vara Cível,Vícios Construtivos e muro de arrimo,Marina Luise Campana Perini,Cível
2023-07-13 00:00:00,Ativo,Ordinário - Conhecimento,Pacaembu Lins III - Empreendimento Imobiliario Spe Ltda,1003771-70.2023.8.26.0322,Guilherme Moraes de Lima,Primeira Instância,Réu,30000.0,23302.37,Provável,Bentivegna e Ribeiro Advogados,Sandro Rafael Barioni de Matos,Lins,3ª Vara,Vara Cível,Vícios Construtivos e muro de arrimo,Lawrencce Van Hornn Liberatori da Silva,Cível
2025-05-28 00:00:00,Ativo,Ordinário - Conhecimento,Pacaembu Piracicaba Com Viva - Empreendimento Imobiliário Ltda.,1004329-72.2025.8.26.0451,Guilherme Henrique da Silva Manoel,Primeira Instância,Réu,40000.0,41719.21,Possível,Escritório Reis & Souza Advogados,Yara Regina Araujo Richter,Piracicaba,3ª Vara,Vara Cível,Vícios Construtivos e muro de arrimo,Marina Luise Campana Perini,Cível
2026-05-13 00:00:00,Ativo,Ordinário - Conhecimento,Pacaembu Piracicaba Incorporadora Ltda.,1010068-26.2025.8.26.0451,Guilherme de Moraes Alexandre,Primeira Instância,Réu,20000.0,20654.62,Possível,Bentivegna e Ribeiro Advogados,Guilherme Mendonça Mendes de Oliveira,Piracicaba,1ª Vara,Vara Cível,Caixa de Esgoto,Marina Luise Campana Perini,Cível
2023-10-25 00:00:00,Ativo,Ordinário - Conhecimento,Pacaembu Piracicaba Com Viva - Empreendimento Imobiliário Ltda. (Filial),1020757-03.2023.8.26.0451,Guilherme da Silva Araujo,Primeira Instância,Réu,25000.0,18969.4,Provável,Bentivegna e Ribeiro Advogados,Everton de Oliveira Gil,Piracicaba,3ª Vara,Vara Cível,Erro no produto,Lawrencce Van Hornn Liberatori da Silva,Cível
2023-07-13 00:00:00,Ativo,Ordinário - Conhecimento,Pacaembu Lins III - Empreendimento Imobiliario Spe Ltda,1003913-74.2023.8.26.0322,Guilherme Carminato Dutra,Primeira Instância,Réu,30000.0,33563.15,Possível,Bentivegna e Ribeiro Advogados,Sandro Rafael Barioni de Matos,Lins,3ª Vara,Vara Cível,Vícios Construtivos e muro de arrimo,Lawrencce Van Hornn Liberatori da Silva,Cível
2024-10-01 00:00:00,Ativo,Ordinário - Conhecimento,Pacaembu Água Santa - Empreendimento Imobiliário Ltda.,1044115-73.2024.8.26.0576,Guilherme Capatti Cardoso,Primeira Instância,Autor,1000.0,1078.67,Possível,Jurídico Interno Cível,Jus Postulandi,São José do Rio Preto,10ª Vara,Vara Cível,Adjudicação Compulsória,Marina Luise Campana Perini,Cível
2025-09-12 00:00:00,Ativo,Ordinário - Conhecimento,Pacaembu Água Santa - Empreendimento Imobiliário Ltda.,1035925-87.2025.8.26.0576,Guilherme Capatti Cardoso,Primeira Instância,Réu,30000.0,30803.16,Possível,Escritório Reis & Souza Advogados,Guilherme Capatti Cardoso,São José do Rio Preto,3ª Vara,Vara Cível,Indenização por Danos Morais,Cesar Matos Silva,Cível
2026-02-03 00:00:00,Ativo,Ordinário - Conhecimento,Pacaembu Construtora S/A,4009950-96.2025.8.26.0451,Glaucimar Ramos dos Santos,Primeira Instância,Réu,40000.0,40846.16,Possível,Bentivegna e Ribeiro Advogados,Guilherme Mendonça Mendes de Oliveira,Piracicaba,3ª Vara,Vara Cível,Caixa de Esgoto,Marina Luise Campana Perini,Cível
2025-12-17 00:00:00,Ativo,Ordinário - Conhecimento,Pacaembu Construtora S/A,0013388-37.2025.8.16.0045,Glaucia das Graças Palacio Padua,Primeira Instância,Réu,45000.0,46204.74,Possível,Bentivegna e Ribeiro Advogados,Eduardo Alexandre Antoniassi,Arapongas,2ª Vara,Vara Cível,Vícios Construtivos e muro de arrimo,Marina Luise Campana Perini,Cível
2025-10-03 00:00:00,Ativo,Ordinário - Conhecimento,Pacaembu Piracicaba Incorporadora Ltda.,1014712-12.2025.8.26.0451,Gisele Cristina do Carmo,Primeira Instância,Réu,20000.0,20535.35,Possível,Bentivegna e Ribeiro Advogados,Yara Regina Araujo Richter,Piracicaba,4ª Vara,Vara Cível,Vícios Construtivos,Marina Luise Campana Perini,Cível
2026-02-05 00:00:00,Ativo,Ordinário - Conhecimento,Pacaembu Construtora S/A,0014155-75.2025.8.16.0045,Gisele Ane Silva Martins,Segunda Instância,Réu,40000.0,40858.41,Possível,Bentivegna e Ribeiro Advogados,Celso José Bonifácio Junior,Arapongas,20ª Câmara,Câmara Cível,Vícios Construtivos e muro de arrimo,Lawrencce Van Hornn Liberatori da Silva,Cível
2026-04-01 00:00:00,Ativo,Ordinário - Conhecimento,Pacaembu Araçatuba I - Empreendimento Imobiliário LTDA,4002737-98.2026.8.26.0032,Giovanna Campos Conceição,Segunda Instância,Réu,220000.0,222002.0,Possível,Bentivegna e Ribeiro Advogados,Jessica Heloisa dos Santos Campos,Araçatuba,10ª Câmara,Câmara de Direito Privado,Ação de Revisão Contratual,Cesar Matos Silva,Cível
2025-09-09 00:00:00,Ativo,Ordinário - Conhecimento,Pacaembu Construtora S/A,0015065-39.2024.8.16.0045,Gilson Marco Ferreira de Lima,Primeira Instância,Réu,40000.0,42680.25,Possível,Bentivegna e Ribeiro Advogados,Celso José Bonifácio Junior,Arapongas,2ª Vara,Vara Cível,Vícios Construtivos e muro de arrimo,Lawrencce Van Hornn Liberatori da Silva,Cível
2025-10-03 00:00:00,Ativo,Ordinário - Conhecimento,Pacaembu Água Santa - Empreendimento Imobiliário Ltda.,1016761-39.2025.8.26.0576,Gessica Mendonça de Oliveira,Primeira Instância,Réu,20000.0,20753.76,Possível,Escritório Reis & Souza Advogados,Guilherme Mendonça Mendes de Oliveira,São José do Rio Preto,1ª Vara,Vara Cível,Vícios Construtivos,Marina Luise Campana Perini,Cível
2025-08-01 00:00:00,Ativo,Ordinário - Conhecimento,Pacaembu Bauru - Empreendimento Imobiliário Ltda.,1009912-14.2025.8.26.0071,Gerson Gustavo Rocha da Silva,Segunda Instância,Réu,100000.0,103768.8,Possível,Escritório Reis & Souza Advogados,Daniela Marzola,Bauru,4ª Câmara de Direito Público,Câmara de Direito Público,Vícios Construtivos,Cesar Matos Silva,Cível
2023-07-03 00:00:00,Ativo,Ordinário - Conhecimento,Vida Nova Tatuí III Empreendimento Imobiliário Ltda.,1003501-13.2023.8.26.0624,Geraldo Cunha Neto,Primeira Instância,Réu,31983.0,45457.48,Provável,Bentivegna e Ribeiro Advogados,Eduardo de Jesus Tavares Filho,Tatuí,1ª Vara,Vara Cível,Alienação Fiduciária,Cesar Matos Silva,Cível
2026-04-01 00:00:00,Ativo,Ordinário - Conhecimento,Pacaembu Taubate - Empreendimento Imobiliário LTDA,4002062-39.2025.8.26.0625,Geovane Marcondes da Silva,Primeira Instância,Réu,264000.0,269665.53,Possível,Escritório Reis & Souza Advogados,Leonardo de Oliveira Barone,Taubaté,3ª Vara,Vara Cível,Ação de Rescisão Contratual,Cesar Matos Silva,Cível
2026-05-01 00:00:00,Ativo,Ordinário - Conhecimento,Pacaembu Construtora S/A,0014039-69.2025.8.16.0045,Geovana Morais Valerio,Primeira Instância,Réu,30000.0,30650.29,Possível,Escritório Reis & Souza Advogados,Fernando Hideaki Zavan Yamaguro,Arapongas,1ª Vara,Vara Cível,Vícios Construtivos,Marina Luise Campana Perini,Cível
2026-04-07 00:00:00,Ativo,Ordinário - Conhecimento,Pacaembu Construtora S/A,4001831-64.2026.8.26.0079,Georgia Charlene Silva,Primeira Instância,Réu,20000.0,20182.0,Possível,Escritório Reis & Souza Advogados,Anaise Christine Bosco Pacheco,Botucatu,2ª Vara,Vara Cível,Muro de Arrimo,Marina Luise Campana Perini,Cível
2024-03-11 00:00:00,Ativo,Ordinário - Conhecimento,Pacaembu Bauru - Empreendimento Imobiliário Ltda.,0008362-35.2024.8.26.0071,Geni de Sousa Santos,Primeira Instância,Réu,15600.0,17200.5,Possível,Bentivegna e Ribeiro Advogados,Fabio Jose de Souza,Bauru,2ª Vara,Vara Cível,Vícios Construtivos,Marina Luise Campana Perini,Cível
2026-02-24 00:00:00,Ativo,Ordinário - Conhecimento,Pacaembu Palotina 384 - Empreendimento Imobiliário Ltda,0000332-48.2026.8.16.0126,Gabriel Zanella Schneider,Primeira Instância,Réu,4863.08,4934.82,Possível,Escritório Reis & Souza Advogados,Laudio Luiz Souder,Palotina,Vara Única,Vara Cível,Ação de Rescisão Contratual,Cesar Matos Silva,Cível
2026-05-01 00:00:00,Ativo,Ordinário - Conhecimento,Pacaembu Piracicaba Com Viva - Empreendimento Imobiliário Ltda.,4004877-12.2026.8.26.0451,Gabriel Togni Correa,Segunda Instância,Réu,35938.75,35938.75,Possível,Escritório Reis & Souza Advogados,Guilherme Henrique Domingues,Piracicaba,7ª Câmara,Câmara de Direito Privado,,Marina Luise Campana Perini,Cível
2025-02-04 00:00:00,Ativo,Ordinário - Conhecimento,Pacaembu Ourinhos Constante - Empreendimento Imobiliário Ltda.,1007792-88.2024.8.26.0408,Gabriel Moraes Rodrigues Silva,Primeira Instância,Réu,33581.42,36050.16,Possível,Bentivegna e Ribeiro Advogados,Fernando Alves de Moura,Ourinhos,2ª Vara,Vara Cível,Recursos Próprios,Marina Luise Campana Perini,Cível
2024-10-01 00:00:00,Ativo,Ordinário - Conhecimento,Pacaembu Construtora S/A,5001132-19.2023.4.03.6131,Gabrielle Silva Pinheiro,Primeira Instância,Réu,182900.0,204920.75,Possível,Escritório Reis & Souza Advogados,Daniella Muniz Souza,Botucatu,1ª Vara,Juizado Especial Federal Cível,Ação de Rescisão Contratual,Marina Luise Campana Perini,Cível
2024-10-01 00:00:00,Ativo,Ordinário - Conhecimento,Pacaembu Piracicaba Incorporadora Ltda.,1019951-31.2024.8.26.0451,Gabriel Kaique Henrique Constantino,Primeira Instância,Réu,25000.0,13050.39,Provável,Bentivegna e Ribeiro Advogados,Everton de Oliveira Gil,Piracicaba,3ª Vara,Vara Cível,Vícios Construtivos,Lawrencce Van Hornn Liberatori da Silva,Cível
2026-05-04 00:00:00,Ativo,Ordinário - Conhecimento,Pacaembu Construtora S/A,4000862-13.2026.8.26.0576,Gabriel Fernando dos Santos Damasceno,Primeira Instância,Réu,10000.0,10187.08,Possível,Escritório Reis & Souza Advogados,Marcos Cesar Chagas Perez,São José do Rio Preto,4ª Vara,Vara Cível,Vícios Construtivos,Marina Luise Campana Perini,Cível
2023-05-10 00:00:00,Ativo,Ordinário - Conhecimento,Pacaembu Bauru - Empreendimento Imobiliário Ltda.,0009674-80.2023.8.26.0071,Gabriel Bispo da Silva,Primeira Instância,Réu,15600.0,17608.5,Possível,Bentivegna e Ribeiro Advogados,Fabio Jose de Souza,Bauru,2ª Vara,Vara Cível,Vícios Construtivos,Marina Luise Campana Perini,Cível
2025-04-01 00:00:00,Ativo,Ordinário - Conhecimento,Pacaembu Construtora S/A,1027252-29.2024.8.26.0451,Gabriela Caroline Iacope,Primeira Instância,Réu,30000.0,31904.9,Possível,Bentivegna e Ribeiro Advogados,Guilherme Mendonça Mendes de Oliveira,Piracicaba,3ª Vara,Vara Cível,Caixa de Esgoto,Marina Luise Campana Perini,Cível
2026-05-01 00:00:00,Ativo,Ordinário - Conhecimento,Pacaembu Arapongas 2 - Empreendimento Imobiliarios Ltda.,0017325-55.2025.8.16.0045,Francielle de Souza dos Santos,Segunda Instância,Réu,68563.16,69992.55,Possível,Escritório Reis & Souza Advogados,Eduardo Alexandre Antoniassi,Arapongas,19ª Camara,Câmara de Direito Privado,Vícios Construtivos e muro de arrimo,Marina Luise Campana Perini,Cível
2025-03-14 00:00:00,Ativo,Ordinário - Conhecimento,Pacaembu Lins III - Empreendimento Imobiliario Spe Ltda,1002913-02.2025.8.26.0344,Francieli Feltri Limão,Segunda Instância,Réu,15232.24,16122.05,Possível,Escritório Reis & Souza Advogados,João Pedro Leal da Cruz Lisboa,Marília,7ª Câmara,Câmara de Direito Privado,Vícios Construtivos,Marina Luise Campana Perini,Cível
2026-02-09 00:00:00,Ativo,Ordinário - Conhecimento,Pacaembu Piracicaba Incorporadora Ltda.,4003556-73.2025.8.26.0451,Franciele Wust Grance,Primeira Instância,Réu,40000.0,40858.41,Possível,Bentivegna e Ribeiro Advogados,Yara Regina Araujo Richter,Piracicaba,5ª Vara,Vara Cível,Vícios Construtivos,Cesar Matos Silva,Cível
2026-03-19 00:00:00,Ativo,Ordinário - Conhecimento,Pacaembu Construtora S/A,0013994-65.2025.8.16.0045,Franciane Dias Lemes,Primeira Instância,Réu,30000.0,30803.16,Possível,Bentivegna e Ribeiro Advogados,Fernando Hideaki Zavan Yamaguro,Arapongas,2ª Vara,Vara Cível,Vícios Construtivos,Marina Luise Campana Perini,Cível
2024-12-02 00:00:00,Ativo,Ordinário - Conhecimento,Pacaembu São José do Rio Preto - Empreendimento Imobiliário Ltda.,1053450-19.2024.8.26.0576,Flávia Rebeca Fabio,Primeira Instância,Réu,102000.0,108352.8,Possível,Escritório Reis & Souza Advogados,Luany Capelini Juliano,São José do Rio Preto,9ª Vara,Vara Cível,Vícios Construtivos e muro de arrimo,Marina Luise Campana Perini,Cível
2024-11-11 00:00:00,Ativo,Ordinário - Conhecimento,Pacaembu Construtora S/A,0011121-29.2024.8.16.0045,Fernando Henrique Fogaça de Oliveira,Primeira Instância,Réu,40000.0,43086.31,Possível,Bentivegna e Ribeiro Advogados,Celso José Bonifácio Junior,Arapongas,1ª Vara,Vara Cível,Vícios Construtivos e muro de arrimo,Lawrencce Van Hornn Liberatori da Silva,Cível
2026-05-05 00:00:00,Ativo,Ordinário - Conhecimento,Pacaembu Construtora S/A,4002621-48.2026.8.26.0079,Fernanda Cristina da Silva Galhardo,Primeira Instância,Réu,15796.41,15796.41,Possível,Escritório Reis & Souza Advogados,Fábio André Bernardo,Botucatu,2ª Vara,Vara Cível,Inexistência de Débito,Lawrencce Van Hornn Liberatori da Silva,Cível
2022-08-19 00:00:00,Ativo,Execução Fiscal,Pacaembu Lins III - Empreendimento Imobiliario Spe Ltda,1517764-37.2022.8.26.0071,Fazenda Pública do Estado de São Paulo,Primeira Instância,Réu,137295.66,159323.28,Possível,Jurídico Interno Cível,Procuradoria do Estado de São Paulo,Bauru,Setor de Execuções Fiscais,Setor de Execuções Fiscais,Execução Fiscal,Cesar Matos Silva,Tributário
2024-10-22 00:00:00,Ativo,Ordinário - Conhecimento,Haus Compra e Venda de Bens Imóveis Ltda.,1014611-13.2024.8.26.0482,Fausto Leandro da Silva,Primeira Instância,Réu,19025.77,20547.04,Possível,Escritório Reis & Souza Advogados,Carlos Jose Gonçalves Rosa,Presidente Prudente,3ª Vara,Vara Cível,Alienação Fiduciária,Cesar Matos Silva,Cível
2023-05-23 00:00:00,Ativo,Ordinário - Conhecimento,Vida Nova Botucatu - Empreendimento Imobiliário Ltda.,1003587-67.2023.8.26.0079,Fatima Batista Neto,Segunda Instância,Réu,20000.0,22575.0,Possível,Bentivegna e Ribeiro Advogados,Rodrigo José Macedo,São Paulo,10ª Câmara de Direito Privado,Câmara de Direito Privado,Vícios Construtivos,Cesar Matos Silva,Cível
2025-01-23 00:00:00,Ativo,Ordinário - Conhecimento,Pacaembu Piracicaba Incorporadora Ltda.,1018883-46.2024.8.26.0451,Fabricio Pereira da Silva,Primeira Instância,Réu,25000.0,26928.94,Possível,Bentivegna e Ribeiro Advogados,Everton de Oliveira Gil,São Paulo,2ª Vara,Vara Cível,Vícios Construtivos,Lawrencce Van Hornn Liberatori da Silva,Cível
2022-12-21 00:00:00,Ativo,Ordinário - Conhecimento,Poá Empreendimento Imobiliário Ltda,1056411-17.2022.8.26.0506,Fabio Henrique da Silva Oliveira,Primeira Instância,Réu,112642.8,130431.55,Possível,Bentivegna e Ribeiro Advogados,Arthur Augusto Paulo Poli,São Paulo,1ª Vara,Vara Cível,Alienação Fiduciária,Cesar Matos Silva,Cível
2025-01-13 00:00:00,Ativo,Ordinário - Conhecimento,Pacaembu São José do Rio Preto - Empreendimento Imobiliário Ltda.,1053521-21.2024.8.26.0576,Fabio Henrique Ciavarelli Mota,Segunda Instância,Réu,102000.0,108330.48,Possível,Escritório Reis & Souza Advogados,Luany Capelini Juliano,São José do Rio Preto,2ª Câmara,Câmara de Direito Privado,Vícios Construtivos e muro de arrimo,Marina Luise Campana Perini,Cível
2026-01-25 00:00:00,Ativo,Ordinário - Conhecimento,Pacaembu Arapongas 2 - Empreendimento Imobiliarios Ltda.,0014429-39.2025.8.16.0045,Fabio de Paula Gonçalves,Primeira Instância,Réu,45000.0,45965.72,Possível,Bentivegna e Ribeiro Advogados,Eduardo Alexandre Antoniassi,Arapongas,2ª Vara,Vara Cível,Vícios Construtivos e muro de arrimo,Marina Luise Campana Perini,Cível
2021-07-08 00:00:00,Ativo,Ordinário - Conhecimento,Pacaembu Construtora S/A,1021889-95.2021.8.26.0506,Fabio Cristofoli,Primeira Instância,Réu,66065.66,43061.68,Provável,Bentivegna e Ribeiro Advogados,Ricardo Beschizza Ianelli,Ribeirão Preto,3ª Vara,Vara Cível,Alienação Fiduciária,Cesar Matos Silva,Cível
2026-03-10 00:00:00,Ativo,Ordinário - Conhecimento,Pacaembu Construtora S/A,4002485-06.2026.8.26.0482,Fabiano Alves da Silva,Primeira Instância,Réu,18500.0,18772.89,Possível,Escritório Reis & Souza Advogados,Ana Leticia Ferreira de Oliveira,Presidente Prudente,2ª Vara,Vara Cível,Vícios Construtivos e muro de arrimo,Cesar Matos Silva,Cível
2025-01-17 00:00:00,Ativo,Ordinário - Conhecimento,Pacaembu Piracicaba Incorporadora Ltda.,1026908-48.2024.8.26.0451,Fabiane Daniele da Silva Ricardo,Primeira Instância,Réu,25000.0,26587.42,Possível,Bentivegna e Ribeiro Advogados,Everton de Oliveira Gil,Piracicaba,5ª Vara,Vara Cível,Vícios Construtivos,Lawrencce Van Hornn Liberatori da Silva,Cível
2026-03-01 00:00:00,Ativo,Ordinário - Conhecimento,Pacaembu Arapongas 2 - Empreendimento Imobiliarios Ltda.,0016640-48.2025.8.16.0045,Evanete Rossi,Primeira Instância,Réu,61198.0,62492.58,Possível,Bentivegna e Ribeiro Advogados,Eduardo Alexandre Antoniassi,Arapongas,2ª Vara,Vara Cível,Vícios Construtivos,Marina Luise Campana Perini,Cível
2024-04-25 00:00:00,Ativo,Ordinário - Conhecimento,Pacaembu Piracicaba Incorporadora Ltda.,1002549-34.2024.8.26.0451,Estefani Pedronetti da Silva Alves,Primeira Instância,Réu,25000.0,27564.9,Possível,Bentivegna e Ribeiro Advogados,Yara Regina Araujo Richter,Piracicaba,4ª Vara,Vara Cível,Vícios Construtivos,Marina Luise Campana Perini,Cível
2022-09-29 00:00:00,Ativo,Execução de Título Extrajudicial,Pacaembu Bauru - Empreendimento Imobiliário Ltda.,1024523-74.2022.8.26.0071,Ernane Jose de Melo Costa,Primeira Instância,Autor,14641.78,17043.73,Remota,Jurídico Interno Cível,Defensoria Pública do Estado de São Paulo,Bauru,4ª Vara,Vara Cível,Execução de Título Extrajudicial,Marina Luise Campana Perini,Cível
2025-01-17 00:00:00,Ativo,Ordinário - Conhecimento,Pacaembu Construtora S/A,1058273-70.2023.8.26.0576,Erik da Silva Santos,Primeira Instância,Réu,20000.0,22321.89,Possível,Bentivegna e Ribeiro Advogados,Guilherme Mendonça Mendes de Oliveira,São José do Rio Preto,7ª Vara,Vara Cível,Muro de Arrimo,Marina Luise Campana Perini,Cível
2026-03-01 00:00:00,Ativo,Ordinário - Conhecimento,Pacaembu Construtora S/A,0014157-45.2025.8.16.0045,Erika Beatriz Aldivino Rosa,Primeira Instância,Réu,40000.0,40858.41,Possível,Bentivegna e Ribeiro Advogados,Celso José Bonifácio Junior,Arapongas,2ª Vara,Vara Cível,Vícios Construtivos e muro de arrimo,Marina Luise Campana Perini,Cível
2025-06-03 00:00:00,Ativo,Ordinário - Conhecimento,Pacaembu Piracicaba Incorporadora Ltda.,1000048-73.2025.8.26.0451,Erick Lucas da Silva Moraes,Segunda Instância,Réu,73272.82,77553.15,Possível,Bentivegna e Ribeiro Advogados,Everton de Oliveira Gil,Piracicaba,1ª Câmara de Direito Privado,Câmara de Direito Privado,Vícios Construtivos,Lawrencce Van Hornn Liberatori da Silva,Cível
2024-04-03 00:00:00,Ativo,Ordinário - Conhecimento,Pacaembu Piracicaba Incorporadora Ltda.,1006136-64.2024.8.26.0451,Erick Lucas da Silva Moraes,Primeira Instância,Réu,25000.0,8132.84,Provável,Bentivegna e Ribeiro Advogados,Everton de Oliveira Gil,Piracicaba,4ª Vara,Vara Cível,Vícios Construtivos,Lawrencce Van Hornn Liberatori da Silva,Cível
2025-12-11 00:00:00,Ativo,Ordinário - Conhecimento,Pacaembu Bauru Azevedo 2 - Empreendimento Imobiliário Ltda.,4006842-35.2025.8.26.0071,Erick Henrique Rodrigues,Segunda Instância,Réu,190000.0,194019.26,Possível,Escritório Reis & Souza Advogados,Fernando Esquerdo Antonio,Bauru,5ª Câmara de Direito Privado,Câmara de Direito Privado,Alienação Fiduciária,Cesar Matos Silva,Cível
2026-05-01 00:00:00,Ativo,Ordinário - Conhecimento,Pacaembu Construtora S/A,0014025-85.2025.8.16.0045,Erica Aline de Oliveira,Primeira Instância,Réu,30000.0,30650.29,Possível,Escritório Reis & Souza Advogados,Fernando Hideaki Zavan Yamaguro,Arapongas,1ª Vara,Vara Cível,Vícios Construtivos,Marina Luise Campana Perini,Cível
2025-03-18 00:00:00,Ativo,Ordinário - Conhecimento,Pacaembu Construtora S/A,1001335-71.2025.8.26.0451,Enzio Ricardo de Sousa Santos,Primeira Instância,Réu,20000.0,21168.33,Possível,Bentivegna e Ribeiro Advogados,Guilherme Mendonça Mendes de Oliveira,Piracicaba,5ª Vara,Vara Cível,Caixa de Esgoto,Marina Luise Campana Perini,Cível
2025-08-04 00:00:00,Ativo,Ordinário - Conhecimento,Pacaembu Construtora S/A,0021898-20.2025.8.16.0019,Emmanuel Christoforo,Primeira Instância,Réu,3200.0,3285.66,Possível,Escritório Reis & Souza Advogados,Amanda Thaís Bonette,Ponta Grossa,4ª Vara,Vara Cível,Retenção de chave,Marina Luise Campana Perini,Cível
2025-03-10 00:00:00,Ativo,Ordinário - Conhecimento,Pacaembu São José do Rio Preto - Empreendimento Imobiliário Ltda.,1056048-43.2024.8.26.0576,Emily Zanatta de Faveri,Segunda Instância,Réu,102000.0,108476.66,Possível,Escritório Reis & Souza Advogados,Beatriz Catelani Pereira,São José do Rio Preto,4ª Câmara de Direito Privado,Câmara de Direito Privado,Vícios Construtivos e muro de arrimo,Marina Luise Campana Perini,Cível
2025-10-24 00:00:00,Ativo,Ordinário - Conhecimento,Pacaembu Construtora S/A,4006039-89.2025.8.26.0576,Emerson Barbosa Silva,Primeira Instância,Réu,10000.0,10214.6,Possível,Escritório Reis & Souza Advogados,Marcos Cesar Chagas Perez,São José do Rio Preto,6ª Vara,Vara Cível,Vícios Construtivos,Marina Luise Campana Perini,Cível
2026-05-15 00:00:00,Ativo,Ordinário - Conhecimento,Pacaembu Arapongas 2 - Empreendimento Imobiliarios Ltda.,0001047-42.2026.8.16.0045,Emanuele Schelen do Nascimento,Primeira Instância,Réu,60000.0,61122.51,Possível,Bentivegna e Ribeiro Advogados,Eduardo Blanco,Arapongas,2ª Vara,Vara Cível,Vícios Construtivos e muro de arrimo,Lawrencce Van Hornn Liberatori da Silva,Cível
2026-02-04 00:00:00,Ativo,Ordinário - Conhecimento,Pacaembu Construtora S/A,4001637-28.2026.8.26.0576,Ellen Paula Rodrigues de Amorim,Primeira Instância,Réu,10000.0,10187.08,Possível,Escritório Reis & Souza Advogados,Marcos Cesar Chagas Perez,São José do Rio Preto,5ª Vara,Vara Cível,Vícios Construtivos,Marina Luise Campana Perini,Cível
2025-12-15 00:00:00,Ativo,Ordinário - Conhecimento,Pacaembu Construtora S/A,0016024-73.2025.8.16.0045,Elisangela Ribeiro dos Santos Reis,Primeira Instância,Réu,40000.0,40846.16,Possível,Bentivegna e Ribeiro Advogados,Celso José Bonifácio Junior,Arapongas,1ª Vara,Vara Cível,Vícios Construtivos,Lawrencce Van Hornn Liberatori da Silva,Cível
2024-02-26 00:00:00,Ativo,Ordinário - Conhecimento,Pacaembu Construtora S/A,1008329-65.2024.8.26.0576,Elisângela Mora da Silva Costa,Primeira Instância,Autor,51799.38,57113.79,Possível,Jurídico Interno Cível,,São José do Rio Preto,8ª Vara,Vara Cível,Execução de Título Extrajudicial,Marina Luise Campana Perini,Cível
2025-04-22 00:00:00,Ativo,Ordinário - Conhecimento,Pacaembu Construtora S/A,0005137-30.2025.8.16.0045,Elisangela Marcondes Leal,Segunda Instância,Réu,28147.35,29357.13,Possível,Bentivegna e Ribeiro Advogados,Leonardo de Almeida Zanetti,Arapongas,20ª Câmara,Câmara de Direito Privado,Vícios Construtivos,Lawrencce Van Hornn Liberatori da Silva,Cível
2021-11-17 00:00:00,Ativo,Ordinário - Conhecimento,Vida Nova Tatuí III Empreendimento Imobiliário Ltda.,1006876-90.2021.8.26.0624,Elisabete Cresciulo,Segunda Instância,Réu,45705.6,7290.46,Provável,Bentivegna e Ribeiro Advogados,Diego Augusto de Camargo,Tribunal de Justiça,2ª Câmara de Direito Privado,Câmara de Direito Privado,Alienação Fiduciária,Cesar Matos Silva,Cível
2026-03-01 00:00:00,Ativo,Ordinário - Conhecimento,Pacaembu Construtora S/A,4004922-29.2026.8.26.0576,Elisabete Ataide da Silva Domingues,Primeira Instância,Réu,60000.0,60885.06,Possível,Escritório Reis & Souza Advogados,José Roberto Russo,São José do Rio Preto,3ª Vara,Vara Cível,Vícios Construtivos e muro de arrimo,Marina Luise Campana Perini,Cível
2025-02-19 00:00:00,Ativo,Ordinário - Conhecimento,Pacaembu Piracicaba Incorporadora Ltda.,1002298-79.2025.8.26.0451,Eliene Rodrigues da Silva,Primeira Instância,Réu,20000.0,10584.16,Provável,Bentivegna e Ribeiro Advogados,Stefany Marie Pereira,Piracicaba,3ª Vara,Vara Cível,Vícios Construtivos,Marina Luise Campana Perini,Cível
2026-05-15 00:00:00,Ativo,Ordinário - Conhecimento,Pacaembu Construtora S/A,0000052-29.2026.8.16.0045,Eliene Camargo Thosmo,Primeira Instância,Réu,60000.0,0.0,Possível,Bentivegna e Ribeiro Advogados,Eduardo Blanco,Arapongas,2ª Vara,Vara Cível,Vícios Construtivos e muro de arrimo,Lawrencce Van Hornn Liberatori da Silva,Cível
2025-04-14 00:00:00,Ativo,Ordinário - Conhecimento,Pacaembu Construtora S/A,0011753-55.2024.8.16.0045,Elidinai Aparecida Rodrigues Camargo,Segunda Instância,Réu,40000.0,43146.71,Possível,Bentivegna e Ribeiro Advogados,Celso José Bonifácio Junior,Arapongas,20ª Câmara Cível,Câmara de Direito Privado,Vícios Construtivos e muro de arrimo,Lawrencce Van Hornn Liberatori da Silva,Cível
2026-05-05 00:00:00,Ativo,Ordinário - Conhecimento,Pacaembu Bauru Azevedo 2 - Empreendimento Imobiliário Ltda,4000097-08.2026.8.26.0458,Eliana Cristina dos Santos,Primeira Instância,Réu,10000.0,10147.51,Possível,Bentivegna e Ribeiro Advogados,Pedro Miguel Torres de Campos,Piratininga,Vara Única,Vara Cível,Aumento do valor de sinal,Marina Luise Campana Perini,Cível
2026-03-20 00:00:00,Ativo,Ordinário - Conhecimento,Pacaembu Construtora S/A,0016272-98.2026.8.16.0014,Eliana Aparecida dos Santos,Primeira Instância,Réu,60000.0,60546.0,Possível,Bentivegna e Ribeiro Advogados,Eduardo Blanco,Londrina,8ª Vara,Vara Cível,Vícios Construtivos,Lawrencce Van Hornn Liberatori da Silva,Cível
2026-04-01 00:00:00,Ativo,Ordinário - Conhecimento,Pacaembu Construtora S/A,4012133-53.2025.8.26.0576,Elcio Norberto de Souza,Primeira Instância,Réu,10000.0,10208.48,Possível,Escritório Reis & Souza Advogados,Marcos Chagas Perez,São José do Rio Preto,8ª Vara,Vara Cível,Vícios Construtivos,Marina Luise Campana Perini,Cível
2023-08-18 00:00:00,Ativo,Ordinário - Conhecimento,Pacaembu Lins III - Empreendimento Imobiliario Spe Ltda,1003911-07.2023.8.26.0322,Elaine Aparecida Dias,Primeira Instância,Réu,30000.0,5797.96,Provável,Bentivegna e Ribeiro Advogados,Sandro Rafael Barioni de Matos,Lins,1ª Vara,Vara Cível,Vícios Construtivos e muro de arrimo,Lawrencce Van Hornn Liberatori da Silva,Cível
2026-02-09 00:00:00,Ativo,Ordinário - Conhecimento,Pacaembu Construtora S/A,4003972-71.2025.8.26.0344,Eduardo Kaue do Nascimento da Silva,Primeira Instância,Réu,168800.0,172370.79,Possível,Escritório Reis & Souza Advogados,Artur Eduardo Garcia Mechedjian Junior,Marília,2ª Vara,Vara Cível,Ação de Revisão Contratual,Marina Luise Campana Perini,Cível
2025-12-01 00:00:00,Ativo,Ordinário - Conhecimento,Pacaembu Construtora S/A,0012221-82.2025.8.16.0045,Edson dos Santos,Primeira Instância,Réu,40000.0,40984.63,Possível,Escritório Reis & Souza Advogados,Tirone Cardozo de Aguiar,Arapongas,1ª Vara,Vara Cível,Vícios Construtivos,Marina Luise Campana Perini,Cível
2026-02-09 00:00:00,Ativo,Ordinário - Conhecimento,Pacaembu Piracicaba Incorporadora Ltda.,1009469-87.2025.8.26.0451,Edna Mendes Pereira,Primeira Instância,Réu,20000.0,20654.62,Possível,Bentivegna e Ribeiro Advogados,Guilherme Mendonça Mendes de Oliveira,Piracicaba,5ª Vara,Vara Cível,Caixa de Esgoto,Marina Luise Campana Perini,Cível
2026-05-19 00:00:00,Ativo,Ordinário - Conhecimento,Pacaembu Marilia Gigantao 2 - 448 - Empreendimento Imobiliario LTDA,1009949-95.2025.8.26.0344,Edna da Silva Andrade,Primeira Instância,Réu,25000.0,0.0,Possível,Olhar,Arthur Eduardo Garcia Mechedjian Junior,Marília,1ª Vara,Vara Cível,Vícios Construtivos,Karen Demetrio Firmino,Cível
2025-04-09 00:00:00,Ativo,Ordinário - Conhecimento,Pacaembu Assis 371 Empreendimento Imobiliário Ltda.,5000704-48.2024.4.03.6116,Edna Benato,Primeira Instância,Réu,191000.0,206025.55,Possível,Escritório Reis & Souza Advogados,Rodolfo Napoli Bonani,Assis,1ª Vara,Vara Cível,Ação de Rescisão Contratual - Alienação Fiduciária,Cesar Matos Silva,Cível
2025-10-03 00:00:00,Ativo,Ordinário - Conhecimento,Pacaembu Piracicaba Incorporadora Ltda.,4001572-54.2025.8.26.0451,Edna Aparecida Beraldo,Primeira Instância,Réu,20000.0,20492.31,Possível,Bentivegna e Ribeiro Advogados,Yara Regina Araujo Richter,Piracicaba,5ª Vara,Vara Cível,Vícios Construtivos,Marina Luise Campana Perini,Cível
2026-03-02 00:00:00,Ativo,Ordinário - Conhecimento,Pacaembu Construtora S/A,4003462-07.2026.8.26.0576,Edmara Antonia da Silva,Primeira Instância,Réu,60000.0,60885.06,Possível,Escritório Reis & Souza Advogados,José Roberto Russo,São José do Rio Preto,6ª Vara,Vara Cível,Vícios Construtivos e muro de arrimo,Marina Luise Campana Perini,Cível
2024-04-05 00:00:00,Ativo,Ordinário - Conhecimento,Poá Empreendimento Imobiliário Ltda,1018159-71.2024.8.26.0506,Edilson Lima Santos,Segunda Instância,Autor,113221.14,123599.29,Possível,Jurídico Interno Cível,Bruno Roberto Kussumato,São Paulo,35ª Câmara,Câmara de Direito Privado,Reintegração de posse,Cesar Matos Silva,Cível
2026-03-01 00:00:00,Ativo,Ordinário - Conhecimento,Pacaembu Construtora S/A,4001669-33.2026.8.26.0576,Driele Regina da Silva,Primeira Instância,Réu,10000.0,10187.08,Possível,Escritório Reis & Souza Advogados,Marcos Cesar Chagas Perez,São José do Rio Preto,2ª Vara,Vara Cível,Vícios Construtivos,Marina Luise Campana Perini,Cível
2025-09-01 00:00:00,Ativo,Ordinário - Conhecimento,Pacaembu Construtora S/A,0003499-59.2025.8.16.0045,Douglas Henrique de Souza Freire,Primeira Instância,Réu,28284.44,29936.71,Possível,Bentivegna e Ribeiro Advogados,Leonardo de Almeida Zanetti,Arapongas,2ª Vara,Vara Cível,Vícios Construtivos,Lawrencce Van Hornn Liberatori da Silva,Cível
2026-04-01 00:00:00,Ativo,Ordinário - Conhecimento,Pacaembu Construtora S/A,0014012-86.2025.8.16.0045,Douglas da Silva Ferreiro,Segunda Instância,Réu,30000.0,30803.16,Possível,Bentivegna e Ribeiro Advogados,Fernando Hideaki Zavan Yamaguro,Arapongas,20ª Câmara,Câmara,Vícios Construtivos,Marina Luise Campana Perini,Cível
2026-03-03 00:00:00,Ativo,Ordinário - Conhecimento,Pacaembu Construtora S/A,4004730-96.2026.8.26.0576,Domingos dos Anjos Pereira,Primeira Instância,Réu,60000.0,60885.06,Possível,Escritório Reis & Souza Advogados,José Roberto Russo,São José do Rio Preto,5ª Vara,Vara Cível,Vícios Construtivos e muro de arrimo,Marina Luise Campana Perini,Cível
2020-10-19 00:00:00,Ativo,Ordinário - Conhecimento,Pacaembu Construtora S/A,5003829-93.2020.4.03.6106,Djayson Yrving Caetano Godoy,Primeira Instância,Réu,71739.02,100348.95,Possível,Bentivegna e Ribeiro Advogados,Jean Ricardo Nunes de Paula,São José do Rio Preto,4ª Vara,Vara Federal,Reintegração de posse,Cesar Matos Silva,Cível
2026-05-11 00:00:00,Ativo,Mandado de Segurança,Alto Alegre Empreendimentos imobiliários Ltda,1003021-68.2026.8.26.0482,Diretor Chefe da Secretaria de Finanças de Presidente Prudente,Primeira Instância,Réu,10000.0,10000.0,Possível,Serur Advogados,Procurador do Municipio de Presidente Pridente,Presidente Prudente,Vara Única,Vara da Fazenda Pública,Cobrança indevida - ITBI,Marina Luise Campana Perini,Cível
2024-10-14 00:00:00,Ativo,Ordinário - Conhecimento,Vida Nova Ponta Grossa - Empreendimento Imobiliário Ltda.,5008408-25.2024.4.04.7009,Diego de Barros Campello,Primeira Instância,Réu,85000.0,91686.77,Possível,Bentivegna e Ribeiro Advogados,Rafaela Cristina Liebel Chaves,Ponta Grossa,2ª Vara,Vara Federal,Vícios Construtivos,Cesar Matos Silva,Cível
2025-03-27 00:00:00,Ativo,Ordinário - Conhecimento,Pacaembu Construtora S/A,1000961-07.2025.8.26.0079,Diego Augusto Paula Romero,Primeira Instância,Réu,20000.0,21168.33,Possível,Escritório Reis & Souza Advogados,Guilherme Mendonça Mendes de Oliveira,Botucatu,2ª Vara,Vara Cível,Vícios Construtivos,Marina Luise Campana Perini,Cível
2026-03-27 00:00:00,Ativo,Mandado de Segurança,Pacaembu Construtora S/A,0134957-43.2025.8.16.0000,Des. Pres. do TJPR,Segunda Instância,Autor,10000.0,10211.54,Possível,Serur Advogados,Eduardo Luiz Busatta,Curitiba,,Tribunal de Justiça do Paraná,Isenção da Taxa de Averbação,Marina Luise Campana Perini,Cível
2026-03-01 00:00:00,Ativo,Ordinário - Conhecimento,Pacaembu Construtora S/A,4004788-02.2026.8.26.0576,Derio garcia,Primeira Instância,Réu,60000.0,60885.06,Possível,Escritório Reis & Souza Advogados,José Roberto Russo,São José do Rio Preto,10ª Vara,Vara Cível,Vícios Construtivos e muro de arrimo,Marina Luise Campana Perini,Cível
2026-04-08 00:00:00,Ativo,Ordinário - Conhecimento,Pacaembu Piracicaba Incorporadora Ltda.,1013892-90.2025.8.26.0451,Denilson Aparecido da Silva,Primeira Instância,Réu,50000.0,51338.37,Possível,Bentivegna e Ribeiro Advogados,Yara Regina Araujo Richter,Piracicaba,3ª Vara,Vara Cível,Vícios Construtivos,Marina Luise Campana Perini,Cível
2017-11-06 00:00:00,Ativo,Mandado de Segurança - Tributário,Pacaembu Construtora S/A,5000504-12.2017.4.03.6108,Delegado da Receita Federal do Brasil em Bauru Sp,Segunda Instância,Autor,39541.96,60949.26,Possível,Camargo e Pargendler Advogados,Procuradoria Regional da Fazenda Nacional da 3ª Região,Bauru,3ª Vara,Vara Federal,FINSOCIAL - Contribuição Social,Cesar Matos Silva,Tributário
2015-03-11 00:00:00,Ativo,Mandado de Segurança - Tributário,Pacaembu Construtora S/A,0000923-88.2015.4.03.6108,Delegado da Receita Federal do Brasil em Bauru Sp,Segunda Instância,Autor,638288.38,1091637.52,Possível,Escritório Paiva&Arruda,Renata Turini Berdugo,Bauru,3ª Vara,Vara Cível,Contribuições Previdenciárias,Cesar Matos Silva,Tributário
2025-10-03 00:00:00,Ativo,Ordinário - Conhecimento,Pacaembu Bauru Azevedo - Empreendimento Imobiliário Ltda.,5001821-92.2025.4.03.6325,Debora Rodrigues Gabriel,Primeira Instância,Réu,1518.0,1567.69,Possível,Escritório Reis & Souza Advogados,Vitória Saggioro Sormani Garcia,Bauru,1ª Vara,Juizado Especial Federal Cível,Tutela Cautelar Antecedente,Cesar Matos Silva,Cível
2023-11-01 00:00:00,Ativo,Ordinário - Conhecimento,Pacaembu Piracicaba Incorporadora Ltda.,1021641-32.2023.8.26.0451,Débora da Silva Galvão,Primeira Instância,Réu,25000.0,27935.85,Possível,Bentivegna e Ribeiro Advogados,Everton de Oliveira Gil,Piracicaba,6ª Vara,Vara Cível,Vícios Construtivos,Lawrencce Van Hornn Liberatori da Silva,Cível
2026-01-08 00:00:00,Ativo,Ordinário - Conhecimento,Pacaembu Tatuí Lagoa Vermelha 367 - Empreendimento Imobiliario Ltda,4003850-91.2025.8.26.0624,Dayele Cristina de Sousa Lerci,Primeira Instância,Réu,11400.0,11637.66,Possível,Escritório Reis & Souza Advogados,Murilo Henrique da Silva,Tatuí,3ª Vara,Vara Cível,Ação Declaratória de Inexistência Contratual,Lawrencce Van Hornn Liberatori da Silva,Cível
2024-03-05 00:00:00,Ativo,Ordinário - Conhecimento,Pacaembu Construtora S/A,0008776-86.2024.8.16.0014,David Rodrigues de Oliveira,Primeira Instância,Réu,30000.0,9964.27,Provável,Bentivegna e Ribeiro Advogados,Sandro Rafael Barioni de Matos,Londrina,8ª Vara,Vara Cível,Vícios Construtivos,Lawrencce Van Hornn Liberatori da Silva,Cível
2025-02-03 00:00:00,Ativo,Ordinário - Conhecimento,Pacaembu Construtora S/A,0010993-09.2024.8.16.0045,Danilo dos Santos Soares,Primeira Instância,Réu,27998.23,30158.51,Possível,Bentivegna e Ribeiro Advogados,Leonardo de Almeida Zanetti,Arapongas,1ª Vara,Vara Cível,Vícios Construtivos,Lawrencce Van Hornn Liberatori da Silva,Cível
2025-09-02 00:00:00,Ativo,Ordinário - Conhecimento,Poá Empreendimento Imobiliário Ltda,1041374-42.2025.8.26.0506,Danila Renata de Freitas Gomes de Moura,Primeira Instância,Réu,72000.0,73772.33,Possível,Escritório Reis & Souza Advogados,Rodrigo Augusto Ivani,Ribeirão Preto,5ª Vara,Vara Cível,Alienação Fiduciária,Cesar Matos Silva,Cível
2025-09-08 00:00:00,Ativo,Ordinário - Conhecimento,Pacaembu Construtora S/A,1033840-31.2025.8.26.0576,Daniel Moraes Gomes da Trindade,Primeira Instância,Réu,15000.0,15369.24,Possível,Escritório Reis & Souza Advogados,Marcos Cesar Chagas Perez,São José do Rio Preto,1ª Vara,Vara Cível,Vícios Construtivos,Marina Luise Campana Perini,Cível
2025-09-11 00:00:00,Ativo,Ordinário - Conhecimento,Pacaembu Construtora S/A,1004915-30.2025.8.26.0445,Danielle dos Anjos Nascimento,Primeira Instância,Réu,36000.0,36963.63,Possível,Escritório Reis & Souza Advogados,Reginaldo Marceano da Fonseca,Pindamonhangaba,2ª Vara,Vara Cível,Vícios Construtivos,Cesar Matos Silva,Cível
2023-06-05 00:00:00,Ativo,Ordinário - Conhecimento,Pacaembu Construtora S/A,0001694-08.2023.8.26.0322,Danielle Cristiane Bento,Primeira Instância,Réu,5000.0,5614.0,Possível,Bentivegna e Ribeiro Advogados,Jus Postulandi,Lins,1ª Vara,Juizado Especial Cível,Muro de Arrimo,Marina Luise Campana Perini,Cível
2026-01-29 00:00:00,Ativo,Ordinário - Conhecimento,Pacaembu Construtora S/A,4009903-25.2025.8.26.0451,Daniele Fernanda dos Santos,Primeira Instância,Réu,20000.0,20423.08,Possível,Bentivegna e Ribeiro Advogados,Guilherme Mendonça Mendes de Oliveira,Piracicaba,7ª Vara,Vara Cível,Caixa de Esgoto,Marina Luise Campana Perini,Cível
2025-10-02 00:00:00,Ativo,Ordinário - Conhecimento,Pacaembu Piracicaba Incorporadora Ltda.,1014631-63.2025.8.26.0451,Daniele de Matos Rodrigues,Primeira Instância,Réu,20000.0,20535.35,Possível,Bentivegna e Ribeiro Advogados,Guilherme Mendonça Mendes de Oliveira,Piracicaba,1ª Vara,Vara Cível,Caixa de Esgoto,Marina Luise Campana Perini,Cível
2023-08-22 00:00:00,Ativo,Ordinário - Conhecimento,Vida Nova Londrina - Empreendimento Imobiliário Ltda.,0033616-97.2023.8.16.0014,Daniele Cristina Luiz da Silva,Segunda Instância,Réu,32809.0,36705.78,Possível,Bentivegna e Ribeiro Advogados,Stéfani Allio Andrian,Londrina,17 ª Câmara Cível,Vara Cível,Muro de Arrimo,Cesar Matos Silva,Cível
2023-06-15 00:00:00,Ativo,Ordinário - Conhecimento,Pacaembu Construtora S/A,1009834-19.2023.8.26.0482,Daniel dos Santos Gonçalves,Primeira Instância,Réu,30546.48,34174.54,Possível,Bentivegna e Ribeiro Advogados,Marcelo Manfrim,Presidente Prudente,4ª Vara,Vara Cível,Vícios Construtivos,Cesar Matos Silva,Cível
2024-03-15 00:00:00,Ativo,Ordinário - Conhecimento,Pacaembu Construtora S/A,1009939-68.2024.8.26.0576,Daniela Morgon Sousa,Primeira Instância,Réu,156262.21,170909.73,Possível,Bentivegna e Ribeiro Advogados,Jepson de Caires,São José do Rio Preto,7ª Vara,Vara Cível,Indenização por Danos Morais e Materiais,Marina Luise Campana Perini,Cível
2024-11-11 00:00:00,Ativo,Ordinário - Conhecimento,Pacaembu Construtora S/A,1006673-73.2024.8.26.0576,Daniela Arantes Matos,Segunda Instância,Réu,15500.0,17090.24,Possível,Escritório Reis & Souza Advogados,Wadi Atique,São José do Rio Preto,9ª Câmara,Câmara de Direito Privado,Vícios Construtivos,Lawrencce Van Hornn Liberatori da Silva,Cível
2024-06-26 00:00:00,Ativo,Ordinário - Conhecimento,Pacaembu Piracicaba Incorporadora Ltda.,1013177-82.2024.8.26.0451,Damila Peixoto da Silva,Primeira Instância,Réu,30000.0,32479.75,Possível,Bentivegna e Ribeiro Advogados,Yara Regina Araujo Richter,Piracicaba,4ª Vara,Vara Cível,Vícios Construtivos,Marina Luise Campana Perini,Cível
2026-02-02 00:00:00,Ativo,Ordinário - Conhecimento,Pacaembu Arapongas 2 - Empreendimento Imobiliarios Ltda.,0013070-54.2025.8.16.0045,Damiao Cosme de Jesus Silva,Primeira Instância,Réu,45000.0,46204.74,Possível,Bentivegna e Ribeiro Advogados,Eduardo Alexandre Antoniassi,Arapongas,1ª Vara,Vara Cível,Vícios Construtivos e muro de arrimo,Marina Luise Campana Perini,Cível
2024-11-07 00:00:00,Ativo,Ordinário - Conhecimento,Pacaembu Construtora S/A,0057334-89.2024.8.16.0014,Daiani Barreiro Rech,Primeira Instância,Réu,28128.92,30299.28,Possível,Bentivegna e Ribeiro Advogados,Leonardo de Almeida Zanetti,Londrina,10ª Vara,Vara Cível,Vícios Construtivos,Lawrencce Van Hornn Liberatori da Silva,Cível
2023-06-13 00:00:00,Ativo,Ordinário - Conhecimento,Pacaembu Bauru - Empreendimento Imobiliário Ltda.,0008314-76.2024.8.26.0071,Daiane Cristina da Silva,Primeira Instância,Réu,15600.0,1584.13,Provável,Bentivegna e Ribeiro Advogados,Fabio Jose de Souza,Bauru,6ª Vara,Vara Cível,Vícios Construtivos,Marina Luise Campana Perini,Cível
2024-02-22 00:00:00,Ativo,Ordinário - Conhecimento,Pacaembu Piracicaba Incorporadora Ltda.,1002579-69.2024.8.26.0451,Daiane Campos Morales,Primeira Instância,Réu,24898.6,27453.1,Possível,Bentivegna e Ribeiro Advogados,Everton de Oliveira Gil,Piracicaba,3ª Vara,Vara Cível,Vícios Construtivos,Lawrencce Van Hornn Liberatori da Silva,Cível
2025-07-16 00:00:00,Ativo,Ordinário - Conhecimento,Pacaembu Construtora S/A,1010934-38.2025.8.26.0482,Daiana Aparecida do Carmo Ruffo,Primeira Instância,Réu,15000.0,15490.96,Possível,Escritório Reis & Souza Advogados,José Roberto Russo,Presidente Prudente,1ª Vara,Vara Cível,Vícios Construtivos,Cesar Matos Silva,Cível
2024-06-21 00:00:00,Ativo,Mandado de Segurança - Cível,Pacaembu Bauru Azevedo - Empreendimento Imobiliário Ltda.,1016073-74.2024.8.26.0071,DAE - Departamento de Água e Esgoto de Bauru,Segunda Instância,Autor,1000.0,1082.66,Possível,Jurídico Interno Cível,Jus Postulandi,São Paulo,2ª Câmara,Câmara,Aprovação de Projetos,Marina Luise Campana Perini,Cível
2025-09-19 00:00:00,Ativo,Ordinário - Conhecimento,Pacaembu Construtora S/A (Filial),0012536-13.2025.8.16.0045,Cristoffer Ferreira de Oliveira,Primeira Instância,Réu,1000634.54,40984.63,Possível,Escritório Reis & Souza Advogados,Tirone Cardozo de Aguiar,Arapongas,1ª Vara,Vara Cível,Vícios Construtivos,Cesar Matos Silva,Cível
2023-06-23 00:00:00,Ativo,Ordinário - Conhecimento,Pacaembu Lins III - Empreendimento Imobiliario Spe Ltda,1003763-93.2023.8.26.0322,Cristiano dos Santos,Primeira Instância,Réu,30000.0,16401.92,Provável,Bentivegna e Ribeiro Advogados,Sandro Rafael Barioni de Matos,Lins,3ª Vara,Vara Cível,Vícios Construtivos e muro de arrimo,Lawrencce Van Hornn Liberatori da Silva,Cível
2026-02-11 00:00:00,Ativo,Ordinário - Conhecimento,Urban Fortes Empreendimentos Imobiliários I Spe ltda,1024252-97.2025.8.26.0576,Cristian Nunes de Azevedo,Primeira Instância,Réu,5010.45,5156.4,Possível,Escritório Reis & Souza Advogados,Rodolpho Luiz de Rangel Moreira Ramos,São José do Rio Preto,6ª Vara,Vara Cível,Obrigação de Fazer / Não Fazer,Cesar Matos Silva,Cível
2026-05-05 00:00:00,Ativo,Ordinário - Conhecimento,Pacaembu Piracicaba Incorporadora Ltda.,1014633-33.2025.8.26.0451,Cristiane de Matos Lemos Rodrigues,Primeira Instância,Réu,20000.0,20535.35,Possível,Escritório Reis & Souza Advogados,Guilherme Mendonça Mendes de Oliveira,Piracicaba,5ª Vara,Vara Cível,Caixa de Esgoto,Marina Luise Campana Perini,Cível
2026-04-23 00:00:00,Ativo,Ordinário - Conhecimento,Urban Fortes Empreendimentos Imobiliários I Spe ltda,0006547-06.2025.8.26.0576,Cristiana Luiza Martins de Azevedo,,Réu,9100.0,9442.96,Possível,Jurídico Interno Cível,Jus Postulandi,São José do Rio Preto,2ª Vara,Juizado Especial Cível,Vícios Construtivos,Marina Luise Campana Perini,Cível
2024-12-02 00:00:00,Ativo,Ordinário - Conhecimento,Pacaembu Construtora S/A,1025028-10.2024.8.26.0196,Condomínio Vida Nova Franca Iv,Primeira Instância,Réu,30000.0,32360.03,Possível,Escritório Reis & Souza Advogados,Isabela Peixoto de Araújo,Franca,4ª Vara,Vara Cível,Vícios Construtivos,Marina Luise Campana Perini,Cível
2024-12-23 00:00:00,Ativo,Ordinário - Conhecimento,Pacaembu Construtora S/A,1022773-94.2024.8.26.0482,Condomínio Residencial Bela Vista,Primeira Instância,Réu,15000.0,16102.72,Possível,Escritório Reis & Souza Advogados,Jose Antonio da Silva Garcia Junior,Presidente Prudente,6ª Vara,Vara Cível,Produção Antecipada de Provas,Cesar Matos Silva,Cível
2026-02-18 00:00:00,Ativo,Ordinário - Conhecimento,Pacaembu Construtora S/A,0013048-93.2025.8.16.0045,Cleuton Carvalho Reis,Primeira Instância,Réu,45000.0,46204.74,Possível,Bentivegna e Ribeiro Advogados,Eduardo Alexandre Antoniassi,Arapongas,2ª Vara,Vara Cível,Vícios Construtivos e muro de arrimo,Marina Luise Campana Perini,Cível
2025-08-01 00:00:00,Ativo,Ordinário - Conhecimento,Pacaembu Piracicaba Com Viva - Empreendimento Imobiliário Ltda.,1013826-13.2025.8.26.0451,Cleiton Fernandes da Silva,Primeira Instância,Réu,20000.0,20535.35,Possível,Escritório Reis & Souza Advogados,Lenita Davanzo,Piracicaba,5ª Vara,Vara Cível,Muro de Arrimo,Marina Luise Campana Perini,Cível
2024-12-02 00:00:00,Ativo,Ordinário - Conhecimento,Pacaembu São José do Rio Preto - Empreendimento Imobiliário Ltda.,1051876-58.2024.8.26.0576,Cleber Santos Silva Fagundes,Segunda Instância,Réu,102000.0,108834.63,Possível,Escritório Reis & Souza Advogados,Andressa Cristina Malagolini Aielo,São José do Rio Preto,5ª Câmara,Câmara de Direito Privado,Vícios Construtivos e muro de arrimo,Marina Luise Campana Perini,Cível
2026-05-15 00:00:00,Ativo,Ordinário - Conhecimento,Pacaembu Construtora S/A,0015261-72.2025.8.16.0045,Clayton Fagundes Catarino,Primeira Instância,Réu,40000.0,40858.41,Possível,Bentivegna e Ribeiro Advogados,Celso José Bonifácio Junior,Arapongas,2ª Vara,Vara Cível,Vícios Construtivos e muro de arrimo,Marina Luise Campana Perini,Cível
2026-02-10 00:00:00,Ativo,Ordinário - Conhecimento,Pacaembu Assis Chateaubriand 357 e 358 - Empreendimento Imobiliário Ltda.,0000647-53.2025.8.16.0048,Claudinei Custodio,Primeira Instância,Réu,75119.98,79508.21,Remota,Escritório Reis & Souza Advogados,Rafael Augusto de Melo Dias,Assis Chateaubriand,Vara Única,Vara Cível,Indenização por Danos Morais e Materiais,Cesar Matos Silva,Cível
2025-04-14 00:00:00,Ativo,Ordinário - Conhecimento,Pacaembu Construtora S/A,0004772-73.2025.8.16.0045,Claudia Renata Domingos,Primeira Instância,Réu,28556.53,29783.9,Possível,Bentivegna e Ribeiro Advogados,Leonardo de Almeida Zanetti,Arapongas,1ª Vara,Vara Cível,Vícios Construtivos,Lawrencce Van Hornn Liberatori da Silva,Cível
2022-08-05 00:00:00,Ativo,Embargos à Execução,Pacaembu Construtora S/A,1040075-19.2022.8.26.0576,Claudemiro Aparecido Lacerda,Primeira Instância,Réu,1030000.0,120341.92,Possível,Escritório Reis & Souza Advogados,Sergio Toyohiko Kiyomura,São José do Rio Preto,2ª Vara,Vara Cível,Embargos à Execução,Cesar Matos Silva,Cível
2022-04-26 00:00:00,Ativo,Execução de Título Extrajudicial,Pacaembu Construtora S/A,1019921-77.2022.8.26.0576,Claudemiro Aparecido Lacerda,Primeira Instância,Autor,1030000.0,1204860.39,Possível,Escritório Reis & Souza Advogados,Sergio Toyohiko Kiyomura,São José do Rio Preto,2ª Vara,Vara Cível,Execução de Título Extrajudicial,Cesar Matos Silva,Cível
2025-04-03 00:00:00,Ativo,Ordinário - Conhecimento,Pacaembu Construtora S/A,0004101-50.2025.8.16.0045,Claudemir Maria Trevisan,Segunda Instância,Réu,27926.33,29126.61,Possível,Bentivegna e Ribeiro Advogados,Leonardo de Almeida Zanetti,Arapongas,1ª Vara,Vara Cível,Vícios Construtivos,Lawrencce Van Hornn Liberatori da Silva,Cível
2026-03-23 00:00:00,Ativo,Ordinário - Conhecimento,Pacaembu Arapongas 2 - Empreendimento Imobiliarios Ltda.,5026428-54.2025.4.04.7001,Cintia Gabrielle da Conceicao Lima,Primeira Instância,Réu,40000.0,40833.91,Possível,Bentivegna e Ribeiro Advogados,Eduardo Blanco,Arapongas,1ª Vara Federal,Juizado Especial Federal Cível,Vícios Construtivos e muro de arrimo,Lawrencce Van Hornn Liberatori da Silva,Cível
2025-09-12 00:00:00,Ativo,Ordinário - Conhecimento,Pacaembu Piracicaba Incorporadora Ltda.,4001446-04.2025.8.26.0451,Cileudo Lima de Oliveira,Primeira Instância,Réu,35000.0,35861.55,Possível,Bentivegna e Ribeiro Advogados,Yara Regina Araujo Richter,Piracicaba,3ª Vara,Vara Cível,Vícios Construtivos,Marina Luise Campana Perini,Cível
2025-09-02 00:00:00,Ativo,Cobrança,Pacaembu Cafelândia - 364 - Empreendimento Imobiliário Ltda.,4001451-02.2025.8.26.0071,CH Xavier Estruturas Metálicas Ltda.,Primeira Instância,Réu,53984.85,55313.73,Possível,Escritório Reis & Souza Advogados,Daniel Kruschewsky Bastos,Bauru,2ª Vara,Juizado Especial Cível,Ação de Cobrança,Marina Luise Campana Perini,Cível
2024-12-05 00:00:00,Ativo,Ordinário - Conhecimento,Pacaembu São José do Rio Preto - Empreendimento Imobiliário Ltda.,1051875-73.2024.8.26.0576,Chayene Carolini Dutra Basilio,Primeira Instância,Réu,102000.0,108834.63,Possível,Escritório Reis & Souza Advogados,Luany Capelini Juliano,São José do Rio Preto,1ª Vara,Vara Cível,Vícios Construtivos e muro de arrimo,Marina Luise Campana Perini,Cível
2024-06-21 00:00:00,Ativo,Ordinário - Conhecimento,Pacaembu Lins III - Empreendimento Imobiliario Spe Ltda,1010233-40.2024.8.26.0344,CETESB - Companhia Ambiental do Estado de São Paulo,Segunda Instância,Autor,112925.31,122259.51,Possível,Jurídico Interno Cível,Jus Postulandi,São Paulo,1ª Câmara Reservada ao Meio Ambiente,Câmara,Anulação de Multa Ambiental,Cesar Matos Silva,Cível
2024-08-20 00:00:00,Ativo,Ordinário - Conhecimento,Pacaembu Piracicaba Incorporadora Ltda.,1017988-85.2024.8.26.0451,Celso Ricardo Theodoro,Primeira Instância,Réu,25000.0,26928.94,Possível,Bentivegna e Ribeiro Advogados,Everton de Oliveira Gil,Piracicaba,6ª Vara,Vara Cível,Vícios Construtivos,Lawrencce Van Hornn Liberatori da Silva,Cível
2026-03-11 00:00:00,Ativo,Ordinário - Conhecimento,Pacaembu Construtora S/A,4009896-33.2025.8.26.0451,Celiene Brito dos Santos,Primeira Instância,Réu,30000.0,30634.62,Possível,Bentivegna e Ribeiro Advogados,Guilherme Mendonça Mendes de Oliveira,Piracicaba,4ª Vara,Vara Cível,Caixa de Esgoto,Marina Luise Campana Perini,Cível
2024-09-04 00:00:00,Ativo,Ordinário - Conhecimento,Pacaembu Construtora S/A,0055941-32.2024.8.16.0014,Carlos Vinicius Martins Pinheiro,Primeira Instância,Réu,40000.0,43086.31,Possível,Bentivegna e Ribeiro Advogados,Celso José Bonifácio Junior,Londrina,1ª Vara,Vara Cível,Vícios Construtivos e muro de arrimo,Lawrencce Van Hornn Liberatori da Silva,Cível
2023-05-29 00:00:00,Ativo,Ordinário - Conhecimento,Pacaembu Água Santa - Empreendimento Imobiliário Ltda.,1021359-07.2023.8.26.0576,Carla Maria da Costa,Primeira Instância,Réu,26040.0,29392.65,Possível,Bentivegna e Ribeiro Advogados,Eduardo Zuanazzi Saden,São José do Rio Preto,3ª Vara,Vara Cível,Vícios Construtivos,Cesar Matos Silva,Cível
2023-12-27 00:00:00,Ativo,Ordinário - Conhecimento,Pacaembu Água Santa - Empreendimento Imobiliário Ltda.,1059362-31.2023.8.26.0576,Carla Maria da Costa,Primeira Instância,Réu,27400.0,30550.44,Possível,Bentivegna e Ribeiro Advogados,Eduardo Zuanazzi Saden,São José do Rio Preto,3ª Vara,Vara Cível,Vícios Construtivos,Cesar Matos Silva,Cível
2023-12-05 00:00:00,Ativo,Ordinário - Conhecimento,Pacaembu Piracicaba Incorporadora Ltda.,1016272-57.2023.8.26.0451,Camila de Arruda Ferraz,Primeira Instância,Réu,19787.92,11821.26,Provável,Bentivegna e Ribeiro Advogados,Antonio de Jesus Volpato,Piracicaba,3ª Vara,Vara Cível,Negativação indevida,Lawrencce Van Hornn Liberatori da Silva,Cível
2024-08-28 00:00:00,Ativo,Ordinário - Conhecimento,Pacaembu Marilia Altos do Palmital 379 - Empreendimento Imobiliario LTDA,1003012-32.2024.8.26.0400,Bruno Henrique Martins,Primeira Instância,Réu,20335.19,21590.87,Possível,Bentivegna e Ribeiro Advogados,Oswaldo Antonio Serrano Júnior,Olímpia,3ª Vara,Vara Cível,Vícios Construtivos,Cesar Matos Silva,Cível
2024-12-11 00:00:00,Ativo,Ordinário - Conhecimento,Pacaembu Construtora S/A,5000064-97.2024.4.03.6131,Bruno Giovanni de Lima Abramo,Primeira Instância,Réu,211990.0,233739.34,Possível,Bentivegna e Ribeiro Advogados,Yves Patrick Pescatori Galendi,Botucatu,1ª Vara,Vara Federal,Obrigação de Fazer - Regularização Matrícula,Marina Luise Campana Perini,Cível
2024-12-16 00:00:00,Ativo,Ordinário - Conhecimento,Pacaembu São José do Rio Preto - Empreendimento Imobiliário Ltda.,1053459-78.2024.8.26.0576,Bruno Cruz dos Santos,Primeira Instância,Réu,102000.0,108352.8,Possível,Escritório Reis & Souza Advogados,Luany Capelini Juliano,São José do Rio Preto,1ª Vara,Vara Cível,Vícios Construtivos e muro de arrimo,Marina Luise Campana Perini,Cível
2024-09-19 00:00:00,Ativo,Ordinário - Conhecimento,Pacaembu Construtora S/A,0011118-74.2024.8.16.0045,Bruna Maiara Nogueira Sola,Primeira Instância,Réu,40000.0,43086.31,Possível,Bentivegna e Ribeiro Advogados,Celso José Bonifácio Junior,Arapongas,1ª Vara,Vara Cível,Vícios Construtivos e muro de arrimo,Lawrencce Van Hornn Liberatori da Silva,Cível
2026-03-01 00:00:00,Ativo,Ordinário - Conhecimento,Pacaembu Arapongas 1 - Empreendimento Imobiliário Ltda.,0014200-79.2025.8.16.0045,Bruna Aparecida dos Santos,Primeira Instância,Réu,18000.0,18386.29,Possível,Bentivegna e Ribeiro Advogados,Ana Caroline Marcolino,Arapongas,1ª Vara,Vara Cível,Vícios Construtivos e muro de arrimo,Marina Luise Campana Perini,Cível
2025-06-06 00:00:00,Ativo,Ordinário - Conhecimento,Pacaembu Construtora S/A,0002928-69.2024.8.16.0192,Brigida Dal Molin,Primeira Instância,Réu,887908.07,920660.85,Possível,Escritório Reis & Souza Advogados,Leonardo Tedesco Groenwold,Nova Aurora,1ª Vara,Vara Cível,Vícios Construtivos,Marina Luise Campana Perini,Cível
2022-06-21 00:00:00,Ativo,Ordinário - Conhecimento,Poá Empreendimento Imobiliário Ltda,1022918-49.2022.8.26.0506,Brenda Cristina da Silva Theodoro,Primeira Instância,Réu,30690.48,41698.22,Provável,Bentivegna e Ribeiro Advogados,Rafael Nascimento Cariola,Ribeirão Preto,1ª Vara,Vara Cível,Alienação Fiduciária,Cesar Matos Silva,Cível
2025-04-07 00:00:00,Ativo,Ordinário - Conhecimento,Pacaembu Construtora S/A,0011750-03.2024.8.16.0045,Bianca Carolina de Souza Belli,Primeira Instância,Réu,40000.0,43146.71,Possível,Bentivegna e Ribeiro Advogados,Celso José Bonifácio Junior,Arapongas,2ª Vara,Vara Cível,Vícios Construtivos e muro de arrimo,Lawrencce Van Hornn Liberatori da Silva,Cível
2025-01-23 00:00:00,Ativo,Ordinário - Conhecimento,Urban Fortes Empreendimentos Imobiliários I Spe ltda,1058445-12.2023.8.26.0576,Bianca Araujo Fraisoli Vanette,Segunda Instância,Réu,1000.0,1116.09,Possível,Escritório Reis & Souza Advogados,Juliano de Mendonça Turchetto,São Paulo,18ª Câmara de Direito Privado,Câmara de Direito Privado,Ação de Rescisão Contratual,Cesar Matos Silva,Cível
2026-02-06 00:00:00,Ativo,Ordinário - Conhecimento,Pacaembu Construtora S/A,1033834-24.2025.8.26.0576,Biakarine Marcelino Gonçalves de Souza,Primeira Instância,Réu,15000.0,15369.24,Possível,Escritório Reis & Souza Advogados,Marcos Chagas Perez,São José do Rio Preto,5ª Vara,Vara Cível,Vícios Construtivos,Marina Luise Campana Perini,Cível
2026-01-23 00:00:00,Ativo,Ordinário - Conhecimento,Pacaembu Construtora S/A,0004316-26.2025.8.16.0045,Benoval da Silva Pereira,Segunda Instância,Réu,28217.4,29430.19,Possível,Bentivegna e Ribeiro Advogados,Leonardo de Almeida Zanetti,Arapongas,19ª Câmara,Câmara de Direito Privado,Vícios Construtivos,Lawrencce Van Hornn Liberatori da Silva,Cível
2025-08-01 00:00:00,Ativo,Ordinário - Conhecimento,Pacaembu Piracicaba Incorporadora Ltda.,1010063-04.2025.8.26.0451,Benicia Maria da Silva,Primeira Instância,Réu,20000.0,20654.62,Possível,Bentivegna e Ribeiro Advogados,Guilherme Mendonça Mendes de Oliveira,Piracicaba,5ª Vara,Vara Cível,Caixa de Esgoto,Marina Luise Campana Perini,Cível
2025-08-12 00:00:00,Ativo,Ordinário - Conhecimento,Pacaembu Construtora S/A,1001048-80.2025.8.26.0137,Benedita Rodrigues Vilas Boas,Primeira Instância,Réu,10000.0,10291.29,Possível,Bentivegna e Ribeiro Advogados,Mateus Burani de Campos,Cerquilho,Vara Única,Vara Cível,Inexistência de relação jurídica,Marina Luise Campana Perini,Cível
2025-09-12 00:00:00,Ativo,Ordinário - Conhecimento,Pacaembu Construtora S/A,4001836-47.2025.8.26.0071,Beatriz Rodrigues de Melo Penholato,Primeira Instância,Réu,10545.26,10804.84,Possível,Escritório Reis & Souza Advogados,Cristiano Teixeira Pombo Gonçalves D'abril,Bauru,1ª Vara,Juizado Especial Cível,Cobrança indevida,Marina Luise Campana Perini,Cível
2023-07-07 00:00:00,Ativo,Ordinário - Conhecimento,Pacaembu Lins III - Empreendimento Imobiliario Spe Ltda,1003744-87.2023.8.26.0322,Beatriz Fernandes Moreira,Primeira Instância,Réu,30000.0,6348.17,Provável,Bentivegna e Ribeiro Advogados,Sandro Rafael Barioni de Matos,Lins,1ª Vara,Vara Cível,Vícios Construtivos e muro de arrimo,Lawrencce Van Hornn Liberatori da Silva,Cível
2025-07-16 00:00:00,Ativo,Ordinário - Conhecimento,Pacaembu Arapongas 2 - Empreendimento Imobiliarios Ltda.,0003181-58.2025.8.16.0148,Beatriz Cristina Mateus Lima,Primeira Instância,Réu,8000.0,8261.85,Possível,Escritório Reis & Souza Advogados,Iris Soraia Inez,Rolândia,1ª Vara,Vara Cível,Inexigibilidade de débito,Lawrencce Van Hornn Liberatori da Silva,Cível
2023-11-15 00:00:00,Ativo,Ordinário - Conhecimento,Pacaembu Construtora S/A,1049868-45.2023.8.26.0576,Auryelly Tainara de Souza Lopes,Primeira Instância,Réu,23200.0,25924.47,Possível,Bentivegna e Ribeiro Advogados,Beatriz Amorim Bertacini,São José do Rio Preto,2ª Vara,Vara Cível,Vícios Construtivos e muro de arrimo,Cesar Matos Silva,Cível
2025-12-17 00:00:00,Ativo,Ordinário - Conhecimento,Pacaembu Construtora S/A,4011635-54.2025.8.26.0576,Aryell Matos de Amorim,Primeira Instância,Réu,10000.0,10208.48,Possível,Escritório Reis & Souza Advogados,Marcos Cesar Chagas Perez,São José do Rio Preto,6ª Vara,Vara Cível,Vícios Construtivos,Marina Luise Campana Perini,Cível
2023-12-27 00:00:00,Ativo,Ordinário - Conhecimento,Vida Nova Barretos III - Empreendimento Imobiliário Ltda.,1031351-65.2023.8.26.0196,Arthur Henrique Rocha Machado,Primeira Instância,Réu,7124.62,7943.81,Possível,Bentivegna e Ribeiro Advogados,Rodolfo Chiquini da Silva,Franca,1ª Vara,Vara Cível,Alienação Fiduciária,Cesar Matos Silva,Cível
2026-03-01 00:00:00,Ativo,Ordinário - Conhecimento,Pacaembu Construtora S/A,4001829-58.2026.8.26.0576,Arthur Emanuel da Silva,Primeira Instância,Réu,10000.0,10187.08,Possível,Escritório Reis & Souza Advogados,Marcos Cesar Chagas Perez,São José do Rio Preto,1ª Vara,Vara Cível,Vícios Construtivos,Marina Luise Campana Perini,Cível
2026-05-01 00:00:00,Ativo,Ordinário - Conhecimento,Pacaembu Construtora S/A,0016268-61.2026.8.16.0014,Arlete Pereira dos Santos,Primeira Instância,Réu,60000.0,60546.0,Possível,Escritório Reis & Souza Advogados,Eduardo Blanco,Londrina,4ª Vara,Vara Cível,Vícios Construtivos,Lawrencce Van Hornn Liberatori da Silva,Cível
2025-11-17 00:00:00,Ativo,Ordinário - Conhecimento,Pacaembu Construtora S/A,1014289-52.2025.8.26.0451,Ariane Aparecida Bispo de Franca,Primeira Instância,Réu,20000.0,20535.35,Possível,Bentivegna e Ribeiro Advogados,Guilherme Mendonça Mendes de Oliveira,Piracicaba,2ª Vara,Vara Cível,Caixa de Esgoto,Marina Luise Campana Perini,Cível
2025-09-16 00:00:00,Ativo,Ordinário - Conhecimento,Pacaembu Construtora S/A,1008978-32.2025.8.26.0079,Aref Benyammine El Adass,Primeira Instância,Autor,657276.02,103425.2,Possível,Escritório Reis & Souza Advogados,,Botucatu,1ª Vara,Vara Cível,Execução de Título Extrajudicial,Marina Luise Campana Perini,Cível
2024-04-02 00:00:00,Ativo,Ordinário - Conhecimento,Pacaembu Construtora S/A,1003820-82.2024.8.26.0482,Aparecida Florindo,Primeira Instância,Réu,35839.32,39198.78,Possível,Bentivegna e Ribeiro Advogados,Gabriel Tomaz Mariano,Presidente Prudente,1ª Vara,Vara Cível,Negativação indevida,Lawrencce Van Hornn Liberatori da Silva,Cível
2025-10-08 00:00:00,Ativo,Ordinário - Conhecimento,Pacaembu São José do Rio Preto - Empreendimento Imobiliário Ltda.,1019349-19.2025.8.26.0576,Antônio Ronnald Lima Araujo,Primeira Instância,Réu,20000.0,20654.62,Possível,Escritório Reis & Souza Advogados,Guilherme Mendonça Mendes de Oliveira,São José do Rio Preto,2ª Vara,Vara Cível,Vícios Construtivos,Marina Luise Campana Perini,Cível
2023-07-07 00:00:00,Ativo,Ordinário - Conhecimento,Pacaembu Lins III - Empreendimento Imobiliario Spe Ltda,1003757-86.2023.8.26.0322,Antonio Rogerio Borges,Primeira Instância,Réu,30000.0,5613.8,Provável,Bentivegna e Ribeiro Advogados,Sandro Rafael Barioni de Matos,Lins,1ª Vara,Vara Cível,Vícios Construtivos e muro de arrimo,Lawrencce Van Hornn Liberatori da Silva,Cível
2026-05-04 00:00:00,Ativo,Ordinário - Conhecimento,Pacaembu Construtora S/A,4008712-55.2025.8.26.0576,Antonio Gomes dos Reis,Primeira Instância,Réu,32100.0,32779.04,Possível,Escritório Reis & Souza Advogados,Leticia Stephane Carrige dos Santos,São José do Rio Preto,5ª Vara,Vara Cível,Vícios Construtivos,Marina Luise Campana Perini,Cível
2025-05-28 00:00:00,Ativo,Ordinário - Conhecimento,Pacaembu Construtora S/A,0006297-90.2025.8.16.0045,Antonio Ferreira de Assis,Primeira Instância,Réu,22658.98,24736.79,Possível,Bentivegna e Ribeiro Advogados,Leonardo de Almeida Zanetti,Arapongas,1ª Vara,Vara Cível,Vícios Construtivos,Lawrencce Van Hornn Liberatori da Silva,Cível
2024-07-31 00:00:00,Ativo,Ordinário - Conhecimento,Pacaembu Construtora S/A,0047111-77.2024.8.16.0014,Antônio de Morais Silva,Segunda Instância,Réu,28271.96,12010.93,Provável,Bentivegna e Ribeiro Advogados,Leonardo de Almeida Zanetti,Londrina,9ª Vara,Vara Cível,Vícios Construtivos,Lawrencce Van Hornn Liberatori da Silva,Cível
2024-12-02 00:00:00,Ativo,Ordinário - Conhecimento,Pacaembu São José do Rio Preto - Empreendimento Imobiliário Ltda.,1051874-88.2024.8.26.0576,Angela Nascimento Martins,Primeira Instância,Réu,102000.0,108834.63,Possível,Escritório Reis & Souza Advogados,Andressa Cristina Malagolini Aielo,São José do Rio Preto,1ª Vara,Vara Cível,Vícios Construtivos e muro de arrimo,Marina Luise Campana Perini,Cível
2024-01-15 00:00:00,Ativo,Ordinário - Conhecimento,Pacaembu Piracicaba Incorporadora Ltda.,1026253-13.2023.8.26.0451,Andreza Claudino da Silva,Primeira Instância,Réu,25000.0,27874.49,Possível,Bentivegna e Ribeiro Advogados,Yara Regina Araujo Richter,Piracicaba,5ª Vara,Vara Cível,Vícios Construtivos,Marina Luise Campana Perini,Cível
2026-02-20 00:00:00,Ativo,Ordinário - Conhecimento,Pacaembu Construtora S/A,4004150-66.2026.8.26.0576,Andressa Vieira Vechiatto,Primeira Instância,Réu,60000.0,60885.06,Possível,Escritório Reis & Souza Advogados,José Roberto Russo,São José do Rio Preto,3ª Vara,Vara Cível,Vícios Construtivos e muro de arrimo,Marina Luise Campana Perini,Cível
2025-07-15 00:00:00,Ativo,Ordinário - Conhecimento,Poá Empreendimento Imobiliário Ltda,1005593-56.2025.8.26.0506,Andressa Danielle de Araújo Melo,Primeira Instância,Réu,350000.0,370445.7,Possível,Bentivegna e Ribeiro Advogados,Fernando Donizeti Zanchini,Ribeirão Preto,2ª Vara,Vara Cível,Alienação Fiduciária,Cesar Matos Silva,Cível
2024-01-15 00:00:00,Ativo,Ordinário - Conhecimento,Pacaembu Piracicaba Incorporadora Ltda.,1000005-73.2024.8.26.0451,Andreia Souza da Rocha,Primeira Instância,Réu,25000.0,27722.02,Possível,Bentivegna e Ribeiro Advogados,Everton de Oliveira Gil,Piracicaba,5ª Vara,Vara Cível,Erro no produto,Marina Luise Campana Perini,Cível
2023-12-22 00:00:00,Ativo,Ordinário - Conhecimento,Pacaembu Piracicaba Incorporadora Ltda.,1025617-47.2023.8.26.0451,Andreia Souza da Rocha,Primeira Instância,Réu,25000.0,8908.62,Provável,Bentivegna e Ribeiro Advogados,Everton de Oliveira Gil,piracicaba,5ª Vara,Vara Cível,Vícios Construtivos,Lawrencce Van Hornn Liberatori da Silva,Cível
2025-04-10 00:00:00,Ativo,Ordinário - Conhecimento,Pacaembu Construtora S/A,0010990-54.2024.8.16.0045,Andreia Maringonda,Primeira Instância,Réu,28145.36,30316.99,Possível,Bentivegna e Ribeiro Advogados,Leonardo de Almeida Zanetti,Arapongas,2ª Vara,Vara Cível,Vícios Construtivos,Lawrencce Van Hornn Liberatori da Silva,Cível
2026-04-01 00:00:00,Ativo,Ordinário - Conhecimento,Pacaembu Construtora S/A,0014461-44.2025.8.16.0045,Andre Henrique de Oliveira,Segunda Instância,Réu,30000.0,30643.81,Possível,Bentivegna e Ribeiro Advogados,Fernando Hideaki Zavan Yamaguro,Arapongas,10ª Vara,Câmara de Direito Privado,Vícios Construtivos e muro de arrimo,Marina Luise Campana Perini,Cível
2023-06-02 00:00:00,Ativo,Ordinário - Conhecimento,Pacaembu Construtora S/A,0018265-84.2023.8.16.0014,Andrea Margonar,Instância Superior,Réu,30000.0,1382.27,Provável,Bentivegna e Ribeiro Advogados,Celso José Bonifácio Junior,Londrina,,1ª Vice-Presidência,Vícios Construtivos e muro de arrimo,Lawrencce Van Hornn Liberatori da Silva,Cível
2025-06-13 00:00:00,Ativo,Ordinário - Conhecimento,Pacaembu Votuporanga 366 - Empreendimento Imobiliário Ldta.,1001299-69.2025.8.26.0664,Anderson Loide da Silva,Primeira Instância,Réu,1518.0,1606.68,Possível,Escritório Reis & Souza Advogados,Edna Mara da Silva Abou Dehn,Votuporanga,3ª Vara,Vara Cível,Manutenção de vínculo contratual,Cesar Matos Silva,Cível
2024-10-24 00:00:00,Ativo,Ordinário - Conhecimento,Pacaembu Construtora S/A,0069662-51.2024.8.16.0014,Anderson Henrique Moreira,Segunda Instância,Réu,169427.1,34514.26,Possível,Escritório Reis & Souza Advogados,Celso José Bonifácio Junior,Londrina,19ª,Câmara de Direito Privado,Vícios Construtivos,Cesar Matos Silva,Cível
2023-11-14 00:00:00,Ativo,Ordinário - Conhecimento,Pacaembu Piracicaba Incorporadora Ltda.,1021509-72.2023.8.26.0451,Anderson Fernando da Silva,Segunda Instância,Réu,25000.0,15249.58,Provável,Bentivegna e Ribeiro Advogados,Everton de Oliveira Gil,Piracicaba,2ª Vara,Vara Cível,Vícios Construtivos,Lawrencce Van Hornn Liberatori da Silva,Cível
2024-05-09 00:00:00,Ativo,Ordinário - Conhecimento,Pacaembu Construtora S/A,0018218-13.2023.8.16.0014,Anderson de Oliveira,Primeira Instância,Réu,30000.0,33862.51,Possível,Bentivegna e Ribeiro Advogados,Celso José Bonifácio Junior,Londrina,8ª Vara,Vara Cível,Vícios Construtivos e muro de arrimo,Lawrencce Van Hornn Liberatori da Silva,Cível
2025-06-09 00:00:00,Ativo,Ordinário - Conhecimento,Pacaembu Construtora S/A,1009330-38.2025.8.26.0451,Anderson da Silva,Segunda Instância,Réu,20000.0,20654.62,Possível,Bentivegna e Ribeiro Advogados,Guilherme Mendonça Mendes de Oliveira,Piracicaba,8ª Câmara,Câmara de Direito Privado,Caixa de Esgoto,Marina Luise Campana Perini,Cível
2023-10-25 00:00:00,Ativo,Ordinário - Conhecimento,Pacaembu Piracicaba Incorporadora Ltda.,1021113-95.2023.8.26.0451,Anderson Bezerra Santos Souza,Primeira Instância,Réu,25000.0,5491.33,Provável,Bentivegna e Ribeiro Advogados,Everton de Oliveira Gil,Piracicaba,4ª Vara,Vara Cível,Vícios Construtivos,Lawrencce Van Hornn Liberatori da Silva,Cível
2026-01-25 00:00:00,Ativo,Ordinário - Conhecimento,Pacaembu Arapongas 2 - Empreendimento Imobiliarios Ltda.,0012986-53.2025.8.16.0045,Ana Rita Mesquita Cortinove,Primeira Instância,Réu,45000.0,46204.74,Possível,Bentivegna e Ribeiro Advogados,Eduardo Alexandre Antoniassi,Arapongas,2ª Vara,Vara Cível,Vícios Construtivos e muro de arrimo,Marina Luise Campana Perini,Cível
2026-05-11 00:00:00,Ativo,Ordinário - Conhecimento,Pacaembu Construtora S/A,4004952-64.2026.8.26.0576,Ana Paula Maldonado,Primeira Instância,Réu,60000.0,60885.06,Possível,Escritório Reis & Souza Advogados,José Roberto Russo,São José do Rio Preto,2ª Vara,Vara Cível,Vícios Construtivos e muro de arrimo,Marina Luise Campana Perini,Cível
2026-04-06 00:00:00,Ativo,Ordinário - Conhecimento,Pacaembu Arapongas 1 - Empreendimento Imobiliário Ltda.,0014199-94.2025.8.16.0045,Ana Paula de Oliveira,Segunda Instância,Réu,16000.0,16343.37,Possível,Bentivegna e Ribeiro Advogados,Ana Caroline Marcolino,Arapongas,19ª Câmara,Câmara de Direito Privado,Vícios Construtivos e muro de arrimo,Marina Luise Campana Perini,Cível
2025-09-09 00:00:00,Ativo,Ordinário - Conhecimento,Pacaembu Construtora S/A,0011744-93.2024.8.16.0045,Ana Paula Camaro,Primeira Instância,Réu,40000.0,43146.71,Possível,Bentivegna e Ribeiro Advogados,Celso José Bonifácio Junior,Arapongas,2ª Vara,Vara Cível,Vícios Construtivos e muro de arrimo,Lawrencce Van Hornn Liberatori da Silva,Cível
2024-12-11 00:00:00,Ativo,Ordinário - Conhecimento,Pacaembu Construtora S/A,0011743-11.2024.8.16.0045,Ana Paula Aparecida Roza,Primeira Instância,Réu,40000.0,43146.71,Possível,Bentivegna e Ribeiro Advogados,Celso José Bonifácio Junior,Arapongas,1ª Vara,Vara Cível,Vícios Construtivos e muro de arrimo,Lawrencce Van Hornn Liberatori da Silva,Cível
2026-05-06 00:00:00,Ativo,Ordinário - Conhecimento,Pacaembu Construtora S/A,0002611-56.2026.8.16.0045,Ana Livia Tiburcio de Moraes,Primeira Instância,Réu,60000.0,60546.0,Possível,Escritório Reis & Souza Advogados,Eduardo Blanco,Arapongas,1ª Vara,Vara Cível,,Lawrencce Van Hornn Liberatori da Silva,Cível
2025-05-28 00:00:00,Ativo,Ordinário - Conhecimento,Pacaembu Construtora S/A,1020447-39.2025.8.26.0576,Ana Julia Soares,Primeira Instância,Réu,20000.0,20654.62,Possível,Escritório Reis & Souza Advogados,Guilherme Mendonça Mendes de Oliveira,São José do Rio Preto,7ª Vara,Vara Cível,Vícios Construtivos,Marina Luise Campana Perini,Cível
2026-05-15 00:00:00,Ativo,Ordinário - Conhecimento,Pacaembu Araraquara 271 - Empreendimento Imobiliario Ltda,4002115-04.2026.8.26.0037,Ana Claudia Ramalho dos Santos Magalhães,Primeira Instância,Réu,12500.0,12684.39,Possível,Escritório Reis & Souza Advogados,David Jonathan dos Santos Encontrão,Araraquara,Vara Única,Juizado Especial Cível,Cobrança indevida - ITBI,Marina Luise Campana Perini,Cível
2022-10-13 00:00:00,Ativo,Ordinário - Conhecimento,Pacaembu Cedral I - Empreendimento Imobiliário Ltda,1052770-05.2022.8.26.0576,Ana Carolina da Silva Jesus,Primeira Instância,Réu,165000.0,1710.89,Provável,Bentivegna e Ribeiro Advogados,Jéssika de Cássia Maroco,São José do Rio Preto,7ª Vara,Vara Cível,Alienação Fiduciária,Cesar Matos Silva,Cível
2024-12-03 00:00:00,Ativo,Ordinário - Conhecimento,Pacaembu São José do Rio Preto - Empreendimento Imobiliário Ltda.,1051873-06.2024.8.26.0576,Ana Camila Sousa Alves,Segunda Instância,Réu,102000.0,108834.63,Possível,Escritório Reis & Souza Advogados,Andressa Cristina Malagolini Aielo,São José do Rio Preto,9ª Vara,Câmara de Direito Privado,Vícios Construtivos e muro de arrimo,Marina Luise Campana Perini,Cível
2025-04-15 00:00:00,Ativo,Ordinário - Conhecimento,Pacaembu Piracicaba Incorporadora Ltda.,1027494-85.2024.8.26.0451,Amarildo Franco de Ataide,Segunda Instância,Réu,25000.0,26587.42,Possível,Bentivegna e Ribeiro Advogados,Yara Regina Araujo Richter,Piracicaba,10ª Câmara,Câmara de Direito Privado,Vícios Construtivos,Marina Luise Campana Perini,Cível
2025-10-21 00:00:00,Ativo,Ordinário - Conhecimento,Pacaembu Construtora S/A,4005028-25.2025.8.26.0576,Altair Fernando de Souza Dias,Primeira Instância,Réu,10000.0,10214.6,Possível,Escritório Reis & Souza Advogados,Marcos Cesar Chagas Perez,São José do Rio Preto,6ª Vara,Vara Cível,Vícios Construtivos,Marina Luise Campana Perini,Cível
2025-06-05 00:00:00,Ativo,Ordinário - Conhecimento,Pacaembu Construtora S/A,0015066-24.2024.8.16.0045,Allyson Adriano Padovani,Primeira Instância,Réu,40000.0,42680.25,Possível,Bentivegna e Ribeiro Advogados,Celso José Bonifácio Junior,Arapongas,1ª Vara,Vara Cível,Vícios Construtivos e muro de arrimo,Lawrencce Van Hornn Liberatori da Silva,Cível
2025-10-21 00:00:00,Ativo,Ordinário - Conhecimento,Pacaembu Construtora S/A,0011927-30.2025.8.16.0045,Alitton Antonio Delgado de Oliveira,Primeira Instância,Réu,20000.0,20492.31,Possível,Escritório Reis & Souza Advogados,Ana Caroline Marcolino,Arapongas,1ª Vara,Vara Cível,Vícios Construtivos,Marina Luise Campana Perini,Cível
2026-04-13 00:00:00,Ativo,Ordinário - Conhecimento,Pacaembu Água Santa - Empreendimento Imobiliário Ltda.,4011408-64.2025.8.26.0576,Aline Vetorazo Alvarenga,Primeira Instância,Réu,10000.0,10208.48,Possível,Bentivegna e Ribeiro Advogados,Felipe Augusto Tadini Martins,São José do Rio Preto,5ª Vara,Vara Cível,Vícios Construtivos,Marina Luise Campana Perini,Cível
2026-01-05 00:00:00,Ativo,Ordinário - Conhecimento,Pacaembu Construtora S/A,1012929-82.2025.8.26.0451,Aline Joyce Alves da Silva,Primeira Instância,Réu,40000.0,41070.7,Possível,Bentivegna e Ribeiro Advogados,Guilherme Mendonça Mendes de Oliveira,Piracicaba,3ª Vara,Vara Cível,Caixa de Esgoto,Marina Luise Campana Perini,Cível
2024-07-15 00:00:00,Ativo,Ordinário - Conhecimento,Poá Empreendimento Imobiliário Ltda,1024842-27.2024.8.26.0506,Aline Aparecida dos Santos,Primeira Instância,Réu,164034.41,178410.12,Possível,Escritório Reis & Souza Advogados,Elton Junior da Silva,Ribeirão Preto,8ª Câmara de Direito Privado,Câmara de Direito Privado,Alienação Fiduciária,Cesar Matos Silva,Cível
2025-04-14 00:00:00,Ativo,Ordinário - Conhecimento,Pacaembu Construtora S/A,0003441-56.2025.8.16.0045,Aline Alecio de Almeida,Primeira Instância,Réu,27864.15,30635.18,Possível,Bentivegna e Ribeiro Advogados,Leonardo de Almeida Zanetti,Arapongas,1ª Vara,Vara Cível,Vícios Construtivos,Lawrencce Van Hornn Liberatori da Silva,Cível
2025-07-22 00:00:00,Ativo,Ordinário - Conhecimento,Pacaembu Construtora S/A,0011741-41.2024.8.16.0045,Alex Sandro Teixeira de Alencar,Segunda Instância,Réu,40000.0,43146.71,Possível,Bentivegna e Ribeiro Advogados,Celso José Bonifácio Junior,Arapongas,20ª Câmara Cível,Câmara de Direito Privado,Vícios Construtivos e muro de arrimo,Lawrencce Van Hornn Liberatori da Silva,Cível
2025-02-26 00:00:00,Ativo,Ordinário - Conhecimento,Pacaembu São José do Rio Preto - Empreendimento Imobiliário Ltda.,1000682-82.2025.8.26.0576,Alexsandro José do Carmo,Primeira Instância,Réu,102000.0,107958.46,Possível,Escritório Reis & Souza Advogados,Andressa Cristina Malagolini Aielo,São José do Rio Preto,5ª Vara,Vara Cível,Vícios Construtivos e muro de arrimo,Marina Luise Campana Perini,Cível
2025-10-22 00:00:00,Ativo,Ordinário - Conhecimento,Pacaembu Construtora S/A,1012930-67.2025.8.26.0451,Alexandre Rosario Junior,Primeira Instância,Réu,20000.0,20535.35,Possível,Bentivegna e Ribeiro Advogados,Guilherme Mendonça Mendes de Oliveira,Piracicaba,2ª Vara,Vara Cível,Caixa de Esgoto,Marina Luise Campana Perini,Cível
2022-09-23 00:00:00,Ativo,Ordinário - Conhecimento,Pacaembu Piracicaba Incorporadora Ltda.,1103321-59.2022.8.26.0100,Alexandre Ferreira de Moura,Primeira Instância,Autor,62674.66,72956.3,Remota,Jurídico Interno Cível,Clayton Roger Galhardo,São Paulo,36ª Vara,Vara Cível,Sustação de Protesto,Cesar Matos Silva,Cível
2025-05-22 00:00:00,Ativo,Ordinário - Conhecimento,Pacaembu Água Santa - Empreendimento Imobiliário Ltda.,1021311-77.2025.8.26.0576,Alexandre Eleno de Oliveira,Primeira Instância,Autor,53522.76,55274.61,Remota,Bentivegna e Ribeiro Advogados,,São José do Rio Preto,7ª Vara,Vara Cível,Consignação em pagamento,Marina Luise Campana Perini,Cível
2025-03-20 00:00:00,Ativo,Ordinário - Conhecimento,Pacaembu São José do Rio Preto - Empreendimento Imobiliário Ltda.,1051872-21.2024.8.26.0576,Alexandre Camargo,Primeira Instância,Réu,102000.0,108834.63,Possível,Escritório Reis & Souza Advogados,Andressa Cristina Malagolini Aielo,São José do Rio Preto,1ª Vara,Vara Cível,Vícios Construtivos e muro de arrimo,Marina Luise Campana Perini,Cível
2026-04-01 00:00:00,Ativo,Ordinário - Conhecimento,Pacaembu Arapongas 2 - Empreendimento Imobiliarios Ltda.,5026425-02.2025.4.04.7001,Alexandra Araujo de Sousa,Primeira Instância,Réu,40000.0,40833.91,Possível,Bentivegna e Ribeiro Advogados,Eduardo Blanco,Londrina,1ª Vara Federal,Juizado Especial Cível,Vícios Construtivos e muro de arrimo,Lawrencce Van Hornn Liberatori da Silva,Cível
2025-04-24 00:00:00,Ativo,Ordinário - Conhecimento,Poá Empreendimento Imobiliário Ltda,1003857-03.2025.8.26.0506,Alexander Rodrigo Crepaldi,Primeira Instância,Réu,20000.0,21168.33,Possível,Escritório Reis & Souza Advogados,Guilherme Mendonça Mendes de Oliveira,Ribeirão Preto,3ª Vara,Vara Cível,Vícios Construtivos,Marina Luise Campana Perini,Cível
2024-12-02 00:00:00,Ativo,Ordinário - Conhecimento,Pacaembu São José do Rio Preto - Empreendimento Imobiliário Ltda.,1051871-36.2024.8.26.0576,Alessandro da Silva,Segunda Instância,Réu,102000.0,108834.63,Possível,Escritório Reis & Souza Advogados,Andressa Cristina Malagolini Aielo,São José do Rio Preto,7ª C{amara,Câmara de Direito Privado,Vícios Construtivos e muro de arrimo,Marina Luise Campana Perini,Cível
2026-04-14 00:00:00,Ativo,Ordinário - Conhecimento,Pacaembu Construtora S/A,4003982-64.2026.8.26.0576,Alessandra Osmarina de Mello,Primeira Instância,Réu,60000.0,60885.06,Possível,Escritório Reis & Souza Advogados,José Roberto Russo,São José do Rio Preto,4ª Vara,Vara Cível,Vícios Construtivos e muro de arrimo,Marina Luise Campana Perini,Cível
2026-01-05 00:00:00,Ativo,Ordinário - Conhecimento,Pacaembu Construtora S/A (Filial),1027962-28.2025.8.26.0576,Alessandra Bianchi Donizete,Primeira Instância,Réu,105000.0,107810.58,Possível,Escritório Reis & Souza Advogados,José Roberto Russo,São José do Rio Preto,10ª Vara,Vara Cível,Vícios Construtivos,Marina Luise Campana Perini,Cível
2025-03-25 00:00:00,Ativo,Ordinário - Conhecimento,Pacaembu Construtora S/A,1001392-32.2025.8.26.0664,Alecxandra Menezes Ramos,Primeira Instância,Réu,20000.0,17859.76,Provável,Bentivegna e Ribeiro Advogados,Guilherme Mendonça Mendes de Oliveira,Votuporanga,3ª Vara,Vara Cível,Vícios Construtivos,Marina Luise Campana Perini,Cível
2025-09-01 00:00:00,Ativo,Ordinário - Conhecimento,Pacaembu Construtora S/A,0011117-89.2024.8.16.0045,Alberto Alves de Freitas Junior,Primeira Instância,Réu,40000.0,43086.31,Possível,Bentivegna e Ribeiro Advogados,Celso José Bonifácio Junior,Arapongas,2ª Vara,Vara Cível,Vícios Construtivos e muro de arrimo,Lawrencce Van Hornn Liberatori da Silva,Cível
2023-09-27 00:00:00,Ativo,Ordinário - Conhecimento,Pacaembu Piracicaba Incorporadora Ltda.,1017792-52.2023.8.26.0451,Alan Eduardo dos Santos Nogueira,Primeira Instância,Réu,30000.0,2237.33,Provável,Bentivegna e Ribeiro Advogados,Yara Regina Araujo Richter,Piracicaba,2ª Vara,Vara Cível,Vícios Construtivos,Marina Luise Campana Perini,Cível
2023-05-10 00:00:00,Ativo,Ordinário - Conhecimento,Pacaembu Bauru - Empreendimento Imobiliário Ltda.,0009666-06.2023.8.26.0071,Alan Cesar Ambrozio,Primeira Instância,Réu,15600.0,1271.49,Provável,Bentivegna e Ribeiro Advogados,Fabio Jose de Souza,Bauru,3ª Vara,Vara Cível,Vícios Construtivos,Marina Luise Campana Perini,Cível
2025-02-28 00:00:00,Ativo,Consignação,Pacaembu Água Santa - Empreendimento Imobiliário Ltda.,1008806-54.2025.8.26.0576,Airton Nogueira,Primeira Instância,Autor,22230.96,23529.61,Remota,Bentivegna e Ribeiro Advogados,,São José do Rio Preto,1ª Vara,Vara Cível,Pagamento em Consignação,Marina Luise Campana Perini,Cível
2025-08-01 00:00:00,Ativo,Ordinário - Conhecimento,Pacaembu Construtora S/A,1047885-74.2024.8.26.0576,Adrielle Souza Paschoalino Amorim,Primeira Instância,Réu,15500.0,16639.48,Possível,Escritório Reis & Souza Advogados,Wadi Atique,São José do Rio Preto,5ª Vara,Vara Cível,Vícios Construtivos,Lawrencce Van Hornn Liberatori da Silva,Cível
2025-10-21 00:00:00,Ativo,Ordinário - Conhecimento,Pacaembu Piracicaba Incorporadora Ltda.,1010721-28.2025.8.26.0451,Adriele Souza Regis,Primeira Instância,Réu,20000.0,20654.62,Possível,Bentivegna e Ribeiro Advogados,Guilherme Mendonça Mendes de Oliveira,Piracicaba,1ª Vara,Vara Cível,Caixa de Esgoto,Marina Luise Campana Perini,Cível
2023-05-10 00:00:00,Ativo,Ordinário - Conhecimento,Pacaembu Bauru II- Empreendimento Imobiliário Ltda.,0009657-44.2023.8.26.0071,Adriano Cataluppi,Primeira Instância,Réu,15600.0,17721.2,Possível,Bentivegna e Ribeiro Advogados,Fabio Jose de Souza,Bauru,1ª Vara,Vara Cível,Vícios Construtivos,Marina Luise Campana Perini,Cível
2025-11-12 00:00:00,Ativo,Ordinário - Conhecimento,Poá Empreendimento Imobiliário Ltda,1034415-55.2025.8.26.0506,Adriana Teresa Fava,Primeira Instância,Réu,66494.0,68273.87,Possível,Escritório Reis & Souza Advogados,Luciana Rodrigues de Lima,São José do Rio Preto,10ª Vara,Vara Cível,Ação cominatória,Cesar Matos Silva,Cível
2026-02-10 00:00:00,Ativo,Ordinário - Conhecimento,Pacaembu Bauru Azevedo - Empreendimento Imobiliário Ltda.,4000023-48.2026.8.26.0071,Adriana Greyze da Silva,Primeira Instância,Réu,30229.12,30794.66,Possível,Escritório Reis & Souza Advogados,Gabriela Rodrigues,Bauru,2ª Vara,Vara Cível,Ação de Revisão Contratual,Marina Luise Campana Perini,Cível
2023-05-12 00:00:00,Ativo,Ordinário - Conhecimento,Pacaembu Construtora S/A,0013088-42.2023.8.16.0014,Adriana de Oliveira,Segunda Instância,Réu,30000.0,24711.18,Provável,Bentivegna e Ribeiro Advogados,Celso José Bonifácio Junior,,20ª Vara,Câmara de Direito Privado,Vícios Construtivos e muro de arrimo,Lawrencce Van Hornn Liberatori da Silva,Cível
2025-04-16 00:00:00,Ativo,Ordinário - Conhecimento,Pacaembu Construtora S/A,1027254-96.2024.8.26.0451,Adivaldo Gomes dos Santos,Primeira Instância,Réu,30000.0,31904.9,Possível,Bentivegna e Ribeiro Advogados,Guilherme Mendonça Mendes de Oliveira,Piracicaba,5ª Vara,Vara Cível,Caixa de Esgoto,Marina Luise Campana Perini,Cível
2025-02-20 00:00:00,Ativo,Ordinário - Conhecimento,Pacaembu Construtora S/A,0012335-55.2024.8.16.0045,Adilson Bernini Souza,Primeira Instância,Réu,40000.0,43146.71,Possível,Bentivegna e Ribeiro Advogados,Celso José Bonifácio Junior,Arapongas,1ª Vara,Vara Cível,Vícios Construtivos e muro de arrimo,Lawrencce Van Hornn Liberatori da Silva,Cível
2026-03-01 00:00:00,Ativo,Ordinário - Conhecimento,Pacaembu Construtora S/A,0014198-12.2025.8.16.0045,Ademilson Sales da Costa,Primeira Instância,Réu,17500.0,17875.56,Possível,Bentivegna e Ribeiro Advogados,Ana Caroline Marcolino,Arapongas,1ª Vara,Vara Cível,Vícios Construtivos e muro de arrimo,Marina Luise Campana Perini,Cível
2025-10-22 00:00:00,Ativo,Ordinário - Conhecimento,Pacaembu Construtora S/A,4005278-58.2025.8.26.0576,Adalgisa Moraes de Andrade,Primeira Instância,Réu,10000.0,10214.6,Possível,Escritório Reis & Souza Advogados,José Roberto Russo,São José do Rio Preto,8ª Vara,Vara Cível,Vícios Construtivos,Marina Luise Campana Perini,Cível
2024-10-24 00:00:00,Ativo,Ordinário - Conhecimento,Pacaembu Construtora S/A,1006705-78.2024.8.26.0576,Abner Henrique de Souza,Primeira Instância,Réu,15500.0,17090.24,Possível,Escritório Reis & Souza Advogados,Wadi Atique,São José do Rio Preto,7ª Vara,Vara Cível,Vícios Construtivos,Lawrencce Van Hornn Liberatori da Silva,Cível
2025-08-05 00:00:00,Ativo,Mandado de Segurança - Tributário,Pacaembu Uberlândia - Empreendimento Imobiliário Ltda.,5048475-19.2025.8.13.0702,1º Ofício de Registro de Imóveis de Uberlândia,Primeira Instância,Autor,1000000.0,1026767.4,Possível,Serur Advogados,Jus Postulandi,Uberlândia,1ª Vara,Vara da Fazenda Pública,Cobrança de Emolumentos,Marina Luise Campana Perini,Tributário
