id,pasta,cliente.nome,adverso.nome,advogadoCliente.nome,advogadoAdverso.nome,status,localizacaoFisica,natureza,assunto,faseAtual.instancia,faseAtual.estado,faseAtual.localidade,valorCausa,valorProvisionado,prognostico,dataCadastro,tipoProcesso,tipoAcao,faseAtual.vara,faseAtual.tipo,grupoResponsavel.nome,dataAbertura,valorCausaAtualizado,valorProvisionadoAtualizado
473816,0009515-92.2026.8.16.0045,Pacaembu Construtora S/A,Vilma Moreira da Silva,Bruno - Escritório RST&A,Cleodson Rodrigues de Oliveira,Aguardando Citação,Arapongas - Bem Viver Arapongas,Cível,Vícios Construtivos e muro de arrimo,Primeira Instância,PR,Arapongas,"60.000,00","60.000,00",,05/08/2026 19:02,Judicial,Ordinário - Conhecimento,Vara Cível,,,05/08/2026,,
473815,0009262-07.2026.8.16.0045,Pacaembu Arapongas 2 - Empreendimento Imobiliarios Ltda.,Cesar Afonso Fernandes,Bruno - Escritório RST&A,Cleodson Rodrigues de Oliveira,Aguardando Citação,Arapongas - Bem Viver Arapongas 2,Cível,Vícios Construtivos e muro de arrimo,Primeira Instância,PR,Arapongas,"60.000,00","60.000,00",,05/08/2026 18:50,Judicial,Ordinário - Conhecimento,Vara Cível,,,05/08/2026,,
473808,0000764-02.2026.5.23.0004,Pacaembu Construtora S/A,Helder Pereira,Jurídico Trabalhista,Andreia Aparecida Lourenço do Carmo,Ativo,,Trabalhista,,Primeira Instância,MT,Cuiabá,"60.395,64","0,00",,05/08/2026 13:07,Judicial,Reclamatória Trabalhista,Vara do Trabalho,,,03/08/2026,,
473802,0009374-73.2026.8.16.0045,Pacaembu Arapongas 2 - Empreendimento Imobiliarios Ltda.,Sabrina Fernanda de Oliveira,Bruno - Escritório RST&A,Cleodson Rodrigues de Oliveira,Aguardando Citação,Arapongas - Bem Viver Arapongas 2,Cível,Vícios Construtivos e muro de arrimo,Primeira Instância,PR,Arapongas,"60.000,00","60.000,00",,04/08/2026 16:55,Judicial,Ordinário - Conhecimento,Vara Cível,,,04/08/2026,,
473800,0009378-13.2026.8.16.0045,Pacaembu Arapongas 2 - Empreendimento Imobiliarios Ltda.,Yasmin Aparecida de Almeida,Bruno - Escritório RST&A,Cleodson Rodrigues de Oliveira,Aguardando Citação,Arapongas - Bem Viver Arapongas 2,Cível,Vícios Construtivos e muro de arrimo,Primeira Instância,PR,Arapongas,"60.000,00","60.000,00",,04/08/2026 16:43,Judicial,Ordinário - Conhecimento,Vara Cível,,,04/08/2026,,
473793,4025545-17.2026.8.26.0576,Pacaembu São José do Rio Preto - Empreendimento Imobiliário Ltda.,Felipe Luiz Brito,Thaia - Escritório RST&A,José Augusto da Silva Tancredi,Aguardando Citação,,Cível,Ação Declaratória de Nulidade,Primeira Instância,SP,São José do Rio Preto,"41.928,89","41.928,89",,04/08/2026 10:17,Judicial,Ordinário - Conhecimento,Juizado Especial Cível,,,04/08/2026,,
473787,4023523-83.2026.8.26.0576,Pacaembu Construtora S/A,Maria do Carmo de Souza,Thaia - Escritório RST&A,José Roberto Russo,Aguardando Citação,SJRP - Residencial Amizade I,Cível,Vícios Construtivos,Primeira Instância,SP,São José do Rio Preto,"60.000,00","60.000,00",,03/08/2026 18:58,Judicial,Ordinário - Conhecimento,Vara Cível,,,03/08/2026,,
473763,0000757-19.2026.5.23.0001,Pacaembu Construtora S/A,Arian Roque da Silva Sousa,Jurídico Trabalhista,Josué Jordão Mendes Junior,Ativo,,Trabalhista,,Primeira Instância,MT,Cuiabá,"80.580,13","0,00",,31/07/2026 11:16,Judicial,Reclamatória Trabalhista,Vara do Trabalho,,,30/07/2026,,
473762,0011126-81.2026.5.15.0070,Pacaembu Catanduva 348 - Empreendimento Imobiliário Ltda.,Cleuton Carvalho Ferreira,Jurídico Trabalhista,Anna Luísa Sousa e Silva,Ativo,,Trabalhista,,Primeira Instância,SP,Catanduva,"68.676,89","0,00",,31/07/2026 11:11,Judicial,Reclamatória Trabalhista,Vara do Trabalho,,,30/07/2026,,
473760,0011287-95.2026.5.15.0004,Pacaembu Construtora S/A,Narcelo Oliveira da Silva,Jurídico Trabalhista,Luan Sousa Alencar,Ativo,,Trabalhista,,Primeira Instância,SP,Ribeirão Preto,"90.261,80","0,00",,31/07/2026 11:04,Judicial,Reclamatória Trabalhista,Vara do Trabalho,,,03/07/2026,,
473695,0001042-78.2026.5.23.0076,Pacaembu Construtora S/A,Sebastião Dias Ferreira,Jurídico Trabalhista,Érica Bruna Felix de Araújo,Ativo,Primavera do Leste - Vida Nova Primavera do Leste,Trabalhista,Verbas Rescisórias,Primeira Instância,MT,Primavera do Leste,"26.296,50","26.296,50",,29/07/2026 11:36,Judicial,Reclamatória Trabalhista,Vara do Trabalho,,,29/07/2026,,
473659,0009606-85.2026.8.16.0045,Pacaembu Arapongas 2 - Empreendimento Imobiliarios Ltda.,José Osmario Leite,Bruno - Escritório RST&A,Cleodson Rodrigues de Oliveira,Aguardando Citação,Arapongas - Bem Viver Arapongas 2,Cível,Vícios Construtivos e muro de arrimo,Primeira Instância,PR,Arapongas,"60.000,00","60.000,00",,28/07/2026 13:37,Judicial,Ordinário - Conhecimento,Vara Cível,,,28/07/2026,,
473658,0009666-58.2026.8.16.0045,Pacaembu Arapongas 2 - Empreendimento Imobiliarios Ltda.,Taymara Cristina de Sousa Pereira,Bruno - Escritório RST&A,Cleodson Rodrigues de Oliveira,Aguardando Citação,Arapongas - Bem Viver Arapongas 2,Cível,Vícios Construtivos e muro de arrimo,Primeira Instância,PR,Arapongas,"60.000,00","60.000,00",,28/07/2026 13:22,Judicial,Ordinário - Conhecimento,Vara Cível,,,28/07/2026,,
473655,0009505-48.2026.8.16.0045,Pacaembu Construtora S/A,Marta Amorim da Silva,Bruno - Escritório RST&A,Cleodson Rodrigues de Oliveira,Aguardando Citação,Arapongas - Bem Viver Arapongas,Cível,Vícios Construtivos e muro de arrimo,Primeira Instância,PR,Arapongas,"60.000,00","60.000,00",,28/07/2026 11:42,Judicial,Ordinário - Conhecimento,Vara Cível,,,28/07/2026,,
473640,0011189-54.2026.5.15.0055,Pacaembu Construtora S/A,Rodrigo Teixeira de Oliveira,Jurídico Trabalhista,Marcos Augusto de Argenton e Queiroz,Ativo,,Trabalhista,,Primeira Instância,SP,Jaú,"110.784,86","0,00",,27/07/2026 15:48,Judicial,Reclamatória Trabalhista,Vara do Trabalho,,,22/07/2026,,
473628,0009100-12.2026.8.16.0045,Pacaembu Arapongas 2 - Empreendimento Imobiliarios Ltda.,Reinaldo de Souza Teixeira,Bruno - Escritório RST&A,Eduardo Blanco,Aguardando Citação,Arapongas - Bem Viver Arapongas 2,Cível,Vícios Construtivos e muro de arrimo,Primeira Instância,PR,Arapongas,"60.000,00","60.000,00",,24/07/2026 18:31,Judicial,Ordinário - Conhecimento,Vara Cível,,,24/07/2026,,
473626,0009196-27.2026.8.16.0045,Pacaembu Arapongas 1 - Empreendimento Imobiliário Ltda.,Claudinei Aparecido Trensoli,Bruno - Escritório RST&A,Eduardo Blanco,Aguardando Citação,Arapongas - Bem Viver Arapongas,Cível,Vícios Construtivos e muro de arrimo,Primeira Instância,PR,Arapongas,"60.000,00","60.000,00",,24/07/2026 18:21,Judicial,Ordinário - Conhecimento,Vara Cível,,,24/07/2026,,
473624,0000621-08.2026.5.23.0038,Pacaembu Sinop 449 - Empreendimento Imobiliario Ltda.,Lucas Cristiano Alves dos Santos,Jurídico Trabalhista,Emanoel Gomes de Sousa,Ativo,,Trabalhista,,Primeira Instância,MT,Sinop,"64.840,00","0,00",,24/07/2026 18:09,Judicial,Reclamatória Trabalhista,Vara do Trabalho,,,14/07/2026,,
473592,0001058-34.2026.5.09.0654,Pacaembu Construtora S/A,Marcio Menezes do Nascimento,Jurídico Trabalhista,Raquel de Assis de Teixeira,Aguardando Notificação,,Trabalhista,,Primeira Instância,PR,Araucária,"1.034.000,00","0,00",,23/07/2026 18:50,Judicial,Reclamatória Trabalhista,Vara do Trabalho,,,23/07/2026,,
473591,0009090-65.2026.8.16.0045,Pacaembu Arapongas 2 - Empreendimento Imobiliarios Ltda.,Adriele de Oliveira Vidal Santos,Bruno - Escritório RST&A,Cleodson Rodrigues de Oliveira,Aguardando Citação,Arapongas - Bem Viver Arapongas 2,Cível,Vícios Construtivos e muro de arrimo,Primeira Instância,PR,Arapongas,"60.000,00","60.000,00",,23/07/2026 18:11,Judicial,Ordinário - Conhecimento,Vara Cível,,,23/07/2026,,
473590,0009095-87.2026.8.16.0045,Pacaembu Arapongas 2 - Empreendimento Imobiliarios Ltda.,Francisco Aparecida da Silva,Bruno - Escritório RST&A,Cleodson Rodrigues de Oliveira,Aguardando Citação,Arapongas - Bem Viver Arapongas 2,Cível,Vícios Construtivos e muro de arrimo,Primeira Instância,PR,Arapongas,"60.000,00","60.000,00",,23/07/2026 17:59,Judicial,Ordinário - Conhecimento,Vara Cível,,,23/07/2026,,
473589,0011329-77.2026.5.15.0091,Pacaembu Construtora S/A,Paulo Rodrigo Borges Silva,Jurídico Trabalhista,Danilo Piancó Rosas,Aguardando Notificação,,Trabalhista,,Primeira Instância,SP,Bauru,"62.148,73","0,00",,23/07/2026 17:58,Judicial,Reclamatória Trabalhista,Vara do Trabalho,,,23/07/2026,,
473547,4011032-35.2026.8.26.0482,Pacaembu Construtora S/A,Condomínio Residencial Bela Vista,Thaia - Escritório RST&A,José Antonio da Silva Garcia Junior,Ativo,Presidente Prudente - Residencial Bela Vista,Cível,Obrigação de Fazer / Não Fazer,Primeira Instância,SP,Presidente Prudente,"50.000,00","50.000,00",,22/07/2026 14:46,Judicial,Ordinário - Conhecimento,Vara Cível,,,22/07/2026,,
473530,0009114-93.2026.8.16.0045,Pacaembu Arapongas 2 - Empreendimento Imobiliarios Ltda.,Adriana Alencar Miranda,Bruno - Escritório RST&A,Cleodson Rodrigues de Oliveira,Aguardando Citação,Arapongas - Bem Viver Arapongas 2,Cível,Vícios Construtivos e muro de arrimo,Primeira Instância,PR,Arapongas,"60.000,00","60.000,00",,21/07/2026 11:45,Judicial,Ordinário - Conhecimento,Vara Cível,,,21/07/2026,,
473528,0009091-50.2026.8.16.0045,Pacaembu Arapongas 2 - Empreendimento Imobiliarios Ltda.,Alexandre Vicente da Silva,Bruno - Escritório RST&A,Cleodson Rodrigues de Oliveira,Aguardando Citação,Arapongas - Bem Viver Arapongas 2,Cível,Vícios Construtivos e muro de arrimo,Primeira Instância,PR,Arapongas,"30.000,00","30.000,00",,21/07/2026 11:30,Judicial,Ordinário - Conhecimento,Vara Cível,,,21/07/2026,,
473515,1003064-97.2026.8.13.0342,Pacaembu Construtora S/A,Caroline Costa Lopes,Thaia - Escritório RST&A,Maria do Carmo Chagas Martins,Ativo,Ituiutaba - Vila Parque Ituiutaba,Cível,Erro na Entrega do Imóvel,Primeira Instância,MG,Ituiutaba,"20.000,00","20.000,00",,20/07/2026 14:25,Judicial,Ordinário - Conhecimento,Juizado Especial Cível,,,20/07/2026,,
473514,0009115-78.2026.8.16.0045,Pacaembu Arapongas 2 - Empreendimento Imobiliarios Ltda.,Adriana Domingos dos Santos,Bruno - Escritório RST&A,Cleodson Rodrigues de Oliveira,Aguardando Citação,Arapongas - Bem Viver Arapongas 2,Cível,Vícios Construtivos e muro de arrimo,Primeira Instância,SP,Arapongas,"60.000,00","60.000,00",,20/07/2026 14:08,Judicial,Ordinário - Conhecimento,Vara Cível,,,20/07/2026,,
473513,4023348-89.2026.8.26.0576,Vida Nova Dignidade 2 Empreendimento Imobiliário ltda,Marcia Cristina dos Santos Conceicao,Indeterminado,,Aguardando Citação,,Cível,Ação de Cobrança,,SP,São José do Rio Preto,"0,00","0,00",,20/07/2026 12:35,Judicial,Ordinário - Conhecimento,CEJUSC -  São José do Rio Preto,,,03/07/2026,,
473509,4023086-42.2026.8.26.0576,Pacaembu Construtora S/A,Maria Aparecida Caetano,Thaia - Escritório RST&A,José Roberto Russo,Aguardando Citação,São José do Rio Preto - Lealdade e Amizade,Cível,Vícios Construtivos,Primeira Instância,SP,São José do Rio Preto,"60.000,00","60.000,00",,20/07/2026 11:51,Judicial,Ordinário - Conhecimento,Vara Cível,,,20/07/2026,,
473508,0007458-04.2026.8.16.0045,Pacaembu Arapongas 1 - Empreendimento Imobiliário Ltda.,Renata dos Reis Joaquim,Bruno - Escritório RST&A,Eduardo Blanco,Ativo,Arapongas - Bem Viver Arapongas 2,Cível,Vícios Construtivos e muro de arrimo,Primeira Instância,PR,Arapongas,"60.000,00","60.390,00",,20/07/2026 11:02,Judicial,Ordinário - Conhecimento,Vara Cível,,,21/07/2026,,
473497,0009093-20.2026.8.16.0045,Pacaembu Arapongas 2 - Empreendimento Imobiliarios Ltda.,Beatriz Aparecida Marques Borges,Bruno - Escritório RST&A,Cleodson Rodrigues de Oliveira,Aguardando Citação,Arapongas - Bem Viver Arapongas 2,Cível,Vícios Construtivos e muro de arrimo,Primeira Instância,PR,Arapongas,"60.000,00","60.000,00",,17/07/2026 17:07,Judicial,Ordinário - Conhecimento,Vara Cível,,,17/07/2026,,
473484,4010128-11.2026.8.26.0451,Pacaembu Construtora S/A,Diego Antony da Silva Ricucci,Thaia - Escritório RST&A,João Luis Biscalchim Junior,Aguardando Citação,Piracicaba - Comviva - Fase 2,Cível,Vícios Construtivos e muro de arrimo,Primeira Instância,SP,Piracicaba,"68.603,03","68.603,03",,17/07/2026 11:55,Judicial,Ordinário - Conhecimento,Vara Cível,,,03/08/2026,,
473470,0009221-40.2026.8.16.0045,Pacaembu Arapongas 2 - Empreendimento Imobiliarios Ltda.,Geovani de Almeida de Albuquerque,Bruno - Escritório RST&A,Cleodson Rodrigues de Oliveira,Ativo,Arapongas - Bem Viver Arapongas 2,Cível,Vícios Construtivos e muro de arrimo,Primeira Instância,PR,Arapongas,"60.000,00","60.000,00",,16/07/2026 18:11,Judicial,Ordinário - Conhecimento,Vara Cível,,,16/07/2026,,
473469,0009094-05.2026.8.16.0045,Pacaembu Arapongas 2 - Empreendimento Imobiliarios Ltda.,Benito Simon,Bruno - Escritório RST&A,Cleodson Rodrigues de Oliveira,Ativo,Arapongas - Bem Viver Arapongas 2,Cível,Vícios Construtivos e muro de arrimo,Primeira Instância,PR,Arapongas,"60.000,00","60.000,00",,16/07/2026 18:00,Judicial,Ordinário - Conhecimento,Vara Cível,,,16/07/2026,,
473468,0009098-42.2026.8.16.0045,Pacaembu Arapongas 2 - Empreendimento Imobiliarios Ltda.,José Orlando Braga,Bruno - Escritório RST&A,Cleodson Rodrigues de Oliveira,Ativo,Arapongas - Bem Viver Arapongas 2,Cível,Vícios Construtivos e muro de arrimo,Primeira Instância,PR,Arapongas,"60.000,00","60.000,00",,16/07/2026 17:43,Judicial,Ordinário - Conhecimento,Vara Cível,,,16/07/2026,,
473458,0011469-67.2026.5.15.0041,Pacaembu Construtora S/A,Carla Priscila de Oliveira,Jurídico Trabalhista,Isabela Oliveira França de Melo,Aguardando Notificação,,Trabalhista,,Primeira Instância,SP,Itapetininga,"6.091,97","0,00",,16/07/2026 00:09,Judicial,Reclamatória Trabalhista,Vara do Trabalho,,,14/07/2026,,
473457,0011288-85.2026.5.15.0067,Pacaembu Construtora S/A,Ygor Natan Almeida de Lima,Jurídico Trabalhista,Caio Silva Ventura Leal,Ativo,,Trabalhista,,Primeira Instância,SP,Ribeirão Preto,"178.801,08","0,00",,15/07/2026 23:30,Judicial,Reclamatória Trabalhista,Vara do Trabalho,,,03/07/2026,,
473456,0009092-35.2026.8.16.0045,Pacaembu Arapongas 2 - Empreendimento Imobiliarios Ltda.,Ana Carolina Souza Borges,Bruno - Escritório RST&A,Cleodson Rodrigues de Oliveira,Ativo,Mourão - Parque Arnaldo Walter Bronzel,Cível,Vícios Construtivos e muro de arrimo,Primeira Instância,PR,Arapongas,"60.000,00","60.000,00",,15/07/2026 18:27,Judicial,Ordinário - Conhecimento,Vara Cível,,,15/07/2026,,
473455,0009089-80.2026.8.16.0045,Pacaembu Arapongas 2 - Empreendimento Imobiliarios Ltda.,Joceval Cerqueira,Bruno - Escritório RST&A,Cleodson Rodrigues de Oliveira,Ativo,Arapongas - Bem Viver Arapongas 2,Cível,Vícios Construtivos e muro de arrimo,Primeira Instância,PR,Arapongas,"60.000,00","60.000,00",,15/07/2026 18:17,Judicial,Ordinário - Conhecimento,Vara Cível,,,15/07/2026,,
473454,0009381-65.2026.8.16.0045,Pacaembu Construtora S/A,Ivan Jesus Sevilla Moreno,Bruno - Escritório RST&A,Cleodson Rodrigues de Oliveira,Ativo,Arapongas - Bem Viver Arapongas 2,Cível,Vícios Construtivos e muro de arrimo,Primeira Instância,PR,Arapongas,"60.000,00","60.000,00",,15/07/2026 18:03,Judicial,Ordinário - Conhecimento,Vara Cível,,,15/07/2026,,
473446,0007059-72.2026.8.16.0045,Pacaembu Construtora S/A,Gabriel Lopes Capitanio,Bruno - Escritório RST&A,Celso José Bonifácio Junior,Ativo,Arapongas - Bem Viver Arapongas,Cível,,Primeira Instância,PR,Arapongas,"40.000,00","40.260,00",,15/07/2026 12:19,Judicial,Ordinário - Conhecimento,Vara Cível,,,15/07/2026,,
473445,0009380-80.2026.8.16.0045,Pacaembu Arapongas 2 - Empreendimento Imobiliarios Ltda.,João Victor Lapa Feitosa,Bruno - Escritório RST&A,Cleodson Rodrigues de Oliveira,Ativo,Arapongas - Bem Viver Arapongas 2,Cível,Vícios Construtivos e muro de arrimo,Primeira Instância,PR,Arapongas,"60.000,00","60.000,00",,15/07/2026 11:35,Judicial,Ordinário - Conhecimento,Vara Cível,,,15/07/2026,,
473443,0009375-58.2026.8.16.0045,Pacaembu Arapongas 2 - Empreendimento Imobiliarios Ltda.,Waldineia Pacheco dos Santos,Bruno - Escritório RST&A,Cleodson Rodrigues de Oliveira,Ativo,Arapongas - Bem Viver Arapongas 2,Cível,Vícios Construtivos e muro de arrimo,Primeira Instância,PR,Arapongas,"60.000,00","60.000,00",,15/07/2026 11:07,Judicial,Ordinário - Conhecimento,Vara Cível,,,15/07/2026,,
473439,0009215-33.2026.8.16.0045,Pacaembu Arapongas 1 - Empreendimento Imobiliário Ltda.,José Aparecido dos Santos,Bruno - Escritório RST&A,Cleodson Rodrigues de Oliveira,Ativo,Arapongas - Bem Viver Arapongas,Cível,Vícios Construtivos e muro de arrimo,Primeira Instância,PR,Arapongas,"60.000,00","60.000,00",,15/07/2026 10:04,Judicial,Ordinário - Conhecimento,Vara Cível,,,15/07/2026,,
473429,0009112-26.2026.8.16.0045,Pacaembu Arapongas 2 - Empreendimento Imobiliarios Ltda.,Vanderlei Lobo da Silva,Bruno - Escritório RST&A,Cleodson Rodrigues de Oliveira,Ativo,Arapongas - Bem Viver Arapongas 2,Cível,Vícios Construtivos e muro de arrimo,Primeira Instância,PR,Arapongas,"60.000,00","60.000,00",,14/07/2026 18:38,Judicial,Ordinário - Conhecimento,Vara Cível,,,15/07/2026,,
473428,0009088-95.2026.8.16.0045,Pacaembu Arapongas 1 - Empreendimento Imobiliário Ltda.,Camila Maria de Oliveira,Bruno - Escritório RST&A,Cleodson Rodrigues de Oliveira,Ativo,Arapongas - Bem Viver Arapongas,Cível,Vícios Construtivos,Primeira Instância,PR,Arapongas,"60.000,00","60.000,00",,14/07/2026 18:22,Judicial,Ordinário - Conhecimento,Vara Cível,,,15/07/2026,,
473424,0009223-10.2026.8.16.0045,Pacaembu Arapongas 2 - Empreendimento Imobiliarios Ltda.,Jennifer Mayara Carneiro Rosas,Bentivegna e Ribeiro Advogados,Cleodson Rodrigues de Oliveira,Aguardando Citação,Arapongas - Bem Viver Arapongas 2,Cível,Vícios Construtivos e muro de arrimo,Primeira Instância,PR,Arapongas,"60.000,00","60.000,00",,14/07/2026 16:41,Judicial,Ordinário - Conhecimento,Vara Cível,,,14/07/2026,,
473423,0009226-62.2026.8.16.0045,Pacaembu Arapongas 2 - Empreendimento Imobiliarios Ltda.,Mario Francisco de Souza,Bentivegna e Ribeiro Advogados,Cleodson Rodrigues de Oliveira,Aguardando Citação,Arapongas - Bem Viver Arapongas 2,Cível,Vícios Construtivos e muro de arrimo,Primeira Instância,PR,Arapongas,"60.000,00","60.000,00",,14/07/2026 16:21,Judicial,Ordinário - Conhecimento,Vara Cível,,,14/07/2026,,
473422,0009225-77.2026.8.16.0045,Pacaembu Arapongas 2 - Empreendimento Imobiliarios Ltda.,Rosicleia Freitas Mauricio,Bruno - Escritório RST&A,Cleodson Rodrigues de Oliveira,Ativo,Arapongas - Bem Viver Arapongas 2,Cível,Vícios Construtivos e muro de arrimo,Primeira Instância,PR,Arapongas,"60.000,00","60.000,00",,14/07/2026 15:58,Judicial,Ordinário - Conhecimento,Vara Cível,,,14/07/2026,,
473419,0009217-03.2026.8.16.0045,Pacaembu Construtora S/A,Johnatan Viriato Merquires,Bruno - Escritório RST&A,Cleodson Rodrigues de Oliveira,Ativo,Arapongas - Bem Viver Arapongas,Cível,Vícios Construtivos e muro de arrimo,Primeira Instância,PR,Arapongas,"60.000,00","60.000,00",,14/07/2026 15:32,Judicial,Ordinário - Conhecimento,Vara Cível,,,14/07/2026,,
473418,0009220-55.2026.8.16.0045,Pacaembu Arapongas 1 - Empreendimento Imobiliário Ltda.,Juan Carlos Gomes de Moraes,Bentivegna e Ribeiro Advogados,Eduardo Blanco,Aguardando Citação,Arapongas - Bem Viver Arapongas,Cível,Vícios Construtivos e muro de arrimo,Primeira Instância,PR,Arapongas,"60.000,00","60.000,00",,14/07/2026 15:21,Judicial,Ordinário - Conhecimento,Vara Cível,,,14/07/2026,,
473417,1010950-64.2026.8.26.0576,Pacaembu São José do Rio Preto 429 - Empreendimento Imobiliário Ltda,Procuradoria Geral do Município de São José do Rio Preto,Serur Advogados,,Ativo,Olinda - Residencial Olinda - Fase 2,Tributário,Mandado de Segurança,Primeira Instância,SP,São José do Rio Preto,"10.000,00","10.000,00",,14/07/2026 15:04,Judicial,Mandado de Segurança,Vara da Fazenda Pública,,,14/07/2026,,
473411,4004643-70.2026.8.26.0664,Pacaembu Construtora S/A,Silvana Venancio,Indeterminado,Lilian Patricia Morente Foganholi,Aguardando Citação,Votuporanga - Vida Nova Votuporanga III,Cível,Vícios Construtivos,Primeira Instância,SP,Votuporanga,"15.000,00","15.000,00",,14/07/2026 10:32,Judicial,Ordinário - Conhecimento,Vara Cível,,,14/07/2026,,
473402,0009097-57.2026.8.16.0045,Pacaembu Arapongas 2 - Empreendimento Imobiliarios Ltda.,Gabrielle Silvestre Fagundes da Silva,Bruno - Escritório RST&A,Cleodson Rodrigues de Oliveira,Ativo,Arapongas - Bem Viver Arapongas 2,Cível,Vícios Construtivos e muro de arrimo,Primeira Instância,PR,Arapongas,"60.000,00","60.000,00",,13/07/2026 14:25,Judicial,Ordinário - Conhecimento,Vara Cível,,,15/07/2026,,
473380,0009099-27.2026.8.16.0045,Pacaembu Arapongas 2 - Empreendimento Imobiliarios Ltda.,Lucas Oliveira Duarte Silva,Indeterminado,Cleodson Rodrigues de Oliveira,Aguardando Citação,Arapongas - Bem Viver Arapongas 2,Cível,Vícios Construtivos,Primeira Instância,PR,Arapongas,"60.000,00","60.000,00",,10/07/2026 16:17,Judicial,Ordinário - Conhecimento,Vara Cível,,,10/07/2026,,
473379,0001396-21.2026.8.16.0053,Pacaembu Construtora S/A,Bianca Guimarães Ribeiro,Bruno - Escritório RST&A,Eduardo Blanco,Aguardando Citação,Loteamento Nelson Vidis,Cível,Vícios Construtivos e muro de arrimo,Primeira Instância,PR,Bela Vista do Paraíso,"60.000,00","60.390,00",,10/07/2026 16:07,Judicial,Ordinário - Conhecimento,Vara Cível,,,10/07/2026,,
473352,1039415-79.2026.8.11.0001,Pacaembu Construtora S/A,Isabella Costa Cavassani,Bruno - Escritório RST&A,Marcus Vinicius Souza Lima,Ativo,,Cível,Negativação indevida,Primeira Instância,MT,Cuiabá,"10.000,00","10.000,00",,08/07/2026 19:39,Judicial,Ordinário - Conhecimento,Juizado Especial Cível,,,08/07/2026,,
473322,0011142-22.2026.5.15.0042,Pacaembu Construtora S/A,Fabio Fernando Martins Alves,Jurídico Trabalhista,Tiago Manetta Falci Ferreira,Ativo,,Trabalhista,,Primeira Instância,SP,Ribeirão Preto,"55.496,95","0,00",,07/07/2026 23:36,Judicial,Reclamatória Trabalhista,Vara do Trabalho,,,01/07/2026,,
473321,0010944-68.2026.5.15.0079,Pacaembu Construtora S/A,Adriana Florinda Mutti,Jurídico Trabalhista,Marcel Murcia Ortega,Ativo,,Trabalhista,,Primeira Instância,SP,Araraquara,"46.441,85","0,00",,07/07/2026 23:03,Judicial,Reclamatória Trabalhista,Vara do Trabalho,,,03/07/2026,,
473310,4023425-66.2025.8.26.0016,Pacaembu Tatuí Caguassu - Empreendimento Imobiliário Ltda.,M8 Soluções e Serviços de Apoio a Edifícios Ltda.,Thaia - Escritório RST&A,Rubens Rufino dos Santos Sobrinho,Ativo,,Cível,Restituição de caução,Primeira Instância,SP,São Paulo,"5.801,44","6.009,17",,07/07/2026 11:02,Judicial,Ordinário - Conhecimento,Juizado Especial Cível,,,07/07/2026,,
473308,1038445-79.2026.8.11.0001,Pacaembu Construtora S/A,Jorge Alexandre Hurpia dos Santos,Thaia - Escritório RST&A,Jair de Oliveira Lima,Ativo,,Cível,Obrigação de Fazer / Não Fazer,Primeira Instância,MT,Cuiabá,"13.965,48","13.965,48",,06/07/2026 23:31,Judicial,Ordinário - Conhecimento,Juizado Especial Cível,,,06/07/2026,,
473306,1032023-65.2026.8.11.0041,Pacaembu Construtora S/A,Marcos Micael Proença de Oliveira,Thaia - Escritório RST&A,Defensoria Pública do Estado de Mato Grosso,Ativo,,Cível,Ação de Rescisão Contratual,Primeira Instância,MT,Cuiabá,"35.526,11","35.757,03",,06/07/2026 17:11,Judicial,Ordinário - Conhecimento,Vara Cível,,,06/07/2026,,
473298,4009904-49.2026.8.26.0071,Pacaembu Assis 370 - Empreendimento Imobiliário Ltda.,Sermov Vigilancia e Seguranca Patrimonial Ltda,Escritório Reis & Souza Advogados,Rubens Rufino dos Santos Sobrinho,Aguardando Citação,,Cível,Restituição de caução,Primeira Instância,SP,Bauru,"45.691,14","45.988,13",,06/07/2026 15:16,Judicial,Ordinário - Conhecimento,Juizado Especial Cível,,,06/07/2026,,
473296,4009953-17.2026.8.26.0451,Pacaembu Piracicaba Incorporadora Ltda.,Maria Clara Palomares dos Santos,Bruno - Escritório RST&A,Everton de Oliveira Gil,Ativo,Piracicaba - Vida Nova Piracicaba - VII (Nova Suiça),Cível,,Primeira Instância,SP,Piracicaba,"10.000,00","10.000,00",,06/07/2026 14:35,Judicial,Ordinário - Conhecimento,Vara Cível,,,06/07/2026,,
473245,0000689-73.2026.5.05.0291,Pacaembu Construtora S/A,Silvio Queiroz da Silva Junior,Jurídico Trabalhista,Tifane Mikelly Pereira de Carvalho,Ativo,,Trabalhista,,Primeira Instância,BA,Irecê,"39.842,06","0,00",,02/07/2026 16:31,Judicial,Reclamatória Trabalhista,Vara do Trabalho,,,01/07/2026,,
473242,4009814-65.2026.8.26.0451,Pacaembu Piracicaba Incorporadora Ltda.,Elaine Pereira da Silva,Bruno - Escritório RST&A,Everton de Oliveira Gil,Ativo,Piracicaba - Vida Nova Piracicaba (Nova Suiça),Cível,Vícios Construtivos,Primeira Instância,SP,Piracicaba,"10.000,00","10.000,00",,02/07/2026 15:05,Judicial,Ordinário - Conhecimento,Vara Cível,,,01/07/2026,,
473240,4009948-29.2025.8.26.0451,Pacaembu Construtora S/A,Jose Alexsandro da Silva,Bruno - Escritório RST&A,Guilherme Mendonça Mendes de Oliveira,Ativo,Piracicaba - Vida Nova Piracicaba (Nova Suiça),Cível,Caixa de Esgoto,Primeira Instância,SP,Piracicaba,"20.000,00","20.722,33",,02/07/2026 14:49,Judicial,Ordinário - Conhecimento,Vara Cível,,,01/07/2026,,
473231,0010598-06.2026.5.15.0019,Pacaembu Construtora S/A,Camille Vitória Véras Ferreira,Jurídico Trabalhista,Isabela Beatriz Caloni Sampaio,Ativo,,Trabalhista,,Primeira Instância,SP,Araçatuba,"15.075,77","0,00",,02/07/2026 09:46,Judicial,Reclamatória Trabalhista,Vara do Trabalho,,,01/07/2026,,
473100,0000544-19.2026.5.22.0105,Vida Nova Cuiabá II - Empreendimento Imobiliário Ltda,Marcos Vinicius Dutra dos Santos,Jurídico Trabalhista,Luiz Carlos Rezende,Ativo,,Trabalhista,,Primeira Instância,PI,Piripiri,"9.804,00","0,00",,22/06/2026 16:10,Judicial,Reclamatória Trabalhista,Vara do Trabalho,,,17/06/2026,,
473097,0000543-34.2026.5.22.0105,Vida Nova Cuiabá II - Empreendimento Imobiliário Ltda,Jose Francisco de Brito,Jurídico Trabalhista,Andre Ferreira de Araujo,Ativo,,Trabalhista,,Primeira Instância,PI,Piripiri,"25.102,83","0,00",,22/06/2026 14:57,Judicial,Reclamatória Trabalhista,Vara do Trabalho,,,17/06/2026,,
473094,4004454-04.2026.8.26.0079,Pacaembu Construtora S/A,Maria Catiele Santos Lopes,Thaia - Escritório RST&A,Jus Postulandi,Ativo,Vida Nova Botucatu 3,Cível,Ação de Rescisão Contratual,Primeira Instância,SP,Botucatu,"9.500,00","9.500,00",,19/06/2026 17:44,Judicial,Ordinário - Conhecimento,Juizado Especial Cível,,,25/06/2026,,
473075,4018146-34.2026.8.26.0576,Pacaembu Construtora S/A,Debora Ester Rodrigues Pereira,,Marcos Cesar Chagas Perez,Aguardando Citação,SJRP - Bela Morada,Cível,Vícios Construtivos,Primeira Instância,SP,São José do Rio Preto,"10.000,00","10.065,00",,18/06/2026 17:37,Judicial,Ordinário - Conhecimento,Vara Cível,,,18/06/2026,,
473071,0008647-17.2026.8.16.0045,Pacaembu Arapongas 2 - Empreendimento Imobiliarios Ltda.,Regiane Cristina Aldivino,,Eduardo Blanco,Aguardando Citação,Arapongas - Bem Viver Arapongas 2,Cível,Vícios Construtivos e muro de arrimo,Primeira Instância,PR,Arapongas,"40.000,00","40.000,00",,18/06/2026 15:44,Judicial,Ordinário - Conhecimento,Vara Cível,,,18/06/2026,,
473038,5007676-21.2025.4.03.6109,Pacaembu Piracicaba Incorporadora Ltda.,João Davi de Oliveira,Thaia - Escritório RST&A,Leticia Qulici,Ativo,Piracicaba - Vida Nova Piracicaba - II,Cível,Ação de Rescisão Contratual,Primeira Instância,SP,Piracicaba,"161.000,00","167.048,31",,17/06/2026 17:06,Judicial,Ordinário - Conhecimento,Vara Federal,,,17/06/2026,,
473036,4007953-44.2026.8.26.0451,Pacaembu Piracicaba Com Viva - Empreendimento Imobiliário Ltda.,Jose Maria Mendes Barbosa,Thaia - Escritório RST&A,Stefany Marie Pereira,Ativo,Piracicaba - Comviva - Fase 2,Cível,Vícios Construtivos e muro de arrimo,Primeira Instância,SP,Piracicaba,"51.180,14","51.512,81",,17/06/2026 16:32,Judicial,Ordinário - Conhecimento,Vara Cível,,,01/07/2026,,
473000,5002101-26.2026.4.03.6326,Pacaembu Construtora S/A,Braz Constantino Alves,Escritório Reis & Souza Advogados,Silas Gonçalves Mariano,Aguardando Citação,Piracicaba - Comviva - Fase 2,Cível,Vícios Construtivos,Primeira Instância,SP,Piracicaba,"15.000,00","15.097,50",,16/06/2026 18:39,Judicial,Ordinário - Conhecimento,Juizado Especial Federal Cível,,,16/06/2026,,
472997,4001535-66.2026.8.26.0071,Pacaembu Construtora S/A,Ayram Tagori Thomaz Do Nascimento,Thaia - Escritório RST&A,Ellen Flavia de Lucena Prado,Ativo,Bauru - SP,Cível,Obrigação de Fazer / Não Fazer,Primeira Instância,SP,Bauru,"10.000,00","10.336,35",,16/06/2026 17:50,Judicial,Ordinário - Conhecimento,Vara Cível,,,15/06/2026,,
472996,1001798-75.2026.8.13.0342,Pacaembu Ituiutaba 422 - Empreendimento Imobiliário LTDA,Gisaine Aparecida Dias,Thaia - Escritório RST&A,Nixon Douglas Santana,Ativo,Ituiutaba - Residencial Jardim Sul I,Cível,Caixa de Esgoto,Primeira Instância,MG,Ituiutaba,"20.850,00","20.985,52",,16/06/2026 17:03,Judicial,Ordinário - Conhecimento,Vara Cível,,,15/06/2026,,
472979,0007810-59.2026.8.16.0045,Pacaembu Arapongas 2 - Empreendimento Imobiliarios Ltda.,Tatiane Rubio,Bentivegna e Ribeiro Advogados,Eduardo Blanco,Aguardando Citação,Arapongas - Bem Viver Arapongas 2,Cível,Vícios Construtivos e muro de arrimo,Primeira Instância,SP,Arapongas,"60.000,00","60.390,00",,15/06/2026 17:42,Judicial,Ordinário - Conhecimento,Vara Cível,,,15/06/2026,,
472978,0007808-89.2026.8.16.0045,Pacaembu Arapongas 2 - Empreendimento Imobiliarios Ltda.,Natalia Carvalho da Silva,Bentivegna e Ribeiro Advogados,Eduardo Blanco,Aguardando Citação,Arapongas - Bem Viver Arapongas 2,Cível,Vícios Construtivos e muro de arrimo,Primeira Instância,PR,Arapongas,"60.000,00","60.390,00",,15/06/2026 17:30,Judicial,Ordinário - Conhecimento,Vara Cível,,,15/06/2026,,
472977,0007517-89.2026.8.16.0045,Pacaembu Arapongas 2 - Empreendimento Imobiliarios Ltda.,Adriano Abrantes da Silva,Bentivegna e Ribeiro Advogados,Eduardo Blanco,Aguardando Citação,Arapongas - Bem Viver Arapongas 2,Cível,Vícios Construtivos e muro de arrimo,Primeira Instância,PR,Arapongas,"40.000,00","40.260,00",,15/06/2026 17:07,Judicial,Ordinário - Conhecimento,Vara Cível,,,15/06/2026,,
472946,4009855-08.2026.8.26.0071,Salto de Pirapora Empreendimento Imobiliário,M8 Soluções e Serviços de Apoio a Edifícios Ltda.,Thaia - Escritório RST&A,Rubens Rufino dos Santos Sobrinho,Aguardando Citação,Salto de Pirapora - Residencial Nova Metropolitana,Cível,Ação de Cobrança,Primeira Instância,SP,Bauru,"16.425,60","16.532,37",,12/06/2026 16:54,Judicial,Ordinário - Conhecimento,Juizado Especial Cível,,,12/06/2026,,
472944,0000546-95.2026.5.22.0102,Pacaembu Construtora S/A,Claudemir Ferreira dos Santos,Jurídico Trabalhista,Marcilio Ribeiro de Macedo,Ativo,,Trabalhista,,Primeira Instância,PI,São Raimundo Nonato,"90.111,45","0,00",,12/06/2026 16:07,Judicial,Reclamatória Trabalhista,Vara do Trabalho,,,12/06/2026,,
472937,0011390-34.2026.5.15.0059,Pacaembu Construtora S/A,Júlio César de Oliveira da Conceição,Jurídico Trabalhista,Felipe Rodrigues da Silva,Ativo,,Trabalhista,,Primeira Instância,SP,Pindamonhangaba,"88.588,85","0,00",,12/06/2026 15:22,Judicial,Reclamatória Trabalhista,Vara do Trabalho,,,10/06/2026,,
472932,4001900-17.2026.8.26.0073,Pacaembu Avaré São Rogério III - 229 Empreendimentos Imobiliários Ltda.,Thamires Klein Pereira,Thaia - Escritório RST&A,Carlos Leonardo Graciano,Ativo,Avaré - Vida Nova São Rogério 3,Cível,Ação de Rescisão Contratual,Primeira Instância,SP,Avaré,"19.014,18","19.137,77",,12/06/2026 14:10,Judicial,Ordinário - Conhecimento,Vara Cível,,,11/06/2026,,
472931,0010914-61.2026.5.15.0005,Pacaembu Construtora S/A,Laerte Rocha Souza,Jurídico Trabalhista,José Evandro Pereira da Silva,Ativo,,Trabalhista,,Primeira Instância,SP,Bauru,"78.814,56","0,00",,12/06/2026 14:07,Judicial,Reclamatória Trabalhista,Vara do Trabalho,,,09/06/2026,,
472927,0010859-16.2026.5.15.0101,Pacaembu Construtora S/A,Alex Travain da Costa Junior,Jurídico Trabalhista,Victor Gomes Ferrari,Ativo,,Trabalhista,,Primeira Instância,SP,Marília,"206.105,48","0,00",,12/06/2026 11:07,Judicial,Reclamatória Trabalhista,Vara do Trabalho,,,08/06/2026,,
472910,0000499-24.2026.5.22.0102,Pacaembu Construtora S/A,Claudemir Ferreira dos Santos,Jurídico Trabalhista,Marcilio Ribeiro de Macedo,Ativo,,Trabalhista,,Primeira Instância,PI,São Raimundo Nonato,"33.123,30","0,00",,11/06/2026 17:06,Judicial,Reclamatória Trabalhista,Vara do Trabalho,,,03/06/2026,,
472909,4012637-25.2026.8.26.0576,Pacaembu São José do Rio Preto 429 - Empreendimento Imobiliário Ltda,Fuvia Cristina de Siqueira Trindade,Thaia - Escritório RST&A,Elaine Munhoz,Ativo,SJRP - Residencial Olinda Sala - Fase 2,Cível,Nulidade de Fiança,Primeira Instância,SP,São José do Rio Preto,"235.000,00","238.443,37",,11/06/2026 16:46,Judicial,Ordinário - Conhecimento,Vara Cível,,,11/06/2026,,
472907,0010985-14.2026.5.15.0086,Pacaembu Construtora S/A,Gildasio Alves de Cerqueira,Jurídico Trabalhista,Marcos Sérgio Forti Bell,Ativo,,Trabalhista,,Primeira Instância,SP,Santa Bárbara D'Oeste,"106.050,00","0,00",,11/06/2026 15:05,Judicial,Reclamatória Trabalhista,Vara do Trabalho,,,02/06/2026,,
472905,0000419-34.2026.5.23.0037,Pacaembu Construtora S/A,Domingos Batista dos Santos,Jurídico Trabalhista,Vanessa Baroli Barbosa de Oliveira,Ativo,,Trabalhista,,Primeira Instância,MT,Sinop,"107.039,28","0,00",,11/06/2026 14:27,Judicial,Reclamatória Trabalhista,Vara do Trabalho,,,03/06/2026,,
472900,4001653-03.2025.8.26.0451,Pacaembu Piracicaba Incorporadora Ltda.,Gledson Luz da Silva,Thaia - Escritório RST&A,Guilherme Mendonça Mendes de Oliveira,Ativo,Piracicaba - Vida Nova Piracicaba - IV (Nova Suíça),Cível,Vícios Construtivos,Primeira Instância,SP,Piracicaba,"35.000,00","36.463,59",,11/06/2026 12:19,Judicial,Ordinário - Conhecimento,Vara Cível,,,10/06/2026,,
472887,0000540-79.2026.5.22.0105,Vida Nova Cuiabá II - Empreendimento Imobiliário Ltda,Carlos Eduardo Santos Sampaio,Jurídico Trabalhista,Thiago Carvalho dos Santos,Ativo,,Trabalhista,,Primeira Instância,PI,Piripiri,"19.722,59","0,00",,10/06/2026 16:26,Judicial,Reclamatória Trabalhista,Vara do Trabalho,,,09/06/2026,,
472885,0007516-07.2026.8.16.0045,Pacaembu Arapongas 2 - Empreendimento Imobiliarios Ltda.,Gilmar dos Santos Souza,Bentivegna e Ribeiro Advogados,Eduardo Blanco,Aguardando Citação,Arapongas - Bem Viver Arapongas 2,Cível,Vícios Construtivos e muro de arrimo,Primeira Instância,PR,Arapongas,"40.000,00","40.260,00",,10/06/2026 15:14,Judicial,Ordinário - Conhecimento,Vara Cível,,,10/06/2026,,
472884,0007816-66.2026.8.16.0045,Pacaembu Arapongas 2 - Empreendimento Imobiliarios Ltda.,Valdinei da Silva Fernandes,Bentivegna e Ribeiro Advogados,Eduardo Blanco,Aguardando Citação,Arapongas - Bem Viver Arapongas,Cível,Vícios Construtivos e muro de arrimo,Primeira Instância,PR,Arapongas,"60.000,00","60.390,00",,10/06/2026 14:47,Judicial,Ordinário - Conhecimento,Vara Cível,,,10/06/2026,,
472883,0000535-39.2026.5.23.0005,Pacaembu Construtora S/A,Leandro Clementino de Lima,Jurídico Trabalhista,Josué Jordão Mendes Júnior,Ativo,,Trabalhista,,Primeira Instância,MT,Cuiabá,"116.455,00","0,00",,10/06/2026 14:17,Judicial,Reclamatória Trabalhista,Vara do Trabalho,,,08/06/2026,,
472867,1037852-07.2025.8.26.0506,Poá Empreendimento Imobiliário Ltda,Prefeitura Municipal de Ribeirão Preto,Jurídico Interno Cível,Procuradoria do Estado de São Paulo,Ativo,Jardim Cristo Redentor,Tributário,Execução Fiscal - IPTU,Primeira Instância,SP,Ribeirão Preto,"2.207,28","2.299,57",,09/06/2026 14:56,Judicial,Execução Fiscal,SAF - Serviço de Anexo Fiscal,,,09/06/2026,,
472840,1014639-40.2025.8.26.0451,Pacaembu Piracicaba Incorporadora Ltda.,Larissa Cristina Garcia da Silva,Bruno - Escritório RST&A,Guilherme Mendonça Mendes de Oliveira,Ativo,Piracicaba - Nova Suiça Cond. 3,Cível,Vícios Construtivos,Primeira Instância,SP,Piracicaba,"20.000,00","20.836,25",,05/06/2026 16:59,Judicial,Ordinário - Conhecimento,Vara Cível,,,02/06/2026,,
472837,1051361-39.2024.8.26.0506,Poá Empreendimento Imobiliário Ltda,Prefeitura Municipal de Ribeirão Preto,Jurídico Interno Cível,Procuradoria do Estado de São Paulo,Ativo,Jardim Cristo Redentor,Tributário,Execução Fiscal - IPTU,Primeira Instância,SP,Ribeirão Preto,"2.168,10","2.372,93",,05/06/2026 16:37,Judicial,Execução Fiscal,SAF - Serviço de Anexo Fiscal,,,02/06/2026,,
472825,4007206-90.2026.8.26.0032,Pacaembu Araçatuba I - Empreendimento Imobiliário LTDA,Daulistania da Silva Cutrim,Thaia - Escritório RST&A,Marcela Pache Rodrigues Basqueroto,Ativo,Araçatuba (Vila Aeronáutica 1 F1),Cível,Ação de Cobrança,Primeira Instância,SP,Araçatuba,"23.000,00","23.149,50",,03/06/2026 17:37,Judicial,Ordinário - Conhecimento,Juizado Especial Cível,,,02/06/2026,,
472820,4007623-43.2026.8.26.0032,Pacaembu Construtora S/A,Ednaldo de Souza,Thaia - Escritório RST&A,Juliana da Silva Costa,Ativo,,Cível,Inexistência de Débito,Primeira Instância,SP,Araçatuba,"32.440,42","32.651,28",,03/06/2026 16:45,Judicial,Ordinário - Conhecimento,Vara Cível,,,03/06/2026,,
472794,0007463-26.2026.8.16.0045,Pacaembu Construtora S/A,Thayna Nogueira Candido da Silva,Bentivegna e Ribeiro Advogados,Eduardo Blanco,Aguardando Citação,Bem Viver Arapongas,Cível,Vícios Construtivos e muro de arrimo,Primeira Instância,PR,Arapongas,"60.000,00","60.390,00",,02/06/2026 09:40,Judicial,Ordinário - Conhecimento,Vara Cível,,,02/06/2026,,
472757,0000537-15.2026.5.23.0003,Pacaembu Construtora S/A,Flavio Santos da Purificação,Jurídico Trabalhista,Tauane dos Santos Messias,Ativo,,Trabalhista,,Primeira Instância,MT,Cuiabá,"19.601,52","0,00",,29/05/2026 09:29,Judicial,Reclamatória Trabalhista,Vara do Trabalho,,,29/05/2026,,
472756,0000682-85.2026.5.09.0092,Pacaembu Cianorte 463 - Empreendimento Imobiliário Ltda.,Francielio Lopes Bezerra,Jurídico Trabalhista,Tiago Alexandre da Silva,Ativo,,Trabalhista,,Primeira Instância,PR,Cianorte,"3.042,99","0,00",,29/05/2026 08:52,Judicial,Reclamatória Trabalhista,Vara do Trabalho,,,21/05/2026,,
472755,0000660-85.2026.5.23.0076,Pacaembu Construtora S/A,Wilson Paz Bezerra,Jurídico Trabalhista,Orlangela Barros Cavalcante,Ativo,,Trabalhista,,Primeira Instância,MT,Primavera do Leste,"38.818,48","0,00",,29/05/2026 08:12,Judicial,Reclamatória Trabalhista,Vara do Trabalho,,,20/05/2026,,
472752,0007461-56.2026.8.16.0045,Pacaembu Arapongas 2 - Empreendimento Imobiliarios Ltda.,Nayara de Souza Freitas,Bruno - Escritório RST&A,Eduardo Blanco,Aguardando Citação,Bem Viver Arapongas 2,Cível,Vícios Construtivos e muro de arrimo,Primeira Instância,SP,Arapongas,"60.000,00","60.390,00",,28/05/2026 18:11,Judicial,Ordinário - Conhecimento,Vara Cível,,,28/05/2026,,
472751,4006952-24.2026.8.26.0451,Pacaembu Piracicaba Com Viva - Empreendimento Imobiliário Ltda.,Ana Carolina Alves Silva,Thaia - Escritório RST&A,Stefany Marie Pereira,Ativo,Piracicaba - Comviva - Fase 2,Cível,Vícios Construtivos e muro de arrimo,Primeira Instância,SP,Piracicaba,"42.010,00","42.283,06",,28/05/2026 17:41,Judicial,Ordinário - Conhecimento,Vara Cível,,,10/06/2026,,
472666,1005854-71.2025.4.01.3603,Pacaembu Sinop 449 - Empreendimento Imobiliario Ltda.,Luciele Goulart Alkamim,Bruno - Escritório RST&A,Jus Postulandi,Ativo,Rhodivi Morada do Bosque,Cível,Ação de Rescisão Contratual,Primeira Instância,MT,Sinop,"218.000,00","225.941,18",,25/05/2026 18:26,Judicial,Ordinário - Conhecimento,Juizado Especial Federal Cível,,,01/06/2026,,
472665,4000819-06.2026.8.26.0664,Haus Compra e Venda de Bens Imóveis Ltda.,Fernando Louredo da Silva,Escritório Reis & Souza Advogados,Carina Borges Mariano da Silva,Aguardando Citação,Votuporanga - Parque Vida Nova Votuporanga III,Cível,Ação de Rescisão Contratual,Primeira Instância,SP,Votuporanga,"60.000,00","61.777,18",,25/05/2026 18:01,Judicial,Ordinário - Conhecimento,Vara Cível,,,25/05/2026,,
472663,1015212-78.2025.8.26.0451,Pacaembu Piracicaba Incorporadora Ltda.,Rodrigo de Arruda Fernandes do Rosario,Bruno - Escritório RST&A,Everton de Oliveira Gil,Ativo,Piracicaba - Vida Nova Piracicaba - III (Nova Suiça),Cível,Vícios Construtivos,Primeira Instância,SP,Piracicaba,"10.000,00","10.418,12",,25/05/2026 16:57,Judicial,Ordinário - Conhecimento,Vara Cível,,,01/06/2026,,
472613,1015585-12.2025.8.26.0451,Pacaembu Piracicaba Incorporadora Ltda.,Adriana Maria Spinosi Alves,Thaia - Escritório RST&A,Yara Regina Araujo Richter,Ativo,Vida Nova Piracicaba V,Cível,Vícios Construtivos,Primeira Instância,SP,Piracicaba,"30.000,00","31.188,87",,20/05/2026 15:39,Judicial,Ordinário - Conhecimento,Vara Cível,,,20/05/2026,,
472593,1009949-95.2025.8.26.0344,Pacaembu Marilia Gigantao 2 - 448 - Empreendimento Imobiliario LTDA,Edna da Silva Andrade,Thaia - Escritório RST&A,Arthur Eduardo Garcia Mechedjian Junior,Ativo,Vida Nova Paraiso 2,Cível,Vícios Construtivos,Primeira Instância,SP,Marília,"25.000,00","26.045,31",,19/05/2026 17:24,Judicial,Ordinário - Conhecimento,Vara Cível,,,19/05/2026,,
472592,0010453-45.2026.5.03.0063,Pacaembu Construtora S/A,Humberto Mauro Lopes Martins,Jurídico Trabalhista,Regina dos Santos Araújo,Ativo,,Trabalhista,,Primeira Instância,MG,Ituiutaba,"175.678,00","0,00",,19/05/2026 16:38,Judicial,Reclamatória Trabalhista,Vara do Trabalho,,,12/05/2026,,
472585,0010450-42.2026.5.03.0176,Pacaembu Construtora S/A,Robson Carlos Pereira Silva,Jurídico Trabalhista,Regina dos Santos Araújo,Ativo,,Trabalhista,,Primeira Instância,MG,Ituiutaba,"271.060,00","0,00",,19/05/2026 12:06,Judicial,Reclamatória Trabalhista,Vara do Trabalho,,,12/05/2026,,
472557,4002220-49.2026.8.26.0079,Vida Nova Botucatu - Empreendimento Imobiliário Ltda.,Selma Sueli Ribeiro,Thaia - Escritório RST&A,Taynah Pimentel Carvalho Costa,Ativo,Vida Nova Botucatu,Cível,Negativação indevida,Primeira Instância,SP,Botucatu,"112.701,00","115.392,97",,14/05/2026 15:26,Judicial,Ordinário - Conhecimento,Vara Cível,,,14/05/2026,,
472546,0013996-35.2025.8.16.0045,Pacaembu Construtora S/A,Jose Lucas Aparecido Ferreira de Araujo,Bruno - Escritório RST&A,Fernando Hideaki Zavan Yamaguro,Ativo,Bem Viver Arapongas 2,Cível,Vícios Construtivos,Primeira Instância,PR,Arapongas,"30.000,00","31.254,51",,13/05/2026 18:36,Judicial,Ordinário - Conhecimento,Vara Cível,,,15/05/2026,,
472545,0015261-72.2025.8.16.0045,Pacaembu Construtora S/A,Clayton Fagundes Catarino,Bruno - Escritório RST&A,Celso José Bonifácio Junior,Ativo,Bem Viver Arapongas 2,Cível,Vícios Construtivos e muro de arrimo,Primeira Instância,PR,Arapongas,"40.000,00","41.457,10",,13/05/2026 18:05,Judicial,Ordinário - Conhecimento,Vara Cível,,,15/05/2026,,
472543,0011716-91.2025.8.16.0045,Pacaembu Arapongas 2 - Empreendimento Imobiliarios Ltda.,Marcos Renan Ferreira,Bruno - Escritório RST&A,Ana Caroline Marcolino,Ativo,Arapongas - Bem Viver Arapongas 2,Cível,Vícios Construtivos e muro de arrimo,Primeira Instância,PR,Arapongas,"25.000,00","25.990,73",,13/05/2026 15:21,Judicial,Ordinário - Conhecimento,Vara Cível,,,15/05/2026,,
472540,1001836-70.2026.4.01.3603,Pacaembu Sinop 449 - Empreendimento Imobiliario Ltda.,Thainara da Costa,Indeterminado,João Guilherme Scheffler,Aguardando Citação,Rhodivi Morada do Bosque 2,Cível,Ação de Rescisão Contratual - Alienação Fiduciária,Primeira Instância,MT,Sinop,"50.000,00","51.194,30",,13/05/2026 14:08,Judicial,Ordinário - Conhecimento,Juizado Especial Federal Cível,,,13/05/2026,,
472518,0010360-23.2026.5.15.0104,Pacaembu Construtora S/A,Sandra Aparecida Formagi,Jurídico Trabalhista,Rubens Moreno Rubio Netto,Ativo,,Trabalhista,,Primeira Instância,SP,Tanabi,"82.165,10","0,00",,12/05/2026 11:29,Judicial,Reclamatória Trabalhista,Vara do Trabalho,,,11/05/2026,,
472517,1008298-28.2026.8.11.0015,Pacaembu Sinop 449 - Empreendimento Imobiliario Ltda.,Rafaela Fernanda Alves da Silva,Thaia - Escritório RST&A,Gabriela Munik Heep,Ativo,Residencial Rhodivi Morada do Bosque Mod 2,Cível,Devolução de sinal,Primeira Instância,MT,Sinop,"8.000,52","8.191,62",,12/05/2026 11:11,Judicial,Ordinário - Conhecimento,Juizado Especial Cível,,,24/07/2026,,
472499,1003021-68.2026.8.26.0482,Alto Alegre Empreendimentos imobiliários Ltda,Diretor Chefe da Secretaria de Finanças de Presidente Prudente,Serur Advogados,Procurador do Municipio de Presidente Pridente,Ativo,Presidente Prudente - Residencial Alto Alegre,Cível,Cobrança indevida - ITBI,Primeira Instância,SP,Presidente Prudente,"10.000,00","10.065,00",,11/05/2026 15:20,Judicial,Mandado de Segurança,Vara da Fazenda Pública,,,11/05/2026,,
472496,5026486-57.2025.4.04.7001,Pacaembu Arapongas 2 - Empreendimento Imobiliarios Ltda.,Ricardo Luiz Fabri Filho,Thaia - Escritório RST&A,Eduardo Blanco,Ativo,Arapongas - Bem Viver Arapongas,Cível,Vícios Construtivos e muro de arrimo,Primeira Instância,PR,Londrina,"40.000,00","40.000,00",,11/05/2026 14:02,Judicial,Ordinário - Conhecimento,Juizado Especial Federal Cível,,,11/05/2026,,
472485,4002115-04.2026.8.26.0037,Pacaembu Araraquara 271 - Empreendimento Imobiliario Ltda,Ana Claudia Ramalho dos Santos Magalhães,Bruno - Escritório RST&A,David Jonathan dos Santos Encontrão,Ativo,Araraquara - Parque da Cidadania,Cível,Cobrança indevida - ITBI,Primeira Instância,SP,Araraquara,"12.500,00","12.870,25",,08/05/2026 15:20,Judicial,Ordinário - Conhecimento,Juizado Especial Cível,,,15/05/2026,,
472482,5000198-28.2026.4.03.6108,Pacaembu Construtora S/A,Alessandra Costa Souza,Escritório Reis & Souza Advogados,Mayara Medeiros da Silva,Aguardando Citação,Loteamento Vale Verde,Cível,Ação de Rescisão Contratual,Primeira Instância,SP,Bauru,"206.800,00","213.755,77",,08/05/2026 15:02,Judicial,Ordinário - Conhecimento,Vara Federal,,,08/05/2026,,
472477,4010400-34.2026.8.26.0506,Poá Empreendimento Imobiliário Ltda,Maria Isabel Pereira,Thaia - Escritório RST&A,Renan Fabrega Sanchez,Ativo,Jardim Cristo Redentor,Cível,Ação de Resolução Contratual,Primeira Instância,SP,Ribeirão Preto,"190.000,00","194.538,33",,08/05/2026 14:01,Judicial,Ordinário - Conhecimento,Vara Cível,,,11/05/2026,,
472475,5000085-80.2026.4.03.6106,Pacaembu Construtora S/A,Matheus Leal de Sousa,Escritório Reis & Souza Advogados,Fabricio Pereira Santos,Aguardando Citação,Residencial Olinda,Cível,Ação de Rescisão Contratual,Primeira Instância,SP,São José do Rio Preto,"208.000,00","214.996,13",,08/05/2026 11:55,Judicial,Ordinário - Conhecimento,Vara Federal,,,08/05/2026,,
472474,0010714-43.2026.5.15.0041,Pacaembu Construtora S/A,Rodrigo Ribeiro Duarte,Jurídico Trabalhista,Rodolfo de Carvalho Rivelli Nogueira,Ativo,,Trabalhista,,Primeira Instância,SP,Itapetininga,"161.415,79","0,00",,08/05/2026 11:42,Judicial,Reclamatória Trabalhista,Vara do Trabalho,,,05/05/2026,,
472454,5000118-92.2026.4.03.6131,Pacaembu Construtora S/A,Paulina Britzig,Escritório Reis & Souza Advogados,Karelene Pereira dos Santos,Aguardando Citação,,Cível,Cancelamento Unilateral do Contrato,Primeira Instância,SP,Botucatu,"228.000,00","236.163,74",,07/05/2026 10:50,Judicial,Ordinário - Conhecimento,Vara Cível,,,06/05/2026,,
472451,5000974-59.2026.4.03.6324,Pacaembu Papa Empreendimento Imobiliário Ltda,Mariana da Silva Oliveira,Escritório Reis & Souza Advogados,Miller Jean Guapo da Silva,Aguardando Citação,Residencial Jardim Sul,Cível,Rescisão Contratual,Primeira Instância,SP,São José do Rio Preto,"1.024,00","1.054,33",,07/05/2026 10:18,Judicial,Ordinário - Conhecimento,Vara Cível,,,06/05/2026,,
472447,4004335-67.2026.8.26.0071,Pacaembu Construtora S/A,Fernando Henrique de Souza,Escritório Reis & Souza Advogados,Ana Laura Cardoso Vieira,Aguardando Citação,,Cível,Negativação indevida,Primeira Instância,SP,Bauru,"50.000,00","51.194,30",,06/05/2026 17:25,Judicial,Ordinário - Conhecimento,Vara Cível,,,06/05/2026,,
472442,5004990-23.2026.4.04.7005,Pacaembu Construtora S/A,Priscila de Lima Ferreira,Escritório Reis & Souza Advogados,Viviane Costa Borges dos Santos,Aguardando Citação,Bem Viver Toronto,Cível,Ação de Rescisão Contratual,Primeira Instância,PR,Cascavel,"11.428,00","11.595,45",,06/05/2026 16:25,Judicial,Ordinário - Conhecimento,Vara Federal,,,06/05/2026,,
472441,1001013-16.2026.8.13.0342,Pacaembu Ituiutaba 422 - Empreendimento Imobiliário LTDA,Maria Alice Medeiros,Thaia - Escritório RST&A,Waldemar Fernandes Severino de Moraes,Ativo,Jardim Sul I,Cível,Vícios Construtivos,Primeira Instância,MG,Ituiutaba,"150.000,00","152.197,90",,06/05/2026 15:56,Judicial,Ordinário - Conhecimento,Vara Cível,,,19/05/2026,,
472436,0013995-50.2025.8.16.0045,Pacaembu Construtora S/A,Tamires Aparecida da Silva,Escritório Reis & Souza Advogados,Fernando Hideaki Zavan Yamaguro,Aguardando Citação,Bem Viver Arapongas II,Cível,Vícios Construtivos,Primeira Instância,PR,Arapongas,"30.000,00","31.254,51",,06/05/2026 15:21,Judicial,Ordinário - Conhecimento,Vara Cível,,,06/05/2026,,
472435,4001390-66.2026.8.26.0408,Pacaembu Construtora S/A,Sheila Aparecida Goulart,Thaia - Escritório RST&A,Alex Junior Machado Tomas,Ativo,Vida Nova Ourinhos II,Cível,Ação de Revisão Contratual,Primeira Instância,SP,Ourinhos,"42.393,55","43.014,73",,06/05/2026 15:08,Judicial,Ordinário - Conhecimento,Vara Cível,,,19/05/2026,,
472432,4012913-56.2026.8.26.0576,Pacaembu Construtora S/A,Raisa Debora Caroline da Silva,Thaia - Escritório RST&A,Marcos Cesar Chagas Perez,Ativo,Loteamento Egydio Zani,Cível,Vícios Construtivos,Primeira Instância,SP,São José do Rio Preto,"10.000,00","10.146,53",,06/05/2026 14:46,Judicial,Ordinário - Conhecimento,Vara Cível,,,08/06/2026,,
472420,4002621-48.2026.8.26.0079,Pacaembu Construtora S/A,Fernanda Cristina da Silva Galhardo,Thaia - Escritório RST&A,Fábio André Bernardo,Ativo,,Cível,Inexistência de Débito,Primeira Instância,SP,Botucatu,"15.796,41","16.027,87",,05/05/2026 17:32,Judicial,Ordinário - Conhecimento,Vara Cível,,,05/05/2026,,
472419,0001176-38.2026.8.16.0048,Pacaembu Assis Chateaubriand 357 e 358 - Empreendimento Imobiliário Ltda.,Ana Paula Klauck,Escritório Reis & Souza Advogados,Carlos Alberto Nicioli,Aguardando Citação,Assis - Jardim Canadá,Cível,Indenização por Danos Morais e Materiais,Primeira Instância,PR,Assis Chateaubriand,"70.000,00","71.025,68",,05/05/2026 17:30,Judicial,Ordinário - Conhecimento,Vara Cível,,,05/05/2026,,
472418,4008712-55.2025.8.26.0576,Pacaembu Construtora S/A,Antonio Gomes dos Reis,Thaia - Escritório RST&A,Leticia Stephane Carrige dos Santos,Ativo,Vida Nova José Bernardes Coelho,Cível,Vícios Construtivos,Primeira Instância,SP,São José do Rio Preto,"32.100,00","33.259,34",,05/05/2026 17:18,Judicial,Ordinário - Conhecimento,Vara Cível,,,04/05/2026,,
472409,1014633-33.2025.8.26.0451,Pacaembu Piracicaba Incorporadora Ltda.,Cristiane de Matos Lemos Rodrigues,Thaia - Escritório RST&A,Guilherme Mendonça Mendes de Oliveira,Ativo,Vida Nova Piracicaba,Cível,Caixa de Esgoto,Primeira Instância,SP,Piracicaba,"20.000,00","20.836,25",,05/05/2026 14:42,Judicial,Ordinário - Conhecimento,Vara Cível,,,05/05/2026,,
472403,1014124-05.2025.8.26.0451,Pacaembu Piracicaba Incorporadora Ltda.,Otavio Jose Pereira,Thaia - Escritório RST&A,Guilherme Mendonça Mendes de Oliveira,Ativo,Vida Nova Piracicaba,Cível,Vícios Construtivos,Primeira Instância,SP,Piracicaba,"20.000,00","20.836,25",,05/05/2026 11:48,Judicial,Ordinário - Conhecimento,Vara Cível,,,05/05/2026,,
472399,5001204-67.2026.4.03.6109,Pacaembu Piracicaba Com Viva - Empreendimento Imobiliário Ltda.,Wesley Luan dos Santos Silva,Escritório Reis & Souza Advogados,Felipe Amaral de Carvalho,Aguardando Citação,Piracicaba - Comviva,Cível,Ação de Rescisão Contratual,Primeira Instância,SP,Piracicaba,"245.000,00","250.852,06",,04/05/2026 18:03,Judicial,Ordinário - Conhecimento,Vara Federal,,,04/05/2026,,
472398,4000470-60.2026.8.26.0451,Pacaembu Construtora S/A,Cristiano Conceicao Neto,Escritório Reis & Souza Advogados,Stefany Marie Pereira,Aguardando Citação,Piracicaba - Comviva,Cível,Vícios Construtivos e muro de arrimo,Primeira Instância,SP,Piracicaba,"42.010,00","43.423,02",,04/05/2026 17:38,Judicial,Ordinário - Conhecimento,Vara Cível,,,04/05/2026,,
472395,0000054-96.2026.8.16.0045,Pacaembu Construtora S/A,Maria Aparecida do Nascimento,Bruno - Escritório RST&A,Eduardo Blanco,Ativo,Bem Viver Arapongas,Cível,Vícios Construtivos e muro de arrimo,Primeira Instância,PR,Arapongas,"60.000,00","60.625,01",,04/05/2026 16:51,Judicial,Ordinário - Conhecimento,Vara Cível,,,08/06/2026,,
472393,1001692-13.2026.8.26.0032,Vida Nova Araçatuba 330 - Empreendimento Imobiliário Ltda.,Secretaria da Fazenda do Município de Araçatuba,Serur Advogados,Procuradoria de Araçatuba,Ativo,Vida Nova Araçatuba II e III,Tributário,Mandado de Segurança,Primeira Instância,SP,Araçatuba,"10.000,00","10.238,86",,04/05/2026 16:06,Judicial,Mandado de Segurança,Vara da Fazenda Pública,,,01/04/2026,,
472392,0000052-29.2026.8.16.0045,Pacaembu Construtora S/A,Eliene Camargo Thosmo,Bruno - Escritório RST&A,Eduardo Blanco,Ativo,Bem Viver Arapongas,Cível,Vícios Construtivos e muro de arrimo,Primeira Instância,PR,Arapongas,"60.000,00","62.018,11",,04/05/2026 16:05,Judicial,Ordinário - Conhecimento,Vara Cível,,,15/05/2026,,
472390,0002611-56.2026.8.16.0045,Pacaembu Construtora S/A,Ana Livia Tiburcio de Moraes,Thaia - Escritório RST&A,Eduardo Blanco,Ativo,Bem Viver Arapongas,Cível,Vícios Construtivos e muro de arrimo,Primeira Instância,PR,Arapongas,"60.000,00","61.433,16",,04/05/2026 15:25,Judicial,Ordinário - Conhecimento,Vara Cível,,,06/05/2026,,
472389,4006068-92.2026.8.26.0451,Pacaembu Piracicaba Com Viva - Empreendimento Imobiliário Ltda.,Wesley Rocha Coutinho,Thaia - Escritório RST&A,Stefany Marie Pereira,Ativo,Piracicaba - Comviva - Fase 2,Cível,Vícios Construtivos,Primeira Instância,SP,Piracicaba,"42.010,00","42.625,56",,04/05/2026 15:02,Judicial,Ordinário - Conhecimento,Vara Cível,,,08/05/2026,,
472386,0000091-26.2026.8.16.0045,Pacaembu Arapongas 2 - Empreendimento Imobiliarios Ltda.,Victor Henrique Martins Diniz,Bruno - Escritório RST&A,Eduardo Blanco,Ativo,Arapongas - Bem Viver Arapongas 2,Cível,Vícios Construtivos e muro de arrimo,Primeira Instância,PR,Arapongas,"60.000,00","62.018,11",,04/05/2026 14:37,Judicial,Ordinário - Conhecimento,Vara Cível,,,15/05/2026,,
472367,0006381-57.2026.8.16.0045,Pacaembu Arapongas 2 - Empreendimento Imobiliarios Ltda.,Cirineu da Silva,Escritório Reis & Souza Advogados,Eduardo Blanco,Aguardando Citação,Arapongas - Bem Viver Arapongas 2,Cível,Vícios Construtivos e muro de arrimo,Primeira Instância,PR,Arapongas,"40.000,00","40.586,11",,30/04/2026 18:04,Judicial,Ordinário - Conhecimento,Vara Cível,,,30/04/2026,,
472366,0004713-51.2026.8.16.0045,Pacaembu Arapongas 2 - Empreendimento Imobiliarios Ltda.,Elisangela de Lima Catarina,Escritório Reis & Souza Advogados,Eduardo Blanco,Aguardando Citação,Arapongas - Bem Viver Arapongas,Cível,Vícios Construtivos e muro de arrimo,Primeira Instância,PR,Arapongas,"40.000,00","40.955,44",,30/04/2026 17:58,Judicial,Ordinário - Conhecimento,Vara Cível,,,30/04/2026,,
472364,0001047-42.2026.8.16.0045,Pacaembu Arapongas 2 - Empreendimento Imobiliarios Ltda.,Emanuele Schelen do Nascimento,Bruno - Escritório RST&A,Eduardo Blanco,Ativo,Arapongas - Bem Viver Arapongas 2,Cível,Vícios Construtivos e muro de arrimo,Primeira Instância,PR,Arapongas,"60.000,00","62.018,11",,30/04/2026 17:50,Judicial,Ordinário - Conhecimento,Vara Cível,,,15/05/2026,,
472363,0004714-36.2026.8.16.0045,Pacaembu Arapongas 2 - Empreendimento Imobiliarios Ltda.,Francielly Santos Gomes,Escritório Reis & Souza Advogados,Eduardo Blanco,Aguardando Citação,Arapongas - Bem Viver Arapongas,Cível,Vícios Construtivos e muro de arrimo,Primeira Instância,PR,Arapongas,"40.000,00","40.955,44",,30/04/2026 17:47,Judicial,Ordinário - Conhecimento,Vara Cível,,,30/04/2026,,
472360,0001041-35.2026.8.16.0045,Pacaembu Arapongas 2 - Empreendimento Imobiliarios Ltda.,Caio Gabriel de Oliveira,Escritório Reis & Souza Advogados,Eduardo Blanco,Aguardando Citação,Arapongas - Bem Viver Arapongas 2,Cível,Vícios Construtivos e muro de arrimo,Primeira Instância,PR,Arapongas,"60.000,00","0,00",,30/04/2026 17:33,Judicial,Ordinário - Conhecimento,Vara Cível,,,30/04/2026,,
472358,0002615-93.2026.8.16.0045,Pacaembu Construtora S/A,Eloina Alves Sofias,Bruno - Escritório RST&A,Eduardo Blanco,Ativo,Bem Viver Arapongas 2,Cível,Vícios Construtivos e muro de arrimo,Primeira Instância,SP,Arapongas,"60.000,00","61.433,16",,30/04/2026 17:15,Judicial,Ordinário - Conhecimento,Vara Cível,,,15/06/2026,,
472348,0000553-40.2026.5.09.0655,Pacaembu Assis Chateaubriand 357 e 358 - Empreendimento Imobiliário Ltda.,Marlize Padilha da Silva,Jurídico Trabalhista,Cremerson Orlandine,Ativo,,Trabalhista,,Primeira Instância,PR,Assis Chateaubriand,"64.841,00","0,00",,30/04/2026 11:54,Judicial,Reclamatória Trabalhista,Vara do Trabalho,,,24/04/2026,,
472294,0003766-94.2026.8.16.0045,Pacaembu Arapongas 2 - Empreendimento Imobiliarios Ltda.,Marcia Benite,Escritório Reis & Souza Advogados,Eduardo Blanco,Aguardando Citação,Arapongas - Bem Viver Arapongas 2,Cível,Vícios Construtivos,Primeira Instância,PR,Arapongas,"60.000,00","61.433,16",,28/04/2026 15:50,Judicial,Ordinário - Conhecimento,Vara Cível,,,28/04/2026,,
472289,0003733-07.2026.8.16.0045,Pacaembu Arapongas 2 - Empreendimento Imobiliarios Ltda.,Jose Adilson Aparecido da Silva,Escritório Reis & Souza Advogados,Eduardo Blanco,Aguardando Citação,Arapongas - Bem Viver Arapongas 2,Cível,Vícios Construtivos e muro de arrimo,Primeira Instância,PR,Arapongas,"60.000,00","61.433,16",,28/04/2026 14:43,Judicial,Ordinário - Conhecimento,Vara Cível,,,28/04/2026,,
472288,0003762-57.2026.8.16.0045,Pacaembu Arapongas 1 - Empreendimento Imobiliário Ltda.,Josiane dos Santos,Bruno - Escritório RST&A,Eduardo Blanco,Ativo,Arapongas - Bem Viver Arapongas,Cível,Vícios Construtivos e muro de arrimo,Primeira Instância,PR,Arapongas,"60.000,00","61.433,16",,28/04/2026 14:21,Judicial,Ordinário - Conhecimento,Vara Cível,,,22/06/2026,,
472287,0002621-03.2026.8.16.0045,Pacaembu Arapongas 2 - Empreendimento Imobiliarios Ltda.,Heloisa Nobrega,Escritório Reis & Souza Advogados,Eduardo Blanco,Aguardando Citação,Arapongas - Bem Viver Arapongas 2,Cível,Vícios Construtivos e muro de arrimo,Primeira Instância,PR,Arapongas,"60.000,00","61.433,16",,28/04/2026 14:01,Judicial,Ordinário - Conhecimento,Vara Cível,,,28/04/2026,,
472284,0003769-49.2026.8.16.0045,Pacaembu Arapongas 2 - Empreendimento Imobiliarios Ltda.,Simone Veras Dias da Silva,Escritório Reis & Souza Advogados,Eduardo Blanco,Aguardando Citação,Arapongas - Bem Viver Arapongas 2,Cível,Vícios Construtivos,Primeira Instância,PR,Arapongas,"60.000,00","61.433,16",,28/04/2026 12:40,Judicial,Ordinário - Conhecimento,Vara Cível,,,28/04/2026,,
472283,0001044-87.2026.8.16.0045,Pacaembu Arapongas 2 - Empreendimento Imobiliarios Ltda.,Ednei Ribeiro da Silva,Bruno - Escritório RST&A,Eduardo Blanco,Ativo,Arapongas - Bem Viver Arapongas 2,Cível,Vícios Construtivos e muro de arrimo,Primeira Instância,PR,Arapongas,"60.000,00","62.018,11",,28/04/2026 12:17,Judicial,Ordinário - Conhecimento,Vara Cível,,,08/06/2026,,
472282,0003723-60.2026.8.16.0045,Pacaembu Arapongas 2 - Empreendimento Imobiliarios Ltda.,Ivan Carlos da Silva,Escritório Reis & Souza Advogados,Eduardo Blanco,Aguardando Citação,Arapongas - Bem Viver Arapongas 2,Cível,Vícios Construtivos e muro de arrimo,Primeira Instância,PR,Arapongas,"60.000,00","61.433,16",,28/04/2026 12:07,Judicial,Ordinário - Conhecimento,Vara Cível,,,28/04/2026,,
472280,0003718-38.2026.8.16.0045,Pacaembu Arapongas 2 - Empreendimento Imobiliarios Ltda.,Isabel Cristina de Oliveira Floriano,Bentivegna e Ribeiro Advogados,Eduardo Blanco,Aguardando Citação,Arapongas - Bem Viver Arapongas 2,Cível,Vícios Construtivos e muro de arrimo,Primeira Instância,PR,Arapongas,"60.000,00","61.433,16",,27/04/2026 17:37,Judicial,Ordinário - Conhecimento,Vara Cível,,,27/04/2026,,
472278,0002612-41.2026.8.16.0045,Pacaembu Arapongas 2 - Empreendimento Imobiliarios Ltda.,Diego Rossi,Bentivegna e Ribeiro Advogados,Eduardo Blanco,Aguardando Citação,Arapongas - Bem Viver Arapongas 2,Cível,Vícios Construtivos e muro de arrimo,Primeira Instância,PR,Arapongas,"60.000,00","61.433,16",,27/04/2026 17:12,Judicial,Ordinário - Conhecimento,Vara Cível,,,27/04/2026,,
472194,0000452-03.2026.5.09.0655,Pacaembu Assis Chateaubriand 357 e 358 - Empreendimento Imobiliário Ltda.,Raimundo Nonato Sousa da Silva,Jurídico Trabalhista,Alexandre Oliveira Campos,Ativo,,Trabalhista,,Primeira Instância,PR,Assis Chateaubriand,"153.244,00","0,00",,23/04/2026 15:23,Judicial,Reclamatória Trabalhista,Vara do Trabalho,,,13/04/2026,,
472192,0006547-06.2025.8.26.0576,Urban Fortes Empreendimentos Imobiliários I Spe ltda,Cristiana Luiza Martins de Azevedo,Jurídico Interno Cível,Jus Postulandi,Ativo,Fenhouse,Cível,Vícios Construtivos,Primeira Instância,SP,São José do Rio Preto,"9.100,00","9.581,33",,23/04/2026 11:13,Judicial,Ordinário - Conhecimento,Juizado Especial Cível,,,23/04/2026,,
472191,4023418-74.2025.8.26.0016,Pacaembu Presidente Prudente III - Empreendimento Imobiliário Ltda.,M8 Soluções e Serviços de Apoio a Edifícios Ltda.,Thaia - Escritório RST&A,Rubens Rufino dos Santos Sobrinho,Ativo,Vida Nova Pacaembu - Presidente Prudente,Cível,Ação de Cobrança,Primeira Instância,SP,São Paulo,"20.265,97","20.991,61",,23/04/2026 10:32,Judicial,Ordinário - Conhecimento,Juizado Especial Cível,,,01/05/2026,,
472188,4023419-59.2025.8.26.0016,Vida Nova Salto de Pirapora - Empreendimento Imobiliário Ltda.,M8 Soluções e Serviços de Apoio a Edifícios Ltda.,Thaia - Escritório RST&A,Rubens Rufino dos Santos Sobrinho,Ativo,Vida Nova Salto de Pirapora,Cível,Ação de Cobrança,Primeira Instância,SP,São Paulo,"14.756,71","15.285,09",,23/04/2026 09:28,Judicial,Ordinário - Conhecimento,Juizado Especial Cível,,,01/05/2026,,
472181,0001079-47.2026.8.16.0045,Pacaembu Arapongas 2 - Empreendimento Imobiliarios Ltda.,Isaque Antunes,Bruno - Escritório RST&A,Eduardo Blanco,Ativo,Arapongas - Bem Viver Arapongas 2,Cível,Vícios Construtivos e muro de arrimo,Primeira Instância,PR,Arapongas,"60.000,00","62.018,11",,22/04/2026 17:06,Judicial,Ordinário - Conhecimento,Vara Cível,,,17/04/2026,,
472179,0001024-96.2026.8.16.0045,Pacaembu Arapongas 2 - Empreendimento Imobiliarios Ltda.,Marcia Cristina da Silva,Bruno - Escritório RST&A,Eduardo Blanco,Ativo,Arapongas - Bem Viver Arapongas 2,Cível,Vícios Construtivos e muro de arrimo,Primeira Instância,PR,Arapongas,"60.000,00","62.018,11",,22/04/2026 16:34,Judicial,Ordinário - Conhecimento,Vara Cível,,,17/04/2026,,
472178,1037662-28.2025.8.26.0576,Pacaembu Construtora S/A,Selma Efigênia Ramalho,Thaia - Escritório RST&A,Marcos Cesar Chagas Perez,Ativo,Residencial Nova Catanduva I,Cível,Vícios Construtivos,Primeira Instância,SP,Catanduva,"15.000,00","15.358,29",,22/04/2026 16:33,Judicial,Ordinário - Conhecimento,Vara Cível,,,22/04/2026,,
472135,0003727-97.2026.8.16.0045,Pacaembu Arapongas 2 - Empreendimento Imobiliarios Ltda.,Jean Verino Bealliere,Bruno - Escritório RST&A,Eduardo Blanco,Ativo,Arapongas - Bem Viver Arapongas 2,Cível,Vícios Construtivos e muro de arrimo,Primeira Instância,PR,Arapongas,"60.000,00","61.433,16",,17/04/2026 14:22,Judicial,Ordinário - Conhecimento,Vara Cível,,,15/05/2026,,
472134,0003765-12.2026.8.16.0045,Pacaembu Arapongas 1 - Empreendimento Imobiliário Ltda.,Katia Regina Mendonça Lima Maciel,Bruno - Escritório RST&A,Eduardo Blanco,Ativo,Arapongas - Bem Viver Arapongas,Cível,Vícios Construtivos,Primeira Instância,PR,Arapongas,"60.000,00","61.433,16",,17/04/2026 13:59,Judicial,Ordinário - Conhecimento,Vara Cível,,,14/05/2026,,
472132,0000053-14.2026.8.16.0045,Pacaembu Construtora S/A,Heloisa do Nascimento de Sales,Thaia - Escritório RST&A,Eduardo Blanco,Ativo,Bem Viver Arapongas,Cível,Vícios Construtivos,Primeira Instância,PR,Arapongas,"60.000,00","62.018,11",,17/04/2026 12:00,Judicial,Ordinário - Conhecimento,Vara Cível,,,01/05/2026,,
472129,5006596-98.2026.4.04.7001,Pacaembu Construtora S/A,Ailton Mendes Cabral Filho,Escritório Reis & Souza Advogados,Vânia de Arruda Mendonça Rodrigues,Aguardando Citação,,Cível,Rescisão Contratual,Primeira Instância,PR,Londrina,"143.368,81","143.368,81",,17/04/2026 10:59,Judicial,Ordinário - Conhecimento,Vara Federal,,,17/04/2026,,
472128,0003729-67.2026.8.16.0045,Pacaembu Arapongas 2 - Empreendimento Imobiliarios Ltda.,Jean Mirteau Bazelais,Bruno - Escritório RST&A,Eduardo Blanco,Ativo,Arapongas - Bem Viver Arapongas 2,Cível,Vícios Construtivos e muro de arrimo,Primeira Instância,PR,Arapongas,"60.000,00","61.433,16",,17/04/2026 10:58,Judicial,Ordinário - Conhecimento,Vara Cível,,,15/05/2026,,
472126,0016270-31.2026.8.16.0014,Pacaembu Construtora S/A,Giovane Bueno Martins,Bentivegna e Ribeiro Advogados,Eduardo Blanco,Aguardando Citação,,Cível,Vícios Construtivos,Primeira Instância,PR,Londrina,"60.000,00","61.433,16",,17/04/2026 10:39,Judicial,Ordinário - Conhecimento,Vara Cível,,,17/04/2026,,
472125,0003770-34.2026.8.16.0045,Pacaembu Arapongas 2 - Empreendimento Imobiliarios Ltda.,Zaquel Gonçalves Soares,Bruno - Escritório RST&A,Eduardo Blanco,Ativo,Arapongas - Bem Viver Arapongas 2,Cível,Vícios Construtivos e muro de arrimo,Primeira Instância,PR,Arapongas,"60.000,00","60.000,00",,17/04/2026 10:38,Judicial,Ordinário - Conhecimento,Vara Cível,,,01/06/2026,,
472119,4004131-47.2026.8.26.0451,Pacaembu Piracicaba Incorporadora Ltda.,Juan Matheus de Oliveira Rodrigues,Bentivegna e Ribeiro Advogados,Gabrielly Caroline Porsebon,Aguardando Citação,,Cível,Negativação indevida,Primeira Instância,SP,Piracicaba,"29.670,00","30.378,70",,17/04/2026 09:51,Judicial,Ordinário - Conhecimento,Vara Cível,,,17/04/2026,,
472111,0014026-70.2025.8.16.0045,Pacaembu Construtora S/A,Adryan Ferreira do Carmo,Bentivegna e Ribeiro Advogados,Fernando Hideaki Zavan Yamaguro,Aguardando Citação,Bem Viver Arapongas,Cível,,Primeira Instância,PR,Arapongas,"30.000,00","31.254,51",,16/04/2026 16:01,Judicial,Ordinário - Conhecimento,Vara Cível,,,16/04/2026,,
472107,0002619-33.2026.8.16.0045,Pacaembu Construtora S/A,Gian Carlos de Oliveira,Bentivegna e Ribeiro Advogados,Eduardo Blanco,Aguardando Citação,Bem Viver Arapongas 2,Cível,Vícios Construtivos,Primeira Instância,PR,Arapongas,"60.000,00","61.433,16",,16/04/2026 15:15,Judicial,Ordinário - Conhecimento,Vara Cível,,,16/04/2026,,
472103,0014152-23.2025.8.16.0045,Pacaembu Construtora S/A,Valter de Lima Gonçalves,Bentivegna e Ribeiro Advogados,Celso José Bonifácio Junior,Aguardando Citação,Loteamento Bem Viver Arapongas,Cível,Vícios Construtivos e muro de arrimo,Primeira Instância,PR,Arapongas,"40.000,00","41.457,10",,16/04/2026 14:11,Judicial,Ordinário - Conhecimento,Vara Cível,,,16/04/2026,,
472095,0013036-79.2025.8.16.0045,Pacaembu Construtora S/A,Jeferson Pereira dos Santos Passos,Bentivegna e Ribeiro Advogados,Eduardo Alexandre Antoniassi,Aguardando Citação,Bem Viver Arapongas 2,Cível,Vícios Construtivos,Primeira Instância,PR,Arapongas,"45.000,00","46.881,76",,16/04/2026 10:47,Judicial,Ordinário - Conhecimento,Vara Cível,,,16/04/2026,,
472089,4000146-49.2026.8.26.0458,Pacaembu Bauru Azevedo 2 - Empreendimento Imobiliário Ltda,Mariana Oliveira de Almeida,Thaia - Escritório RST&A,Pedro Miguel Torres de Campos,Ativo,Bauru - Residencial Vale Verde 2,Cível,Devolução do Sinal,Primeira Instância,SP,Piratininga,"14.926,00","15.282,52",,15/04/2026 17:56,Judicial,Ordinário - Conhecimento,Vara Única da Comarca de Piratininga,,,07/05/2026,,
472087,0016268-61.2026.8.16.0014,Pacaembu Construtora S/A,Arlete Pereira dos Santos,Thaia - Escritório RST&A,Eduardo Blanco,Ativo,Bem Viver Londrina,Cível,Vícios Construtivos,Primeira Instância,PR,Londrina,"60.000,00","61.433,16",,15/04/2026 17:02,Judicial,Ordinário - Conhecimento,Vara Cível,,,01/05/2026,,
472086,0000446-93.2026.5.09.0655,Pacaembu Assis Chateaubriand 357 e 358 - Empreendimento Imobiliário Ltda.,Raimundo Nonato Sousa da Silva,Jurídico Trabalhista,Alexandre Oliveira Campos,Ativo,,Trabalhista,,Primeira Instância,PR,Assis Chateaubriand,"108.348,00","0,00",,15/04/2026 16:57,Judicial,Reclamatória Trabalhista,Vara do Trabalho,,,02/04/2026,,
472075,0001040-50.2026.8.16.0045,Pacaembu Arapongas 1 - Empreendimento Imobiliário Ltda.,Stefany Sena Brito,Thaia - Escritório RST&A,Eduardo Blanco,Ativo,Arapongas - Bem Viver Arapongas,Cível,Vícios Construtivos,Primeira Instância,PR,Arapongas,"60.000,00","60.625,01",,15/04/2026 13:00,Judicial,Ordinário - Conhecimento,Vara Cível,,,01/05/2026,,
472070,0014039-69.2025.8.16.0045,Pacaembu Construtora S/A,Geovana Morais Valerio,Thaia - Escritório RST&A,Fernando Hideaki Zavan Yamaguro,Ativo,,Cível,Vícios Construtivos,Primeira Instância,PA,Arapongas,"30.000,00","30.650,29",,14/04/2026 21:56,Judicial,Ordinário - Conhecimento,Vara Cível,,,01/05/2026,,
472069,0014025-85.2025.8.16.0045,Pacaembu Construtora S/A,Erica Aline de Oliveira,Thaia - Escritório RST&A,Fernando Hideaki Zavan Yamaguro,Ativo,Bem Viver Arapongas,Cível,Vícios Construtivos,Primeira Instância,PR,Arapongas,"30.000,00","30.650,29",,14/04/2026 18:59,Judicial,Ordinário - Conhecimento,Vara Cível,,,01/05/2026,,
472066,4011408-64.2025.8.26.0576,Pacaembu Água Santa - Empreendimento Imobiliário Ltda.,Aline Vetorazo Alvarenga,Bruno - Escritório RST&A,Felipe Augusto Tadini Martins,Ativo,SJRP - Urban Fortes I - Fenhouse,Cível,Vícios Construtivos,Primeira Instância,SP,São José do Rio Preto,"10.000,00","10.358,06",,14/04/2026 15:54,Judicial,Ordinário - Conhecimento,Vara Cível,,,13/04/2026,,
472060,4004632-35.2025.8.26.0451,Pacaembu Piracicaba Incorporadora Ltda.,Zelia Pereira da Silva,Bruno - Escritório RST&A,Bruno Miguel Ocanha,Ativo,Piracicaba - Condomínio Vida Nova Piracicaba - V,Cível,Caixa de Esgoto,Primeira Instância,SP,Piracicaba,"30.000,00","31.092,82",,14/04/2026 14:05,Judicial,Ordinário - Conhecimento,Vara Cível,,,14/04/2026,,
472059,4001831-64.2026.8.26.0079,Pacaembu Construtora S/A,Georgia Charlene Silva,Thaia - Escritório RST&A,Anaise Christine Bosco Pacheco,Ativo,Vida Nova Botucatu,Cível,Muro de Arrimo,Primeira Instância,SP,Botucatu,"20.000,00","20.477,72",,14/04/2026 12:35,Judicial,Ordinário - Conhecimento,Vara Cível,,,07/04/2026,,
472058,4002416-58.2026.8.26.0066,Pacaembu Construtora S/A,Valeria Cristina Pereira Ribeiro,Bruno - Escritório RST&A,Isabelle Narduchi da Silva,Ativo,Residencial Vida Nova Barretos IV,Cível,Retenção das chaves,Primeira Instância,SP,Barretos,"10.000,00","10.146,53",,14/04/2026 11:59,Judicial,Ordinário - Conhecimento,Vara Cível,,,14/04/2026,,
472000,5000745-15.2025.4.03.6331,Vida Nova Araçatuba 380 - Empreendimento Imobiliário Ltda.,Luciana Pereira Mercado,Thaia - Escritório RST&A,Ricardo Pacheco Ikedo,Ativo,Vida Nova Araçatuba 2,Cível,Rescisão do Contrato de Compra e Venda,Primeira Instância,SP,Araçatuba,"220.000,00","236.263,48",,10/04/2026 18:40,Judicial,Ação Anulatória,Vara Federal,,,10/04/2026,,
471943,5003895-67.2026.4.04.7001,Pacaembu Arapongas 563 - Empreendimento Imobiliário Ltda.,Juliana de Cassia Baptistone,Thaia - Escritório RST&A,Rafael Cordeiro Abade,Ativo,Arapongas - Bem Viver Arapongas 3,Cível,Ação de Rescisão Contratual,Primeira Instância,PR,Londrina,"210.000,00","215.016,05",,08/04/2026 18:02,Judicial,Ordinário - Conhecimento,Vara Federal,,,06/04/2026,,
471865,4002128-71.2026.8.26.0079,Pacaembu Construtora S/A,Matheus Godoy Ribeiro,Jurídico Interno Cível,Matheus Godoy Ribeiro,Ativo,,Cível,Ação de Rescisão Contratual,Primeira Instância,SP,Botucatu,"213.900,00","219.009,21",,06/04/2026 15:39,Judicial,Ordinário - Conhecimento,CEJUSC Botucatu,,,02/04/2026,,
471846,4002062-39.2025.8.26.0625,Pacaembu Taubate - Empreendimento Imobiliário LTDA,Geovane Marcondes da Silva,Thaia - Escritório RST&A,Leonardo de Oliveira Barone,Ativo,Residencial Mirante dos Ventos,Cível,Ação de Rescisão Contratual,Primeira Instância,SP,Taubaté,"264.000,00","273.616,84",,02/04/2026 16:55,Judicial,Ordinário - Conhecimento,Vara Cível,,,01/04/2026,,
471843,0010311-91.2026.5.15.0100,Pacaembu Construtora S/A,Daniel da Silva Cerqueira,Jurídico Trabalhista,Milton Scanholato Junior,Ativo,,Trabalhista,,Primeira Instância,SP,Presidente Prudente,"31.953,95","0,00",,02/04/2026 16:31,Judicial,Reclamatória Trabalhista,Vara do Trabalho,,,09/06/2026,,
471799,0000220-23.2026.5.22.0107,Pacaembu Construtora S/A,Wanderley Ribeiro de Sousa,Jurídico Trabalhista,Fidelman Fao Florencio Fontes,Ativo,,Trabalhista,,Primeira Instância,PI,Oeiras,"237.717,18","0,00",,31/03/2026 15:53,Judicial,Reclamatória Trabalhista,Vara do Trabalho,,,08/04/2026,,
471793,0000388-91.2026.5.23.0076,Pacaembu Construtora S/A,Adilson Rocha Bezerra,Jurídico Trabalhista,Elisangela Santana da Luz,Ativo,,Trabalhista,,Primeira Instância,MT,Primavera do Leste,"65.230,21","0,00",,31/03/2026 12:02,Judicial,Reclamatória Trabalhista,Vara do Trabalho,,,08/04/2026,,
471781,1014547-62.2025.8.26.0451,Pacaembu Piracicaba Incorporadora Ltda.,Jessica Mariane Lopes de Sousa,Bruno - Escritório RST&A,Everton de Oliveira Gil,Ativo,Condomínio Vida Nova Piracicaba V,Cível,Vícios Construtivos,Primeira Instância,SP,Piracicaba,"10.000,00","10.418,12",,30/03/2026 18:07,Judicial,Ordinário - Conhecimento,Vara Cível,,,01/04/2026,,
471768,5026425-02.2025.4.04.7001,Pacaembu Arapongas 2 - Empreendimento Imobiliarios Ltda.,Alexandra Araujo de Sousa,Bruno - Escritório RST&A,Eduardo Blanco,Ativo,Arapongas - Bem Viver Arapongas 2,Cível,Vícios Construtivos e muro de arrimo,Primeira Instância,PR,Londrina,"40.000,00","41.432,23",,29/03/2026 16:17,Judicial,Ordinário - Conhecimento,Juizado Especial Cível,,,01/04/2026,,
471766,0000303-15.2026.5.23.0009,Pacaembu Construtora S/A,Marcos Danilo da Silva Camara,Jurídico Trabalhista,Lucas Jose Mont'alverne Frota,Ativo,,Trabalhista,,Primeira Instância,MT,Cuiabá,"21.262,81","0,00",,27/03/2026 17:11,Judicial,Reclamatória Trabalhista,Vara do Trabalho,,,01/04/2026,,
471752,5004289-21.2025.8.13.0342,Haus Compra e Venda de Bens Imóveis Ltda.,Plinio Garcia Chaves,Escritório Reis & Souza Advogados,Plinio Garcia Chaves,Ativo - não Pacaembu,,Cível,Débito,Primeira Instância,MG,Ituiutaba,"459.522,33","481.516,51",,26/03/2026 19:09,Judicial,Ação Anulatória,Vara Cível,,,01/04/2026,,
471738,0000394-97.2026.5.09.0655,Pacaembu Construtora S/A,Raimundo Nonato de Melo Júnior,Jurídico Trabalhista,Bruna Caroline Rueda Aguiar,Ativo,,Trabalhista,,Primeira Instância,PR,Palotina,"41.692,64","0,00",,26/03/2026 14:37,Judicial,Reclamatória Trabalhista,Vara do Trabalho,,,25/03/2026,,
471725,0014021-48.2025.8.16.0045,Pacaembu Construtora S/A,Lucilene Andreia da Silva,Thaia - Escritório RST&A,Fernando Hideaki Zavan Yamaguro,Ativo,Bem Viver Arapongas,Cível,Vícios Construtivos,Primeira Instância,PR,Arapongas,"30.000,00","30.000,00",,25/03/2026 19:30,Judicial,Ordinário - Conhecimento,Vara Cível,,,01/05/2026,,
471724,0000085-19.2026.8.16.0045,Pacaembu Arapongas 1 - Empreendimento Imobiliário Ltda.,Michele Carvalho da Silva,Bruno - Escritório RST&A,Eduardo Blanco,Ativo,Arapongas - Bem Viver Arapongas,Cível,Vícios Construtivos e muro de arrimo,Primeira Instância,PR,Arapongas,"60.000,00","62.018,11",,25/03/2026 19:03,Judicial,Ordinário - Conhecimento,Vara Cível,,,01/04/2026,,
471723,0001080-32.2026.8.16.0045,Pacaembu Arapongas 1 - Empreendimento Imobiliário Ltda.,Jorge Marcelo dos Santos,Bruno - Escritório RST&A,Eduardo Blanco,Ativo,Arapongas - Bem Viver Arapongas,Cível,Vícios Construtivos e muro de arrimo,Primeira Instância,PR,Arapongas,"60.000,00","61.433,16",,25/03/2026 18:51,Judicial,Ordinário - Conhecimento,Vara Cível,,,01/04/2026,,
471717,0014017-11.2025.8.16.0045,Pacaembu Construtora S/A,Sabrina Cristina de Araujo,Thaia - Escritório RST&A,Fernando Hideaki Zavan Yamaguro,Ativo,Bem Viver Arapongas,Cível,Vícios Construtivos,Primeira Instância,PR,Arapongas,"30.000,00","31.254,51",,25/03/2026 16:35,Judicial,Ordinário - Conhecimento,Vara Cível,,,01/05/2026,,
471708,0001042-20.2026.8.16.0045,Pacaembu Arapongas 1 - Empreendimento Imobiliário Ltda.,Donizete Carlos dos Santos,Bentivegna e Ribeiro Advogados,Eduardo Blanco,Aguardando Citação,Arapongas - Bem Viver Arapongas,Cível,Vícios Construtivos e muro de arrimo,Primeira Instância,PR,Arapongas,"60.000,00","62.018,11",,25/03/2026 14:21,Judicial,Ordinário - Conhecimento,Vara Cível,,,25/03/2026,,
471699,0014027-55.2025.8.16.0045,Pacaembu Construtora S/A,Thalita Pacheco de Souza,Thaia - Escritório RST&A,Fernando Hideaki Zavan Yamaguro,Ativo,Bem Viver Arapongas 2,Cível,Vícios Construtivos e muro de arrimo,Primeira Instância,PR,Arapongas,"30.000,00","31.254,51",,24/03/2026 17:48,Judicial,Ordinário - Conhecimento,Vara Cível,,,01/05/2026,,
471698,0001023-14.2026.8.16.0045,Pacaembu Arapongas 2 - Empreendimento Imobiliarios Ltda.,Julio Cesar Teixeira,Bruno - Escritório RST&A,Eduardo Blanco,Ativo,Arapongas - Bem Viver Arapongas 2,Cível,Vícios Construtivos e muro de arrimo,Primeira Instância,PR,Arapongas,"60.000,00","62.018,11",,24/03/2026 17:33,Judicial,Ordinário - Conhecimento,Vara Cível,,,22/04/2026,,
471684,4003370-16.2026.8.26.0451,Pacaembu Piracicaba Com Viva - Empreendimento Imobiliário Ltda.,Julio Cesar de Jesuz Cruz,Thaia - Escritório RST&A,Jerusa de Moura,Ativo,Piracicaba - Comviva Fase 2,Cível,Vícios Construtivos e muro de arrimo,Primeira Instância,SP,Piracicaba,"37.825,57","38.729,07",,24/03/2026 10:21,Judicial,Ordinário - Conhecimento,Vara Cível,,,10/04/2026,,
471682,4004419-68.2026.8.26.0071,Pacaembu Bauru Azevedo 2 - Empreendimento Imobiliário Ltda,IDP2 Engenharia e Comercio Ltda,Thaia - Escritório RST&A,Gabriel Luiz Camanforte Caminha,Ativo,,Cível,Descumprimento Contratual,Primeira Instância,SP,Bauru,"15.150,28","15.512,16",,24/03/2026 09:41,Judicial,Ordinário - Conhecimento,Vara Cível,,,22/06/2026,,
471669,0010245-61.2026.5.03.0063,Pacaembu Construtora S/A,Brenda Menezes Freitas,Jurídico Trabalhista,Claudia das Graças Borges,Ativo,Loja Ituiutaba,Trabalhista,,Primeira Instância,MG,Ituiutaba,"80.619,77","0,00",,23/03/2026 16:56,Judicial,Reclamatória Trabalhista,Vara do Trabalho,,,20/03/2026,,
471650,5026428-54.2025.4.04.7001,Pacaembu Arapongas 2 - Empreendimento Imobiliarios Ltda.,Cintia Gabrielle da Conceicao Lima,Bruno - Escritório RST&A,Eduardo Blanco,Ativo,Arapongas - Bem Viver Arapongas,Cível,Vícios Construtivos e muro de arrimo,Primeira Instância,PR,Arapongas,"40.000,00","41.432,23",,23/03/2026 10:44,Judicial,Ordinário - Conhecimento,Juizado Especial Federal Cível,,,23/03/2026,,
471637,0000091-93.2026.5.08.0111,Pacaembu Construtora S/A,Benigno Reis de Oliveira,Jurídico Trabalhista,Francisco Jorge Ribeiro Guimarães,Ativo,,Trabalhista,,Primeira Instância,PA,Ananindeua,"74.792,15","0,00",,20/03/2026 16:07,Judicial,Reclamatória Trabalhista,Vara do Trabalho,,,16/04/2026,,
471634,0016272-98.2026.8.16.0014,Pacaembu Construtora S/A,Eliana Aparecida dos Santos,Bruno - Escritório RST&A,Eduardo Blanco,Ativo,Bem Viver Londrina,Cível,Vícios Construtivos,Primeira Instância,PR,Londrina,"60.000,00","61.433,16",,20/03/2026 11:49,Judicial,Ordinário - Conhecimento,Vara Cível,,,20/03/2026,,
471631,0014022-33.2025.8.16.0045,Pacaembu Construtora S/A,Wesley de Brito Dutra,Bruno - Escritório RST&A,Fernando Hideaki Zavan Yamaguro,Ativo,Arapongas - Bem Viver Arapongas 2,Cível,Vícios Construtivos,Primeira Instância,PR,Arapongas,"30.000,00","31.254,51",,20/03/2026 11:24,Judicial,Ordinário - Conhecimento,Câmara de Direito Privado,,,01/04/2026,,
471625,0000084-34.2026.8.16.0045,Pacaembu Construtora S/A,Matheus William Artão Lopes,Bruno - Escritório RST&A,Eduardo Blanco,Ativo,Bem Viver Arapongas 2,Cível,Vícios Construtivos e muro de arrimo,Primeira Instância,PR,Arapongas,"60.000,00","61.122,51",,19/03/2026 18:02,Judicial,Ordinário - Conhecimento,Vara Cível,,,19/03/2026,,
471624,0013994-65.2025.8.16.0045,Pacaembu Construtora S/A,Franciane Dias Lemes,Bruno - Escritório RST&A,Fernando Hideaki Zavan Yamaguro,Ativo,Bem Viver Arapongas,Cível,Vícios Construtivos,Primeira Instância,PR,Arapongas,"30.000,00","31.254,51",,19/03/2026 17:39,Judicial,Ordinário - Conhecimento,Vara Cível,,,19/03/2026,,
471583,4002862-03.2026.8.26.0344,Pacaembu Construtora S/A,Jeferson Henrique Camilo,Thaia - Escritório RST&A,Guilherme Mendonça Mendes de Oliveira,Ativo,Loteamento Residencial Jardim Maraca,Cível,Vícios Construtivos,Primeira Instância,SP,Marília,"20.000,00","20.477,72",,18/03/2026 17:53,Judicial,Ordinário - Conhecimento,Vara Cível,,,18/03/2026,,
471577,4007580-26.2026.8.26.0576,Pacaembu Construtora S/A,Mateus Aparecido Marcal Pereira,Thaia - Escritório RST&A,Hideraldo Brandão Ferrari Filho,Ativo,Vida Nova Rio Preto - Egydio Zani - Fase 3,Cível,Vícios Construtivos,Primeira Instância,SP,São José do Rio Preto,"10.000,00","10.238,86",,18/03/2026 16:16,Judicial,Ordinário - Conhecimento,Vara Cível,,,18/03/2026,,
471576,5340416-87.2025.8.09.0149,Pacaembu Construtora S/A,Maykon Oliveira de Paula,Bentivegna e Ribeiro Advogados,Kátia Morgado Esteves Gusmão Garrote,Aguardando Citação,Vida Nova Goiás,Cível,Vícios Construtivos,Primeira Instância,GO,Trindade,"10.500,00","11.002,56",,18/03/2026 16:16,Judicial,Ordinário - Conhecimento,Vara Cível,,,18/03/2026,,
471544,0010024-53.2026.5.15.0028,Pacaembu Catanduva III - Empreendimento Imobiliário Ltda.,Claudio Eurico da Costa,Jurídico Trabalhista,Guilherme Augusto da Conceição Santos,Ativo,,Trabalhista,,Primeira Instância,SP,São José do Rio Preto,"31.592,72","0,00",,17/03/2026 17:39,Judicial,Reclamatória Trabalhista,Vara do Trabalho,,,11/03/2026,,
471540,0000315-22.2026.5.23.0076,Pacaembu Construtora S/A,Edson de Souza Nogueira,Jurídico Trabalhista,Francisco Jorge Ribeiro Guimarães,Aguardando Notificação,,Trabalhista,,Primeira Instância,MT,Primavera do Leste,"74.792,15","0,00",,17/03/2026 16:42,Judicial,Reclamatória Trabalhista,Vara do Trabalho,,,17/03/2026,,
471509,0012628-53.2025.5.15.0082,Pacaembu São José do Rio Preto 405 - Empreendimento Imobiliário Ltda.,Fernanda Carolina Silva,Jurídico Trabalhista,Igor Matheus Medeiros,Ativo,,Trabalhista,,Primeira Instância,SP,São José do Rio Preto,"29.915,18","0,00",,16/03/2026 09:52,Judicial,Reclamatória Trabalhista,Vara do Trabalho,,,17/04/2026,,
471471,4009896-33.2025.8.26.0451,Pacaembu Construtora S/A,Celiene Brito dos Santos,Bruno - Escritório RST&A,Guilherme Mendonça Mendes de Oliveira,Ativo,Vida Nova Piracicaba I,Cível,Caixa de Esgoto,Primeira Instância,SP,Piracicaba,"30.000,00","31.083,50",,13/03/2026 12:30,Judicial,Ordinário - Conhecimento,Vara Cível,,,11/03/2026,,
471341,0011272-18.2025.5.15.0019,Pacaembu Araçatuba I - Empreendimento Imobiliário LTDA,Ismar Silva Machado de Oliveira Junior,Jurídico Trabalhista,Carlos Henrique Firmino Jodas,Ativo,,Trabalhista,,Primeira Instância,SP,Araçatuba,"79.209,00","0,00",,11/03/2026 14:59,Judicial,Reclamatória Trabalhista,Vara do Trabalho,,,05/03/2026,,
471336,0000306-60.2026.5.23.0076,Pacaembu Construtora S/A,Helio Antonio Nogueira Lima,Jurídico Trabalhista,Francisco Jorge Ribeiro Guimarães,Aguardando Notificação,,Trabalhista,,Primeira Instância,MT,Primavera do Leste,"74.792,15","0,00",,11/03/2026 14:14,Judicial,Reclamatória Trabalhista,Vara do Trabalho,,,11/03/2026,,
471331,0000161-80.2026.5.08.0121,Pacaembu Construtora S/A,Michel Muniz dos Santos,Jurídico Trabalhista,Francisco Jorge Ribeiro Guimarães,Ativo,,Trabalhista,,Primeira Instância,PA,Ananindeua,"74.823,60","0,00",,11/03/2026 12:22,Judicial,Reclamatória Trabalhista,Vara do Trabalho,,,16/03/2026,,
471316,1038720-66.2025.8.26.0576,Pacaembu Construtora S/A,Lurdinei Pereira Abreu,Thaia - Escritório RST&A,Marcos Cesar Chagas Perez,Ativo,Parque Residencial Edson Baffi,Cível,Vícios Construtivos,Primeira Instância,SP,São José do Rio Preto,"15.000,00","15.627,25",,10/03/2026 18:12,Judicial,Ordinário - Conhecimento,Vara Cível,,,09/03/2026,,
471301,4004952-64.2026.8.26.0576,Pacaembu Construtora S/A,Ana Paula Maldonado,Thaia - Escritório RST&A,José Roberto Russo,Ativo,Residencial Amizade I,Cível,Vícios Construtivos e muro de arrimo,Primeira Instância,SP,São José do Rio Preto,"60.000,00","61.777,18",,10/03/2026 12:43,Judicial,Ordinário - Conhecimento,Vara Cível,,,11/05/2026,,
471300,4000505-90.2026.8.26.0072,Pacaembu Construtora S/A,Nadia Lucia Ribeiro,Thaia - Escritório RST&A,Lilian Patricia Morente Foganholi,Ativo,Jardim Itália,Cível,Vícios Construtivos,Primeira Instância,SP,Bebedouro,"15.000,00","15.444,30",,10/03/2026 12:18,Judicial,Ordinário - Conhecimento,Vara Cível,,,13/04/2026,,
471298,4003982-64.2026.8.26.0576,Pacaembu Construtora S/A,Alessandra Osmarina de Mello,Thaia - Escritório RST&A,José Roberto Russo,Ativo,Parque Residencial da Lealdade,Cível,Vícios Construtivos e muro de arrimo,Primeira Instância,SP,São José do Rio Preto,"60.000,00","61.777,18",,10/03/2026 12:08,Judicial,Ordinário - Conhecimento,Vara Cível,,,14/04/2026,,
471296,4003482-95.2026.8.26.0576,Pacaembu Construtora S/A,Silvana Alves,Thaia - Escritório RST&A,José Roberto Russo,Ativo,Residencial Amizade I,Cível,Vícios Construtivos e muro de arrimo,Primeira Instância,SP,São José do Rio Preto,"60.000,00","61.777,18",,10/03/2026 11:36,Judicial,Ordinário - Conhecimento,Vara Cível,,,12/03/2026,,
471292,4001517-69.2026.8.26.0451,Pacaembu Piracicaba Com Viva - Empreendimento Imobiliário Ltda.,Rikewlly Pereira de Lima,Bruno - Escritório RST&A,Jessica Aparecida Dantas Donegá,Ativo,Piracicaba - Comviva,Cível,Indenização por Danos Morais e Materiais,Primeira Instância,SP,Piracicaba,"270.000,00","277.997,33",,10/03/2026 09:33,Judicial,Ordinário - Conhecimento,Vara Cível,,,01/07/2026,,
471256,4000097-08.2026.8.26.0458,Pacaembu Bauru Azevedo 2 - Empreendimento Imobiliário Ltda,Eliana Cristina dos Santos,Bruno - Escritório RST&A,Pedro Miguel Torres de Campos,Ativo,Bauru - Residencial Vale Verde 2,Cível,Aumento do valor de sinal,Primeira Instância,SP,Piratininga,"10.000,00","10.296,20",,06/03/2026 12:07,Judicial,Ordinário - Conhecimento,Vara Cível,,,05/05/2026,,
471253,4002298-91.2026.8.26.0451,Pacaembu Piracicaba Incorporadora Ltda.,Danielle Cardoso de Barros,Bruno - Escritório RST&A,Jessica Aparecida Dantas Donegá,Aguardando Citação,Vida Nova Piracicaba II,Cível,Vícios Construtivos,Primeira Instância,SP,Piracicaba,"45.000,00","46.332,89",,06/03/2026 11:24,Judicial,Ordinário - Conhecimento,Câmara de Direito Privado,,,01/08/2026,,
471250,4004730-96.2026.8.26.0576,Pacaembu Construtora S/A,Domingos dos Anjos Pereira,Thaia - Escritório RST&A,José Roberto Russo,Ativo,Parque Residencial da Lealdade,Cível,Vícios Construtivos e muro de arrimo,Primeira Instância,SP,São José do Rio Preto,"60.000,00","61.777,18",,06/03/2026 10:06,Judicial,Ordinário - Conhecimento,Vara Cível,,,03/03/2026,,
471249,4002231-29.2026.8.26.0451,Pacaembu Piracicaba Com Viva - Empreendimento Imobiliário Ltda.,Luiz Carlos Bonifacio Junior,Thaia - Escritório RST&A,Yara Regina Araujo Richter,Ativo,Comviva - Fase 2,Cível,Vícios Construtivos,Primeira Instância,SP,Piracicaba,"45.000,00","46.332,89",,05/03/2026 18:53,Judicial,Ordinário - Conhecimento,Vara Cível,,,09/03/2026,,
471247,4001518-54.2026.8.26.0451,Pacaembu Construtora S/A,Luciana Renata Pereira Silva,Escritório Reis & Souza Advogados,Stefany Marie Pereira,Aguardando Citação,Comviva - Fase 2,Cível,Vícios Construtivos,Primeira Instância,SP,Piracicaba,"68.800,00","70.837,84",,05/03/2026 16:10,Judicial,Ordinário - Conhecimento,Vara Cível,,,09/02/2026,,
471245,1014135-34.2025.8.26.0451,Pacaembu Construtora S/A,Rutilene Santos de Sa,Bruno - Escritório RST&A,Guilherme Mendonça Mendes de Oliveira,Ativo,Condomínio Vida Nova Piracicaba,Cível,Caixa de Esgoto,Primeira Instância,SP,Piracicaba,"20.000,00","20.836,25",,05/03/2026 16:05,Judicial,Ordinário - Conhecimento,Vara Cível,,,09/03/2026,,
471244,4005127-58.2026.8.26.0576,Pacaembu Construtora S/A,Luis Ferreira de Lima,Escritório Reis & Souza Advogados,Marcos Cesar Chagas Perez,Aguardando Citação,Loteamento Egydio Zani,Cível,Vícios Construtivos,Primeira Instância,SP,São José do Rio Preto,"10.000,00","10.296,20",,05/03/2026 15:23,Judicial,Ordinário - Conhecimento,Vara Cível,,,05/03/2026,,
471225,0000214-82.2026.5.23.0076,Pacaembu Construtora S/A,Cleber Sa Araujo,Jurídico Trabalhista,Renan Dias Pinto,Ativo,,Trabalhista,,Primeira Instância,MT,Primavera do Leste,"111.000,00","0,00",,04/03/2026 18:25,Judicial,Reclamatória Trabalhista,Vara do Trabalho,,,27/03/2026,,
471224,0000023-62.2026.5.09.0129,Pacaembu Construtora S/A,Hugo Mauricio Yamasaki,Jurídico Trabalhista,Tiago Vitorino Cardoso Gobbi,Ativo,,Trabalhista,,Primeira Instância,PR,Londrina,"114.457,07","0,00",,04/03/2026 17:40,Judicial,Reclamatória Trabalhista,Vara do Trabalho,,,03/03/2026,,
471195,1014608-20.2025.8.26.0451,Pacaembu Construtora S/A,Jeferson Velozo Rodrigues,Bentivegna e Ribeiro Advogados,Guilherme Mendonça Mendes de Oliveira,Aguardando Citação,Condomínio Vida Nova Piracicaba V,Cível,Caixa de Esgoto,Primeira Instância,SP,Piracicaba,"30.000,00","31.254,37",,03/03/2026 15:48,Judicial,Ordinário - Conhecimento,Vara Cível,,,03/03/2026,,
471190,1034913-38.2025.8.26.0576,Pacaembu Construtora S/A,Janaina Ermelinda de Almeida,Thaia - Escritório RST&A,Marcos Cesar Chagas Perez,Ativo,"Vida Nova Rio Preto ""Egydio Zani""",Cível,Vícios Construtivos,Primeira Instância,SP,São José do Rio Preto,"15.000,00","15.594,44",,03/03/2026 12:03,Judicial,Ordinário - Conhecimento,Vara Cível,,,01/03/2026,,
471189,0014038-84.2025.8.16.0045,Pacaembu Construtora S/A,Vitória Luciano Carrascal Cruz,Bruno - Escritório RST&A,Fernando Hideaki Zavan Yamaguro,Ativo,Bem Viver Arapongas 2,Cível,Vícios Construtivos e muro de arrimo,Primeira Instância,PR,Arapongas,"30.000,00","31.254,51",,03/03/2026 10:45,Judicial,Ordinário - Conhecimento,Vara Cível,,,01/03/2026,,
471188,4003462-07.2026.8.26.0576,Pacaembu Construtora S/A,Edmara Antonia da Silva,Thaia - Escritório RST&A,José Roberto Russo,Ativo,Residencial Amizade I,Cível,Vícios Construtivos e muro de arrimo,Primeira Instância,SP,São José do Rio Preto,"60.000,00","61.777,18",,03/03/2026 10:40,Judicial,Ordinário - Conhecimento,Vara Cível,,,02/03/2026,,
471186,4004661-64.2026.8.26.0576,Pacaembu Construtora S/A,Jully Graciely da Conceição Batista,Thaia - Escritório RST&A,José Roberto Russo,Ativo,Parque Residencial da Lealdade,Cível,Vícios Construtivos e muro de arrimo,Primeira Instância,SP,São José do Rio Preto,"60.000,00","61.777,18",,03/03/2026 09:10,Judicial,Ordinário - Conhecimento,Vara Cível,,,02/03/2026,,
471179,4011057-91.2025.8.26.0576,Pacaembu Construtora S/A,Luiza Idaides Alves Silva,Thaia - Escritório RST&A,Marcos Cesar Chagas Perez,Ativo,loteamento Reserva Rio Preto,Cível,Vícios Construtivos,Primeira Instância,SP,São José do Rio Preto,"10.000,00","10.358,06",,02/03/2026 17:59,Judicial,Ordinário - Conhecimento,Vara Cível,,,01/03/2026,,
471178,1009834-19.2026.8.11.0001,Pacaembu Construtora S/A,Syndel Costa Conceição,Thaia - Escritório RST&A,Crislaine Francione Marques de Jesus,Ativo,Condomínio Residencial Guará,Cível,Obrigação de Fazer / Não Fazer,Primeira Instância,,Cuiabá,"15.310,00","15.763,48",,02/03/2026 17:27,Judicial,Ordinário - Conhecimento,Juizado Especial Cível,,,01/03/2026,,
471177,0014198-12.2025.8.16.0045,Pacaembu Construtora S/A,Ademilson Sales da Costa,Bruno - Escritório RST&A,Ana Caroline Marcolino,Ativo,Bem Viver Arapongas,Cível,Vícios Construtivos e muro de arrimo,Primeira Instância,PR,Arapongas,"17.500,00","18.137,48",,02/03/2026 17:00,Judicial,Ordinário - Conhecimento,Vara Cível,,,01/03/2026,,
471159,4023416-07.2025.8.26.0016,Pacaembu Ourinhos Constante 2 - Empreendimento Imobiliário,M8 Soluções e Serviços de Apoio a Edifícios Ltda.,Thaia - Escritório RST&A,Rubens Rufino dos Santos Sobrinho,Ativo,Vida Nova Ourinhos II,Cível,Ação de Cobrança,Primeira Instância,SP,Bauru,"19.482,97","20.180,57",,27/02/2026 16:35,Judicial,Ordinário - Conhecimento,Juizado Especial Cível,,,01/03/2026,,
471158,4001829-58.2026.8.26.0576,Pacaembu Construtora S/A,Arthur Emanuel da Silva,Thaia - Escritório RST&A,Marcos Cesar Chagas Perez,Ativo,Loteamento Egydio Zani,Cível,Vícios Construtivos,Primeira Instância,SP,São José do Rio Preto,"10.000,00","10.336,35",,27/02/2026 16:23,Judicial,Ordinário - Conhecimento,Vara Cível,,,01/03/2026,,
471157,1012747-96.2025.8.26.0451,Pacaembu Piracicaba Incorporadora Ltda.,Marcia Maria Veiga,Bruno - Escritório RST&A,Guilherme Mendonça Mendes de Oliveira,Ativo,Vida Nova Piracicaba II,Cível,Caixa de Esgoto,Primeira Instância,SP,Piracicaba,"20.000,00","20.884,17",,27/02/2026 16:04,Judicial,Ordinário - Conhecimento,Vara Cível,,,01/03/2026,,
471154,4004788-02.2026.8.26.0576,Pacaembu Construtora S/A,Derio garcia,Thaia - Escritório RST&A,José Roberto Russo,Ativo,Residencial Amizade I,Cível,Vícios Construtivos e muro de arrimo,Primeira Instância,SP,São José do Rio Preto,"60.000,00","61.777,18",,27/02/2026 15:40,Judicial,Ordinário - Conhecimento,Vara Cível,,,01/03/2026,,
471153,0014200-79.2025.8.16.0045,Pacaembu Arapongas 1 - Empreendimento Imobiliário Ltda.,Bruna Aparecida dos Santos,Bruno - Escritório RST&A,Ana Caroline Marcolino,Ativo,Arapongas - Bem Viver Arapongas,Cível,Vícios Construtivos e muro de arrimo,Primeira Instância,PR,Arapongas,"18.000,00","18.655,69",,27/02/2026 15:35,Judicial,Ordinário - Conhecimento,Vara Cível,,,01/03/2026,,
471145,4004922-29.2026.8.26.0576,Pacaembu Construtora S/A,Elisabete Ataide da Silva Domingues,Thaia - Escritório RST&A,José Roberto Russo,Ativo,Parque Residencial da Lealdade,Cível,Vícios Construtivos e muro de arrimo,Primeira Instância,SP,São José do Rio Preto,"60.000,00","61.777,18",,27/02/2026 13:27,Judicial,Ordinário - Conhecimento,Vara Cível,,,01/03/2026,,
471144,4002074-56.2026.8.26.0451,Pacaembu Piracicaba Com Viva - Empreendimento Imobiliário Ltda.,Luis Henrique Cesario Pereira,Thaia - Escritório RST&A,Stefany Marie Pereira,Ativo,Loteamento ComViva - Fase 2,Cível,Vícios Construtivos e muro de arrimo,Primeira Instância,SP,Piracicaba,"42.010,00","43.254,32",,27/02/2026 12:58,Judicial,Ordinário - Conhecimento,Vara Cível,,,01/03/2026,,
471143,0016640-48.2025.8.16.0045,Pacaembu Arapongas 2 - Empreendimento Imobiliarios Ltda.,Evanete Rossi,Bruno - Escritório RST&A,Eduardo Alexandre Antoniassi,Ativo,Arapongas - Bem Viver Arapongas 2,Cível,Vícios Construtivos,Primeira Instância,PR,Arapongas,"61.198,00","63.408,26",,27/02/2026 12:44,Judicial,Ordinário - Conhecimento,Vara Cível,,,01/03/2026,,
471138,0014157-45.2025.8.16.0045,Pacaembu Construtora S/A,Erika Beatriz Aldivino Rosa,Bruno - Escritório RST&A,Celso José Bonifácio Junior,Ativo,Bem Viver Arapongas,Cível,Vícios Construtivos e muro de arrimo,Primeira Instância,PI,Arapongas,"40.000,00","41.457,10",,26/02/2026 17:47,Judicial,Ordinário - Conhecimento,Vara Cível,,,01/03/2026,,
471137,0000088-71.2026.8.16.0045,Pacaembu Arapongas 1 - Empreendimento Imobiliário Ltda.,Renan Carlos Martins Ferreira,Bruno - Escritório RST&A,Eduardo Blanco,Ativo,Arapongas - Bem Viver Arapongas,Cível,Vícios Construtivos e muro de arrimo,Primeira Instância,PR,Arapongas,"60.000,00","62.018,11",,26/02/2026 17:31,Judicial,Ordinário - Conhecimento,Vara Cível,,,01/03/2026,,
471136,0000086-04.2026.8.16.0045,Pacaembu Arapongas 1 - Empreendimento Imobiliário Ltda.,Nalanda Suellem Oliveira da Silva,Bruno - Escritório RST&A,Eduardo Blanco,Ativo,Arapongas - Bem Viver Arapongas,Cível,Vícios Construtivos e muro de arrimo,Primeira Instância,PR,Arapongas,"60.000,00","62.018,11",,26/02/2026 17:16,Judicial,Ordinário - Conhecimento,Vara Cível,,,01/03/2026,,
471135,0010485-20.2026.5.15.0062,Pacaembu Construtora S/A,Hermann Rotterdan Nogueira de Mattos,Jurídico Trabalhista,Reinaldo Daniel Rigobelli,Ativo,,Trabalhista,,Primeira Instância,SP,Lins,"31.435,94","0,00",,26/02/2026 17:14,Judicial,Reclamatória Trabalhista,Vara do Trabalho,,,01/04/2026,,
471133,0000147-48.2026.5.23.0002,Pacaembu Construtora S/A,Francisco Carlos de Sousa,Jurídico Trabalhista,Rodrigo Faria Gardin,Ativo,,Trabalhista,,Primeira Instância,MT,Cuiabá,"74.299,57","0,00",,26/02/2026 17:03,Judicial,Reclamatória Trabalhista,Vara do Trabalho,,,08/03/2026,,
471131,0000090-41.2026.8.16.0045,Pacaembu Arapongas 2 - Empreendimento Imobiliarios Ltda.,Tracy Patricia de Souza Paulino,Bruno - Escritório RST&A,Eduardo Blanco,Ativo,Arapongas - Bem Viver Arapongas,Cível,Vícios Construtivos e muro de arrimo,Primeira Instância,PR,Arapongas,"60.000,00","62.018,11",,26/02/2026 16:48,Judicial,Ordinário - Conhecimento,Vara do Trabalho,,,01/03/2026,,
471126,0000083-49.2026.8.16.0045,Pacaembu Arapongas 1 - Empreendimento Imobiliário Ltda.,Maria Aparecida dos Santos,Bruno - Escritório RST&A,Eduardo Blanco,Ativo,Arapongas - Bem Viver Arapongas,Cível,Vícios Construtivos e muro de arrimo,Primeira Instância,PR,Arapongas,"60.000,00","62.018,11",,26/02/2026 15:10,Judicial,Ordinário - Conhecimento,Vara Cível,,,01/03/2026,,
471123,4004537-81.2026.8.26.0576,Pacaembu Construtora S/A,Ivanilton Fernandes Oliveira,Thaia - Escritório RST&A,Marcos Cesar Chagas Perez,Ativo,Vida Nova Rio Preto (Egydio Zani),Cível,Vícios Construtivos,Primeira Instância,SP,São José do Rio Preto,"10.000,00","10.296,20",,26/02/2026 14:30,Judicial,Ordinário - Conhecimento,Vara Cível,,,01/03/2026,,
471103,1526423-67.2025.8.26.0576,Urban Fortes Empreendimentos Imobiliários I Spe ltda,Município São José do Rio Preto,Bentivegna e Ribeiro Advogados,Procuradoria do Estado de São Paulo,Aguardando Citação,Loteamento Urban Fortes I,Cível,,Primeira Instância,SP,São José do Rio Preto,"1.742,36","1.815,22",,25/02/2026 10:48,Judicial,Execução Fiscal,SAF - Serviço de Anexo Fiscal,,,25/02/2026,,
471102,4004150-66.2026.8.26.0576,Pacaembu Construtora S/A,Andressa Vieira Vechiatto,Thaia - Escritório RST&A,José Roberto Russo,Ativo,Loteamento Parque Residencial da Lealdade,Cível,Vícios Construtivos e muro de arrimo,Primeira Instância,SP,São José do Rio Preto,"60.000,00","61.777,18",,25/02/2026 10:22,Judicial,Ordinário - Conhecimento,Vara Cível,,,20/02/2026,,
471101,0075433-73.2025.8.16.0014,Pacaembu Construtora S/A,Paulo Sergio Santos da Silva,Bruno - Escritório RST&A,Celso José Bonifácio Junior,Ativo,Bem Viver Londrina,Cível,Vícios Construtivos e muro de arrimo,Primeira Instância,PR,Londrina,"40.000,00","41.457,10",,25/02/2026 09:54,Judicial,Ordinário - Conhecimento,Vara Cível,,,20/02/2026,,
471100,4010620-37.2025.8.26.0451,Pacaembu Piracicaba Incorporadora Ltda.,Simone Medeiro Ferreira,Bruno - Escritório RST&A,Jessica Aparecida Dantas Donegá,Ativo,Vida Nova Piracicaba,Cível,Vícios Construtivos,Primeira Instância,SP,Piracicaba,"45.000,00","46.625,25",,24/02/2026 17:40,Judicial,Ordinário - Conhecimento,Vara Cível,,,19/02/2026,,
471098,0010245-08.2026.5.15.0102,Pacaembu Construtora S/A,Douglas Gonçalves de Moura,Jurídico Trabalhista,Felipe Soeiro Martins,Ativo,,Trabalhista,,Primeira Instância,SP,Taubaté,"17.641,07","0,00",,24/02/2026 16:15,Judicial,Reclamatória Trabalhista,Vara do Trabalho,,,04/03/2026,,
471096,0010502-13.2026.5.15.0044,Pacaembu Construtora S/A,Antonio Sergio Sousa Vieira,Jurídico Trabalhista,Dalli Carnegie Borghetti,Ativo,,Trabalhista,,Primeira Instância,SP,São José do Rio Preto,"70.848,46","0,00",,24/02/2026 16:03,Judicial,Reclamatória Trabalhista,Vara do Trabalho,,,27/04/2026,,
471094,0000148-33.2026.5.23.0002,Pacaembu Construtora S/A,Geraldo Ferreira de Oliveira,Jurídico Trabalhista,Rodrigo Faria Gardin,Ativo,Vida Nova Cuiabá - Fase 1,Trabalhista,,Primeira Instância,MT,Cuiabá,"89.809,38","0,00",,24/02/2026 15:33,Judicial,Reclamatória Trabalhista,Vara do Trabalho,,,25/02/2026,,
471092,0000332-48.2026.8.16.0126,Pacaembu Palotina 384 - Empreendimento Imobiliário Ltda,Gabriel Zanella Schneider,Thaia - Escritório RST&A,Laudio Luiz Souder,Ativo,Bem Viver Palotina,Cível,Ação de Rescisão Contratual,Primeira Instância,PR,Palotina,"4.863,08","5.007,12",,24/02/2026 14:47,Judicial,Ordinário - Conhecimento,Vara Cível,,,24/02/2026,,
471087,4000172-38.2026.8.26.0073,Pacaembu Avaré São Rogério III - 229 Empreendimentos Imobiliários Ltda.,Leonilda Alves Coutinho,Bruno - Escritório RST&A,Jus Postulandi,Ativo,,Cível,Devolução de sinal,Primeira Instância,,Avaré,"7.250,00","7.493,86",,24/02/2026 12:10,Judicial,Ordinário - Conhecimento,Juizado Especial Cível,,,24/02/2026,,
471085,1000289-30.2026.5.02.0322,Pacaembu Construtora S/A,Valdemir Miranda Monteiro,Jurídico Trabalhista,Thyago Alberto Barra Veloso,Ativo,Assis Bela Vista II,Trabalhista,,Primeira Instância,SP,Guarulhos,"84.899,12","0,00",,23/02/2026 18:27,Judicial,Reclamatória Trabalhista,Vara do Trabalho,,,19/03/2026,,
471014,1014751-09.2025.8.26.0451,Pacaembu Piracicaba Incorporadora Ltda.,Maria das Graças Caires Ribeiro,Bruno - Escritório RST&A,Everton de Oliveira Gil,Ativo,Residencial Nova Suíça I,Cível,Vícios Construtivos,Primeira Instância,SP,Piracicaba,"10.000,00","10.418,12",,18/02/2026 16:53,Judicial,Ordinário - Conhecimento,Vara Cível,,,18/02/2026,,
471011,0013048-93.2025.8.16.0045,Pacaembu Construtora S/A,Cleuton Carvalho Reis,Bruno - Escritório RST&A,Eduardo Alexandre Antoniassi,Ativo,Bem Viver Arapongas 2,Cível,Vícios Construtivos e muro de arrimo,Primeira Instância,PR,Arapongas,"45.000,00","46.881,76",,18/02/2026 15:22,Judicial,Ordinário - Conhecimento,Vara Cível,,,18/02/2026,,
471006,0000178-45.2026.5.09.0653,Pacaembu Construtora S/A,Luis Antonio de Faria,Jurídico Trabalhista,Marcos Eugenio,Ativo,,Trabalhista,,Primeira Instância,PR,Arapongas,"32.749,42","0,00",,18/02/2026 10:58,Judicial,Reclamatória Trabalhista,Vara do Trabalho,,,25/02/2026,,
471005,4000753-96.2026.8.26.0576,Pacaembu Construtora S/A,Debora Ester Rodrigues Pereira,Escritório Reis & Souza Advogados,Marcos Cesar Chagas Perez,Aguardando Citação,"Parque Residencial Tabarana,",Cível,Vícios Construtivos,Primeira Instância,SP,São José do Rio Preto,"10.000,00","10.336,35",,18/02/2026 10:43,Judicial,Ordinário - Conhecimento,Vara Cível,,,18/02/2026,,
471004,4000816-24.2026.8.26.0576,Pacaembu Construtora S/A,Fabio Ryan Pereira Gonçalves,Escritório Reis & Souza Advogados,Marcos Cesar Chagas Perez,Aguardando Citação,"Parque Residencial Tabarana,",Cível,Vícios Construtivos,Primeira Instância,SP,São José do Rio Preto,"10.000,00","10.336,35",,18/02/2026 10:31,Judicial,Ordinário - Conhecimento,Vara Cível,,,18/02/2026,,
471002,4000862-13.2026.8.26.0576,Pacaembu Construtora S/A,Gabriel Fernando dos Santos Damasceno,Thaia - Escritório RST&A,Marcos Cesar Chagas Perez,Ativo,Residencial Tabarana,Cível,Vícios Construtivos,Primeira Instância,SP,São José do Rio Preto,"10.000,00","10.350,82",,17/02/2026 23:38,Judicial,Ordinário - Conhecimento,Vara Cível,,,04/05/2026,,
471001,4001669-33.2026.8.26.0576,Pacaembu Construtora S/A,Driele Regina da Silva,Thaia - Escritório RST&A,Marcos Cesar Chagas Perez,Ativo,Residencial Tabarana,Cível,Vícios Construtivos,Primeira Instância,SP,São José do Rio Preto,"10.000,00","10.336,35",,17/02/2026 23:23,Judicial,Ordinário - Conhecimento,Vara Cível,,,01/03/2026,,
471000,4002732-93.2026.8.26.0576,Pacaembu Construtora S/A,Jessica Vitoria Dias Fernandes,Escritório Reis & Souza Advogados,Marcos Cesar Chagas Perez,Aguardando Citação,Residencial Tabarana,Cível,Vícios Construtivos,Primeira Instância,SP,São José do Rio Preto,"10.000,00","10.336,35",,17/02/2026 22:59,Judicial,Ordinário - Conhecimento,Vara Cível,,,17/02/2026,,
470976,1005402-12.2025.8.26.0344,Wilson de Almeida Junior,Ricardo Cadasquevis dos Santos,Escritório Reis & Souza Advogados,Rui Gadiel dos Reis Freitas,Ativo - não Pacaembu,,Cível,Adjudicação Compulsória,Primeira Instância,SP,Marília,"85.145,83","0,00",,12/02/2026 18:14,Judicial,Ordinário - Conhecimento,Vara Cível,,,12/02/2026,,
470941,4000233-26.2026.8.26.0451,Pacaembu Piracicaba Com Viva - Empreendimento Imobiliário Ltda.,Marcio Alves de Paula,Thaia - Escritório RST&A,Yara Regina Araujo Richter,Ativo,Piracicaba - Comviva,Cível,Vícios Construtivos,Primeira Instância,SP,Piracicaba,"40.000,00","41.345,41",,11/02/2026 15:31,Judicial,Ordinário - Conhecimento,Vara Cível,,,11/02/2026,,
470938,1051963-64.2023.8.26.0506,Poá Empreendimento Imobiliário Ltda,Município de Ribeirão Preto,Jurídico Interno Cível,Procuradoria Geral do Município de Ribeirão Preto,Ativo,,Tributário,Execução Fiscal - IPTU,Primeira Instância,SP,Ribeirão Preto,"2.028,48","2.299,91",,11/02/2026 14:57,Judicial,Ordinário - Conhecimento,SEF - Serviço de Execução Fiscal,,,10/02/2026,,
470934,1024252-97.2025.8.26.0576,Urban Fortes Empreendimentos Imobiliários I Spe ltda,Cristian Nunes de Azevedo,Thaia - Escritório RST&A,Rodolpho Luiz de Rangel Moreira Ramos,Ativo,Loteamento Urban Fortes I,Cível,Obrigação de Fazer / Não Fazer,Primeira Instância,SP,São José do Rio Preto,"5.010,45","5.231,95",,11/02/2026 13:13,Judicial,Ordinário - Conhecimento,Vara Cível,,,11/02/2026,,
470932,1014854-16.2025.8.26.0451,Pacaembu Piracicaba Com Viva - Empreendimento Imobiliário Ltda.,João Victor Ferreira Rodrigues,Thaia - Escritório RST&A,Stefany Marie Pereira,Ativo,Piracicaba - Comviva,Cível,Vícios Construtivos,Primeira Instância,SP,Piracicaba,"42.010,00","43.766,53",,11/02/2026 12:28,Judicial,Ordinário - Conhecimento,Vara Cível,,,11/02/2026,,
470909,1500890-72.2026.8.26.0576,Haus Compra e Venda de Bens Imóveis Ltda.,Prefeitura de São José do Rio Preto,Jurídico Interno Cível,Procuradoria de São José do Rio Preto,Ativo,,Tributário,Execução Fiscal,Primeira Instância,SP,São José do Rio Preto,"1.131,19","0,00",,10/02/2026 17:15,Judicial,Ordinário - Conhecimento,Setor de Execuções Fiscais,,,10/02/2026,,
470902,0000091-07.2026.5.23.0037,Pacaembu Construtora S/A,Darlan da Silva Aguiar,Jurídico Trabalhista,Rodolfo Fernando Borges,Ativo,Escritório Central,Trabalhista,,Primeira Instância,MT,Sinop,"178.055,83","0,00",,10/02/2026 13:36,Judicial,Reclamatória Trabalhista,Vara do Trabalho,,,23/02/2026,,
470900,4000023-48.2026.8.26.0071,Pacaembu Bauru Azevedo - Empreendimento Imobiliário Ltda.,Adriana Greyze da Silva,Thaia - Escritório RST&A,Gabriela Rodrigues,Ativo,Bauru - Vida Nova Harmonia,Cível,Ação de Revisão Contratual,Primeira Instância,SP,Bauru,"30.229,12","31.245,88",,10/02/2026 12:07,Judicial,Ordinário - Conhecimento,Vara Cível,,,10/02/2026,,
470891,0016130-43.2026.5.16.0015,Pacaembu Construtora S/A,Geovaldo de Jesus Diniz Camara,Jurídico Trabalhista,Lucas Jose Mont'alverne Frota,Ativo,,Trabalhista,,Primeira Instância,MA,São Luís,"25.438,39","0,00",,10/02/2026 09:19,Judicial,Reclamatória Trabalhista,Vara do Trabalho,,,05/05/2026,,
470858,4003972-71.2025.8.26.0344,Pacaembu Construtora S/A,Eduardo Kaue do Nascimento da Silva,Thaia - Escritório RST&A,Artur Eduardo Garcia Mechedjian Junior,Ativo,Vida Nova Paraíso - Marília,Cível,Ação de Revisão Contratual,Primeira Instância,SP,Marília,"168.800,00","174.896,48",,09/02/2026 15:30,Judicial,Ordinário - Conhecimento,Vara Cível,,,09/02/2026,,
470840,0000081-63.2026.5.23.0036,Pacaembu Construtora S/A,Alison Fernando de Souza Leite,Jurídico Trabalhista,Rodolfo Fernando Borges,Ativo,,Trabalhista,,Primeira Instância,MT,Sinop,"331.705,70","0,00",,09/02/2026 10:53,Judicial,Reclamatória Trabalhista,Vara do Trabalho,,,09/02/2026,,
470835,0010162-89.2026.5.15.0005,Pacaembu Construtora S/A,Letícia Fernandes da Silva,Jurídico Trabalhista,Lays Regina de Souza,Aguardando Notificação,Vida Nova Harmonia,Trabalhista,,Primeira Instância,SP,Bauru,"196.596,00","0,00",,09/02/2026 09:48,Judicial,Reclamatória Trabalhista,Vara do Trabalho,,,09/02/2026,,
470829,1033834-24.2025.8.26.0576,Pacaembu Construtora S/A,Biakarine Marcelino Gonçalves de Souza,Thaia - Escritório RST&A,Marcos Cesar Chagas Perez,Ativo,Vida nova Rio preto - Egydio Zani,Cível,Vícios Construtivos,Primeira Instância,SP,São José do Rio Preto,"15.000,00","15.594,44",,06/02/2026 16:21,Judicial,Ordinário - Conhecimento,Vara Cível,,,06/02/2026,,
470770,0010164-81.2026.5.15.0030,Pacaembu Construtora S/A,Rafaela Basseto,Jurídico Trabalhista,Andressa Cristiane Carneiro,Aguardando Notificação,,Trabalhista,,Primeira Instância,SP,Ourinhos,"206.052,57","0,00",,05/02/2026 19:14,Judicial,Reclamatória Trabalhista,Vara do Trabalho,,,05/02/2026,,
470763,4001869-40.2026.8.26.0576,Pacaembu Construtora S/A,Jhonny Eduardo Martiniano,Thaia - Escritório RST&A,Marcos Cesar Chagas Perez,Ativo,Loteamento Egydio Zani,Cível,Vícios Construtivos,Primeira Instância,SP,São José do Rio Preto,"10.000,00","10.336,35",,05/02/2026 15:32,Judicial,Ordinário - Conhecimento,Vara Cível,,,05/02/2026,,
470751,4009898-03.2025.8.26.0451,Pacaembu Construtora S/A,Roberta Silva do Nascimento de Souza,Bruno - Escritório RST&A,Guilherme Mendonça Mendes de Oliveira,Ativo,Vida Nova Piracicaba III,Cível,Caixa de Esgoto,Primeira Instância,SP,Piracicaba,"50.000,00","51.805,83",,05/02/2026 00:35,Judicial,Ordinário - Conhecimento,Vara Cível,,,05/02/2026,,
470750,4001637-28.2026.8.26.0576,Pacaembu Construtora S/A,Ellen Paula Rodrigues de Amorim,Thaia - Escritório RST&A,Marcos Cesar Chagas Perez,Ativo,Vida Nova Rio Preto - Egydio Zani,Cível,Vícios Construtivos,Primeira Instância,SP,São José do Rio Preto,"10.000,00","10.336,35",,04/02/2026 18:05,Judicial,Ordinário - Conhecimento,Vara Cível,,,04/02/2026,,
470749,4000185-67.2026.8.26.0451,Pacaembu Construtora S/A,Lilian Pires Antonio,Bruno - Escritório RST&A,Guilherme Mendonça Mendes de Oliveira,Ativo,Condomínio Vida Nova Piracicaba II,Cível,Caixa de Esgoto,Primeira Instância,SP,Piracicaba,"20.000,00","20.672,70",,04/02/2026 17:30,Judicial,Ordinário - Conhecimento,Vara Cível,,,04/02/2026,,
470737,5026469-21.2025.4.04.7001,Pacaembu Arapongas 2 - Empreendimento Imobiliarios Ltda.,Misael dos Santos Leite,Thaia - Escritório RST&A,Eduardo Blanco,Ativo,Arapongas - Bem Viver Arapongas 2,Cível,Vícios Construtivos e muro de arrimo,Primeira Instância,PR,Londrina,"40.000,00","41.432,23",,04/02/2026 14:07,Judicial,Ordinário - Conhecimento,Juizado Especial Federal Cível,,,04/02/2026,,
470693,4009950-96.2025.8.26.0451,Pacaembu Construtora S/A,Glaucimar Ramos dos Santos,Bruno - Escritório RST&A,Guilherme Mendonça Mendes de Oliveira,Ativo,Loteamento Nova Suiça,Cível,Caixa de Esgoto,Primeira Instância,SP,Piracicaba,"40.000,00","41.444,66",,03/02/2026 10:12,Judicial,Ordinário - Conhecimento,Vara Cível,,,03/02/2026,,
470681,4000345-92.2026.8.26.0451,Pacaembu Piracicaba Com Viva - Empreendimento Imobiliário Ltda.,Leandro Benedicto Garcia Costa,Thaia - Escritório RST&A,Stefany Marie Pereira,Ativo,Piracicaba - Comviva,Cível,Vícios Construtivos,Primeira Instância,SP,Piracicaba,"38.800,00","40.105,05",,02/02/2026 13:01,Judicial,Ordinário - Conhecimento,Vara Cível,,,02/02/2026,,
470680,4008435-26.2025.8.26.0451,Pacaembu Piracicaba Com Viva - Empreendimento Imobiliário Ltda.,Jhessica Campos Sepulveda,Thaia - Escritório RST&A,Stefany Marie Pereira,Ativo,Piracicaba - Comviva,Cível,Vícios Construtivos,Primeira Instância,SP,Piracicaba,"68.000,00","70.455,93",,02/02/2026 12:46,Judicial,Ordinário - Conhecimento,Vara Cível,,,02/02/2026,,
470673,4002480-90.2026.8.26.0576,Pacaembu Piracicaba Com Viva - Empreendimento Imobiliário Ltda.,Réu desconhecido,Bruno - Escritório RST&A,Indeterminado,Ativo,SJRP - José Bernardes Coelho F1,Cível,Reintegração de posse,Primeira Instância,SP,São José do Rio Preto,"1.000,00","1.033,64",,02/02/2026 10:13,Judicial,Ordinário - Conhecimento,Vara Cível,,,02/02/2026,,
470670,4000998-94.2026.8.26.0451,Pacaembu Piracicaba Com Viva - Empreendimento Imobiliário Ltda.,Réu desconhecido,Bruno - Escritório RST&A,Indeterminado,Ativo,Piracicaba - Comviva,Cível,Reintegração de posse,Primeira Instância,SP,Piracicaba,"1.000,00","1.033,64",,02/02/2026 09:19,Judicial,Ordinário - Conhecimento,Vara Cível,,,02/02/2026,,
470640,4009865-13.2025.8.26.0451,Pacaembu Construtora S/A,Luciana Santos Cardoso,Thaia - Escritório RST&A,Guilherme Mendonça Mendes de Oliveira,Ativo,Vida Nova Piracicaba,Cível,Vícios Construtivos,Primeira Instância,SP,Piracicaba,"40.000,00","41.444,66",,29/01/2026 16:56,Judicial,Ordinário - Conhecimento,Vara Cível,,,29/01/2026,,
470637,4009903-25.2025.8.26.0451,Pacaembu Construtora S/A,Daniele Fernanda dos Santos,Bruno - Escritório RST&A,Guilherme Mendonça Mendes de Oliveira,Ativo,Vida Nova Piracicaba II,Cível,Caixa de Esgoto,Primeira Instância,SP,Piracicaba,"20.000,00","20.722,33",,29/01/2026 15:14,Judicial,Ordinário - Conhecimento,Vara Cível,,,29/01/2026,,
470601,4008185-42.2026.8.26.0100,Vida Nova Primavera do Leste 394 - Empreendimento Imobiliário Ltda,Paiva & Rodrigues Construtora Ltda,Thaia - Escritório RST&A,Indeterminado,Ativo,Vida Nova Primavera do Leste,Cível,Tutela Cautelar de Arresto,Primeira Instância,SP,São Paulo,"73.628,44","76.104,95",,28/01/2026 16:48,Judicial,Ordinário - Conhecimento,Vara Cível,,,28/01/2026,,
470570,0000092-82.2026.5.11.0018,Pacaembu Construtora S/A,Edson de Souza Nogueira,Jurídico Trabalhista,Francisco Jorge Ribeiro Guimarães,Ativo,Vida Nova Primavera do Leste,Trabalhista,,Primeira Instância,AM,Manaus,"74.792,15","0,00",,28/01/2026 00:03,Judicial,Reclamatória Trabalhista,Vara do Trabalho,,,27/01/2026,,
470566,0010091-26.2026.5.15.0090,Pacaembu Construtora S/A,Sergio Silva dos Santos,Jurídico Trabalhista,Vivian Nascimento Nogueira,Ativo,,Trabalhista,,Primeira Instância,SP,Bauru,"43.412,96","0,00",,27/01/2026 17:58,Judicial,Reclamatória Trabalhista,Vara do Trabalho,,,11/05/2026,,
470533,4011241-34.2025.8.26.0451,Pacaembu Piracicaba Com Viva - Empreendimento Imobiliário Ltda.,Juliana Cesario Pereira,Thaia - Escritório RST&A,Stefany Marie Pereira,Ativo,Piracicaba - Comviva,Cível,Vícios Construtivos,Primeira Instância,,São Paulo,"42.010,00","43.514,20",,26/01/2026 12:12,Judicial,Ordinário - Conhecimento,Vara Cível,,,02/02/2026,,
470531,0012986-53.2025.8.16.0045,Pacaembu Arapongas 2 - Empreendimento Imobiliarios Ltda.,Ana Rita Mesquita Cortinove,Bruno - Escritório RST&A,Eduardo Alexandre Antoniassi,Ativo,Arapongas - Bem Viver Arapongas 2,Cível,Vícios Construtivos e muro de arrimo,Primeira Instância,SP,Arapongas,"45.000,00","46.881,76",,26/01/2026 00:02,Judicial,Ordinário - Conhecimento,Vara Cível,,,25/01/2026,,
470530,0014429-39.2025.8.16.0045,Pacaembu Arapongas 2 - Empreendimento Imobiliarios Ltda.,Fabio de Paula Gonçalves,Bruno - Escritório RST&A,Eduardo Alexandre Antoniassi,Ativo,Arapongas - Bem Viver Arapongas,Cível,Vícios Construtivos e muro de arrimo,Primeira Instância,PR,Arapongas,"45.000,00","46.639,23",,25/01/2026 23:40,Judicial,Ordinário - Conhecimento,Vara Cível,,,25/01/2026,,
470529,0014018-93.2025.8.16.0045,Pacaembu Construtora S/A,Viviane Aline dos Santos Pinto,Bruno - Escritório RST&A,Fernando Hideaki Zavan Yamaguro,Ativo,Arapongas - Bem Viver Arapongas,Cível,Vícios Construtivos,Primeira Instância,PR,Arapongas,"30.000,00","31.254,51",,25/01/2026 23:17,Judicial,Ordinário - Conhecimento,Vara Cível,,,25/01/2026,,
470484,4007643-48.2025.8.26.0071,Pacaembu Bauru Azevedo 2 - Empreendimento Imobiliário Ltda,Miucha de Abreu Bianchi,Thaia - Escritório RST&A,Maycon Nunes Verissimo Gimenes,Ativo,Bauru - Vida Nova Harmonia 2,Cível,Vícios Construtivos,Primeira Instância,SP,Bauru,"20.000,00","20.716,12",,23/01/2026 10:41,Judicial,Ordinário - Conhecimento,Juizado Especial Cível,,,23/01/2026,,
470482,0010099-87.2026.5.15.0062,Pacaembu Construtora S/A,Andreia Soares de Araujo,Jurídico Trabalhista,Gabriel Rissinoli Martins,Ativo,Lins IV,Trabalhista,,Primeira Instância,SP,Lins,"211.042,00","0,00",,23/01/2026 10:24,Judicial,Reclamatória Trabalhista,Vara do Trabalho,,,11/02/2026,,
470481,0010054-60.2026.5.15.0005,Pacaembu Construtora S/A,Laerte Rocha Souza,Jurídico Trabalhista,José Evandro Pereira da Silva Lopes,Ativo,,Trabalhista,,Primeira Instância,SP,Bauru,"55.918,06","0,00",,23/01/2026 09:50,Judicial,Reclamatória Trabalhista,Vara do Trabalho,,,16/04/2026,,
470297,0000173-57.2026.8.16.0045,Pacaembu Arapongas 563 - Empreendimento Imobiliário Ltda.,Prefeitura Municipal de Arapongas,Serur Advogados,Procurador do Município de Arapongas,Ativo,Arapongas - Bem Viver Arapongas 3,Tributário,Mandado de Segurança,Primeira Instância,PR,Arapongas,"10.000,00","10.336,35",,13/01/2026 14:57,Judicial,Mandado de Segurança,Vara da Fazenda Pública,,,13/01/2026,,
470279,0010002-22.2026.5.15.0116,Pacaembu Construtora S/A,Geyse Cristina Soares de Oliveira,Jurídico Trabalhista,Romulo de Andrade,Aguardando Notificação,,Trabalhista,,Primeira Instância,SP,Tatuí,"10.285,70","0,00",,13/01/2026 12:33,Judicial,Reclamatória Trabalhista,Vara do Trabalho,,,13/01/2026,,
470267,1006528-33.2025.8.26.0624,Haus Compra e Venda de Bens Imóveis Ltda.,Prefeitura Municipal de Tatui,Jurídico Interno Cível,Procuradoria do Estado de São Paulo,Ativo,,Tributário,Execução Fiscal - IPTU,Primeira Instância,SP,Tatuí,"51.799,38","57.950,66",,12/01/2026 15:43,Judicial,Embargos à Execução,SAF - Serviço de Anexo Fiscal,,,12/01/2026,,
470264,0012806-94.2025.5.15.0116,Pacaembu Construtora S/A,Celso Soares de Lima,Jurídico Trabalhista,Alex Fernandes Carriel,Ativo,,Trabalhista,,Primeira Instância,SP,Tatuí,"16.914,74","0,00",,12/01/2026 10:03,Judicial,Reclamatória Trabalhista,Vara do Trabalho,,,11/03/2026,,
470238,1532643-81.2025.8.26.0576,Haus Compra e Venda de Bens Imóveis Ltda.,Município São José do Rio Preto,Jurídico Interno Cível,Procuradoria do Estado de São Paulo,Ativo,Loteamento Parque Residencial da Fraternidade 2,Tributário,Execução Fiscal - IPTU,Primeira Instância,SP,São José do Rio Preto,"869,26","900,65",,09/01/2026 15:08,Judicial,Execução Fiscal,SAF - Serviço de Anexo Fiscal,,,09/01/2026,,
470231,0013175-93.2025.5.15.0082,Pacaembu Construtora S/A,Robson Araújo dos Santos,Jurídico Trabalhista,José Evandro Pereira,Ativo,Bernardo Coelho - Fase 2,Trabalhista,,Primeira Instância,SP,São José do Rio Preto,"60.800,00","0,00",,09/01/2026 09:21,Judicial,Reclamatória Trabalhista,Vara do Trabalho,,,11/02/2026,,
470227,4008755-89.2025.8.26.0576,Pacaembu Construtora S/A,Paulo Henrique Oliveira Martins,Thaia - Escritório RST&A,José Roberto Russo,Ativo,Loteamento Parque Residencial da Fraternidade,Cível,Vícios Construtivos e muro de arrimo,Primeira Instância,SP,São José do Rio Preto,"15.000,00","15.541,75",,08/01/2026 18:06,Judicial,Ordinário - Conhecimento,Vara Cível,,,08/01/2026,,
470220,4003850-91.2025.8.26.0624,Pacaembu Tatuí Lagoa Vermelha 367 - Empreendimento Imobiliario Ltda,Dayele Cristina de Sousa Lerci,Thaia - Escritório RST&A,Murilo Henrique da Silva,Ativo,Terra Viva Acácia,Cível,Ação Declaratória de Inexistência Contratual,Primeira Instância,SP,Tatuí,"11.400,00","11.808,19",,08/01/2026 14:10,Judicial,Ordinário - Conhecimento,Vara Cível,,,08/01/2026,,
470218,4012138-75.2025.8.26.0576,Pacaembu Construtora S/A,Ian Rodrigo Cruz,Thaia - Escritório RST&A,Marcos Cesar Chagas Perez,Ativo,Loteamento Egydio Zani,Cível,Vícios Construtivos,Primeira Instância,SP,São José do Rio Preto,"10.000,00","10.358,06",,08/01/2026 13:40,Judicial,Ordinário - Conhecimento,Vara Cível,,,06/02/2026,,
470217,4012133-53.2025.8.26.0576,Pacaembu Construtora S/A,Elcio Norberto de Souza,Thaia - Escritório RST&A,Marcos Cesar Chagas Perez,Ativo,Loteamento Egydio Zani,Cível,Vícios Construtivos,Primeira Instância,SP,São José do Rio Preto,"10.000,00","10.358,06",,08/01/2026 12:05,Judicial,Ordinário - Conhecimento,Vara Cível,,,01/04/2026,,
470215,4023432-58.2025.8.26.0016,Pacaembu Lins III - Empreendimento Imobiliario Spe Ltda,Sermov - Vigilancia e Segurança Patrimonial Ltda.,Escritório Reis & Souza Advogados,Rubens Rufino dos Santos Sobrinho,Aguardando Citação,Lins - Vida Nova Lins III,Cível,Ação de Cobrança,Primeira Instância,SP,São Paulo,"15.070,19","15.609,79",,08/01/2026 11:17,Judicial,Ordinário - Conhecimento,Juizado Especial Cível,,,08/01/2026,,
470210,4012579-56.2025.8.26.0576,Pacaembu Construtora S/A,Renato Ferreira de Souza,Thaia - Escritório RST&A,José Roberto Russo,Ativo,Parque Residencial Dignidade,Cível,Vícios Construtivos e muro de arrimo,Primeira Instância,SP,São José do Rio Preto,"15.000,00","15.537,09",,07/01/2026 18:13,Judicial,Ordinário - Conhecimento,Vara Cível,,,26/01/2026,,
470208,4012336-15.2025.8.26.0576,Pacaembu Construtora S/A,Irineu Teodosio,Thaia - Escritório RST&A,Marcos Cesar Chagas Perez,Ativo,Residencial Tabarana,Cível,Vícios Construtivos,Primeira Instância,SP,São José do Rio Preto,"10.000,00","10.358,06",,07/01/2026 17:25,Judicial,Ordinário - Conhecimento,Vara Cível,,,17/07/2026,,
470202,1016130-82.2025.8.26.0451,Pacaembu Piracicaba Incorporadora Ltda.,Josenilda Correa de Lima,Bruno - Escritório RST&A,Yara Regina Araujo Richter,Ativo,Condominio Vida Nova Piracicaba 3,Cível,Ação de Indenização de Danos Morais e Materiais,Primeira Instância,SP,Piracicaba,"30.000,00","31.188,87",,06/01/2026 16:59,Judicial,Ordinário - Conhecimento,Vara Cível,,,06/01/2026,,
470113,4008834-84.2025.8.26.0506,Pacaembu Construtora S/A,Iago Sestari Machado,Thaia - Escritório RST&A,Fracele Cristina Machado,Ativo,,Cível,Vícios Construtivos,Primeira Instância,SP,Ribeirão Preto,"50.000,00","51.821,37",,30/12/2025 17:55,Judicial,Ordinário - Conhecimento,Vara Cível,,,30/12/2025,,
470110,0014568-88.2025.8.16.0045,Pacaembu Arapongas 2 - Empreendimento Imobiliarios Ltda.,Tania Cristina Martins dos Santos,Bruno - Escritório RST&A,Eduardo Alexandre Antoniassi,Ativo,Arapongas - Bem Viver Arapongas,Cível,Ação Reparatória de Danos Materiais e Morais,Primeira Instância,PR,Arapongas,"62.922,00","65.214,09",,30/12/2025 10:34,Judicial,Ordinário - Conhecimento,Vara Cível,,,05/01/2026,,
470103,4006547-35.2025.8.26.0576,Pacaembu Água Santa - Empreendimento Imobiliário Ltda.,Raphael Issa,Thaia - Escritório RST&A,Raphael Issa,Ativo,SJRP - Urban Fortes I - Fenhouse,Cível,Vícios Construtivos,Primeira Instância,SP,São José do Rio Preto,"23.648,24","24.509,68",,29/12/2025 14:45,Judicial,Ordinário - Conhecimento,Juizado Especial Cível,,,05/01/2026,,
469935,1002116-20.2025.5.02.0061,Pacaembu Construtora S/A,Mariani Tavares Ferreira,Jurídico Trabalhista,Arthur Albuquerque de Carvalho,Ativo,Escritório SP,Trabalhista,,Primeira Instância,SP,São Paulo,"624.931,27","0,00",,21/12/2025 22:55,Judicial,Reclamatória Trabalhista,Vara do Trabalho,,,27/01/2026,,
469900,0012157-16.2025.5.15.0089,Pacaembu Construtora S/A,Michel Fernando Prestes,Jurídico Trabalhista,Matheus Silva Pereira,Aguardando Notificação,Bauru - Azevedo,Trabalhista,,Primeira Instância,SP,Bauru,"500.832,61","0,00",,19/12/2025 10:16,Judicial,Reclamatória Trabalhista,Vara do Trabalho,,,19/12/2025,,
469893,0012339-49.2025.5.15.0041,Pacaembu Construtora S/A,Sidney Rogerio Alves Rodrigues,Jurídico Trabalhista,Alexandre Miranda Moraes,Aguardando Notificação,,Trabalhista,,Primeira Instância,SP,Itapetininga,"41.897,00","0,00",,18/12/2025 13:42,Judicial,Reclamatória Trabalhista,Vara do Trabalho,,,18/12/2025,,
469875,0011784-74.2025.5.15.0027,Pacaembu Construtora S/A,Wilame Gonçalves de Souza,Jurídico Trabalhista,Vandrea Cristine Moreira Pascoalão,Ativo,,Trabalhista,,Primeira Instância,SP,Votuporanga,"78.072,62","0,00",,17/12/2025 14:59,Judicial,Reclamatória Trabalhista,Vara do Trabalho,,,16/03/2026,,
469874,4011635-54.2025.8.26.0576,Pacaembu Construtora S/A,Aryell Matos de Amorim,Thaia - Escritório RST&A,Marcos Cesar Chagas Perez,Ativo,Loteamento Egydio Zani,Cível,Vícios Construtivos,Primeira Instância,SP,São José do Rio Preto,"10.000,00","10.358,06",,17/12/2025 14:41,Judicial,Ordinário - Conhecimento,Vara Cível,,,17/12/2025,,
469873,4009955-21.2025.8.26.0451,Pacaembu Construtora S/A,Tatiane Fernandes Faggionato,Bruno - Escritório RST&A,Guilherme Mendonça Mendes de Oliveira,Ativo,Residencial Vida Nova Suíça V,Cível,Caixa de Esgoto,Primeira Instância,SP,Piracicaba,"48.570,00","50.324,18",,17/12/2025 14:34,Judicial,Ordinário - Conhecimento,Vara Cível,,,17/12/2025,,
469871,0014460-59.2025.8.16.0045,Pacaembu Construtora S/A,Leonardo dos Santos Dantas,Bruno - Escritório RST&A,Eduardo Alexandre Antoniassi,Ativo,Bem Viver Arapongas 2,Cível,Vícios Construtivos e muro de arrimo,Primeira Instância,PR,Arapongas,"45.000,00","46.639,23",,17/12/2025 11:46,Judicial,Ordinário - Conhecimento,Vara Cível,,,17/12/2025,,
469870,0013388-37.2025.8.16.0045,Pacaembu Construtora S/A,Glaucia das Graças Palacio Padua,Bruno - Escritório RST&A,Eduardo Alexandre Antoniassi,Ativo,Bem Viver Arapongas 2,Cível,Vícios Construtivos e muro de arrimo,Primeira Instância,PR,Arapongas,"45.000,00","46.881,76",,17/12/2025 11:42,Judicial,Ordinário - Conhecimento,Vara Cível,,,17/12/2025,,
469855,0011782-07.2025.5.15.0027,Pacaembu Construtora S/A,Kauan Santos Oliveira,Jurídico Trabalhista,Vandrea Cristine Moreira Pascoalão,Ativo,,Trabalhista,,Primeira Instância,SP,Votuporanga,"69.225,87","0,00",,16/12/2025 13:39,Judicial,Reclamatória Trabalhista,Vara do Trabalho,,,16/03/2026,,
469854,0011781-22.2025.5.15.0027,Pacaembu Construtora S/A,Andre de Morais Oliveira,Jurídico Trabalhista,Vandrea Cristine Moreira Pascoalão,Ativo,,Trabalhista,,Primeira Instância,SP,Votuporanga,"62.448,76","0,00",,16/12/2025 13:27,Judicial,Reclamatória Trabalhista,Vara do Trabalho,,,11/02/2026,,
469851,0011776-97.2025.5.15.0027,Pacaembu Construtora S/A,Diego Michel de Matos Pereira,Jurídico Trabalhista,Vandrea Cristine Moreira Pascoalão,Ativo,Vida Nova Votuporanga,Trabalhista,,Primeira Instância,SP,Votuporanga,"60.739,37","0,00",,16/12/2025 13:10,Judicial,Reclamatória Trabalhista,Vara do Trabalho,,,13/04/2026,,
469848,0011775-15.2025.5.15.0027,Pacaembu Construtora S/A,Andre Pereira de Santana,Jurídico Trabalhista,Vandrea Cristine Moreira Pascoalão,Ativo,,Trabalhista,,Primeira Instância,SP,Votuporanga,"61.131,77","0,00",,16/12/2025 11:52,Judicial,Reclamatória Trabalhista,Vara do Trabalho,,,16/03/2026,,
469842,0011780-37.2025.5.15.0027,Pacaembu Construtora S/A,Wanderson de Morais Oliveira,Jurídico Trabalhista,Vandrea Cristine Moreira Pascoalão,Ativo,,Trabalhista,,Primeira Instância,SP,Votuporanga,"71.495,55","0,00",,16/12/2025 11:27,Judicial,Reclamatória Trabalhista,Vara do Trabalho,,,13/04/2026,,
469840,0011779-52.2025.5.15.0027,Pacaembu Construtora S/A,Rikelmy Alves Nunes,Jurídico Trabalhista,Vandrea Cristine Moreira Pascoalão,Ativo,,Trabalhista,,Primeira Instância,SP,Votuporanga,"65.802,57","0,00",,16/12/2025 11:03,Judicial,Reclamatória Trabalhista,Vara do Trabalho,,,01/04/2026,,
469839,0011777-82.2025.5.15.0027,Pacaembu Construtora S/A,Maecio dos Santos,Jurídico Trabalhista,Vandrea Cristine Moreira Pascoalão,Ativo,,Trabalhista,,Primeira Instância,SP,Votuporanga,"62.629,55","0,00",,16/12/2025 10:52,Judicial,Reclamatória Trabalhista,Vara do Trabalho,,,02/04/2026,,
469818,0011785-59.2025.5.15.0027,Pacaembu Construtora S/A,Kelvy Alves Nunes,Jurídico Trabalhista,Vandrea Cristine Moreira Pascoalão,Ativo,,Trabalhista,,Primeira Instância,SP,Votuporanga,"61.923,76","0,00",,15/12/2025 17:42,Judicial,Reclamatória Trabalhista,Vara do Trabalho,,,16/03/2026,,
469817,0011786-44.2025.5.15.0027,Pacaembu Construtora S/A,José Maria Rodrigues,Jurídico Trabalhista,Vandrea Cristine Moreira Pascoalão,Ativo,,Trabalhista,,Primeira Instância,SP,Votuporanga,"84.266,35","0,00",,15/12/2025 17:41,Judicial,Reclamatória Trabalhista,Vara do Trabalho,,,13/04/2026,,
469716,0002820-06.2025.8.16.0192,Pacaembu Construtora S/A,Marcelo Luiz Dal Molin,Thaia - Escritório RST&A,Helder Sansel de Souza Silva,Ativo,,Cível,Indenização por Dano Ambiental,Primeira Instância,PR,Nova Aurora,"645.400,00","668.910,26",,10/12/2025 15:37,Judicial,Ordinário - Conhecimento,Vara da Fazenda Pública,,,04/02/2026,,
469713,0001335-10.2025.5.23.0003,Pacaembu Construtora S/A,Elvis Luan Almeida Cardim,Jurídico Trabalhista,Paula Fernanda Winter Buss,Ativo,Residencial Vida Nova Cuiabá,Trabalhista,,Primeira Instância,MT,Cuiabá,"23.905,09","0,00",,10/12/2025 12:11,Judicial,Reclamatória Trabalhista,Vara do Trabalho,,,12/12/2025,,
469705,0013158-30.2025.5.15.0091,Pacaembu Piratininga 464 - Empreendimento Imobiliario LTDA,Rita de Cassia Bamonte,Jurídico Trabalhista,Virginia Soares de Chechi,Ativo,Piratininga - Residencial Veríssimo,Trabalhista,,Primeira Instância,SP,Bauru,"18.227,48","0,00",,10/12/2025 10:20,Judicial,Reclamatória Trabalhista,Vara do Trabalho,,,09/12/2025,,
469696,4009949-14.2025.8.26.0451,Pacaembu Construtora S/A,Igles Dias Bicalho,Bruno - Escritório RST&A,Guilherme Mendonça Mendes de Oliveira,Ativo,Vida Nova Suíça 6,Cível,Caixa de Esgoto,Primeira Instância,SP,Piracicaba,"20.000,00","20.722,33",,09/12/2025 16:14,Judicial,Ordinário - Conhecimento,Vara Cível,,,09/12/2025,,
469690,4014132-57.2025.8.26.0506,Poá Empreendimento Imobiliário Ltda,Iara Felismina de Oliveira Santos,Bruno - Escritório RST&A,Indeterminado,Ativo,Jardim Cristo Redentor,Cível,Obrigação de Fazer / Não Fazer,Primeira Instância,SP,Ribeirão Preto,"9.771,19","10.121,06",,09/12/2025 12:00,Judicial,Ordinário - Conhecimento,Vara Cível,,,09/12/2025,,
469678,0012064-53.2025.5.15.0089,Pacaembu Bauru Azevedo - Empreendimento Imobiliário Ltda.,Adeilton dos Santos Silva,Jurídico Trabalhista,Williana de Fátima Oja,Ativo,,Trabalhista,,Primeira Instância,SP,Bauru,"46.982,58","0,00",,08/12/2025 12:00,Judicial,Reclamatória Trabalhista,Vara do Trabalho,,,04/05/2026,,
469641,0001676-51.2025.5.10.0018,Pacaembu Construtora S/A,Maiara dos Santos Souza,Jurídico Trabalhista,,Ativo,Escritório São Paulo,Trabalhista,,Primeira Instância,DF,Brasília,"21.234,70","0,00",,05/12/2025 15:14,Judicial,Reclamatória Trabalhista,Vara do Trabalho,,,10/12/2025,,
469639,0001685-22.2025.5.08.0130,Pacaembu Construtora S/A,Jefferson de Freitas Oliveira,Jurídico Trabalhista,Andre Luyz da Silveira Marques,Ativo,,Trabalhista,,Primeira Instância,PA,Parauapebas,"92.357,25","0,00",,05/12/2025 12:05,Judicial,Reclamatória Trabalhista,Vara do Trabalho,,,09/12/2025,,
469627,4001773-46.2025.8.26.0451,Pacaembu Piracicaba Incorporadora Ltda.,Keven Silva Mendonça,Bruno - Escritório RST&A,Yara Regina Araujo Richter,Ativo,Residencial Vida Nova Suíça III,Cível,Vícios Construtivos,Primeira Instância,SP,Piracicaba,"20.000,00","20.836,34",,04/12/2025 17:04,Judicial,Ordinário - Conhecimento,Vara Cível,,,04/12/2025,,
469620,0003326-26.2025.8.16.0048,Pacaembu Assis Chateaubriand 447 - Empreendimento Imobiliario LTDA,R Cardoso de Moraes Lotes Ltda.,Thaia - Escritório RST&A,Guilherme Henrique Canal da Rocha,Ativo,Assis - Bem Viver Chateaubriand,Cível,Ação de Cobrança,Primeira Instância,PR,Assis Chateaubriand,"119.000,00","123.976,20",,04/12/2025 14:58,Judicial,Ordinário - Conhecimento,Vara Cível,,,04/12/2025,,
469577,4009956-06.2025.8.26.0451,Pacaembu Construtora S/A,Rosangela da Silva Aprijo,Bruno - Escritório RST&A,Guilherme Mendonça Mendes de Oliveira,Ativo,Vida Nova Suíça 4,Cível,Caixa de Esgoto,Primeira Instância,SP,Piracicaba,"20.000,00","20.722,33",,03/12/2025 13:52,Judicial,Ordinário - Conhecimento,Vara Cível,,,03/12/2025,,
469576,0024996-13.2025.8.16.0019,Vida Nova Ponta Grossa - Empreendimento Imobiliário Ltda.,William Rafael Meira Govea,Thaia - Escritório RST&A,João Douglas Gonçalves,Ativo,Ponta Grossa - Jardim Royal 2 - Modulo 01,Cível,Entrega de chaves,Primeira Instância,PR,Ponta Grossa,"31.700,00","33.025,45",,03/12/2025 12:15,Judicial,Ordinário - Conhecimento,Vara Cível,,,03/12/2025,,
469548,4010197-77.2025.8.26.0451,Pacaembu Piracicaba Com Viva - Empreendimento Imobiliário Ltda.,Wenderson Alessandro Abel dos Santos,Thaia - Escritório RST&A,Stefany Marie Pereira,Ativo,Piracicaba - Comviva - Fase 2,Cível,Vícios Construtivos,Primeira Instância,SP,Piracicaba,"46.600,00","48.283,03",,02/12/2025 16:42,Judicial,Ordinário - Conhecimento,Vara Cível,,,02/12/2025,,
469451,0012221-82.2025.8.16.0045,Pacaembu Construtora S/A,Edson dos Santos,Thaia - Escritório RST&A,Tirone Cardozo de Aguiar,Ativo,Bem Viver Arapongas,Cível,Vícios Construtivos,Primeira Instância,PR,Arapongas,"40.000,00","41.585,16",,27/11/2025 15:51,Judicial,Ordinário - Conhecimento,Vara Cível,,,01/12/2025,,
469449,0001253-82.2025.5.23.0001,Pacaembu Construtora S/A,Cicero Marcos Martins dos Santos,Jurídico Trabalhista,Alberto Jose de Amorim Franco Junior,Aguardando Notificação,Latorraca - Cuiabá,Trabalhista,,Primeira Instância,MT,Cuiabá,"34.667,03","0,00",,27/11/2025 15:23,Judicial,Reclamatória Trabalhista,Vara do Trabalho,,,27/11/2025,,
469386,4009864-28.2025.8.26.0451,Pacaembu Construtora S/A,Jeremias de Jesus Nascimento,Bruno - Escritório RST&A,Guilherme Mendonça Mendes de Oliveira,Ativo,Residencial Vida Nova Suíça III,Cível,Caixa de Esgoto,Primeira Instância,SP,Piracicaba,"20.000,00","20.722,33",,25/11/2025 14:54,Judicial,Ordinário - Conhecimento,Vara Cível,,,25/11/2025,,
469385,1014614-27.2025.8.26.0451,Pacaembu Construtora S/A,Talita de Oliveira Lima,Bruno - Escritório RST&A,Guilherme Mendonça Mendes de Oliveira,Ativo,Residencial Vida Nova Suíça V,Cível,Caixa de Esgoto,Primeira Instância,SP,Piracicaba,"60.000,00","62.508,74",,25/11/2025 14:23,Judicial,Ordinário - Conhecimento,Vara Cível,,,25/11/2025,,
469371,0001959-71.2025.5.10.0019,Pacaembu Construtora S/A,Lucas Ferreira dos Santos,Jurídico Trabalhista,Aliny Vaz Vieira,Ativo,,Trabalhista,,Primeira Instância,DF,Recanto das Emas,"42.568,10","0,00",,24/11/2025 16:28,Judicial,Reclamatória Trabalhista,Vara do Trabalho,,,26/11/2025,,
469366,4004115-59.2025.8.26.0506,Poá Empreendimento Imobiliário Ltda,Paulo Cesar Vieira Amarante,Jurídico Interno Cível,Marco Tulio Nascimento Martins,Ativo,Jardim Cristo Redentor,Cível,IPTU,Primeira Instância,SP,Ribeirão Preto,"15.167,89","15.802,16",,24/11/2025 12:14,Judicial,Ordinário - Conhecimento,Juizado Especial Cível,,,24/11/2025,,
469365,0011908-26.2025.5.15.0102,Pacaembu Construtora S/A,Emerson de Oliveira Souza,Jurídico Trabalhista,Antonio Maria Salvador,Ativo,Leme Flora I,Trabalhista,,Primeira Instância,SP,Taubaté,"68.295,42","0,00",,24/11/2025 12:03,Judicial,Reclamatória Trabalhista,Vara do Trabalho,,,28/11/2025,,
469246,1014289-52.2025.8.26.0451,Pacaembu Construtora S/A,Ariane Aparecida Bispo de Franca,Bruno - Escritório RST&A,Guilherme Mendonça Mendes de Oliveira,Ativo,Residencial Vida Nova Suíça V,Cível,Caixa de Esgoto,Primeira Instância,SP,Piracicaba,"20.000,00","20.836,25",,17/11/2025 14:03,Judicial,Ordinário - Conhecimento,Vara Cível,,,17/11/2025,,
469244,0012548-27.2025.8.16.0045,Pacaembu Construtora S/A,Pamela Cristina da Cruz,Thaia - Escritório RST&A,Tirone Cardozo de Aguiar,Ativo,Bem Viver Arapongas,Cível,Vícios Construtivos,Primeira Instância,PR,Arapongas,"20.000,00","20.792,58",,17/11/2025 12:12,Judicial,Ordinário - Conhecimento,Vara Cível,,,17/11/2025,,
469147,1034415-55.2025.8.26.0506,Poá Empreendimento Imobiliário Ltda,Adriana Teresa Fava,Thaia - Escritório RST&A,Luciana Rodrigues de Lima,Ativo,Jardim Cristo Redentor,Cível,Ação cominatória,Primeira Instância,SP,São José do Rio Preto,"66.494,00","69.274,26",,12/11/2025 11:28,Judicial,Ordinário - Conhecimento,Vara Cível,,,12/11/2025,,
469143,1014114-58.2025.8.26.0451,Pacaembu Construtora S/A,Maria Aparecida Batista Coelho,Bruno - Escritório RST&A,Guilherme Mendonça Mendes de Oliveira,Ativo,Residencial Vida Nova Suíça II,Cível,Caixa de Esgoto,Primeira Instância,SP,Piracicaba,"20.000,00","20.836,25",,12/11/2025 10:54,Judicial,Ordinário - Conhecimento,Vara Cível,,,30/10/2025,,
469016,0012689-12.2025.5.15.0017,Pacaembu São José do Rio Preto 395 - Empreendimento Imobiliario Ltda,Valdineia Pereira da Silva,Jurídico Trabalhista,Claucia Poltronieri,Ativo,,Trabalhista,,Primeira Instância,SP,São José do Rio Preto,"69.990,37","0,00",,06/11/2025 16:08,Judicial,Reclamatória Trabalhista,Vara do Trabalho,,,19/01/2026,,
468927,4003556-73.2025.8.26.0451,Pacaembu Piracicaba Incorporadora Ltda.,Franciele Wust Grance,Bruno - Escritório RST&A,Yara Regina Araujo Richter,Ativo,Piracicaba - Nova Suiça III,Cível,Vícios Construtivos,Primeira Instância,SP,Piracicaba,"40.000,00","41.457,10",,30/10/2025 17:28,Judicial,Ordinário - Conhecimento,Vara Cível,,,09/02/2026,,
468915,1014322-42.2025.8.26.0451,Pacaembu Construtora S/A,Jonathan Jardim Ramos da Silva,Bruno - Escritório RST&A,Guilherme Mendonça Mendes de Oliveira,Ativo,Residencial Vida Nova Suíça,Cível,Caixa de Esgoto,Primeira Instância,SP,Piracicaba,"20.000,00","20.836,25",,30/10/2025 10:54,Judicial,Ordinário - Conhecimento,Vara Cível,,,30/10/2025,,
468875,0012037-20.2025.5.15.0041,Pacaembu Construtora S/A,Silvestre Roberto Ramos Cotrim,Jurídico Trabalhista,Marco Augusto de Argenton e Queiroz,Ativo,Itapetininga (Cristóvão Colombo),,,Primeira Instância,SP,Itapetininga,"13.149,95","0,00",,29/10/2025 12:29,Judicial,Reclamatória Trabalhista,Vara do Trabalho,,,04/11/2025,,
468788,4006039-89.2025.8.26.0576,Pacaembu Construtora S/A,Emerson Barbosa Silva,Thaia - Escritório RST&A,Marcos Cesar Chagas Perez,Ativo,Residencial Tabarana,Cível,Vícios Construtivos,Primeira Instância,SP,São José do Rio Preto,"10.000,00","10.364,27",,24/10/2025 12:26,Judicial,Ordinário - Conhecimento,Vara Cível,,,24/10/2025,,
468785,4005963-65.2025.8.26.0576,Pacaembu Construtora S/A,Rosiele Barbosa Silva,Thaia - Escritório RST&A,Marcos Cesar Chagas Perez,Ativo,Rio Preto (Edson Baffi),Cível,Vícios Construtivos,Primeira Instância,SP,São José do Rio Preto,"10.000,00","10.364,27",,24/10/2025 11:36,Judicial,Ordinário - Conhecimento,Vara Cível,,,02/12/2025,,
468699,4005903-92.2025.8.26.0576,Pacaembu Construtora S/A,Vinicius Henrique Da Silva Teixeira,Thaia - Escritório RST&A,Lucas Guilherme da Silva Teixeira,Ativo,Loteamento Egydio Zani,Cível,Vícios Construtivos,Primeira Instância,SP,São José do Rio Preto,"10.000,00","10.364,27",,23/10/2025 18:04,Judicial,Ordinário - Conhecimento,Vara Cível,,,17/12/2025,,
468592,4005252-60.2025.8.26.0576,Pacaembu Construtora S/A,Josiele Barbosa da Silva,Thaia - Escritório RST&A,Marcos Cesar Chagas Perez,Ativo,Vida Nova Dignidade,Cível,Vícios Construtivos,Primeira Instância,SP,São José do Rio Preto,"10.000,00","10.364,27",,21/10/2025 15:51,Judicial,Ordinário - Conhecimento,Vara Cível,,,21/10/2025,,
468589,4005238-76.2025.8.26.0576,Pacaembu Construtora S/A,Maria Daniela Barbosa Silva,Thaia - Escritório RST&A,Marcos Cesar Chagas Perez,Ativo,Vida Nova Rio Preto,Cível,Vícios Construtivos,Primeira Instância,SP,São José do Rio Preto,"10.000,00","10.364,27",,21/10/2025 15:19,Judicial,Ordinário - Conhecimento,Vara Cível,,,21/10/2025,,
468586,1005562-39.2025.8.26.0408,Pacaembu Construtora S/A,Janaina Ruiz Cardoso Ribeiro,Thaia - Escritório RST&A,Fernando Alves de Moura,Ativo,Ourinhos Constante 1,Cível,Negativação indevida,Primeira Instância,SP,Ourinhos,"10.000,00","10.418,17",,21/10/2025 12:12,Judicial,Ordinário - Conhecimento,Vara Cível,,,21/10/2025,,
468573,1020443-02.2025.8.26.0576,Pacaembu Construtora S/A,Silvana Goncalves da Silva,Thaia - Escritório RST&A,Guilherme Mendonça Mendes de Oliveira,Ativo,Egydio Zani,Cível,Vícios Construtivos,Primeira Instância,SP,São José do Rio Preto,"20.000,00","20.957,26",,20/10/2025 18:17,Judicial,Ordinário - Conhecimento,Vara Cível,,,20/10/2025,,
468572,1051393-44.2024.8.26.0506,Poá Empreendimento Imobiliário Ltda,Município de Ribeirão Preto,Jurídico Interno Cível,Procurador do Município de Ribeirão Preto,Ativo,Jardim Cristo Redentor,Tributário,Execução Fiscal - IPTU,Primeira Instância,SP,Ribeirão Preto,"2.459,05","2.561,88",,20/10/2025 18:10,Judicial,Ordinário - Conhecimento,SAF - Serviço de Anexo Fiscal,,,20/10/2025,,
468560,4004020-73.2025.8.26.0071,Vida Nova Primavera do Leste 394 - Empreendimento Imobiliário Ltda,V.J. Caceano - ME,Thaia - Escritório RST&A,N/A,Ativo,Cuiabá/MT e Primavera do Leste/MT,Cível,Sustação de Protesto,Primeira Instância,SP,Bauru,"145.277,06","150.569,13",,17/10/2025 16:54,Judicial,Ordinário - Conhecimento,Vara Cível,,,17/10/2025,,
468548,1007712-58.2025.8.26.0451,Pacaembu Piracicaba Incorporadora Ltda.,Natalia Caroline Guedes da Silva,Bruno - Escritório RST&A,Everton de Oliveira Gil,Ativo,Residencial Vida Nova Suíça I,Cível,Vícios Construtivos,Primeira Instância,SP,Piracicaba,"25.000,00","26.322,32",,17/10/2025 09:41,Judicial,Ordinário - Conhecimento,Vara Cível,,,17/10/2025,,
468521,4000895-11.2025.8.26.0132,Pacaembu Construtora S/A,Jackeline Soares de Oliveira,Thaia - Escritório RST&A,Hugo Renato Vinhatico de Britto,Ativo,Nova Catanduva III F1,Cível,Negativação indevida,Primeira Instância,SP,Catanduva,"25.581,00","26.512,85",,16/10/2025 16:09,Judicial,Ordinário - Conhecimento,Vara Cível,,,01/12/2025,,
468520,4001633-12.2025.8.26.0451,Pacaembu Piracicaba Incorporadora Ltda.,Maria José da Silva Bezerra,Bruno - Escritório RST&A,Everton de Oliveira Gil,Ativo,Residencial Vida Nova Suíça,Cível,Vícios Construtivos,Primeira Instância,SP,Piracicaba,"10.000,00","10.418,17",,16/10/2025 15:47,Judicial,Ordinário - Conhecimento,Vara Cível,,,16/10/2025,,
468457,4005032-62.2025.8.26.0576,Pacaembu Construtora S/A,Valdenice Alves Pereira da Silva,Indeterminado,Marcos Cesar Chagas Perez,Aguardando Citação,Parque  Residencial Tabarana,Cível,Vícios Construtivos,Primeira Instância,SP,São José do Rio Preto,"10.000,00","0,00",,15/10/2025 16:48,Judicial,Ordinário - Conhecimento,Vara Cível,,,15/10/2025,,
468451,4005028-25.2025.8.26.0576,Pacaembu Construtora S/A,Altair Fernando de Souza Dias,Thaia - Escritório RST&A,Marcos Cesar Chagas Perez,Ativo,Parque Residencial Tabarana,Cível,Vícios Construtivos,Primeira Instância,SP,São José do Rio Preto,"10.000,00","10.364,27",,15/10/2025 16:31,Judicial,Ordinário - Conhecimento,Vara Cível,,,21/10/2025,,
468445,4004937-32.2025.8.26.0576,Pacaembu Construtora S/A,Jessica Vitoria Dias Fernandes,Indeterminado,Marcos Cesar Chagas Perez,Aguardando Citação,Residencial Tabarana,Cível,Vícios Construtivos,Primeira Instância,SP,São José do Rio Preto,"10.000,00","10.364,27",,15/10/2025 16:16,Judicial,Ordinário - Conhecimento,Vara Cível,,,15/10/2025,,
468372,4003694-53.2025.8.26.0576,Pacaembu Construtora S/A,Lucas de Oliveira Broncaneli Carana,Thaia - Escritório RST&A,Marcos Cesar Chagas Perez,Ativo,Residencial Bela Morada,Cível,Vícios Construtivos e muro de arrimo,Primeira Instância,SP,São José do Rio Preto,"10.000,00","10.418,17",,14/10/2025 17:34,Judicial,Ordinário - Conhecimento,Vara Cível,,,17/10/2025,,
468371,4004579-67.2025.8.26.0576,Pacaembu São José do Rio Preto 405 - Empreendimento Imobiliário Ltda.,M&A Naves Gestão Administrativa Ltda,Thaia - Escritório RST&A,Robson Geraldo Costa,Ativo,SJRP - Reserva Rio Preto (Egydio Zani),Cível,Anulatória de Leilão extrajudicial,Primeira Instância,SP,São José do Rio Preto,"123.654,60","128.159,02",,14/10/2025 17:19,Judicial,Ordinário - Conhecimento,Vara Cível,,,01/03/2026,,
468367,4004576-15.2025.8.26.0576,Pacaembu São José do Rio Preto 405 - Empreendimento Imobiliário Ltda.,M&A Naves Gestão Administrativa Ltda,Indeterminado,Robson Geraldo Costa,Aguardando Citação,SJRP - Reserva Rio Preto (Egydio Zani),Cível,Alienação Fiduciária,Primeira Instância,SP,São José do Rio Preto,"83.681,10","86.729,39",,14/10/2025 16:31,Judicial,Ordinário - Conhecimento,Vara Cível,,,14/10/2025,,
468366,1008799-89.2025.8.26.0664,Pacaembu Votuporanga 366 - Empreendimento Imobiliário Ldta.,Nadia Regina de Paula,Thaia - Escritório RST&A,Fabiano Fabiano,Ativo,Parque Esplanada,Cível,Ação de Rescisão Contratual,Primeira Instância,SP,Votuporanga,"190.000,00","197.945,20",,14/10/2025 16:12,Judicial,Ordinário - Conhecimento,Vara Cível,,,14/10/2025,,
468364,4004575-30.2025.8.26.0576,Pacaembu São José do Rio Preto 405 - Empreendimento Imobiliário Ltda.,M&A Naves Gestão Administrativa Ltda,Thaia - Escritório RST&A,Robson Geraldo Costa,Ativo,SJRP - Reserva Rio Preto (Egydio Zani),Cível,Alienação Fiduciária,Primeira Instância,SP,São José do Rio Preto,"131.001,30","135.773,34",,14/10/2025 15:55,Judicial,Ordinário - Conhecimento,Câmara de Direito Privado,,,15/12/2025,,
468337,4001000-41.2025.8.26.0664,Pacaembu Construtora S/A,Tania Luci Mendes,Thaia - Escritório RST&A,José Roberto Russo,Ativo,Residencial Vida Nova Votuporanga II,Cível,Vícios Construtivos,Primeira Instância,SP,Votuporanga,"30.000,00","31.092,82",,13/10/2025 18:04,Judicial,Ordinário - Conhecimento,Vara Cível,,,28/10/2025,,
468335,4003348-89.2025.8.26.0451,Pacaembu Piracicaba Incorporadora Ltda.,Bruna Caroline da Silva,Indeterminado,Priscila Tolaine do Amaral Almeida,Aguardando Citação,Residencial Vida Nova Suíça 5,Cível,Vícios Construtivos,Primeira Instância,SP,Piracicaba,"20.000,00","20.728,55",,13/10/2025 17:42,Judicial,Ordinário - Conhecimento,Vara Cível,,,13/10/2025,,
468333,4003809-74.2025.8.26.0576,Pacaembu Construtora S/A,Leia Cristina Eugenio,Thaia - Escritório RST&A,Marcos Cesar Chagas Perez,Ativo,José Bernardes Coelho F1,Cível,Vícios Construtivos,Primeira Instância,SP,São José do Rio Preto,"10.000,00","10.418,17",,13/10/2025 17:00,Judicial,Ordinário - Conhecimento,Vara Cível,,,13/10/2025,,
468325,4003804-52.2025.8.26.0576,Pacaembu Construtora S/A,Indaiá Maria de Souza Silva,Thaia - Escritório RST&A,Marcos Cesar Chagas Perez,Ativo,Parque Residencial Dignidade,Cível,Vícios Construtivos,Primeira Instância,SP,São José do Rio Preto,"10.000,00","10.418,17",,13/10/2025 14:52,Judicial,Ordinário - Conhecimento,Vara Cível,,,14/10/2025,,
468317,0001106-50.2025.5.23.0003,Pacaembu Construtora S/A,Leonardo Rodrigues da Silva,Jurídico Trabalhista,Iagê Figueiredo Castro Teixeira,Aguardando Notificação,Cuiabá Latorraca,Trabalhista,,Primeira Instância,MT,Cuiabá,"38.081,73","0,00",,13/10/2025 09:24,Judicial,Reclamatória Trabalhista,Vara do Trabalho,,,13/10/2025,,
468293,0001084-13.2025.5.22.0102,Pacaembu Construtora S/A,Ernando Rodrigues Ferreira,Jurídico Trabalhista,Raymsandreson de Morais Prudêncio,Ativo,Itapetininga - Residencial Reserva Santa Inês,Trabalhista,,Primeira Instância,PI,São Raimundo Nonato,"300.000,00","0,00",,10/10/2025 16:54,Judicial,Reclamatória Trabalhista,Vara do Trabalho,,,16/10/2025,,
468283,1050222-52.2024.8.26.0506,Poá Empreendimento Imobiliário Ltda,Município de Ribeirão Preto,Jurídico Interno Cível,Procurador do Município de Ribeirão Preto,Ativo,Jardim Cristo Redentor,Tributário,Execução Fiscal - IPTU,Primeira Instância,SP,Ribeirão Preto,"2.556,64","2.798,17",,10/10/2025 15:23,Judicial,Ordinário - Conhecimento,SAF - Serviço de Anexo Fiscal,,,10/10/2025,,
468196,1008555-63.2025.8.26.0664,Pacaembu Construtora S/A,Superintendencia de Água e Esgoto e Meio Ambiente de Votuporanga,Thaia - Escritório RST&A,Procuradoria do Estado de São Paulo,Ativo,Votuporanga,Cível,Reparação de danos,Primeira Instância,SP,Votuporanga,"529.996,94","552.159,74",,07/10/2025 17:31,Judicial,Ação Civil Pública,Vara Cível,,,18/12/2025,,
468165,4003689-31.2025.8.26.0576,Pacaembu Construtora S/A,Sonia Pereira de Oliveira,Thaia - Escritório RST&A,Marcos Cesar Chagas Perez,Ativo,Residencial Tabarana,Cível,Vícios Construtivos,Primeira Instância,SP,São José do Rio Preto,"10.000,00","10.418,17",,06/10/2025 15:50,Judicial,Ordinário - Conhecimento,Vara Cível,,,06/10/2025,,
468092,4001572-54.2025.8.26.0451,Pacaembu Piracicaba Incorporadora Ltda.,Edna Aparecida Beraldo,Bruno - Escritório RST&A,Yara Regina Araujo Richter,Ativo,Residencial Vida Nova Suíça VII,Cível,Vícios Construtivos,Primeira Instância,SP,Piracicaba,"20.000,00","20.792,58",,03/10/2025 12:53,Judicial,Ordinário - Conhecimento,Vara Cível,,,03/10/2025,,
468091,1060915-95.2024.8.26.0506,Poá Empreendimento Imobiliário Ltda,Município de Ribeirão Preto,Jurídico Interno Cível,Procurador do Município de Ribeirão Preto,Ativo,Jardim Cristo Redentor,Tributário,Execução Fiscal - IPTU,Primeira Instância,SP,Ribeirão Preto,"2.003,16","2.168,70",,03/10/2025 12:34,Judicial,Ordinário - Conhecimento,SEF - Serviço de Execução Fiscal,,,03/10/2025,,
468090,1014712-12.2025.8.26.0451,Pacaembu Piracicaba Incorporadora Ltda.,Gisele Cristina do Carmo,Bruno - Escritório RST&A,Yara Regina Araujo Richter,Ativo,Piracicaba - Nova Suiça,Cível,Vícios Construtivos,Primeira Instância,SP,Piracicaba,"20.000,00","20.728,55",,03/10/2025 12:20,Judicial,Ordinário - Conhecimento,Vara Cível,,,03/10/2025,,
468089,1051426-34.2024.8.26.0506,Poá Empreendimento Imobiliário Ltda,Município de Ribeirão Preto,Jurídico Interno Cível,Procurador do Município de Ribeirão Preto,Ativo,Jardim Cristo Redentor,Tributário,Execução Fiscal - IPTU,Primeira Instância,SP,Ribeirão Preto,"2.654,76","2.765,77",,03/10/2025 12:16,Judicial,Ordinário - Conhecimento,SEF - Serviço de Execução Fiscal,,,03/10/2025,,
468088,1052860-58.2024.8.26.0506,Poá Empreendimento Imobiliário Ltda,Município de Ribeirão Preto,Jurídico Interno Cível,Procurador do Município de Ribeirão Preto,Ativo,Jardim Cristo Redentor,Tributário,Execução Fiscal - IPTU,Primeira Instância,SP,Ribeirão Preto,"2.377,89","2.590,10",,03/10/2025 11:41,Judicial,Ordinário - Conhecimento,Setor de Execuções Fiscais,,,03/10/2025,,
468074,1014631-63.2025.8.26.0451,Pacaembu Piracicaba Incorporadora Ltda.,Daniele de Matos Rodrigues,Bruno - Escritório RST&A,Guilherme Mendonça Mendes de Oliveira,Ativo,Residencial Vida Nova Suíça,Cível,Caixa de Esgoto,Primeira Instância,SP,Piracicaba,"20.000,00","20.836,25",,02/10/2025 17:34,Judicial,Ordinário - Conhecimento,Vara Cível,,,02/10/2025,,
468001,0001048-32.2025.5.23.0008,Pacaembu Construtora S/A,Daniel Fernandes Pereira,Jurídico Trabalhista,José Aldenísio Júnior,Ativo,Latorraca - Cuiabá,Trabalhista,,Primeira Instância,MT,Cuiabá,"73.028,85","0,00",,30/09/2025 15:05,Judicial,Reclamatória Trabalhista,Vara do Trabalho,,,06/11/2025,,
467962,0012306-93.2025.5.15.0062,Pacaembu Construtora S/A,Flavya Selleny Alves Figueiredo,Jurídico Trabalhista,Evelyn Mayara Petrone Saturnino,Ativo,,Trabalhista,,Primeira Instância,SP,Lins,"68.644,03","0,00",,26/09/2025 16:32,Judicial,Reclamatória Trabalhista,Vara do Trabalho,,,03/11/2025,,
467871,1001208-49.2024.8.26.0458,Município de Piratininga,Helder Luiz Julião Rosa,Procuradoria do Estado de São Paulo,N/A,Ativo - não Pacaembu,Piratininga,Cível,Instituição de Servidão,,,,"15.000,00","0,00",,24/09/2025 17:58,Judicial,Desapropriação,,,,24/09/2025,,
467849,1008450-10.2025.8.26.0269,Pacaembu Itapetininga Cristovao Colombo,Prefeitura de Itapetininga,Serur Advogados,Procurador do Município de Itapetininga,Ativo,Residencial Vida Nova Itapetininga 3 (Fase 02),Tributário,ISS - Imposto Sobre Serviços,Primeira Instância,SP,Itapetininga,"372.052,90","387.610,98",,23/09/2025 17:49,Judicial,Ação Anulatória,Vara Cível,,,23/09/2025,,
467826,1047026-40.2025.8.26.0506,Pacaembu Construtora S/A,Sonia Aparecida da Silva,Bruno - Escritório RST&A,Lucas Fernando Varela,Ativo,Jardim Cristo Redentor,Cível,Vícios Construtivos,Primeira Instância,SP,Ribeirão Preto,"19.000,00","19.794,52",,22/09/2025 17:41,Judicial,Ordinário - Conhecimento,Vara Cível,,,22/09/2025,,
467790,0000874-38.2025.5.23.0003,Pacaembu Construtora S/A,Leonardo Rodrigues da Silva,Jurídico Trabalhista,Iagê Figueiredo Castro Teixeira,Aguardando Notificação,,Trabalhista,,Primeira Instância,MT,Cuiabá,"43.690,98","0,00",,22/09/2025 09:34,Judicial,Reclamatória Trabalhista,Vara do Trabalho,,,22/09/2025,,
467728,0012536-13.2025.8.16.0045,Pacaembu Construtora S/A,Cristoffer Ferreira de Oliveira,Thaia - Escritório RST&A,Tirone Cardozo de Aguiar,Ativo,Arapongas - Bem Viver Arapongas,Cível,Vícios Construtivos,Primeira Instância,PR,Arapongas,"226.532.881,60","226.532.881,60",,19/09/2025 12:28,Judicial,Ordinário - Conhecimento,Vara Cível,,,19/09/2025,,
467648,0011310-06.2025.5.15.0027,Pacaembu Construtora S/A,Andre Pereira de Santana,Jurídico Trabalhista,Vandrea Cristine Moreira Pascoalão,Aguardando Notificação,,Trabalhista,,Primeira Instância,SP,Votuporanga,"79.871,34","0,00",,16/09/2025 18:49,Judicial,Reclamatória Trabalhista,Vara do Trabalho,,,16/09/2025,,
467647,0011297-07.2025.5.15.0027,Pacaembu Construtora S/A,Adão Santos e Mais (1),Jurídico Trabalhista,Vandrea Cristine Moreira Pascoalão,Ativo,Votuporanga,Trabalhista,,Primeira Instância,SP,Votuporanga,"138.057,26","0,00",,16/09/2025 18:40,Judicial,Reclamatória Trabalhista,Vara do Trabalho,,,10/10/2025,,
467645,0011311-88.2025.5.15.0027,Pacaembu Construtora S/A,Wellington Francisco Gonçalves de Souza,Jurídico Trabalhista,Vandrea Cristine Moreira Pascoalão,Ativo,Nova Lins Samuel Arzani,Trabalhista,,Primeira Instância,SP,Votuporanga,"169.820,00","0,00",,16/09/2025 18:14,Judicial,Reclamatória Trabalhista,Vara do Trabalho,,,10/10/2025,,
467644,0011300-59.2025.5.15.0027,Pacaembu Construtora S/A,Andre de Morais Oliveira,Jurídico Trabalhista,Vandrea Cristine Moreira Pascoalão,Aguardando Notificação,,Trabalhista,,Primeira Instância,SP,Votuporanga,"187.183,27","0,00",,16/09/2025 18:00,Judicial,Reclamatória Trabalhista,Vara do Trabalho,,,16/09/2025,,
467633,1008978-32.2025.8.26.0079,Pacaembu Construtora S/A,Aref Benyammine El Adass,Thaia - Escritório RST&A,N/A,Ativo,Botucatu,Cível,Execução de Título Extrajudicial,Primeira Instância,SP,Botucatu,"657.276,02","684.761,23",,16/09/2025 14:43,Judicial,Ordinário - Conhecimento,Vara Cível,,,16/09/2025,,
467630,1014308-58.2025.8.26.0451,Pacaembu Construtora S/A,Janaine Alves Moreira,Bruno - Escritório RST&A,Guilherme Mendonça Mendes de Oliveira,Ativo,Residencial Vida Nova Suíça V,Cível,Caixa de Esgoto,Primeira Instância,SP,Piracicaba,"20.000,00","20.836,25",,16/09/2025 12:17,Judicial,Ordinário - Conhecimento,Vara Cível,,,16/09/2025,,
467567,4001446-04.2025.8.26.0451,Pacaembu Piracicaba Incorporadora Ltda.,Cileudo Lima de Oliveira,Bruno - Escritório RST&A,Yara Regina Araujo Richter,Ativo,Residencial Vida Nova Suíça I,Cível,Vícios Construtivos,Primeira Instância,SP,Piracicaba,"35.000,00","36.387,02",,12/09/2025 17:25,Judicial,Ordinário - Conhecimento,Vara Cível,,,12/09/2025,,
467566,1020396-28.2025.8.26.0576,Pacaembu Construtora S/A,Maeli Luiza de Souza,Thaia - Escritório RST&A,Guilherme Mendonça Mendes de Oliveira,Ativo,Vida Nova Rio Preto – Fase 3,Cível,Vícios Construtivos,Primeira Instância,SP,São José do Rio Preto,"20.000,00","20.957,26",,12/09/2025 17:04,Judicial,Ordinário - Conhecimento,Vara Cível,,,12/09/2025,,
467561,1035925-87.2025.8.26.0576,Pacaembu Água Santa - Empreendimento Imobiliário Ltda.,Guilherme Capatti Cardoso,Thaia - Escritório RST&A,Guilherme Capatti Cardoso,Ativo,SJRP - Urban Fortes I - Fenhouse,Cível,Indenização por Danos Morais,Primeira Instância,SP,São José do Rio Preto,"30.000,00","31.254,51",,12/09/2025 14:39,Judicial,Ordinário - Conhecimento,Vara Cível,,,12/09/2025,,
467560,4001836-47.2025.8.26.0071,Pacaembu Construtora S/A,Beatriz Rodrigues de Melo Penholato,Thaia - Escritório RST&A,Cristiano Teixeira Pombo Gonçalves D'abril,Ativo,Loteamento Vargem Limpa I,Cível,Cobrança indevida,Primeira Instância,SP,Bauru,"10.545,26","10.963,16",,12/09/2025 11:51,Judicial,Ordinário - Conhecimento,Juizado Especial Cível,,,12/09/2025,,
467464,1044977-26.2025.8.26.0506,Poá Empreendimento Imobiliário Ltda,Suellen de Freitas,Bruno - Escritório RST&A,N/A,Ativo,Jardim Cristo Redentor,Cível,Obrigação de Fazer / Não Fazer,Primeira Instância,SP,Ribeirão Preto,"10.995,61","11.455,41",,09/09/2025 17:59,Judicial,Ordinário - Conhecimento,Vara Cível,,,01/09/2025,,
467460,0010784-05.2025.5.15.0103,Pacaembu Araçatuba I - Empreendimento Imobiliário LTDA,Fatima Ferreira dos Santos,Jurídico Trabalhista,Carlos Henrique Firmino Jodas,Ativo,,Trabalhista,,Primeira Instância,SP,Araçatuba,"28.823,67","0,00",,09/09/2025 15:52,Judicial,Reclamatória Trabalhista,Vara do Trabalho,,,08/09/2025,,
467408,1033840-31.2025.8.26.0576,Pacaembu Construtora S/A,Daniel Moraes Gomes da Trindade,Thaia - Escritório RST&A,Marcos Cesar Chagas Perez,Ativo,Vida Nova Rio Preto,Cível,Vícios Construtivos,Primeira Instância,SP,São José do Rio Preto,"15.000,00","15.594,44",,08/09/2025 15:39,Judicial,Ordinário - Conhecimento,Vara Cível,,,08/09/2025,,
467406,1014130-12.2025.8.26.0451,Pacaembu Piracicaba Incorporadora Ltda.,Thiago Duarte Oliveira,Bruno - Escritório RST&A,Guilherme Mendonça Mendes de Oliveira,Ativo,Residencial Vida Nova Suíça,Cível,Caixa de Esgoto,Primeira Instância,SP,Piracicaba,"20.000,00","20.836,25",,08/09/2025 15:13,Judicial,Ordinário - Conhecimento,Vara Cível,,,08/09/2025,,
467332,1001209-34.2024.8.26.0458,Município de Piratininga,Manoel da Silva Julião,Procuradoria do Estado de São Paulo,N/A,Ativo - não Pacaembu,Piratininga,Cível,Desapropriação,,,,"15.000,00","0,00",,03/09/2025 10:25,Judicial,Desapropriação,,,,19/08/2025,,
467319,1041374-42.2025.8.26.0506,Poá Empreendimento Imobiliário Ltda,Danila Renata de Freitas Gomes de Moura,Thaia - Escritório RST&A,Rodrigo Augusto Ivani,Ativo,Jardim Cristo Redentor,Cível,Alienação Fiduciária,Primeira Instância,SP,Ribeirão Preto,"72.000,00","74.853,29",,02/09/2025 18:24,Judicial,Ordinário - Conhecimento,Vara Cível,,,02/09/2025,,
467316,4001451-02.2025.8.26.0071,Pacaembu Cafelândia - 364 - Empreendimento Imobiliário Ltda.,CH Xavier Estruturas Metálicas Ltda.,Thaia - Escritório RST&A,Daniel Kruschewsky Bastos,Ativo,Cafelândia,Cível,Ação de Cobrança,Primeira Instância,SP,Bauru,"53.984,85","56.124,22",,02/09/2025 17:34,Judicial,Cobrança,Juizado Especial Cível,,,02/09/2025,,
467241,1007166-64.2025.8.26.0269,Pacaembu Itapetininga Cristovao Colombo,Prefeitura do Município de Itapetininga,Serur Advogados,Procurador do Município de Itapetininga,Ativo,Residencial Vida Nova Itapetininga 3 (Fase 01),Tributário,ISS - Imposto Sobre Serviços,Primeira Instância,SP,Itapetininga,"488.089,25","507.431,75",,29/08/2025 16:18,Judicial,Ação Anulatória,Vara Cível,,,29/08/2025,,
467204,1035197-46.2025.8.26.0576,Pacaembu São José do Rio Preto 336 - Empreendimento Imobiliário Ltda.,Réu desconhecido,Jurídico Interno Cível,N/A,Ativo,SJRP - José Bernardes Coelho F1,Cível,Reintegração de posse,Primeira Instância,SP,São José do Rio Preto,"1.000,00","1.039,63",,28/08/2025 18:04,Judicial,Ordinário - Conhecimento,Vara Cível,,,28/08/2025,,
467191,1001991-20.2025.5.02.0201,Pacaembu Construtora S/A,Renata Cristiane da Silva Oliveira,Jurídico Trabalhista,Valmir Palu,Ativo,,Trabalhista,,Primeira Instância,SP,Barueri,"26.133,21","0,00",,28/08/2025 00:05,Judicial,Reclamatória Trabalhista,Vara do Trabalho,,,02/09/2025,,
467173,1017721-68.2025.8.26.0196,Pacaembu Construtora S/A,Sandra Maria de Souza,Thaia - Escritório RST&A,Guilherme Mendonça Mendes de Oliveira,Ativo,Vida Nova Franca I,Cível,Vícios Construtivos,Primeira Instância,SP,Franca,"20.000,00","20.836,25",,27/08/2025 15:30,Judicial,Ordinário - Conhecimento,Vara Cível,,,01/09/2025,,
467123,1010683-46.2025.8.26.0344,Pacaembu Construtora S/A,Luciano Caprari Pereira,Thaia - Escritório RST&A,Guilherme Mendonça Mendes de Oliveira,Ativo,Residencial Jardim Maracá,Cível,Vícios Construtivos,Primeira Instância,SP,Marília,"20.000,00","20.836,25",,26/08/2025 15:37,Judicial,Ordinário - Conhecimento,Vara Cível,,,01/09/2025,,
467122,0003499-59.2025.8.16.0045,Pacaembu Construtora S/A,Douglas Henrique de Souza Freire,Bruno - Escritório RST&A,Leonardo de Almeida Zanetti,Ativo,Bem Viver Arapongas,Cível,Vícios Construtivos,Primeira Instância,PR,Arapongas,"28.284,44","30.375,36",,26/08/2025 15:05,Judicial,Ordinário - Conhecimento,Vara Cível,,,01/09/2025,,
467120,1520480-69.2025.8.26.0576,Vida Nova Dignidade 2 Empreendimento Imobiliário ltda,Município São José do Rio Preto,Jurídico Interno Cível,Procuradoria do Estado de São Paulo,Ativo,,Cível,Execução Fiscal - Licença de Publicidade,Primeira Instância,SP,São José do Rio Preto,"6.726,13","7.007,36",,26/08/2025 14:18,Judicial,Execução Fiscal,SAF - Serviço de Anexo Fiscal,,,26/08/2025,,
466918,1000657-35.2025.8.26.0458,Município de Piratininga,Rosa Maria Julião Coimbra,Procuradoria do Estado de São Paulo,N/A,Ativo - não Pacaembu,Piratininga,Cível,Instituição de Servidão,Primeira Instância,SP,Piratininga,"7.900,00","0,00",,19/08/2025 12:31,Judicial,Desapropriação,Vara Cível,,,19/08/2025,,
466866,0002638-64.2025.8.16.0048,Pacaembu Assis Chateaubriand 447 - Empreendimento Imobiliario LTDA,R Cardoso de Moraes Lotes Ltda.,Thaia - Escritório RST&A,N/A,Ativo,Assis - Bem Viver Chateaubriand,Cível,Declaratória de Inexigibilidade de Crédito,Primeira Instância,PR,Assis Chateaubriand,"121.191,68","125.994,39",,18/08/2025 10:36,Judicial,Ação de Inexigibilidade de Crédito,Vara Cível,,,18/08/2025,,
466834,0011399-37.2025.5.15.0089,Pacaembu Construtora S/A,Rafael Plakitquen Vicente,Jurídico Trabalhista,Rodrigo Amaral Catto,Ativo,Bauru Azevedo,Trabalhista,,Primeira Instância,SP,Bauru,"126.472,69","0,00",,15/08/2025 12:55,Judicial,Reclamatória Trabalhista,Vara do Trabalho,,,18/12/2025,,
466806,1032382-76.2025.8.26.0576,Pacaembu Construtora S/A,Juraci de Souza,Thaia - Escritório RST&A,José Roberto Russo,Ativo,Lealdade Amizade,Cível,Vícios Construtivos,Primeira Instância,SP,São José do Rio Preto,"15.000,00","15.594,44",,13/08/2025 14:58,Judicial,Ordinário - Conhecimento,Vara Cível,,,05/02/2026,,
466803,1004915-30.2025.8.26.0445,Pacaembu Construtora S/A,Danielle dos Anjos Nascimento,Thaia - Escritório RST&A,Reginaldo Marceano da Fonseca,Ativo,Terra Nova Pindamonhangaba,Cível,Vícios Construtivos,Primeira Instância,SP,Pindamonhangaba,"36.000,00","37.505,24",,13/08/2025 12:27,Judicial,Ordinário - Conhecimento,Vara Cível,,,11/09/2025,,
466800,1014106-81.2025.8.26.0451,Pacaembu Construtora S/A,Hellen Ester da Conceicao Ferreira,Bruno - Escritório RST&A,Guilherme Mendonça Mendes de Oliveira,Ativo,Residencial Vida Nova Suíça VI,Cível,Caixa de Esgoto,Primeira Instância,SP,Piracicaba,"40.000,00","41.672,49",,13/08/2025 11:41,Judicial,Ordinário - Conhecimento,Vara Cível,,,12/09/2025,,
466769,1001048-80.2025.8.26.0137,Pacaembu Construtora S/A,Benedita Rodrigues Vilas Boas,Bruno - Escritório RST&A,Mateus Burani de Campos,Ativo,Diversas,Cível,Inexistência de relação jurídica,Primeira Instância,SP,Cerquilho,"10.000,00","10.442,08",,12/08/2025 14:45,Judicial,Ordinário - Conhecimento,Vara Cível,,,12/08/2025,,
466648,5048475-19.2025.8.13.0702,Pacaembu Uberlândia - Empreendimento Imobiliário Ltda.,1º Ofício de Registro de Imóveis de Uberlândia,Serur Advogados,Jus Postulandi,Ativo,Vida Nova Uberlândia,Tributário,Cobrança de Emolumentos,Primeira Instância,MG,Uberlândia,"1.000.000,00","1.041.812,25",,05/08/2025 17:21,Judicial,Mandado de Segurança - Tributário,Vara da Fazenda Pública,,,05/08/2025,,
466603,1011118-68.2025.8.26.0037,Pacaembu Araraquara 271 - Empreendimento Imobiliario Ltda,Secretario da Fazenda do Município de Araraquara,Jurídico Interno Cível,Procurador do Município de Araraquara,Ativo,Araraquara - Residencial Montoro I,Tributário,Cobrança indevida - ITBI,Primeira Instância,SP,Araraquara,"10.000,00","10.396,29",,04/08/2025 16:42,Judicial,Mandado de Segurança,Vara da Fazenda Pública,,,04/08/2025,,
466600,0021898-20.2025.8.16.0019,Pacaembu Construtora S/A,Emmanuel Christoforo,Thaia - Escritório RST&A,Amanda Thaís Bonette,Ativo,Bem Viver Uvaranas 2,Cível,Retenção de chave,Primeira Instância,PR,Ponta Grossa,"3.200,00","3.333,80",,04/08/2025 15:53,Judicial,Ordinário - Conhecimento,Vara Cível,,,04/08/2025,,
466598,1016538-62.2025.8.26.0196,Pacaembu Construtora S/A,Watilas Aparecido dos Santos,Thaia - Escritório RST&A,Guilherme Mendonça Mendes de Oliveira,Ativo,Franca - Condomínio Residêncial Vida Nova Franca - V,Cível,Vícios Construtivos,Primeira Instância,SP,Franca,"20.000,00","20.836,25",,04/08/2025 15:20,Judicial,Ordinário - Conhecimento,Vara Cível,,,04/08/2025,,
466539,0000849-27.2025.5.09.0678,Pacaembu Ponta Grossa 525 - Empreendimento Imobiliário Ltda.,Diemerson Costa Leite,Jurídico Trabalhista,Jefferson Silva,Ativo,Vida Nova Ponta Grossa,Trabalhista,,Primeira Instância,PR,Ponta Grossa,"47.970,72","0,00",,31/07/2025 12:24,Judicial,Reclamatória Trabalhista,Vara do Trabalho,,,31/07/2025,,
466471,1013892-90.2025.8.26.0451,Pacaembu Piracicaba Incorporadora Ltda.,Denilson Aparecido da Silva,Bruno - Escritório RST&A,Yara Regina Araujo Richter,Ativo,Vida Nova Piracicaba,Cível,Vícios Construtivos,Primeira Instância,SP,Piracicaba,"50.000,00","52.090,61",,25/07/2025 14:58,Judicial,Ordinário - Conhecimento,Vara Cível,,,08/04/2026,,
466330,1000559-23.2025.8.26.0370,Atlanta Construções Comercio e Empreendimentos Ltda,Maria da Silva Souza,Escritório Reis & Souza Advogados,Ricardo Cester Arroyo Zanesco,Ativo - não Pacaembu,,Cível,Usucapião Urbano,,,,"0,00","0,00",,21/07/2025 15:57,Judicial,Usucapião,,,,21/07/2025,,
466324,1013826-13.2025.8.26.0451,Pacaembu Piracicaba Com Viva - Empreendimento Imobiliário Ltda.,Cleiton Fernandes da Silva,Thaia - Escritório RST&A,Lenita Davanzo,Ativo,Piracicaba - Comviva,Cível,Muro de Arrimo,Primeira Instância,SP,Piracicaba,"20.000,00","20.836,25",,21/07/2025 11:30,Judicial,Ordinário - Conhecimento,Vara Cível,,,01/08/2025,,
466219,0003181-58.2025.8.16.0148,Pacaembu Arapongas 2 - Empreendimento Imobiliarios Ltda.,Beatriz Cristina Mateus Lima,Thaia - Escritório RST&A,Iris Soraia Inez,Ativo,Arapongas - Bem Viver Arapongas 2,Cível,Inexigibilidade de débito,Primeira Instância,PR,Rolândia,"8.000,00","8.382,91",,16/07/2025 14:54,Judicial,Ordinário - Conhecimento,Vara Cível,,,16/07/2025,,
466146,1027962-28.2025.8.26.0576,Pacaembu Construtora S/A,Alessandra Bianchi Donizete,Thaia - Escritório RST&A,José Roberto Russo,Ativo,SJRP - Residencial Amizade I,Cível,Vícios Construtivos,Primeira Instância,SP,São José do Rio Preto,"105.000,00","109.390,29",,14/07/2025 11:57,Judicial,Ordinário - Conhecimento,Vara Cível,,,05/01/2026,,
466145,1026359-17.2025.8.26.0576,Pacaembu Construtora S/A,Stephanie Parise,Thaia - Escritório RST&A,Guilherme Mendonça Mendes de Oliveira,Ativo,Reserva Rio Preto,Cível,Vícios Construtivos,Primeira Instância,SP,São José do Rio Preto,"20.000,00","20.884,17",,14/07/2025 11:40,Judicial,Ordinário - Conhecimento,Vara Cível,,,01/09/2025,,
466144,1012930-67.2025.8.26.0451,Pacaembu Construtora S/A,Alexandre Rosario Junior,Bruno - Escritório RST&A,Guilherme Mendonça Mendes de Oliveira,Ativo,Residencial Vida Nova Suíça,Cível,Caixa de Esgoto,Primeira Instância,SP,Piracicaba,"20.000,00","20.836,25",,14/07/2025 11:36,Judicial,Ordinário - Conhecimento,Vara Cível,,,22/10/2025,,
466143,1012929-82.2025.8.26.0451,Pacaembu Construtora S/A,Aline Joyce Alves da Silva,Bruno - Escritório RST&A,Guilherme Mendonça Mendes de Oliveira,Ativo,Condominio Vida Nova Piracicaba VI,Cível,Caixa de Esgoto,Primeira Instância,SP,Piracicaba,"40.000,00","41.672,49",,14/07/2025 11:33,Judicial,Ordinário - Conhecimento,Vara Cível,,,05/01/2026,,
465837,1012326-09.2025.8.26.0451,Pacaembu Piracicaba Com Viva - Empreendimento Imobiliário Ltda.,Willian Lopes da Costa,Thaia - Escritório RST&A,Stefany Marie Pereira,Ativo,Piracicaba - Comviva - Fase 2,Cível,Muro de Arrimo,Primeira Instância,SP,Piracicaba,"68.000,00","71.006,17",,01/07/2025 12:29,Judicial,Ordinário - Conhecimento,Vara Cível,,,01/07/2025,,
465811,0031841-72.2008.8.26.0506,E.w. Almeida Participacoes e Empreendimentos Imobiliarios,Ministério Público do Estado de São Paulo,Escritório Reis & Souza Advogados,Ministério Público do Estado de São Paulo,Ativo - não Pacaembu,,Cível,Ação Civil Pública,Primeira Instância,SP,Ribeirão Preto,"10.000,00","0,00",,30/06/2025 10:31,Judicial,Ação Civil Pública,Vara Cível,,,30/06/2025,,
465731,0000728-88.2025.5.23.0005,Pacaembu Construtora S/A,Sheldon Bolandim Loiola,Jurídico Trabalhista,José Aldenísio Júnior,Ativo,Vida Nova Primavera do Leste,Trabalhista,,Primeira Instância,MT,Cuiabá,"60.520,34","0,00",,25/06/2025 12:26,Judicial,Reclamatória Trabalhista,Vara do Trabalho,,,27/06/2025,,
465726,1022791-90.2025.8.26.0576,Pacaembu Construtora S/A,José Pereira Filho,Thaia - Escritório RST&A,José Roberto Russo,Ativo,Lealdade Amizade,Cível,Vícios Construtivos,Primeira Instância,SP,São José do Rio Preto,"165.000,00","172.897,42",,24/06/2025 16:27,Judicial,Ordinário - Conhecimento,Vara Cível,,,18/07/2025,,
465714,1003910-30.2025.8.26.0038,Pacaembu Araras 392 - Empreendimento Imobiliario LTDA,Prefeitura Municipal de Araras,Serur Advogados,Procuradoria do Estado de São Paulo,Ativo,Araras - Loteamento Morada dos Pássaros,Cível,Aprovação de Projeto,Primeira Instância,SP,Araras,"10.000,00","10.442,08",,24/06/2025 12:53,Judicial,Mandado de Segurança - Cível,Vara Cível,,,24/06/2025,,
465679,1013916-94.2025.8.26.0071,Pacaembu Bauru Azevedo 2 - Empreendimento Imobiliário Ltda.,José Filho Araújo da Silva,Bruno - Escritório RST&A,Juliana Silva Martinez,Ativo,Bauru - Vida Nova Harmonia 2,Cível,Devolução de sinal,Primeira Instância,SP,Bauru,"11.747,30","12.266,63",,23/06/2025 16:38,Judicial,Ordinário - Conhecimento,Vara Cível,,,01/08/2025,,
465677,1011949-38.2025.8.26.0451,Pacaembu Construtora S/A,Matheus dos Santos Pacheco,Bruno - Escritório RST&A,Guilherme Mendonça Mendes de Oliveira,Ativo,Residencial Vida Nova Suíça,Cível,Caixa de Esgoto,Primeira Instância,SP,Piracicaba,"20.000,00","20.884,17",,23/06/2025 16:03,Judicial,Ordinário - Conhecimento,Vara Cível,,,12/09/2025,,
465675,1011787-43.2025.8.26.0451,Pacaembu Construtora S/A,Delailton Barboza da Silva,Indeterminado,Guilherme Mendonça Mendes de Oliveira,Aguardando Citação,Residencial Vida Nova Suíça,Cível,Caixa de Esgoto,Primeira Instância,SP,Piracicaba,"20.000,00","0,00",,23/06/2025 15:55,Judicial,Ordinário - Conhecimento,Vara Cível,,,23/06/2025,,
465674,1010721-28.2025.8.26.0451,Pacaembu Piracicaba Incorporadora Ltda.,Adriele Souza Regis,Bruno - Escritório RST&A,Guilherme Mendonça Mendes de Oliveira,Ativo,Residencial Vida Nova Suíça II,Cível,Caixa de Esgoto,Primeira Instância,SP,Piracicaba,"20.000,00","20.957,26",,23/06/2025 15:49,Judicial,Ordinário - Conhecimento,Vara Cível,,,21/10/2025,,
465673,1010068-26.2025.8.26.0451,Pacaembu Piracicaba Incorporadora Ltda.,Guilherme de Moraes Alexandre,Bruno - Escritório RST&A,Guilherme Mendonça Mendes de Oliveira,Ativo,Residencial Vida Nova Suíça,Cível,Caixa de Esgoto,Primeira Instância,SP,Piracicaba,"20.000,00","20.957,26",,23/06/2025 15:45,Judicial,Ordinário - Conhecimento,Vara Cível,,,13/05/2026,,
465672,1010063-04.2025.8.26.0451,Pacaembu Piracicaba Incorporadora Ltda.,Benicia Maria da Silva,Bruno - Escritório RST&A,Guilherme Mendonça Mendes de Oliveira,Ativo,Residencial Vida Nova Suíça,Cível,Caixa de Esgoto,Primeira Instância,SP,Piracicaba,"20.000,00","20.957,26",,23/06/2025 15:39,Judicial,Ordinário - Conhecimento,Vara Cível,,,01/08/2025,,
465671,1009791-10.2025.8.26.0451,Pacaembu Construtora S/A,Richard Ryan Rigo,Bruno - Escritório RST&A,Guilherme Mendonça Mendes de Oliveira,Ativo,Piracicaba - Vida Nova Piracicaba - V (Nova Suiça),Cível,Caixa de Esgoto,Primeira Instância,SP,Piracicaba,"20.000,00","20.957,26",,23/06/2025 15:34,Judicial,Ordinário - Conhecimento,Vara Cível,,,01/07/2026,,
465670,1009789-40.2025.8.26.0451,Pacaembu Construtora S/A,Jonas Andrade da Silva,Indeterminado,Guilherme Mendonça Mendes de Oliveira,Aguardando Citação,Residencial Vida Nova Suíça,Cível,Caixa de Esgoto,Primeira Instância,SP,Piracicaba,"20.000,00","0,00",,23/06/2025 15:29,Judicial,Ordinário - Conhecimento,Vara Cível,,,23/06/2025,,
465585,0011100-10.2025.5.15.0041,Pacaembu Construtora S/A,Donizete Aparecido Ribeiro da Silva,Jurídico Trabalhista,Gustavo Pessoa Cruz,Ativo,Itapetininga 3 Cristovão Colombo,Trabalhista,,Primeira Instância,SP,Itapetininga,"44.092,69","0,00",,17/06/2025 13:04,Judicial,Reclamatória Trabalhista,Vara do Trabalho,,,18/07/2025,,
465506,1001299-69.2025.8.26.0664,Pacaembu Votuporanga 366 - Empreendimento Imobiliário Ldta.,Anderson Loide da Silva,Thaia - Escritório RST&A,Edna Mara da Silva Abou Dehn,Ativo,Parque Esplanada,Cível,Manutenção de vínculo contratual,Primeira Instância,SP,Votuporanga,"1.518,00","1.630,22",,13/06/2025 10:24,Judicial,Ordinário - Conhecimento,Vara Cível,,,13/06/2025,,
465453,1009470-72.2025.8.26.0451,Pacaembu Piracicaba Incorporadora Ltda.,Walton da Silva,Bruno - Escritório RST&A,Guilherme Mendonça Mendes de Oliveira,Ativo,Piracicaba - Vida Nova Piracicaba - II,Cível,Caixa de Esgoto,Primeira Instância,SP,Piracicaba,"20.000,00","20.957,26",,10/06/2025 17:42,Judicial,Ordinário - Conhecimento,Vara Cível,,,01/04/2026,,
465451,1009469-87.2025.8.26.0451,Pacaembu Piracicaba Incorporadora Ltda.,Edna Mendes Pereira,Bruno - Escritório RST&A,Guilherme Mendonça Mendes de Oliveira,Ativo,Residencial Vida Nova Suíça,Cível,Caixa de Esgoto,Primeira Instância,SP,Piracicaba,"20.000,00","20.957,26",,10/06/2025 17:30,Judicial,Ordinário - Conhecimento,Vara Cível,,,09/02/2026,,
465450,1006167-55.2025.8.26.0320,Pacaembu Piracicaba Incorporadora Ltda.,Marcos Vinicius Carvalho Filho,Thaia - Escritório RST&A,Guilherme Mendonça Mendes de Oliveira,Ativo,Residencial Vida Nova Suíça,Cível,Vícios Construtivos,Primeira Instância,SP,Limeira,"20.000,00","20.957,26",,10/06/2025 17:18,Judicial,Ordinário - Conhecimento,Vara Cível,,,02/07/2025,,
465411,0010869-90.2025.5.15.0070,Pacaembu Construtora S/A,Daniel Silva Barreto,Jurídico Trabalhista,Daniela Menegoli Miatello,Ativo,Piratininga 464,Trabalhista,,Primeira Instância,SP,Catanduva,"52.161,35","0,00",,10/06/2025 09:47,Judicial,Reclamatória Trabalhista,Vara do Trabalho,,,07/07/2025,,
465022,5003442-82.2025.4.04.7009,Vida Nova Ponta Grossa - Empreendimento Imobiliário Ltda.,Suely Caroline Paes Babo Alves,Thaia - Escritório RST&A,Tainan Felix Laskos,Ativo,Jardim Royal 2,Cível,Vícios Construtivos,Primeira Instância,PR,Ponta Grossa,"239.898,88","253.876,02",,02/06/2025 18:08,Judicial,Ordinário - Conhecimento,Vara Federal,,,02/06/2025,,
464832,0006297-90.2025.8.16.0045,Pacaembu Construtora S/A,Antonio Ferreira de Assis,Bruno - Escritório RST&A,Leonardo de Almeida Zanetti,Ativo,Bem Viver Arapongas,Cível,Vícios Construtivos,Primeira Instância,PR,Arapongas,"22.658,98","23.857,48",,28/05/2025 11:49,Judicial,Ordinário - Conhecimento,Vara Cível,,,28/05/2025,,
464829,1020447-39.2025.8.26.0576,Pacaembu Construtora S/A,Ana Julia Soares,Thaia - Escritório RST&A,Guilherme Mendonça Mendes de Oliveira,Ativo,Reserva Rio Preto,Cível,Vícios Construtivos,Primeira Instância,SP,São José do Rio Preto,"20.000,00","20.957,26",,28/05/2025 11:38,Judicial,Ordinário - Conhecimento,Vara Cível,,,28/05/2025,,
464817,1009498-40.2025.8.26.0451,Pacaembu Piracicaba Incorporadora Ltda.,Thais Gomes Leme Garcia,Bruno - Escritório RST&A,Everton de Oliveira Gil,Ativo,Vida Nova Piracicaba V,Cível,Vícios Construtivos,Primeira Instância,SP,Piracicaba,"20.000,00","20.957,26",,27/05/2025 17:25,Judicial,Ordinário - Conhecimento,Vara Cível,,,27/05/2025,,
464720,1021311-77.2025.8.26.0576,Pacaembu Água Santa - Empreendimento Imobiliário Ltda.,Alexandre Eleno de Oliveira,Bruno - Escritório RST&A,N/A,Ativo,SJRP - Urban Fortes I - Fenhouse,Cível,Consignação em pagamento,Primeira Instância,SP,São José do Rio Preto,"53.522,76","56.084,53",,22/05/2025 10:33,Judicial,Ordinário - Conhecimento,Vara Cível,,,22/05/2025,,
464700,0010671-53.2025.5.15.0070,Pacaembu Construtora S/A,Francisco Matias dos Santos,Jurídico Trabalhista,Gabriel Oreste Zuchi Jorge,Ativo,Residencial Bem Viver Chateaubriand 2,Trabalhista,,Primeira Instância,SP,Piracicaba,"189.145,45","0,00",,21/05/2025 16:32,Judicial,Reclamatória Trabalhista,Vara do Trabalho,,,22/05/2025,,
464697,1020950-88.2025.8.26.0114,Pacaembu Piracicaba Incorporadora Ltda.,Izildinha Silvia Rosa de Oliveira,Bruno - Escritório RST&A,Guilherme Mendonça Mendes de Oliveira,Ativo,Condomínio Vida Nova Piracicaba II,Cível,Caixa de Esgoto,Primeira Instância,SP,Campinas,"20.000,00","21.057,86",,21/05/2025 15:38,Judicial,Ordinário - Conhecimento,Vara Cível,,,01/04/2026,,
464696,1019349-19.2025.8.26.0576,Pacaembu São José do Rio Preto - Empreendimento Imobiliário Ltda.,Antônio Ronnald Lima Araujo,Thaia - Escritório RST&A,Guilherme Mendonça Mendes de Oliveira,Ativo,SJRP - Reserva Rio Preto (Egydio Zani),Cível,Vícios Construtivos,Primeira Instância,SP,São José do Rio Preto,"20.000,00","20.957,26",,21/05/2025 15:27,Judicial,Ordinário - Conhecimento,Vara Cível,,,08/10/2025,,
464690,0011030-65.2025.5.15.0017,Pacaembu Construtora S/A,Marcelo de Souza,Jurídico Trabalhista,Helder Luis Fortes,Ativo,Ituiutaba Jardim Sul I,Trabalhista,,Primeira Instância,SP,São José do Rio Preto,"245.525,21","0,00",,21/05/2025 14:54,Judicial,Reclamatória Trabalhista,Vara do Trabalho,,,05/06/2025,,
464689,1016761-39.2025.8.26.0576,Pacaembu Água Santa - Empreendimento Imobiliário Ltda.,Gessica Mendonça de Oliveira,Thaia - Escritório RST&A,Guilherme Mendonça Mendes de Oliveira,Ativo,SJRP - Urban Fortes I - Fenhouse,Cível,Vícios Construtivos,Primeira Instância,SP,São José do Rio Preto,"20.000,00","21.057,86",,21/05/2025 14:47,Judicial,Ordinário - Conhecimento,Vara Cível,,,03/10/2025,,
464662,0005948-87.2025.8.16.0045,Pacaembu Construtora S/A,Josilene de Fátima Juliano Carvalho,Bruno - Escritório RST&A,Leonardo de Almeida Zanetti,Ativo,Bem Viver Arapongas,Cível,Vícios Construtivos,Primeira Instância,PR,Arapongas,"28.103,22","29.589,68",,20/05/2025 15:06,Judicial,Ordinário - Conhecimento,Vara Cível,,,20/05/2025,,
464635,0010946-64.2025.5.15.0017,Pacaembu Construtora S/A,Paulo Sergio Batista,Jurídico Trabalhista,Tupa Montemor Pereira,Ativo,Vida Nova Dignidade,Trabalhista,,Primeira Instância,SP,São José do Rio Preto,"165.988,91","0,00",,20/05/2025 10:21,Judicial,Reclamatória Trabalhista,Vara do Trabalho,,,10/07/2025,,
464596,0005787-77.2025.8.16.0045,Pacaembu Construtora S/A,Rogério de Souza,Bruno - Escritório RST&A,Leonardo de Almeida Zanetti,Ativo,Bem Viver Arapongas,Cível,Vícios Construtivos,Primeira Instância,PR,Arapongas,"27.141,59","28.577,19",,19/05/2025 17:53,Judicial,Ordinário - Conhecimento,Vara Cível,,,19/05/2025,,
464589,1505730-79.2021.8.26.0066,Gold Land Barretos,Prefeitura Municipal de Barretos,Jurídico Interno Cível,Procuradoria do Estado de São Paulo,Ativo - não Pacaembu,Barretos,Cível,Execução Fiscal - IPTU,Primeira Instância,SP,Barretos,"0,00","0,00",,19/05/2025 14:37,Judicial,Execução Fiscal,SAF - Serviço de Anexo Fiscal,,,19/05/2025,,
464573,0010650-09.2025.5.15.0028,Pacaembu Catanduva III - Empreendimento Imobiliário Ltda.,Márcio dos Santos,Jurídico Trabalhista,Bruno Henrique Valle,Ativo,Vida Nova Catanduva III,Trabalhista,,Primeira Instância,SP,São José do Rio Preto,"151.673,34","0,00",,16/05/2025 16:51,Judicial,Reclamatória Trabalhista,Vara do Trabalho,,,14/05/2025,,
464528,0010437-78.2025.5.15.0100,Pacaembu Construtora S/A,Erico José Alves Neto,Jurídico Trabalhista,Gregory Nicholas Moraes Braga,Ativo,Residencial Bela Vista I,Trabalhista,,Primeira Instância,SP,Assis,"42.420,80","0,00",,14/05/2025 15:26,Judicial,Reclamatória Trabalhista,Vara do Trabalho,,,13/05/2025,,
464525,1050059-09.2023.8.26.0506,Poá Empreendimento Imobiliário Ltda,Prefeitura de Ribeirão Preto,Jurídico Interno Cível,Procuradoria do Estado de São Paulo,Ativo,Jardim Cristo Redentor,Tributário,Execução Fiscal - IPTU,Primeira Instância,SP,Ribeirão Preto,"2.164,27","2.453,87",,14/05/2025 14:51,Judicial,Execução Fiscal,SAF - Serviço de Anexo Fiscal,,,14/05/2025,,
464391,1007163-48.2025.8.26.0451,Pacaembu Piracicaba Incorporadora Ltda.,Tatiane Cristiane Coelho Barbosa,Bruno - Escritório RST&A,Everton de Oliveira Gil,Ativo,Residencial Vida Nova Suíça V,Cível,Vícios Construtivos,Primeira Instância,SP,Piracicaba,"20.000,00","21.057,86",,07/05/2025 16:30,Judicial,Ordinário - Conhecimento,Vara Cível,,,14/05/2025,,
464339,1513069-72.2025.8.26.0576,Pacaembu São José do Rio Preto - Empreendimento Imobiliário Ltda.,Município São José do Rio Preto,Jurídico Interno Cível,Procuradoria do Estado de São Paulo,Ativo,SJRP - Reserva Rio Preto (Egydio Zani),Tributário,Execução Fiscal - IPTU,Primeira Instância,SP,São José do Rio Preto,"1.662,38","1.759,23",,06/05/2025 17:43,Judicial,Execução Fiscal,SAF - Serviço de Anexo Fiscal,,,06/05/2025,,
464338,1513862-11.2025.8.26.0576,Pacaembu São José do Rio Preto - Empreendimento Imobiliário Ltda.,Município São José do Rio Preto,Jurídico Interno Cível,Procuradoria do Estado de São Paulo,Ativo,SJRP - Reserva Rio Preto (Egydio Zani),Tributário,Execução Fiscal - IPTU,Primeira Instância,SP,São José do Rio Preto,"2.543,62","2.678,16",,06/05/2025 17:21,Judicial,Execução Fiscal,SAF - Serviço de Anexo Fiscal,,,06/05/2025,,
464201,1007504-74.2025.8.26.0451,Pacaembu Piracicaba Incorporadora Ltda.,José Emilio dos Santos de Jesus,Bruno - Escritório RST&A,Yara Regina Araujo Richter,Ativo,Residencial Vida Nova Suíça V,Cível,Vícios Construtivos,Primeira Instância,SP,Piracicaba,"30.000,00","31.586,79",,02/05/2025 14:52,Judicial,Ordinário - Conhecimento,Vara Cível,,,02/05/2025,,
464133,1008845-14.2025.8.26.0071,Pacaembu Assis 371 Empreendimento Imobiliário Ltda.,Sermov - Vigilancia e Segurança Patrimonial Ltda.,Thaia - Escritório RST&A,Rubens Rufino dos Santos Sobrinho,Ativo,Bauru - Residencial Bela Vista II,Cível,Execução de Título Extrajudicial,Primeira Instância,SP,Bauru,"80.751,30","85.022,47",,28/04/2025 10:31,Judicial,Ordinário - Conhecimento,Vara Cível,,,25/04/2025,,
464100,1513071-42.2025.8.26.0576,Pacaembu São José do Rio Preto - Empreendimento Imobiliário Ltda.,Município São José do Rio Preto,Jurídico Interno Cível,Procuradoria do Estado de São Paulo,Ativo,SJRP - Reserva Rio Preto (Egydio Zani),Tributário,Execução Fiscal - IPTU,Primeira Instância,SP,São José do Rio Preto,"1.925,78","2.037,98",,24/04/2025 16:16,Judicial,Execução Fiscal,SAF - Serviço de Anexo Fiscal,,,24/04/2025,,
464094,1003857-03.2025.8.26.0506,Poá Empreendimento Imobiliário Ltda,Alexander Rodrigo Crepaldi,Thaia - Escritório RST&A,Guilherme Mendonça Mendes de Oliveira,Ativo,Jardim Cristo Redentor,Cível,Vícios Construtivos,Primeira Instância,SP,Ribeirão Preto,"20.000,00","21.478,50",,24/04/2025 15:44,Judicial,Ordinário - Conhecimento,Vara Cível,,,24/04/2025,,
464075,0004456-85.2024.8.16.0048,Pacaembu Construtora S/A,Ricardo Mauricio de Souza,Bruno - Escritório RST&A,Pedro Henrique Benassi Perozin,Ativo,,Cível,Vícios Construtivos,Primeira Instância,PR,Assis Chateaubriand,"85.000,00","91.721,78",,23/04/2025 17:51,Judicial,Ordinário - Conhecimento,Vara Cível,,,07/04/2025,,
464064,1511858-98.2025.8.26.0576,Pacaembu São José do Rio Preto - Empreendimento Imobiliário Ltda.,Município São José do Rio Preto,Jurídico Interno Cível,Procuradoria do Estado de São Paulo,Ativo,SJRP - Reserva Rio Preto (Egydio Zani),Tributário,Execução Fiscal - IPTU,Primeira Instância,SP,São José do Rio Preto,"2.975,22","3.148,56",,23/04/2025 14:19,Judicial,Execução Fiscal,SAF - Serviço de Anexo Fiscal,,,23/04/2025,,
464061,1053146-56.2025.8.26.0100,Pacaembu Assis 371 Empreendimento Imobiliário Ltda.,Sermov - Vigilancia e Segurança Patrimonial Ltda.,Thaia - Escritório RST&A,Rubens Rufino dos Santos Sobrinho,Ativo,Bauru - Residencial Bela Vista II,Cível,Sustação de Protesto,Primeira Instância,SP,São Paulo,"71.807,88","75.606,00",,23/04/2025 12:32,Judicial,Ordinário - Conhecimento,Vara Cível,,,23/04/2025,,
463960,0010389-15.2025.5.15.0070,Pacaembu Catanduva III - Empreendimento Imobiliário Ltda.,Thiago Manoel da Silva,Jurídico Trabalhista,Deigles Willian Duarte Ribeiro,Ativo,Catanduva-SP,Trabalhista,,Primeira Instância,SP,Catanduva,"30.542,57","0,00",,17/04/2025 16:59,Judicial,Reclamatória Trabalhista,Vara do Trabalho,,,23/04/2025,,
463947,0010811-92.2025.5.15.0133,Pacaembu Construtora S/A,Fabiano da Silva Nogueira,Jurídico Trabalhista,Stenio Augusto Vasques Baldin,Ativo,,Trabalhista,,Primeira Instância,SP,São José do Rio Preto,"147.899,00","0,00",,17/04/2025 14:38,Judicial,Reclamatória Trabalhista,Vara do Trabalho,,,08/07/2025,,
463864,0004772-73.2025.8.16.0045,Pacaembu Construtora S/A,Claudia Renata Domingos,Bruno - Escritório RST&A,Leonardo de Almeida Zanetti,Ativo,Bem Viver Arapongas,Cível,Vícios Construtivos,Primeira Instância,PR,Arapongas,"28.556,53","30.220,31",,14/04/2025 12:45,Judicial,Ordinário - Conhecimento,Vara Cível,,,14/04/2025,,
463862,0003441-56.2025.8.16.0045,Pacaembu Construtora S/A,Aline Alecio de Almeida,Bruno - Escritório RST&A,Leonardo de Almeida Zanetti,Ativo,Bem Viver Arapongas,Cível,Vícios Construtivos,Primeira Instância,PR,Arapongas,"27.864,15","29.924,00",,14/04/2025 12:18,Judicial,Ordinário - Conhecimento,Vara Cível,,,14/04/2025,,
463843,5000704-48.2024.4.03.6116,Pacaembu Assis 371 Empreendimento Imobiliário Ltda.,Edna Benato,Thaia - Escritório RST&A,Rodolfo Napoli Bonani,Ativo,Bauru - Residencial Bela Vista II,Cível,Ação de Rescisão Contratual - Alienação Fiduciária,Primeira Instância,SP,Assis,"191.000,00","209.044,37",,10/04/2025 18:35,Judicial,Ordinário - Conhecimento,Vara Cível,,,09/04/2025,,
463835,1004329-72.2025.8.26.0451,Pacaembu Piracicaba Com Viva - Empreendimento Imobiliário Ltda.,Guilherme Henrique da Silva Manoel,Thaia - Escritório RST&A,Yara Regina Araujo Richter,Ativo,Piracicaba - Comviva,Cível,Vícios Construtivos e muro de arrimo,Primeira Instância,SP,Piracicaba,"40.000,00","42.330,50",,10/04/2025 15:03,Judicial,Ordinário - Conhecimento,Vara Cível,,,28/05/2025,,
463833,1007604-05.2025.8.26.0071,Pacaembu Bauru - Empreendimento Imobiliário Ltda.,Marlos Mendes Pimenta,Thaia - Escritório RST&A,João Guilherme Claro,Ativo,Bauru - Loteamento Vargem Limpa I,Cível,Vícios Construtivos,Primeira Instância,SP,Bauru,"50.000,00","52.644,64",,10/04/2025 14:57,Judicial,Ordinário - Conhecimento,Precatória Cível,,,02/05/2025,,
463799,1005066-38.2025.8.26.0625,Pacaembu Taubate - Empreendimento Imobiliário LTDA,Prefeitura Municipal de Taubaté,Serur Advogados,Procurador do Município de Taubaté,Ativo,Vida Nova Taubaté,Tributário,Cobrança indevida - ITBI,Primeira Instância,SP,Taubaté,"10.000,00","10.528,93",,09/04/2025 10:05,Judicial,Mandado de Segurança,Vara da Fazenda Pública,,,08/04/2025,,
463678,0010719-90.2025.5.15.0044,Pacaembu Construtora S/A,Jocilene Santos de Jesus,Jurídico Trabalhista,Ibiraci Navarro Martins,Ativo,Vida Nova Água Santa,Trabalhista,,Primeira Instância,SP,São José do Rio Preto,"64.890,41","0,00",,03/04/2025 16:29,Judicial,Reclamatória Trabalhista,Vara do Trabalho,,,11/04/2025,,
463655,1001513-87.2025.8.26.0073,Haus Compra e Venda de Bens Imóveis Ltda.,Prefeitura Municipal de Avaré,Jurídico Interno Cível,Procuradoria do Estado de São Paulo,Ativo,São José do Rio Preto,Tributário,Execução Fiscal,Primeira Instância,SP,Avaré,"29.704,83","31.435,51",,02/04/2025 12:25,Judicial,Embargos a Execução Fiscal,SAF - Serviço de Anexo Fiscal,,,02/04/2025,,
463649,0005951-23.2025.8.16.0019,Pacaembu Construtora S/A,Leonardo Ezequias de Oliveira,Thaia - Escritório RST&A,Jocivania Marins Carraro,Ativo,Vida Nova Ponta Grossa,Cível,Ação de Cobrança,Primeira Instância,PR,Ponta Grossa,"6.268,01","6.731,37",,01/04/2025 15:22,Judicial,Ordinário - Conhecimento,Juizado Especial Cível,,,01/04/2025,,
463648,1004992-59.2025.8.26.0309,Pacaembu Construtora S/A,Zilda de Almeida Silva,Indeterminado,Vítor Igor Spinucci de Oliveira,Aguardando Citação,Jundiaí,Cível,Usucapião Extraordinário,Primeira Instância,SP,Jundiaí,"78.977,12","0,00",,01/04/2025 14:58,Judicial,Ordinário - Conhecimento,Vara Cível,,,01/04/2025,,
463645,1000327-73.2025.8.26.0414,Pacaembu Construtora S/A,Regiane Fernandes Montanari,Thaia - Escritório RST&A,Juliano César Maldonado Mingati,Ativo,São José do Rio Preto,Cível,Negativação indevida,Primeira Instância,SP,Palmeira d'Oeste,"25.439,24","26.921,40",,01/04/2025 14:18,Judicial,Ordinário - Conhecimento,Vara Cível,,,06/06/2025,,
463620,0010328-64.2025.5.15.0100,Pacaembu Assis 371 Empreendimento Imobiliário Ltda.,Luciano Farias Vitalino,Jurídico Trabalhista,Teodoro de Filippo,Ativo,Vida Nova Assis II,Trabalhista,,Primeira Instância,SP,Assis,"28.030,06","0,00",,31/03/2025 14:42,Judicial,Reclamatória Trabalhista,Vara do Trabalho,,,13/05/2025,,
463555,1005593-56.2025.8.26.0506,Poá Empreendimento Imobiliário Ltda,Andressa Danielle de Araújo Melo,Bruno - Escritório RST&A,Fernando Donizeti Zanchini,Ativo,Jardim Cristo Redentor,Cível,Alienação Fiduciária,Primeira Instância,SP,Ribeirão Preto,"350.000,00","375.873,71",,26/03/2025 15:38,Judicial,Ordinário - Conhecimento,Vara Cível,,,15/07/2025,,
463551,0010333-05.2025.5.15.0030,Pacaembu Construtora S/A,Carolina Marques dos Santos,Jurídico Trabalhista,Fabio Moia Teixeira,Ativo,Ourinhos (SP),Trabalhista,,Primeira Instância,SP,Ourinhos,"33.222,26","0,00",,26/03/2025 12:22,Judicial,Reclamatória Trabalhista,Vara do Trabalho,,,08/04/2025,,
463523,0010319-21.2025.5.15.0030,Pacaembu Construtora S/A,Alcimar Souza Bonfim,Jurídico Trabalhista,Eduardo da Silva Costa,Ativo,Vida Nova Ourinhos,Trabalhista,,Primeira Instância,SP,Ourinhos,"146.855,00","0,00",,24/03/2025 12:48,Judicial,Reclamatória Trabalhista,Vara do Trabalho,,,08/04/2025,,
463522,0010596-19.2025.5.15.0133,Pacaembu Construtora S/A,Rogerio Barbosa da SIlva,Jurídico Trabalhista,Fabiano Renato Dias Perin,Ativo,Vila Aeronautica,Trabalhista,,Primeira Instância,SP,São José do Rio Preto,"99.119,32","0,00",,24/03/2025 12:29,Judicial,Reclamatória Trabalhista,Vara do Trabalho,,,24/03/2025,,
463298,1008708-69.2025.8.26.0576,Pacaembu Construtora S/A,Maisa Pasquoto Giocondo Finati,Thaia - Escritório RST&A,Wadi Atique,Ativo,Fenhouse,Cível,Ação Declaratória - Cobrança IPTU,Primeira Instância,SP,São José do Rio Preto,"793,12","0,00",,18/03/2025 10:52,Judicial,Ordinário - Conhecimento,Vara Cível,,,02/04/2025,,
463282,1011854-42.2024.8.26.0451,Pacaembu Piracicaba Incorporadora Ltda.,Marcos Sampaio Rodrigues,Bruno - Escritório RST&A,Yara Regina Araujo Richter,Ativo,Residencial Vida Nova Suíça,Cível,Vícios Construtivos,Primeira Instância,SP,Piracicaba,"30.000,00","33.107,25",,17/03/2025 16:09,Judicial,Ordinário - Conhecimento,Vara Cível,,,17/03/2025,,
463161,1026696-40.2024.8.26.0576,Pacaembu Papa Empreendimento Imobiliário Ltda,Mariana da Silva Oliveira,Thaia - Escritório RST&A,Miller Jean Guapo da Silva,Ativo,Residencial Jardim Sul,Cível,Ação de Rescisão Contratual,Primeira Instância,SP,São José do Rio Preto,"1.024,00","1.124,89",,11/03/2025 17:15,Judicial,Ordinário - Conhecimento,Vara Cível,,,11/03/2025,,
463085,1003734-73.2025.8.26.0451,Pacaembu Piracicaba Incorporadora Ltda.,Vagner Gonçalves dos Santos,Thaia - Escritório RST&A,Lenita Davanzo,Ativo,Piracicaba - Comviva,Cível,Vícios Construtivos,Primeira Instância,SP,Piracicaba,"20.000,00","21.165,25",,06/03/2025 12:07,Judicial,Ordinário - Conhecimento,Vara Cível,,,22/09/2025,,
463079,1008806-54.2025.8.26.0576,Pacaembu Água Santa - Empreendimento Imobiliário Ltda.,Airton Nogueira,Bruno - Escritório RST&A,N/A,Ativo,SJRP - Urban Fortes I - Fenhouse,Cível,Pagamento em Consignação,Primeira Instância,SP,São José do Rio Preto,"22.230,96","23.874,38",,05/03/2025 14:32,Judicial,Consignação,Vara Cível,,,28/02/2025,,
462969,1001392-32.2025.8.26.0664,Pacaembu Construtora S/A,Alecxandra Menezes Ramos,Bruno - Escritório RST&A,Guilherme Mendonça Mendes de Oliveira,Ativo,Parque Belo Horizonte II,Cível,Vícios Construtivos,Primeira Instância,SP,Votuporanga,"20.000,00","21.478,50",,25/02/2025 12:16,Judicial,Ordinário - Conhecimento,Vara Cível,,,25/03/2025,,
462943,0083917-14.2024.8.16.0014,Pacaembu Construtora S/A,Israel Antônio Pina,Bruno - Escritório RST&A,Celso José Bonifácio Junior,Ativo,Bem Viver Londrina,Cível,Cobrança indevida - ITBI,Primeira Instância,PR,Londrina,"12.996,00","14.023,72",,24/02/2025 11:36,Judicial,Ordinário - Conhecimento,Juizado Especial Cível,,,24/02/2025,,
462873,1002897-91.2025.8.26.0071,Pacaembu Construtora S/A,Lidia Maria Caldeira,Thaia - Escritório RST&A,Camila Ramonholi Chaves,Ativo,Vida Nova Harmonia,Cível,Obrigação de fazer,Primeira Instância,SP,Bauru,"3.000,00","3.221,77",,20/02/2025 18:01,Judicial,Ordinário - Conhecimento,Juizado Especial Cível,,,20/02/2025,,
462869,0010197-86.2025.5.15.0101,Pacaembu Construtora S/A,Jair Soares da Silva,Jurídico Trabalhista,Silvan Alves de Lima,Ativo,Vida Nova Assis II,Trabalhista,,Primeira Instância,SP,Marília,"65.095,65","0,00",,20/02/2025 16:35,Judicial,Reclamatória Trabalhista,Vara do Trabalho,,,26/08/2025,,
462854,1506554-72.2024.8.26.0344,Ej Administração de Bens Eireli,Prefeitura Municipal de Marília,Bentivegna e Ribeiro Advogados,Procuradoria do Estado de São Paulo,Ativo - não Pacaembu,,Cível,Execução Fiscal - IPTU,Primeira Instância,SP,Marília,"0,00","0,00",,20/02/2025 10:18,Judicial,Execução Fiscal,SAF - Serviço de Anexo Fiscal,,,20/02/2025,,
462800,1002776-63.2025.8.26.0071,Pacaembu Construtora S/A,Jorge Eduardo Pedroso Vigentini,Bruno - Escritório RST&A,Thainan Ferreguti,Ativo,Loteamento Vargem Limpa I,Cível,Vícios Construtivos,Primeira Instância,SP,Bauru,"129.000,00","0,00",,18/02/2025 11:54,Judicial,Ordinário - Conhecimento,Vara Cível,,,07/03/2025,,
462799,1002326-47.2025.8.26.0451,Pacaembu Construtora S/A,Ricardo Aparecido Projette,Bruno - Escritório RST&A,Guilherme Mendonça Mendes de Oliveira,Ativo,Residencial Vida Nova Suíça,Cível,Vícios Construtivos e Caixa de Esgoto,Primeira Instância,SP,Piracicaba,"38.000,00","40.809,15",,18/02/2025 11:41,Judicial,Ordinário - Conhecimento,Vara Cível,,,21/07/2025,,
462798,1000961-07.2025.8.26.0079,Pacaembu Construtora S/A,Diego Augusto Paula Romero,Thaia - Escritório RST&A,Guilherme Mendonça Mendes de Oliveira,Ativo,Vida Nova Botucatu,Cível,Vícios Construtivos,Primeira Instância,SP,Botucatu,"20.000,00","21.478,50",,18/02/2025 11:20,Judicial,Ordinário - Conhecimento,Vara Cível,,,27/03/2025,,
462722,1002298-79.2025.8.26.0451,Pacaembu Piracicaba Incorporadora Ltda.,Eliene Rodrigues da Silva,Bruno - Escritório RST&A,Stefany Marie Pereira,Ativo,Residencial Vida Nova Suíça,Cível,Vícios Construtivos,Primeira Instância,SP,Piracicaba,"20.000,00","21.478,50",,13/02/2025 17:01,Judicial,Ordinário - Conhecimento,Vara Cível,,,19/02/2025,,
462585,0010312-96.2025.5.15.0137,Pacaembu Construtora S/A,Cerlandia Santos de Oliveira Paixão,Jurídico Trabalhista,Jamil Aparecido Milani,Ativo,,Trabalhista,,Primeira Instância,SP,Piracicaba,"21.153,82","0,00",,10/02/2025 11:32,Judicial,Reclamatória Trabalhista,Vara do Trabalho,,,10/03/2025,,
462446,1001666-53.2025.8.26.0451,Pacaembu Construtora S/A,Marcinelha Esteves Vieira,Thaia - Escritório RST&A,Clarisse Ruhoff Damer,Ativo,Obra Não identificada,Cível,Negativação indevida,Primeira Instância,SP,Piracicaba,"30.000,00","32.217,75",,05/02/2025 15:31,Judicial,Ordinário - Conhecimento,Vara Cível,,,26/02/2025,,
462431,1007792-88.2024.8.26.0408,Pacaembu Ourinhos Constante - Empreendimento Imobiliário Ltda.,Gabriel Moraes Rodrigues Silva,Bruno - Escritório RST&A,Fernando Alves de Moura,Ativo,Ourinhos Constante 1,Cível,Recursos Próprios,Primeira Instância,SP,Ourinhos,"33.581,42","36.578,39",,04/02/2025 16:38,Judicial,Ordinário - Conhecimento,Vara Cível,,,04/02/2025,,
462376,0011123-96.2024.8.16.0045,Pacaembu Arapongas 1 - Empreendimento Imobiliário Ltda.,Janaine Pineti Francisco,Bruno - Escritório RST&A,Celso José Bonifácio Junior,Ativo,Arapongas - Bem Viver Arapongas,Cível,Vícios Construtivos e muro de arrimo,Primeira Instância,PR,Arapongas,"40.000,00","43.717,64",,30/01/2025 17:04,Judicial,Ordinário - Conhecimento,Vara Cível,,,03/02/2025,,
462335,1001335-71.2025.8.26.0451,Pacaembu Construtora S/A,Enzio Ricardo de Sousa Santos,Bruno - Escritório RST&A,Guilherme Mendonça Mendes de Oliveira,Ativo,Residencial Vida Nova Suíça,Cível,Caixa de Esgoto,Primeira Instância,SP,Piracicaba,"20.000,00","21.478,50",,29/01/2025 14:27,Judicial,Ordinário - Conhecimento,Vara Cível,,,18/03/2025,,
462325,1000589-09.2025.8.26.0451,Pacaembu Piracicaba Com Viva - Empreendimento Imobiliário Ltda. (Filial),Rivaldo da Silva,Thaia - Escritório RST&A,Stefany Marie Pereira,Ativo,Piracicaba - Comviva - Fase 2,Cível,Vícios Construtivos,Primeira Instância,SP,Piracicaba,"38.800,00","41.668,29",,29/01/2025 11:12,Judicial,Ordinário - Conhecimento,Vara Cível,,,03/02/2025,,
462227,0065627-48.2024.8.16.0014,Pacaembu Construtora S/A,Israel Antônio Pina,Bruno - Escritório RST&A,Celso José Bonifácio Junior,Ativo,Bem Viver Londrina,Cível,Vícios Construtivos e muro de arrimo,Primeira Instância,PR,Londrina,"40.000,00","43.778,93",,24/01/2025 14:50,Judicial,Ordinário - Conhecimento,Vara Cível,,,22/01/2025,,
462087,0010062-35.2025.5.15.0017,Pacaembu Construtora S/A,Reginaldo dos Santos,Jurídico Trabalhista,Esdras da Silva dos Santos,Ativo,Rio Preto (José Bernardo Coelho F1),Trabalhista,,Primeira Instância,SP,São José do Rio Preto,"316.984,24","0,00",,20/01/2025 17:23,Judicial,Reclamatória Trabalhista,Vara do Trabalho,,,28/08/2025,,
462028,0012868-76.2024.5.15.0082,Pacaembu São José do Rio Preto 336 - Empreendimento Imobiliário Ltda.,Railson de Moura de Souza,Jurídico Trabalhista,Vinicius Luis Castelan,Ativo,Residencial Bela Morada,Trabalhista,,Primeira Instância,SP,São José do Rio Preto,"58.062,51","0,00",,16/01/2025 15:54,Judicial,Reclamatória Trabalhista,Vara do Trabalho,,,10/03/2025,,
461995,1000761-61.2025.8.26.0576,Pacaembu São José do Rio Preto - Empreendimento Imobiliário Ltda.,Lana Caroline Camargo,Thaia - Escritório RST&A,Andressa Cristina Malagolini Aielo,Ativo,SJRP - Reserva Rio Preto (Egydio Zani),Cível,Vícios Construtivos e muro de arrimo,Primeira Instância,SP,São José do Rio Preto,"102.000,00","109.540,34",,15/01/2025 17:34,Judicial,Ordinário - Conhecimento,Vara Cível,,,14/04/2025,,
461994,1000711-35.2025.8.26.0576,Pacaembu São José do Rio Preto - Empreendimento Imobiliário Ltda.,Paola Tchetally dos Santos Lima,Thaia - Escritório RST&A,Andressa Cristina Malagolini Aielo,Ativo,SJRP - Reserva Rio Preto (Egydio Zani),Cível,Vícios Construtivos e muro de arrimo,Primeira Instância,SP,São José do Rio Preto,"102.000,00","109.540,34",,15/01/2025 17:18,Judicial,Ordinário - Conhecimento,Vara Cível,,,14/05/2025,,
461964,0012628-25.2024.8.16.0045,Pacaembu Construtora S/A,Wesley Igor de Souza,Bruno - Escritório RST&A,Celso José Bonifácio Junior,Ativo,Bem Viver Arapongas,Cível,Vícios Construtivos e muro de arrimo,Primeira Instância,PR,Arapongas,"40.000,00","43.778,93",,14/01/2025 12:09,Judicial,Ordinário - Conhecimento,Vara Cível,,,01/08/2025,,
461963,0012342-47.2024.8.16.0045,Pacaembu Construtora S/A,Vilma dos Reis,Bruno - Escritório RST&A,Celso José Bonifácio Junior,Ativo,Bem Viver Arapongas,Cível,Vícios Construtivos e muro de arrimo,Primeira Instância,PR,Arapongas,"40.000,00","43.778,93",,14/01/2025 12:04,Judicial,Ordinário - Conhecimento,Vara Cível,,,07/07/2025,,
461962,0011774-31.2024.8.16.0045,Pacaembu Construtora S/A,Stephany de Lima Lacerda,Bruno - Escritório RST&A,Celso José Bonifácio Junior,Ativo,Bem Viver Arapongas,Cível,Vícios Construtivos e muro de arrimo,Primeira Instância,PR,Arapongas,"40.000,00","43.778,93",,14/01/2025 12:00,Judicial,Ordinário - Conhecimento,Vara Cível,,,03/04/2025,,
461960,0015064-54.2024.8.16.0045,Pacaembu Construtora S/A,Maria Eduarda Ferreira de Lima,Bruno - Escritório RST&A,Celso José Bonifácio Junior,Ativo,Bem Viver Arapongas,Cível,Vícios Construtivos e muro de arrimo,Primeira Instância,PR,Arapongas,"40.000,00","43.305,63",,14/01/2025 11:51,Judicial,Ordinário - Conhecimento,Vara Cível,,,07/07/2025,,
461959,0012613-56.2024.8.16.0045,Pacaembu Construtora S/A,Marcia Aparecida de Lima,Bruno - Escritório RST&A,Celso José Bonifácio Junior,Ativo,Bem Viver Arapongas,Cível,Vícios Construtivos e muro de arrimo,Primeira Instância,PR,Arapongas,"40.000,00","43.778,93",,14/01/2025 11:44,Judicial,Ordinário - Conhecimento,Vara Cível,,,01/08/2025,,
461958,0012610-04.2024.8.16.0045,Pacaembu Construtora S/A,Leidevane Rosa Ferreira,Bruno - Escritório RST&A,Celso José Bonifácio Junior,Ativo,Bem Viver Arapongas,Cível,Vícios Construtivos e muro de arrimo,Primeira Instância,PR,Arapongas,"40.000,00","43.778,93",,14/01/2025 11:40,Judicial,Ordinário - Conhecimento,Vara Cível,,,15/07/2025,,
461957,0012608-34.2024.8.16.0045,Pacaembu Construtora S/A,Leandro de Jesus Ferreira da Rocha,Bruno - Escritório RST&A,Celso José Bonifácio Junior,Ativo,Bem Viver Arapongas,Cível,Vícios Construtivos e muro de arrimo,Primeira Instância,PR,Arapongas,"40.000,00","43.778,93",,14/01/2025 11:29,Judicial,Ordinário - Conhecimento,Vara Cível,,,26/05/2025,,
461954,0012602-27.2024.8.16.0045,Pacaembu Construtora S/A,Jessica Ataloane de Lima Campelo,Bruno - Escritório RST&A,Celso José Bonifácio Junior,Ativo,Bem Viver Arapongas,Cível,Vícios Construtivos e muro de arrimo,Primeira Instância,PR,Arapongas,"40.000,00","43.778,93",,14/01/2025 11:23,Judicial,Ordinário - Conhecimento,Vara Cível,,,22/03/2025,,
461953,0012336-40.2024.8.16.0045,Pacaembu Construtora S/A,Iranilde Silva Brasil,Bruno - Escritório RST&A,Celso José Bonifácio Junior,Ativo,Bem Viver Arapongas,Cível,Vícios Construtivos e muro de arrimo,Primeira Instância,PR,Arapongas,"40.000,00","43.778,93",,14/01/2025 11:19,Judicial,Ordinário - Conhecimento,Vara Cível,,,01/08/2025,,
461952,0011759-62.2024.8.16.0045,Pacaembu Construtora S/A,Jenifer Lins Leonor,Bruno - Escritório RST&A,Celso José Bonifácio Junior,Ativo,Bem Viver Arapongas,Cível,Vícios Construtivos e muro de arrimo,Primeira Instância,PR,Arapongas,"40.000,00","43.778,93",,14/01/2025 11:13,Judicial,Ordinário - Conhecimento,Vara Cível,,,02/06/2025,,
461951,0015065-39.2024.8.16.0045,Pacaembu Construtora S/A,Gilson Marco Ferreira de Lima,Bruno - Escritório RST&A,Celso José Bonifácio Junior,Ativo,Bem Viver Arapongas,Cível,Vícios Construtivos e muro de arrimo,Primeira Instância,PR,Arapongas,"40.000,00","43.305,63",,14/01/2025 11:11,Judicial,Ordinário - Conhecimento,Vara Cível,,,09/09/2025,,
461950,0015066-24.2024.8.16.0045,Pacaembu Construtora S/A,Allyson Adriano Padovani,Bruno - Escritório RST&A,Celso José Bonifácio Junior,Ativo,Bem Viver Arapongas,Cível,Vícios Construtivos e muro de arrimo,Primeira Instância,PR,Arapongas,"40.000,00","43.305,63",,14/01/2025 11:06,Judicial,Ordinário - Conhecimento,Vara Cível,,,05/06/2025,,
461948,0012335-55.2024.8.16.0045,Pacaembu Construtora S/A,Adilson Bernini Souza,Bruno - Escritório RST&A,Celso José Bonifácio Junior,Ativo,Bem Viver Arapongas,Cível,Vícios Construtivos e muro de arrimo,Primeira Instância,PR,Arapongas,"40.000,00","43.778,93",,14/01/2025 11:03,Judicial,Ordinário - Conhecimento,Vara Cível,,,20/02/2025,,
461947,0011750-03.2024.8.16.0045,Pacaembu Construtora S/A,Bianca Carolina de Souza Belli,Bruno - Escritório RST&A,Celso José Bonifácio Junior,Ativo,Bem Viver Arapongas,Cível,Vícios Construtivos e muro de arrimo,Primeira Instância,PR,Arapongas,"40.000,00","43.778,93",,14/01/2025 10:53,Judicial,Ordinário - Conhecimento,Vara Cível,,,07/04/2025,,
461946,0011744-93.2024.8.16.0045,Pacaembu Construtora S/A,Ana Paula Camaro,Bruno - Escritório RST&A,Celso José Bonifácio Junior,Ativo,Bem Viver Arapongas,Cível,Vícios Construtivos e muro de arrimo,Primeira Instância,PR,Arapongas,"40.000,00","43.778,93",,14/01/2025 10:45,Judicial,Ordinário - Conhecimento,Vara Cível,,,09/09/2025,,
461941,0011126-51.2024.8.16.0045,Pacaembu Construtora S/A,Margarida Bispo de Brites,Bruno - Escritório RST&A,Celso José Bonifácio Junior,Ativo,Bem Viver Arapongas,Cível,Vícios Construtivos e muro de arrimo,Primeira Instância,PR,Arapongas,"40.000,00","43.717,64",,13/01/2025 16:53,Judicial,Ordinário - Conhecimento,Vara Cível,,,03/04/2025,,
461939,0011125-66.2024.8.16.0045,Pacaembu Construtora S/A,Jeferson Moreira Fagotti,Bruno - Escritório RST&A,Celso José Bonifácio Junior,Ativo,Bem Viver Arapongas,Cível,Vícios Construtivos e muro de arrimo,Primeira Instância,PR,Arapongas,"40.000,00","43.717,64",,13/01/2025 16:43,Judicial,Ordinário - Conhecimento,Vara Cível,,,13/03/2025,,
461938,0011122-14.2024.8.16.0045,Pacaembu Construtora S/A,Jacir Casturino Antunes Soares,Bruno - Escritório RST&A,Celso José Bonifácio Junior,Ativo,Bem Viver Arapongas,Cível,Vícios Construtivos e muro de arrimo,Primeira Instância,PR,Arapongas,"40.000,00","43.717,64",,13/01/2025 16:34,Judicial,Ordinário - Conhecimento,Vara Cível,,,13/03/2025,,
461937,0011117-89.2024.8.16.0045,Pacaembu Construtora S/A,Alberto Alves de Freitas Junior,Bruno - Escritório RST&A,Celso José Bonifácio Junior,Ativo,Bem Viver Arapongas,Cível,Vícios Construtivos e muro de arrimo,Primeira Instância,PR,Arapongas,"40.000,00","43.717,64",,13/01/2025 16:10,Judicial,Ordinário - Conhecimento,Vara Cível,,,01/09/2025,,
461936,0010993-09.2024.8.16.0045,Pacaembu Construtora S/A,Danilo dos Santos Soares,Bruno - Escritório RST&A,Leonardo de Almeida Zanetti,Ativo,Bem Viver Arapongas,Cível,Vícios Construtivos,Primeira Instância,PR,Arapongas,"27.998,23","30.600,41",,13/01/2025 15:54,Judicial,Ordinário - Conhecimento,Vara Cível,,,03/02/2025,,
461935,0010990-54.2024.8.16.0045,Pacaembu Construtora S/A,Andreia Maringonda,Bruno - Escritório RST&A,Leonardo de Almeida Zanetti,Ativo,Bem Viver Arapongas,Cível,Vícios Construtivos,Primeira Instância,PR,Arapongas,"28.145,36","30.761,21",,13/01/2025 15:30,Judicial,Ordinário - Conhecimento,Vara Cível,,,10/04/2025,,
461926,1053529-95.2024.8.26.0576,Pacaembu São José do Rio Preto - Empreendimento Imobiliário Ltda.,Jackeline Navarro Amorim,Thaia - Escritório RST&A,Luany Capelini Juliano,Ativo,SJRP - Reserva Rio Preto (Egydio Zani),Cível,Vícios Construtivos e muro de arrimo,Primeira Instância,SP,São José do Rio Preto,"102.000,00","110.429,35",,13/01/2025 11:47,Judicial,Ordinário - Conhecimento,Vara Cível,,,13/01/2025,,
461894,1057424-64.2024.8.26.0576,Pacaembu São José do Rio Preto - Empreendimento Imobiliário Ltda.,Ioneide Alves de Freitas,Thaia - Escritório RST&A,Luany Capelini Juliano,Ativo,SJRP - Reserva Rio Preto (Egydio Zani),Cível,Vícios Construtivos e muro de arrimo,Primeira Instância,SP,São José do Rio Preto,"102.000,00","110.066,13",,09/01/2025 12:04,Judicial,Ordinário - Conhecimento,Vara Cível,,,23/01/2025,,
461835,1028403-30.2024.8.26.0451,Pacaembu Piracicaba Incorporadora Ltda.,Suzana Vanessa Correia da Silva,Bruno - Escritório RST&A,Everton de Oliveira Gil,Ativo,Residencial Vida Nova Suíça,Cível,Vícios Construtivos,Primeira Instância,SP,Piracicaba,"25.000,00","26.976,99",,07/01/2025 12:07,Judicial,Ordinário - Conhecimento,Vara Cível,,,22/01/2025,,
461699,1027255-81.2024.8.26.0451,Pacaembu Construtora S/A,Katia Juliana Sesso Alves,Bruno - Escritório RST&A,Guilherme Mendonça Mendes de Oliveira,Ativo,Residencial Vida Nova Suíça,Cível,Caixa de Esgoto,Primeira Instância,SP,Piracicaba,"30.000,00","32.372,39",,03/01/2025 16:44,Judicial,Ordinário - Conhecimento,Vara Cível,,,03/04/2025,,
461698,1027254-96.2024.8.26.0451,Pacaembu Construtora S/A,Adivaldo Gomes dos Santos,Bruno - Escritório RST&A,Guilherme Mendonça Mendes de Oliveira,Ativo,Piracicaba - Vida Nova Piracicaba I (Nova Suiça),Cível,Caixa de Esgoto,Primeira Instância,SP,Piracicaba,"30.000,00","32.372,39",,03/01/2025 16:40,Judicial,Ordinário - Conhecimento,Vara Cível,,,16/04/2025,,
461697,1027253-14.2024.8.26.0451,Pacaembu Construtora S/A,Leonardo Tavares Alves,Bruno - Escritório RST&A,Guilherme Mendonça Mendes de Oliveira,Ativo,Residencial Vida Nova Suíça,Cível,Caixa de Esgoto,Primeira Instância,SP,Piracicaba,"30.000,00","32.372,39",,03/01/2025 16:32,Judicial,Ordinário - Conhecimento,Vara Cível,,,28/05/2025,,
461696,1027252-29.2024.8.26.0451,Pacaembu Construtora S/A,Gabriela Caroline Iacope,Bruno - Escritório RST&A,Guilherme Mendonça Mendes de Oliveira,Ativo,Residencial Vida Nova Suíça,Cível,Caixa de Esgoto,Primeira Instância,SP,Piracicaba,"30.000,00","32.372,39",,03/01/2025 16:25,Judicial,Ordinário - Conhecimento,Vara Cível,,,01/04/2025,,
461695,1027250-59.2024.8.26.0451,Pacaembu Construtora S/A,Vinicius Goes Pereira,Bruno - Escritório RST&A,Guilherme Mendonça Mendes de Oliveira,Ativo,Residencial Vida Nova Suíça,Cível,Caixa de Esgoto,Primeira Instância,SP,Piracicaba,"30.000,00","32.372,39",,03/01/2025 16:10,Judicial,Ordinário - Conhecimento,Vara Cível,,,26/06/2025,,
461685,1056312-60.2024.8.26.0576,Pacaembu São José do Rio Preto - Empreendimento Imobiliário Ltda.,Vanessa Pereira Gomes,Thaia - Escritório RST&A,Beatriz Catelani Pereira,Ativo,SJRP - Reserva Rio Preto (Egydio Zani),Cível,Vícios Construtivos e muro de arrimo,Primeira Instância,SP,São José do Rio Preto,"102.000,00","110.066,13",,03/01/2025 09:39,Judicial,Ordinário - Conhecimento,Vara Cível,,,20/03/2025,,
461684,1056310-90.2024.8.26.0576,Pacaembu São José do Rio Preto - Empreendimento Imobiliário Ltda.,Raysses Murielen Felipe Angelo Gonçalves,Thaia - Escritório RST&A,Beatriz Catelani Pereira,Ativo,SJRP - Reserva Rio Preto (Egydio Zani),Cível,Vícios Construtivos e muro de arrimo,Primeira Instância,SP,São José do Rio Preto,"102.000,00","110.066,13",,03/01/2025 09:23,Judicial,Ordinário - Conhecimento,Vara Cível,,,04/02/2025,,
461664,1056307-38.2024.8.26.0576,Pacaembu São José do Rio Preto - Empreendimento Imobiliário Ltda.,Monara Frias de Souza,Thaia - Escritório RST&A,Beatriz Catelani Pereira,Ativo,SJRP - Reserva Rio Preto (Egydio Zani),Cível,Vícios Construtivos e muro de arrimo,Primeira Instância,SP,São José do Rio Preto,"102.000,00","110.066,13",,02/01/2025 17:46,Judicial,Ordinário - Conhecimento,Vara Cível,,,17/01/2025,,
461662,1056305-68.2024.8.26.0576,Pacaembu São José do Rio Preto - Empreendimento Imobiliário Ltda.,Leticia Eduarda de Brito Costa,Thaia - Escritório RST&A,Beatriz Catelani Pereira,Ativo,SJRP - Reserva Rio Preto (Egydio Zani),Cível,Vícios Construtivos e muro de arrimo,Primeira Instância,SP,São José do Rio Preto,"102.000,00","110.066,13",,02/01/2025 17:27,Judicial,Ordinário - Conhecimento,Vara Cível,,,27/01/2025,,
461659,1056301-31.2024.8.26.0576,Pacaembu São José do Rio Preto - Empreendimento Imobiliário Ltda.,Isabella Maria Simonato,Thaia - Escritório RST&A,Beatriz Catelani Pereira,Ativo,SJRP - Reserva Rio Preto (Egydio Zani),Cível,Vícios Construtivos e muro de arrimo,Primeira Instância,SP,São José do Rio Preto,"102.000,00","110.066,13",,02/01/2025 16:21,Judicial,Ordinário - Conhecimento,Vara Cível,,,01/04/2025,,
461658,1056311-75.2024.8.26.0576,Pacaembu São José do Rio Preto - Empreendimento Imobiliário Ltda.,Saulo Semeone,Thaia - Escritório RST&A,Beatriz Catelani Pereira,Ativo,SJRP - Reserva Rio Preto (Egydio Zani),Cível,Vícios Construtivos e muro de arrimo,Primeira Instância,SP,São José do Rio Preto,"102.000,00","110.066,13",,02/01/2025 15:46,Judicial,Ordinário - Conhecimento,Vara Cível,,,02/01/2025,,
461654,1026908-48.2024.8.26.0451,Pacaembu Piracicaba Incorporadora Ltda.,Fabiane Daniele da Silva Ricardo,Bruno - Escritório RST&A,Everton de Oliveira Gil,Ativo,Residencial Vida Nova Suíça,Cível,Vícios Construtivos,Primeira Instância,SP,Piracicaba,"25.000,00","26.976,99",,02/01/2025 14:41,Judicial,Ordinário - Conhecimento,Vara Cível,,,17/01/2025,,
461610,1055886-48.2024.8.26.0576,Pacaembu São José do Rio Preto - Empreendimento Imobiliário Ltda.,Natanael Pereira Francisco,Thaia - Escritório RST&A,Luany Capelini Juliano,Ativo,SJRP - Reserva Rio Preto (Egydio Zani),Cível,Vícios Construtivos e muro de arrimo,Primeira Instância,SP,São José do Rio Preto,"102.000,00","110.066,13",,27/12/2024 12:57,Judicial,Ordinário - Conhecimento,Vara Cível,,,27/12/2024,,
461606,1056300-46.2024.8.26.0576,Pacaembu São José do Rio Preto - Empreendimento Imobiliário Ltda.,Guilherme Ribeiro da Silva,Thaia - Escritório RST&A,Beatriz Catelani Pereira,Ativo,SJRP - Reserva Rio Preto (Egydio Zani),Cível,Vícios Construtivos e muro de arrimo,Primeira Instância,SP,São José do Rio Preto,"102.000,00","0,00",,26/12/2024 17:27,Judicial,Ordinário - Conhecimento,Vara Cível,,,26/12/2024,,
461603,0010992-24.2024.8.16.0045,Pacaembu Construtora S/A,Simone Dutra,Bruno - Escritório RST&A,Leonardo de Almeida Zanetti,Ativo,Bem Viver Arapongas,Cível,Vícios Construtivos,Primeira Instância,PR,Arapongas,"28.117,64","30.774,00",,26/12/2024 17:10,Judicial,Ordinário - Conhecimento,Vara Cível,,,27/12/2024,,
461602,0012612-71.2024.8.16.0045,Pacaembu Construtora S/A,Medellyn Sabrina Machado,Bruno - Escritório RST&A,Celso José Bonifácio Junior,Ativo,Bem Viver Arapongas,Cível,Vícios Construtivos e muro de arrimo,Primeira Instância,PR,Arapongas,"40.000,00","43.778,93",,26/12/2024 16:59,Judicial,Ordinário - Conhecimento,Vara Cível,,,27/12/2024,,
461597,1001178-14.2024.8.26.0458,Pacaembu Piratininga 464 - Empreendimento Imobiliario LTDA,Prefeitura Municipal de Piratininga,Serur Advogados,Procuradoria do Estado de São Paulo,Ativo,Residencial Vale Verde I e II,Tributário,Cobrança indevida - ITBI,Primeira Instância,SP,Piratininga,"10.000,00","0,00",,26/12/2024 15:37,Judicial,Mandado de Segurança - Tributário,Vara Cível,,,26/12/2024,,
461559,0010785-02.2024.5.15.0078,Salto de Pirapora Empreendimento Imobiliário,Marcia Aparecida de Matos Leite,Jurídico Trabalhista,Renato Vieira de Moraes,Ativo,Vida Nova Salto de Pirapora,Trabalhista,,Primeira Instância,SP,Piedade,"8.736,39","0,00",,23/12/2024 17:16,Judicial,Reclamatória Trabalhista,Vara do Trabalho,,,20/12/2024,,
461555,1056304-83.2024.8.26.0576,Pacaembu São José do Rio Preto - Empreendimento Imobiliário Ltda.,Layra Susan Ramos Salvador,Thaia - Escritório RST&A,Beatriz Catelani Pereira,Ativo,SJRP - Reserva Rio Preto (Egydio Zani),Cível,Vícios Construtivos e muro de arrimo,Primeira Instância,SP,São José do Rio Preto,"102.000,00","110.066,13",,23/12/2024 11:20,Judicial,Ordinário - Conhecimento,Vara Cível,,,03/02/2025,,
461457,1055342-60.2024.8.26.0576,Pacaembu São José do Rio Preto - Empreendimento Imobiliário Ltda.,Jussara Angelica Garcia,Escritório Reis & Souza Advogados,Luany Capelini Juliano,Aguardando Citação,SJRP - Reserva Rio Preto (Egydio Zani),Cível,Vícios Construtivos e muro de arrimo,Primeira Instância,SP,São José do Rio Preto,"102.000,00","110.066,13",,17/12/2024 10:39,Judicial,Ordinário - Conhecimento,Vara Cível,,,17/12/2024,,
461455,1055814-61.2024.8.26.0576,Pacaembu São José do Rio Preto - Empreendimento Imobiliário Ltda.,Marinete Candida Magalhaes da Silva,Escritório Reis & Souza Advogados,Luany Capelini Juliano,Aguardando Citação,SJRP - Reserva Rio Preto (Egydio Zani),Cível,Vícios Construtivos e muro de arrimo,Primeira Instância,SP,São José do Rio Preto,"102.000,00","110.066,13",,17/12/2024 10:06,Judicial,Ordinário - Conhecimento,Vara Cível,,,17/12/2024,,
461443,1055802-47.2024.8.26.0576,Pacaembu São José do Rio Preto - Empreendimento Imobiliário Ltda.,Leandro Calixto Cortez,Escritório Reis & Souza Advogados,Luany Capelini Juliano,Aguardando Citação,SJRP - Reserva Rio Preto (Egydio Zani),Cível,Vícios Construtivos e muro de arrimo,Primeira Instância,SP,São José do Rio Preto,"102.000,00","110.066,13",,16/12/2024 17:45,Judicial,Ordinário - Conhecimento,Vara Cível,,,03/12/2024,,
461354,0011947-70.2024.5.15.0033,Gold Land Empreendimentos Imobiliários Ltda,Valdeir Montanari,Jurídico Trabalhista,Natalia Aparecida Torres,Aguardando Notificação,,Trabalhista,,Primeira Instância,SP,Marília,"34.278,09","0,00",,13/12/2024 15:06,Judicial,Reclamatória Trabalhista,Vara do Trabalho,,,13/12/2024,,
461091,1065979-86.2024.8.26.0506,Haus Compra e Venda de Bens Imóveis Ltda.,Olavo Bernardes Filgueiras Filho,Thaia - Escritório RST&A,Luciana Silva Miguel,Ativo,Diversos,Cível,Obrigação de Fazer / Não Fazer,Primeira Instância,SP,Ribeirão Preto,"200.000,00","215.815,94",,12/12/2024 17:55,Judicial,Ordinário - Conhecimento,Vara Cível,,,06/12/2024,,
460929,5000064-97.2024.4.03.6131,Pacaembu Construtora S/A,Bruno Giovanni de Lima Abramo,Bruno - Escritório RST&A,Yves Patrick Pescatori Galendi,Ativo,Vida Nova Botucatu,Cível,Obrigação de Fazer - Regularização Matrícula,Primeira Instância,SP,Botucatu,"211.990,00","0,00",,11/12/2024 11:52,Judicial,Ordinário - Conhecimento,Vara Federal,,,11/12/2024,,
460927,5002413-42.2024.4.03.6109,Pacaembu Piracicaba Incorporadora Ltda.,Maurizia Francisco de Amaral,Bruno - Escritório RST&A,Simone de Lourdes Severino,Ativo,Piracicaba - Nova Suiça,Cível,Vícios Construtivos,Primeira Instância,SP,Piracicaba,"10.000,00","0,00",,11/12/2024 11:32,Judicial,Ordinário - Conhecimento,Vara Federal,,,11/12/2024,,
460925,0011743-11.2024.8.16.0045,Pacaembu Construtora S/A,Ana Paula Aparecida Roza,Bruno - Escritório RST&A,Celso José Bonifácio Junior,Ativo,Bem Viver Arapongas,Cível,Vícios Construtivos e muro de arrimo,Primeira Instância,PR,Arapongas,"40.000,00","43.778,93",,11/12/2024 11:09,Judicial,Ordinário - Conhecimento,Vara Cível,,,11/12/2024,,
460673,1051875-73.2024.8.26.0576,Pacaembu São José do Rio Preto - Empreendimento Imobiliário Ltda.,Chayene Carolini Dutra Basilio,Thaia - Escritório RST&A,Luany Capelini Juliano,Ativo,SJRP - Reserva Rio Preto (Egydio Zani),Cível,Vícios Construtivos e muro de arrimo,Primeira Instância,SP,São José do Rio Preto,"102.000,00","110.429,35",,09/12/2024 16:34,Judicial,Ordinário - Conhecimento,Vara Cível,,,05/12/2024,,
460671,1054589-06.2024.8.26.0576,Pacaembu São José do Rio Preto - Empreendimento Imobiliário Ltda.,Jaqueline Galdino dos Santos,Thaia - Escritório RST&A,Luany Capelini Juliano,Ativo,SJRP - Reserva Rio Preto (Egydio Zani),Cível,Vícios Construtivos e muro de arrimo,Primeira Instância,SP,São José do Rio Preto,"102.000,00","110.066,13",,09/12/2024 16:18,Judicial,Ordinário - Conhecimento,Vara Cível,,,13/03/2025,,
460632,0012710-21.2024.5.15.0082,Pacaembu São José do Rio Preto 336 - Empreendimento Imobiliário Ltda.,Gustavo Andrade Marconi,Jurídico Trabalhista,Vitor Laurintino Vilella Cardeliquio,Ativo,Piracicaba – Nova Suíça Administrativo,Trabalhista,,Primeira Instância,SP,São José do Rio Preto,"88.033,89","0,00",,09/12/2024 11:22,Judicial,Reclamatória Trabalhista,Vara do Trabalho,,,01/04/2025,,
460568,1051874-88.2024.8.26.0576,Pacaembu São José do Rio Preto - Empreendimento Imobiliário Ltda.,Angela Nascimento Martins,Thaia - Escritório RST&A,Andressa Cristina Malagolini Aielo,Ativo,SJRP - Reserva Rio Preto (Egydio Zani),Cível,Vícios Construtivos e muro de arrimo,Primeira Instância,SP,São José do Rio Preto,"102.000,00","110.429,35",,06/12/2024 16:56,Judicial,Ordinário - Conhecimento,Vara Cível,,,02/12/2024,,
460567,1009995-52.2024.8.26.0269,Pacaembu Construtora S/A,Viviane Matias Silva,Bruno - Escritório RST&A,Sergio Ricardo Sambra Suyama,Ativo,,Cível,Devolução de Sinal,Primeira Instância,SP,Itapetininga,"12.793,05","14.001,65",,06/12/2024 16:37,Judicial,Ordinário - Conhecimento,Vara Cível,,,06/12/2024,,
460565,1022773-94.2024.8.26.0482,Pacaembu Construtora S/A,Condomínio Residencial Bela Vista,Thaia - Escritório RST&A,Jose Antonio da Silva Garcia Junior,Ativo,Presidente Prudente,Cível,Produção Antecipada de Provas,Primeira Instância,SP,Presidente Prudente,"15.000,00","16.338,67",,06/12/2024 16:06,Judicial,Ordinário - Conhecimento,Vara Cível,,,23/12/2024,,
460562,1030816-89.2024.8.26.0071,Pacaembu Bauru - Empreendimento Imobiliário Ltda.,Jéssica Letícia Vitorino,Thaia - Escritório RST&A,Luciano Francisco de Oliveira,Ativo,Bauru - Loteamento Vargem Limpa I,Cível,Alienação Fiduciária,Primeira Instância,SP,Bauru,"10.382,93","11.240,98",,06/12/2024 15:26,Judicial,Ordinário - Conhecimento,Vara Cível,,,06/12/2024,,
460530,1030813-37.2024.8.26.0071,Pacaembu Bauru - Empreendimento Imobiliário Ltda.,Jéssica Letícia Vitorino,Thaia - Escritório RST&A,Luciano Francisco de Oliveira,Ativo,Bauru - Loteamento Vargem Limpa I,Cível,Alienação Fiduciária,Primeira Instância,SP,Bauru,"11.606,14","12.565,28",,06/12/2024 14:28,Judicial,Ordinário - Conhecimento,Vara Cível,,,26/12/2024,,
460401,1053599-15.2024.8.26.0576,Pacaembu São José do Rio Preto - Empreendimento Imobiliário Ltda.,Luciane Batista Reis,Thaia - Escritório RST&A,Luany Capelini Juliano,Ativo,SJRP - Reserva Rio Preto (Egydio Zani),Cível,Vícios Construtivos e muro de arrimo,Primeira Instância,SP,São José do Rio Preto,"102.000,00","110.429,35",,05/12/2024 16:31,Judicial,Ordinário - Conhecimento,Vara Cível,,,02/05/2025,,
460395,1053459-78.2024.8.26.0576,Pacaembu São José do Rio Preto - Empreendimento Imobiliário Ltda.,Bruno Cruz dos Santos,Thaia - Escritório RST&A,Luany Capelini Juliano,Ativo,SJRP - Reserva Rio Preto (Egydio Zani),Cível,Vícios Construtivos e muro de arrimo,Primeira Instância,SP,São José do Rio Preto,"102.000,00","110.429,35",,05/12/2024 15:14,Judicial,Ordinário - Conhecimento,Vara Cível,,,16/12/2024,,
460393,1053450-19.2024.8.26.0576,Pacaembu São José do Rio Preto - Empreendimento Imobiliário Ltda.,Flávia Rebeca Fabio,Thaia - Escritório RST&A,Luany Capelini Juliano,Ativo,SJRP - Reserva Rio Preto (Egydio Zani),Cível,Vícios Construtivos e muro de arrimo,Primeira Instância,SP,São José do Rio Preto,"102.000,00","110.429,35",,05/12/2024 14:53,Judicial,Ordinário - Conhecimento,Vara Cível,,,02/12/2024,,
460300,0061383-76.2024.8.16.0014,Pacaembu Construtora S/A,Paulo Marcelo Pellegrini,Bruno - Escritório RST&A,Celso José Bonifácio Junior,Ativo,Bem Viver Londrina,Cível,Vícios Construtivos e muro de arrimo,Primeira Instância,PR,Londrina,"40.000,00","43.778,93",,04/12/2024 14:42,Judicial,Ordinário - Conhecimento,Vara Cível,,,03/12/2024,,
459973,0059112-94.2024.8.16.0014,Pacaembu Construtora S/A,Lucimara Marcelo Marra,Bruno - Escritório RST&A,Celso José Bonifácio Junior,Ativo,Bem Viver Londrina,Cível,Vícios Construtivos e muro de arrimo,Primeira Instância,PR,Londrina,"40.000,00","0,00",,02/12/2024 15:44,Judicial,Ordinário - Conhecimento,Vara Cível,,,02/12/2024,,
459970,1025028-10.2024.8.26.0196,Pacaembu Construtora S/A,Condomínio Vida Nova Franca Iv,Thaia - Escritório RST&A,Isabela Peixoto de Araújo,Ativo,Vida Nova Franca IV,Cível,Vícios Construtivos,Primeira Instância,SP,Franca,"30.000,00","32.834,19",,02/12/2024 15:26,Judicial,Ordinário - Conhecimento,Vara Cível,,,02/12/2024,,
459453,1051900-86.2024.8.26.0576,Pacaembu São José do Rio Preto - Empreendimento Imobiliário Ltda.,Roberta Anteliz Nardoni,Escritório Reis & Souza Advogados,Andressa Cristina Malagolini Aielo,Aguardando Citação,SJRP - Reserva Rio Preto (Egydio Zani),Cível,Vícios Construtivos e muro de arrimo,Primeira Instância,SP,São José do Rio Preto,"102.000,00","110.429,35",,26/11/2024 18:17,Judicial,Ordinário - Conhecimento,Vara Cível,,,25/11/2024,,
459450,1051894-79.2024.8.26.0576,Pacaembu São José do Rio Preto - Empreendimento Imobiliário Ltda.,Rose Vitoria dos Santos Liebana,Thaia - Escritório RST&A,Andressa Cristina Malagolini Aielo,Ativo,SJRP - Reserva Rio Preto (Egydio Zani),Cível,Vícios Construtivos e muro de arrimo,Primeira Instância,SP,São José do Rio Preto,"102.000,00","110.429,35",,26/11/2024 17:47,Judicial,Ordinário - Conhecimento,Vara Cível,,,14/03/2025,,
459449,1051892-12.2024.8.26.0576,Pacaembu São José do Rio Preto - Empreendimento Imobiliário Ltda.,Regiane Nunes,Thaia - Escritório RST&A,Andressa Cristina Malagolini Aielo,Ativo,SJRP - Reserva Rio Preto (Egydio Zani),Cível,Vícios Construtivos e muro de arrimo,Primeira Instância,SP,São José do Rio Preto,"102.000,00","110.429,35",,26/11/2024 17:40,Judicial,Ordinário - Conhecimento,Vara Cível,,,10/12/2024,,
459447,1051891-27.2024.8.26.0576,Pacaembu São José do Rio Preto - Empreendimento Imobiliário Ltda.,Raphaela Ribeiro de Rezende,Thaia - Escritório RST&A,Andressa Cristina Malagolini Aielo,Ativo,SJRP - Reserva Rio Preto (Egydio Zani),Cível,Vícios Construtivos e muro de arrimo,Primeira Instância,SP,São José do Rio Preto,"102.000,00","110.429,35",,26/11/2024 17:01,Judicial,Ordinário - Conhecimento,Vara Cível,,,29/11/2024,,
459441,1051884-35.2024.8.26.0576,Pacaembu São José do Rio Preto - Empreendimento Imobiliário Ltda.,Lauane Ferreira Garcia,Thaia - Escritório RST&A,Andressa Cristina Malagolini Aielo,Ativo,SJRP - Reserva Rio Preto (Egydio Zani),Cível,Vícios Construtivos e muro de arrimo,Primeira Instância,SP,São José do Rio Preto,"102.000,00","110.429,35",,26/11/2024 15:57,Judicial,Ordinário - Conhecimento,Vara Cível,,,20/03/2025,,
459347,1051882-65.2024.8.26.0576,Pacaembu São José do Rio Preto - Empreendimento Imobiliário Ltda.,Karen Kelly Noronha Alves,Thaia - Escritório RST&A,Andressa Cristina Malagolini Aielo,Ativo,SJRP - Reserva Rio Preto (Egydio Zani),Cível,Vícios Construtivos e muro de arrimo,Primeira Instância,SP,São José do Rio Preto,"102.000,00","110.429,35",,25/11/2024 17:15,Judicial,Ordinário - Conhecimento,Vara Cível,,,01/08/2025,,
459343,1051872-21.2024.8.26.0576,Pacaembu São José do Rio Preto - Empreendimento Imobiliário Ltda.,Alexandre Camargo,Thaia - Escritório RST&A,Andressa Cristina Malagolini Aielo,Ativo,SJRP - Reserva Rio Preto (Egydio Zani),Cível,Vícios Construtivos e muro de arrimo,Primeira Instância,SP,São José do Rio Preto,"102.000,00","110.429,35",,25/11/2024 16:01,Judicial,Ordinário - Conhecimento,Vara Cível,,,20/03/2025,,
459095,0065620-56.2024.8.16.0014,Pacaembu Construtora S/A,Rayanna de Souza Araujo,Bruno - Escritório RST&A,Celso José Bonifácio Junior,Ativo,Bem Viver Londrina,Cível,Vícios Construtivos e muro de arrimo,Primeira Instância,PR,Londrina,"40.000,00","43.778,93",,22/11/2024 15:41,Judicial,Ordinário - Conhecimento,Vara Cível,,,18/11/2024,,
458648,1017143-83.2024.8.26.0344,Pacaembu Marilia Altos do Palmital 379 - Empreendimento Imobiliario LTDA,Roberta Kelly Lima Ferreira,Bruno - Escritório RST&A,Diego da Silva Gama,Ativo,Vida Nova Palmital,Cível,Devolução de Sinal,Primeira Instância,SP,Marília,"6.000,00","6.535,47",,18/11/2024 15:25,Judicial,Ordinário - Conhecimento,Vara Cível,,,18/11/2024,,
458056,0011121-29.2024.8.16.0045,Pacaembu Construtora S/A,Fernando Henrique Fogaça de Oliveira,Bruno - Escritório RST&A,Celso José Bonifácio Junior,Ativo,Bem Viver Arapongas,Cível,Vícios Construtivos e muro de arrimo,Primeira Instância,PR,Arapongas,"40.000,00","43.717,64",,12/11/2024 13:43,Judicial,Ordinário - Conhecimento,Vara Cível,,,11/11/2024,,
458021,0009489-65.2024.8.16.0045,Pacaembu Construtora S/A,Vanessa Cristina de Souza,Bruno - Escritório RST&A,Leonardo de Almeida Zanetti,Ativo,Bem Viver Arapongas,Cível,Vícios Construtivos,Primeira Instância,PR,Arapongas,"28.319,43","31.031,94",,12/11/2024 11:56,Judicial,Ordinário - Conhecimento,Vara Cível,,,11/11/2024,,
457926,0057334-89.2024.8.16.0014,Pacaembu Construtora S/A,Daiani Barreiro Rech,Bruno - Escritório RST&A,Leonardo de Almeida Zanetti,Ativo,Bem Viver Londrina,Cível,Vícios Construtivos,Primeira Instância,PR,Londrina,"28.128,92","30.743,25",,11/11/2024 15:25,Judicial,Ordinário - Conhecimento,Vara Cível,,,07/11/2024,,
457196,0012344-17.2024.8.16.0045,Pacaembu Construtora S/A,William Amaro Pereira de Oliveira,Bruno - Escritório RST&A,Celso José Bonifácio Junior,Ativo,Bem Viver Arapongas,Cível,Vícios Construtivos e muro de arrimo,Primeira Instância,PR,Arapongas,"40.000,00","43.778,93",,05/11/2024 11:05,Judicial,Ordinário - Conhecimento,Vara Cível,,,01/11/2024,,
456718,1047885-74.2024.8.26.0576,Pacaembu Construtora S/A,Adrielle Souza Paschoalino Amorim,Thaia - Escritório RST&A,Wadi Atique,Ativo,Fenhouse,Cível,Vícios Construtivos,Primeira Instância,SP,São José do Rio Preto,"15.500,00","16.883,29",,28/10/2024 16:45,Judicial,Ordinário - Conhecimento,Vara Cível,,,01/08/2025,,
456714,1023633-91.2024.8.26.0451,Pacaembu Piracicaba Incorporadora Ltda.,Raquel Araujo Dias,Bruno - Escritório RST&A,Stefany Marie Pereira,Ativo,Residencial Vida Nova Suíça,Cível,Vícios Construtivos,Primeira Instância,SP,Piracicaba,"20.000,00","21.784,90",,28/10/2024 16:19,Judicial,Ordinário - Conhecimento,Vara Cível,,,01/11/2024,,
456712,1023323-85.2024.8.26.0451,Pacaembu Piracicaba Incorporadora Ltda.,Jeferson Bezerra Lima,Bruno - Escritório RST&A,Everton de Oliveira Gil,Ativo,Residencial Vida Nova Suíça,Cível,Vícios Construtivos,Primeira Instância,SP,Piracicaba,"25.000,00","27.231,12",,28/10/2024 15:55,Judicial,Ordinário - Conhecimento,Vara Cível,,,28/10/2024,,
456553,1027945-86.2024.8.26.0071,Pacaembu Bauru Azevedo - Empreendimento Imobiliário Ltda.,Secretário Municipal de Economia e Finanças de Bauru/SP,Serur Advogados,Procurador do Municipio de Bauru,Ativo,Bauru - Vida Nova Harmonia,Tributário,Cobrança indevida - ITBI,Primeira Instância,SP,Bauru,"10.000,00","10.892,45",,25/10/2024 15:47,Judicial,Mandado de Segurança,Vara da Fazenda Pública,,,25/10/2024,,
456111,0001039-34.2024.5.09.0513,Pacaembu Construtora S/A,Barbara Barbetta Leidens,Jurídico Trabalhista,Igor Filus Ludkevitck,Ativo,Paraná,Trabalhista,,Primeira Instância,PR,Londrina,"80.753,75","0,00",,22/10/2024 16:34,Judicial,Reclamatória Trabalhista,Vara do Trabalho,,,22/10/2024,,
456044,1014611-13.2024.8.26.0482,Haus Compra e Venda de Bens Imóveis Ltda.,Fausto Leandro da Silva,Thaia - Escritório RST&A,Carlos Jose Gonçalves Rosa,Ativo,Vida Nova Presidente Prudente II,Cível,Alienação Fiduciária,Primeira Instância,SP,Presidente Prudente,"19.025,77","20.848,11",,22/10/2024 10:57,Judicial,Ordinário - Conhecimento,Vara Cível,,,22/10/2024,,
456041,0060160-88.2024.8.16.0014,Pacaembu Construtora S/A,Maria de Fatima Ribeiro Assis,Bruno - Escritório RST&A,Leonardo de Almeida Zanetti,Ativo,Bem Viver Londrina,Cível,Vícios Construtivos,Primeira Instância,PR,Londrina,"28.382,60","31.063,99",,22/10/2024 10:13,Judicial,Ordinário - Conhecimento,Vara Cível,,,22/10/2024,,
455851,0059108-57.2024.8.16.0014,Pacaembu Construtora S/A,Rosilene Aparecida Eugenio,Bruno - Escritório RST&A,Celso José Bonifácio Junior,Ativo,Bem Viver Londrina,Cível,Vícios Construtivos e muro de arrimo,Primeira Instância,PR,Londrina,"40.000,00","43.778,93",,18/10/2024 14:37,Judicial,Ordinário - Conhecimento,Vara Cível,,,18/10/2024,,
455686,0012332-03.2024.8.16.0045,Pacaembu Construtora S/A,Natalia Ludmila Gomes dos Anjos,Bruno - Escritório RST&A,Celso José Bonifácio Junior,Ativo,Bem Viver Arapongas,Cível,Vícios Construtivos e muro de arrimo,Primeira Instância,PR,Arapongas,"40.000,00","43.778,93",,16/10/2024 12:49,Judicial,Ordinário - Conhecimento,Vara Cível,,,16/10/2024,,
455685,1044251-70.2024.8.26.0576,Pacaembu Papa Empreendimento Imobiliário Ltda,João Lance Netto,Thaia - Escritório RST&A,Pedro Facuri Neto,Ativo,Residencial Jardim Sul,Cível,Muro de Arrimo,Primeira Instância,SP,São José do Rio Preto,"1.000,00","1.094,47",,16/10/2024 11:57,Judicial,Ordinário - Conhecimento,Vara Cível,,,16/10/2024,,
455548,5008408-25.2024.4.04.7009,Vida Nova Ponta Grossa - Empreendimento Imobiliário Ltda.,Diego de Barros Campello,Bruno - Escritório RST&A,Rafaela Cristina Liebel Chaves,Ativo,Vida Nova Ponta Grossa,Cível,Vícios Construtivos,Primeira Instância,PR,Ponta Grossa,"85.000,00","93.030,22",,14/10/2024 17:00,Judicial,Ordinário - Conhecimento,Vara Federal,,,14/10/2024,,
455386,1049991-59.2023.8.26.0506,Poá Empreendimento Imobiliário Ltda,Prefeitura de Ribeirão Preto,Jurídico Interno Cível,Renato Manaia Moreira,Ativo,Jardim Cristo Redentor,Tributário,Execução Fiscal - IPTU,Primeira Instância,SP,Ribeirão Preto,"10.156,56","11.515,58",,11/10/2024 15:52,Judicial,Ordinário - Conhecimento,SAF - Serviço de Anexo Fiscal,,,11/10/2024,,
455250,0011098-30.2024.5.15.0088,Pacaembu Construtora S/A,Gregori Peter Aparecido Oliveira,Jurídico Trabalhista,Luiz Henrique Pinto Ferreira,Ativo,Vida Nova Arapongas,Trabalhista,,Primeira Instância,SP,Lorena,"58.432,01","0,00",,10/10/2024 15:13,Judicial,Reclamatória Trabalhista,Vara do Trabalho,,,20/12/2024,,
455216,1044526-19.2024.8.26.0576,Pacaembu Construtora S/A,Pamela Cristina Menezes,Bruno - Escritório RST&A,Jose Roberto Arlindo Nogueira Quartieri,Ativo,Reserva Rio Preto,Cível,Ação de Revisão Contratual,Primeira Instância,SP,São José do Rio Preto,"38.756,75","42.418,22",,10/10/2024 11:02,Judicial,Ordinário - Conhecimento,Vara Cível,,,10/10/2024,,
455166,0012435-76.2024.5.15.0016,Pacaembu Piracicaba Incorporadora Ltda.,Henrique Lopes Pereira,Jurídico Trabalhista,João Gustavo Caramanti Coconesi,Ativo,,Trabalhista,,Primeira Instância,SP,Sorocaba,"168.667,48","0,00",,08/10/2024 14:53,Judicial,Reclamatória Trabalhista,Vara do Trabalho,,,22/11/2024,,
454879,0011784-75.2024.8.16.0045,Pacaembu Construtora S/A,Vagner Jose da Silva,Bruno - Escritório RST&A,Celso José Bonifácio Junior,Ativo,Bem Viver Arapongas,Cível,Vícios Construtivos e muro de arrimo,Primeira Instância,PR,Arapongas,"40.000,00","43.778,93",,03/10/2024 14:14,Judicial,Ordinário - Conhecimento,Vara Cível,,,03/10/2024,,
454877,1021321-45.2024.8.26.0451,Pacaembu Piracicaba Incorporadora Ltda.,Wanderson Souza Silva,Bruno - Escritório RST&A,Everton de Oliveira Gil,Ativo,Residencial Vida Nova Suíça,Cível,Vícios Construtivos,Primeira Instância,SP,Piracicaba,"25.000,00","27.361,83",,03/10/2024 11:58,Judicial,Ordinário - Conhecimento,Vara Cível,,,03/10/2024,,
454780,1025752-98.2024.8.26.0071,Pacaembu Bauru - Empreendimento Imobiliário Ltda.,Prefeitura Municipal de Bauru,Serur Advogados,Procurador do Municipio de Bauru,Ativo,Bauru - Loteamento Vargem Limpa I,Cível,ISS - Imposto Sobre Serviços,Primeira Instância,SP,Bauru,"315.964,68","344.162,88",,02/10/2024 11:59,Judicial,Tutela Cautelar Antecedente,Vara da Fazenda Pública,,,02/10/2024,,
454639,1024836-64.2024.8.26.0071,Pacaembu Assis 371 Empreendimento Imobiliário Ltda.,Styro LNB Indústria e Comércio de Plásticos LTDA.,Jurídico Interno Cível,Abdo Karim Mahamud Baracat Netto,Ativo,Bauru - Residencial Bela Vista II,Cível,Sustação de Protesto,Primeira Instância,SP,Bauru,"104.125,34","113.962,39",,01/10/2024 11:47,Judicial,Ordinário - Conhecimento,Vara Cível,,,01/10/2024,,
454635,1024831-42.2024.8.26.0071,Pacaembu Assis 371 Empreendimento Imobiliário Ltda.,Styro LNB Indústria e Comércio de Plásticos LTDA.,Jurídico Interno Cível,Abdo Karim Mahamud Baracat Netto,Ativo,Bauru - Residencial Bela Vista II,Cível,Sustação de Protesto,Primeira Instância,SP,Bauru,"9.696,31","10.612,35",,01/10/2024 11:37,Judicial,Ordinário - Conhecimento,Vara Cível,,,01/10/2024,,
454634,1024815-88.2024.8.26.0071,Pacaembu Assis 371 Empreendimento Imobiliário Ltda.,Styro LNB Indústria e Comércio de Plásticos LTDA.,Jurídico Interno Cível,Abdo Karim Mahamud Baracat Netto,Ativo,Bauru - Residencial Bela Vista II,Cível,Sustação de Protesto,Primeira Instância,SP,Bauru,"60.933,37","66.689,94",,01/10/2024 11:33,Judicial,Ordinário - Conhecimento,Vara Cível,,,01/10/2024,,
454625,1044115-73.2024.8.26.0576,Pacaembu Água Santa - Empreendimento Imobiliário Ltda.,Guilherme Capatti Cardoso,Jurídico Interno Cível,Jus Postulandi,Ativo,SJRP - Urban Fortes I - Fenhouse,Cível,Adjudicação Compulsória,Primeira Instância,SP,São José do Rio Preto,"1.000,00","1.094,47",,01/10/2024 11:12,Judicial,Ordinário - Conhecimento,Vara Cível,,,01/10/2024,,
454558,5001429-53.2024.4.03.6337,Pacaembu Votuporanga 366 - Empreendimento Imobiliário Ldta.,Nayane Keyla Madrid,Thaia - Escritório RST&A,Aline Cristiane de Oliveira Nyari,Ativo,Parque Esplanada,Cível,Ação de Rescisão Contratual - Alienação Fiduciária,Primeira Instância,SP,Jales,"9.811,88","10.828,15",,30/09/2024 16:02,Judicial,Ordinário - Conhecimento,Juizado Especial Federal Cível,,,01/10/2024,,
454527,1054778-34.2023.8.26.0506,Poá Empreendimento Imobiliário Ltda,Prefeitura Municipal de Ribeirão Preto,Jurídico Interno Cível,Procuradoria do Estado de São Paulo,Ativo,Jardim Cristo Redentor,Tributário,Execução Fiscal - IPTU,Primeira Instância,SP,Ribeirão Preto,"2.029,23","2.300,76",,30/09/2024 11:44,Judicial,Execução Fiscal,SAF - Serviço de Anexo Fiscal,,,01/10/2024,,
454380,0017083-08.2024.5.16.0005,Pacaembu Construtora S/A,Charles Soares Dias,Jurídico Trabalhista,Patrícia Borges de Sousa Barbosa,Ativo,Vida Nova Salto de Pirapora,Trabalhista,,Primeira Instância,MA,Pinheiro,"61.170,47","0,00",,27/09/2024 13:13,Judicial,Reclamatória Trabalhista,Vara do Trabalho,,,09/04/2025,,
453963,0011127-36.2024.8.16.0045,Pacaembu Construtora S/A,Rose Tenório do Carmo Bernardo,Bruno - Escritório RST&A,Celso José Bonifácio Junior,Ativo,Bem Viver Arapongas,Cível,Vícios Construtivos e muro de arrimo,Primeira Instância,PR,Arapongas,"40.000,00","43.717,64",,20/09/2024 16:15,Judicial,Ordinário - Conhecimento,Vara Cível,,,20/09/2024,,
453873,0011118-74.2024.8.16.0045,Pacaembu Construtora S/A,Bruna Maiara Nogueira Sola,Bruno - Escritório RST&A,Celso José Bonifácio Junior,Ativo,Bem Viver Arapongas,Cível,Vícios Construtivos e muro de arrimo,Primeira Instância,PR,Arapongas,"40.000,00","43.717,64",,19/09/2024 15:45,Judicial,Ordinário - Conhecimento,Vara Cível,,,19/09/2024,,
453800,1005916-53.2024.8.26.0132,Pacaembu Catanduva III - Empreendimento Imobiliário Ltda.,Roberta Cristina Azevedo Antunes,Thaia - Escritório RST&A,Luis Fernando Cazari Bueno,Ativo,Catanduva - Vida Nova Conquista 2,Cível,Ação de Rescisão Contratual,Primeira Instância,SP,Catanduva,"7.895,36","8.629,16",,18/09/2024 18:13,Judicial,Ordinário - Conhecimento,Vara Cível,,,18/09/2024,,
453764,1050625-55.2023.8.26.0506,Poá Empreendimento Imobiliário Ltda,Prefeitura de Ribeirão Preto,Jurídico Interno Cível,Procuradoria do Estado de São Paulo,Ativo,Jardim Cristo Redentor,Tributário,Execução Fiscal - IPTU,Primeira Instância,SP,Ribeirão Preto,"23.237,31","26.346,63",,18/09/2024 14:15,Judicial,Ordinário - Conhecimento,Setor de Execuções Fiscais,,,18/09/2024,,
453604,1020198-12.2024.8.26.0451,Pacaembu Piracicaba Incorporadora Ltda.,Valdete de Souza Santos,Bruno - Escritório RST&A,Everton de Oliveira Gil,Ativo,Residencial Vida Nova Suíça,Cível,Vícios Construtivos,Primeira Instância,SP,Piracicaba,"61.629,97","67.452,35",,16/09/2024 16:13,Judicial,Ordinário - Conhecimento,Vara Cível,,,16/09/2024,,
453602,1020126-25.2024.8.26.0451,Pacaembu Piracicaba Incorporadora Ltda.,Renan Ramos Saraiva,Bruno - Escritório RST&A,Jessica Aparecida Dantas Donegá,Ativo,Vida Nova Piracicaba V,Cível,Vícios Construtivos,Primeira Instância,SP,Piracicaba,"30.000,00","32.834,19",,16/09/2024 15:45,Judicial,Ordinário - Conhecimento,Vara Cível,,,22/10/2024,,
453203,1019831-85.2024.8.26.0451,Pacaembu Piracicaba Incorporadora Ltda.,Wilson Roberto Ferrazzi,Bruno - Escritório RST&A,Everton de Oliveira Gil,Ativo,Piracicaba - Vida Nova Piracicaba - II,Cível,Vícios Construtivos,Primeira Instância,SP,Piracicaba,"25.000,00","27.361,83",,11/09/2024 11:18,Judicial,Ordinário - Conhecimento,Vara Cível,,,11/09/2024,,
453171,1019951-31.2024.8.26.0451,Pacaembu Piracicaba Incorporadora Ltda.,Gabriel Kaique Henrique Constantino,Bruno - Escritório RST&A,Everton de Oliveira Gil,Ativo,Residencial Vida Nova Suíça,Cível,Vícios Construtivos,Primeira Instância,SP,Piracicaba,"25.000,00","27.361,83",,11/09/2024 10:58,Judicial,Ordinário - Conhecimento,Vara Cível,,,01/10/2024,,
453170,1019882-96.2024.8.26.0451,Pacaembu Piracicaba Incorporadora Ltda.,Juliana Cristina Barreiros Silva,Bruno - Escritório RST&A,Everton de Oliveira Gil,Ativo,Residencial Vida Nova Suíça,Cível,Vícios Construtivos,Primeira Instância,SP,Piracicaba,"25.000,00","27.361,83",,11/09/2024 10:38,Judicial,Ordinário - Conhecimento,Vara Cível,,,11/09/2024,,
453109,1013056-54.2024.8.26.0451,Pacaembu Piracicaba Incorporadora Ltda.,Luiz Henrique da Silva Santos,Bruno - Escritório RST&A,Everton de Oliveira Gil,Ativo,Residencial Vida Nova Suíça,Cível,Vícios Construtivos,Primeira Instância,SP,Piracicaba,"25.000,00","27.463,05",,10/09/2024 17:17,Judicial,Ordinário - Conhecimento,Vara Cível,,,10/09/2024,,
453105,1011855-27.2024.8.26.0451,Pacaembu Piracicaba Incorporadora Ltda.,Maria Teresa da Silva,Bruno - Escritório RST&A,Yara Regina Araujo Richter,Ativo,Residencial Vida Nova Suíça,Cível,Vícios Construtivos,Primeira Instância,SP,Piracicaba,"30.000,00","33.107,25",,10/09/2024 16:31,Judicial,Ordinário - Conhecimento,Vara Cível,,,10/09/2024,,
452772,0011846-57.2024.5.15.0025,Pacaembu Construtora S/A,Roberto Batista da Silva,Jurídico Trabalhista,Marcos Augusto de Argenton e Queiroz,Ativo,Vida Nova Salto de Pirapora,Trabalhista,,Primeira Instância,SP,Botucatu,"29.193,88","0,00",,04/09/2024 17:50,Judicial,Reclamatória Trabalhista,Vara do Trabalho,,,18/11/2024,,
452767,0055941-32.2024.8.16.0014,Pacaembu Construtora S/A,Carlos Vinicius Martins Pinheiro,Bruno - Escritório RST&A,Celso José Bonifácio Junior,Ativo,Bem Viver Londrina,Cível,Vícios Construtivos e muro de arrimo,Primeira Instância,PR,Londrina,"40.000,00","43.717,64",,04/09/2024 17:04,Judicial,Ordinário - Conhecimento,Vara Cível,,,04/09/2024,,
452576,0010990-45.2024.5.15.0041,Pacaembu Construtora S/A,Gisele Aparecida da Silva Calhares Barbosa,Jurídico Trabalhista,Andressa Franciellen Momberg,Ativo,Itapetininga (Cristóvão Colombo),Trabalhista,,Primeira Instância,SP,Itapetininga,"19.681,33","0,00",,03/09/2024 07:07,Judicial,Reclamatória Trabalhista,Vara do Trabalho,,,27/08/2024,,
452532,1018940-64.2024.8.26.0451,Pacaembu Piracicaba Incorporadora Ltda.,Thalita da Silva,Bruno - Escritório RST&A,Everton de Oliveira Gil,Ativo,Residencial Vida Nova Suíça,Cível,Vícios Construtivos,Primeira Instância,SP,São Paulo,"25.000,00","27.323,52",,02/09/2024 15:35,Judicial,Ordinário - Conhecimento,Vara Cível,,,06/09/2024,,
452531,1018883-46.2024.8.26.0451,Pacaembu Piracicaba Incorporadora Ltda.,Fabricio Pereira da Silva,Bruno - Escritório RST&A,Everton de Oliveira Gil,Ativo,Residencial Vida Nova Suíça,Cível,Vícios Construtivos,Primeira Instância,SP,São Paulo,"25.000,00","27.323,52",,02/09/2024 15:18,Judicial,Ordinário - Conhecimento,Vara Cível,,,23/01/2025,,
452528,1019425-64.2024.8.26.0451,Pacaembu Piracicaba Incorporadora Ltda.,Josenildo dos Santos,Bruno - Escritório RST&A,N/A,Ativo,Residencial Vida Nova Suíça,Cível,Ação de Execução de Título Extrajudicial,Primeira Instância,SP,Limeira,"30.417,34","33.244,35",,02/09/2024 11:54,Judicial,Ordinário - Conhecimento,Vara Cível,,,30/08/2024,,
452365,1003012-32.2024.8.26.0400,Pacaembu Marilia Altos do Palmital 379 - Empreendimento Imobiliario LTDA,Bruno Henrique Martins,Bruno - Escritório RST&A,Oswaldo Antonio Serrano Júnior,Ativo,Vida Nova Olímpia,Cível,Vícios Construtivos,Primeira Instância,SP,Olímpia,"20.335,19","22.338,65",,28/08/2024 14:15,Judicial,Ordinário - Conhecimento,Vara Cível,,,28/08/2024,,
452132,0003200-02.2004.5.15.0044,Wilson de Almeida Junior,Jose Roberto Modesto,Jurídico Trabalhista,Carlos Adalberto Rodrigues,Ativo,,Trabalhista,,Primeira Instância,SP,São José do Rio Preto,"36.241,76","0,00",,23/08/2024 14:47,Judicial,Reclamatória Trabalhista,Vara do Trabalho,,,13/08/2024,,
451858,1017988-85.2024.8.26.0451,Pacaembu Piracicaba Incorporadora Ltda.,Celso Ricardo Theodoro,Bruno - Escritório RST&A,Everton de Oliveira Gil,Ativo,Residencial Vida Nova Suíça,Cível,Vícios Construtivos,Primeira Instância,SP,Piracicaba,"25.000,00","27.323,52",,20/08/2024 11:36,Judicial,Ordinário - Conhecimento,Vara Cível,,,20/08/2024,,
451824,1017615-54.2024.8.26.0451,Pacaembu Piracicaba Incorporadora Ltda.,Pamela Cristina dos Santos,Bruno - Escritório RST&A,Lenita Davanzo,Ativo,Residencial Vida Nova Suíça,Cível,Vícios Construtivos,Primeira Instância,SP,Piracicaba,"25.000,00","27.323,52",,19/08/2024 12:14,Judicial,Ordinário - Conhecimento,Vara Cível,,,12/09/2024,,
451527,0001878-08.2024.8.16.0192,Pacaembu Cafelândia - 364 - Empreendimento Imobiliário Ltda.,Município de Cafelândia,Serur Advogados,Procuradoria de Cafelândia,Ativo,Cafelândia,Tributário,Isenção de IPTU,Primeira Instância,PR,Nova Aurora,"99.138,42","108.352,43",,12/08/2024 14:05,Judicial,Mandado de Segurança - Tributário,Vara da Fazenda Pública,,,12/08/2024,,
451493,1004999-79.2024.8.26.0408,Pacaembu Ourinhos Constante - Empreendimento Imobiliário Ltda.,Lais Vicente Batista,Bruno - Escritório RST&A,Lucas Fernando Varela,Ativo,Ourinhos (Constante F1),Cível,Vícios Construtivos,Primeira Instância,SP,Ourinhos,"20.000,00","21.915,65",,09/08/2024 15:45,Judicial,Ordinário - Conhecimento,Vara Cível,,,09/08/2024,,
451303,1050050-47.2023.8.26.0506,Poá Empreendimento Imobiliário Ltda,Prefeitura Municipal de Ribeirão Preto,Jurídico Interno Cível,Renato Manaia Moreira,Ativo,Jardim Cristo Redentor,Cível,Execução Fiscal - IPTU,Primeira Instância,SP,Ribeirão Preto,"6.363,54","7.215,03",,06/08/2024 17:50,Judicial,Ordinário - Conhecimento,Setor de Execuções Fiscais,,,06/08/2024,,
451302,1033853-80.2024.8.26.0506,Poá Empreendimento Imobiliário Ltda,Maria Lucia da Silva Santos,Thaia - Escritório RST&A,Bruno Roberto Kussumato,Ativo,Jardim Cristo Redentor,Cível,Alienação Fiduciária,Primeira Instância,SP,Ribeirão Preto,"101.258,56","110.957,36",,06/08/2024 16:13,Judicial,Ordinário - Conhecimento,Vara Cível,,,06/08/2024,,
451295,0010494-02.2024.5.15.0078,Pacaembu Construtora S/A,Gabriele Aparecida Silva de Paula,Jurídico Trabalhista,Paulo octávio Hueso Andersen,Ativo,Loja Salto de Pirapora,Trabalhista,,Primeira Instância,SP,Piedade,"119.767,07","0,00",,06/08/2024 12:47,Judicial,Reclamatória Trabalhista,Vara do Trabalho,,,07/08/2024,,
451227,1049558-55.2023.8.26.0506,Poá Empreendimento Imobiliário Ltda,Prefeitura de Ribeirão Preto,Jurídico Interno Cível,Renato Manaia Moreira,Ativo,Jardim Cristo Redentor,Cível,Execução Fiscal - IPTU,Primeira Instância,SP,Ribeirão Preto,"8.757,99","9.929,87",,05/08/2024 14:26,Judicial,Ordinário - Conhecimento,Setor de Execuções Fiscais,,,31/07/2024,,
450836,1006933-80.2024.8.26.0664,Pacaembu Construtora S/A,Odair Benedito Martins,Bruno - Escritório RST&A,Gustavo Gomes Furlani,Ativo,Vida Nova Votuporanga II,Cível,Vícios Construtivos,Primeira Instância,SP,Votuporanga,"44.596,22","48.867,76",,30/07/2024 12:52,Judicial,Ordinário - Conhecimento,Vara Cível,,,23/07/2024,,
450834,1015897-22.2024.8.26.0451,Pacaembu Piracicaba Incorporadora Ltda.,Tayssa Coelho dos Santos,Bruno - Escritório RST&A,Everton de Oliveira Gil,Ativo,Residencial Vida Nova Suíça,Cível,Vícios Construtivos,Primeira Instância,SP,Piracicaba,"20.000,00","21.915,65",,30/07/2024 12:19,Judicial,Ordinário - Conhecimento,Vara Cível,,,11/06/2025,,
450797,1505501-30.2023.8.26.0073,Haus Compra e Venda de Bens Imóveis Ltda.,Prefeitura Municipal de Avaré,Jurídico Interno Cível,Rosangela Paulucci P. Pereira,Ativo,Vida Nova Água Branca II,Tributário,Execução Fiscal,Primeira Instância,SP,Avaré,"34.788,29","39.356,59",,29/07/2024 12:46,Judicial,Execução Fiscal,SAF - Serviço de Anexo Fiscal,,,25/07/2024,,
450796,1011856-12.2024.8.26.0451,Pacaembu Piracicaba Incorporadora Ltda.,Paulo Joao Severino,Bruno - Escritório RST&A,Yara Regina Araujo Richter,Ativo,Residencial Vida Nova Suíça,Cível,Vícios Construtivos,Primeira Instância,SP,Piracicaba,"30.000,00","33.107,25",,29/07/2024 12:02,Judicial,Ordinário - Conhecimento,Vara Cível,,,23/07/2024,,
450711,0000832-03.2024.5.09.0653,Pacaembu Construtora S/A,Ryan Lima de Sousa,Jurídico Trabalhista,João Gabriel Maia,Ativo,Loja Arapongas,Trabalhista,,Primeira Instância,PR,Arapongas,"40.715,52","0,00",,26/07/2024 16:29,Judicial,Reclamatória Trabalhista,Vara do Trabalho,,,23/07/2024,,
450599,5005919-15.2024.4.04.7009,Pacaembu Construtora S/A,Leticia Ferreira,Bruno - Escritório RST&A,Davi Bozz Santos,Ativo,Residencial Jardim Royal,Cível,Vícios Construtivos,Primeira Instância,PR,Ponta Grossa,"90.000,00","98.620,43",,25/07/2024 12:17,Judicial,Ordinário - Conhecimento,Vara Federal,,,28/06/2024,,
450191,1030935-87.2024.8.26.0576,Pacaembu Água Santa - Empreendimento Imobiliário Ltda.,Lucas José Gomes de Souza,Bruno - Escritório RST&A,Felipe Augusto Tadini Martins,Ativo,SJRP - Urban Fortes I - Fenhouse,Cível,Vícios Construtivos,Primeira Instância,SP,São José do Rio Preto,"17.068,07","18.702,89",,15/07/2024 16:13,Judicial,Ordinário - Conhecimento,Vara Cível,,,05/09/2024,,
450185,1024842-27.2024.8.26.0506,Poá Empreendimento Imobiliário Ltda,Aline Aparecida dos Santos,Thaia - Escritório RST&A,Elton Junior da Silva,Ativo,Jardim Cristo Redentor,Cível,Alienação Fiduciária,Primeira Instância,SP,Ribeirão Preto,"164.034,41","181.024,30",,15/07/2024 15:28,Judicial,Ordinário - Conhecimento,Câmara de Direito Privado,,,15/07/2024,,
450177,1013796-12.2024.8.26.0451,Pacaembu Piracicaba Incorporadora Ltda.,Raquel Cristina dos Santos,Indeterminado,Yara Regina Araujo Richter,Aguardando Citação,Residencial Vida Nova Suíça,Cível,Vícios Construtivos,Primeira Instância,SP,Piracicaba,"30.000,00","32.955,66",,15/07/2024 11:39,Judicial,Ordinário - Conhecimento,Vara Cível,,,15/07/2024,,
449987,0011408-54.2024.5.15.0082,Pacaembu Construtora S/A,Emerson Pereira Celestino,Jurídico Trabalhista,Denise Matos,Ativo,Vida Nova Presidente Prudente 3,Trabalhista,,Primeira Instância,SP,São José do Rio Preto,"80.754,77","0,00",,08/07/2024 18:40,Judicial,Reclamatória Trabalhista,Vara do Trabalho,,,23/07/2024,,
449510,1013177-82.2024.8.26.0451,Pacaembu Piracicaba Incorporadora Ltda.,Damila Peixoto da Silva,Bruno - Escritório RST&A,Yara Regina Araujo Richter,Ativo,Residencial Vida Nova Suíça,Cível,Vícios Construtivos,Primeira Instância,SP,Piracicaba,"30.000,00","32.955,66",,27/06/2024 11:12,Judicial,Ordinário - Conhecimento,Vara Cível,,,26/06/2024,,
449452,0011407-69.2024.5.15.0082,Pacaembu Construtora S/A,Renato Pasqualinotto,Jurídico Trabalhista,Denise Matos,Ativo,Vida Nova Presidente Prudente 3,Trabalhista,,Primeira Instância,SP,São José do Rio Preto,"76.839,41","0,00",,26/06/2024 13:11,Judicial,Reclamatória Trabalhista,Vara do Trabalho,,,28/06/2024,,
449443,0010490-67.2024.5.15.0141,Vida Nova Ponta Grossa - Empreendimento Imobiliário Ltda.,Leandro da Cunha de Brito,Jurídico Trabalhista,Carlos Henrique da Silva,Ativo,Vida Nova Ponta Grossa,Trabalhista,,Primeira Instância,SP,Mococa,"36.876,83","0,00",,26/06/2024 10:18,Judicial,Reclamatória Trabalhista,Vara do Trabalho,,,19/06/2024,,
449285,0016454-34.2024.5.16.0005,Pacaembu Construtora S/A,Igor Barbosa,Jurídico Trabalhista,Camila Muniz de Andrade,Ativo,Vida Nova Salto de Pirapora,Trabalhista,,Primeira Instância,MA,Pinheiro,"80.047,45","0,00",,21/06/2024 11:18,Judicial,Reclamatória Trabalhista,Vara do Trabalho,,,31/07/2024,,
449124,1012916-20.2024.8.26.0451,Pacaembu Piracicaba Incorporadora Ltda.,Débora Cristina Coelho Leandro,Indeterminado,Everton de Oliveira Gil,Aguardando Citação,Residencial Vida Nova Suíça,Cível,Vícios Construtivos,Primeira Instância,SP,Piracicaba,"25.000,00","27.463,05",,19/06/2024 12:10,Judicial,Ordinário - Conhecimento,Vara Cível,,,19/06/2024,,
448964,0026079-64.2025.8.16.0019,Pacaembu Construtora S/A,Valmenci Ferreira Branco,Bruno - Escritório RST&A,Davi Bozz Santos,Ativo,Bem Viver Uvaranas,Cível,Vícios Construtivos,Primeira Instância,SP,Ponta Grossa,"100.000,00","110.357,52",,14/06/2024 16:03,Judicial,Ordinário - Conhecimento,Vara Cível,,,10/06/2024,,
448962,0001666-40.2024.8.16.0045,Pacaembu Construtora S/A,Joselaine Galvão de Araújo,Bruno - Escritório RST&A,Sandro Rafael Barioni de Matos,Ativo,Bem Viver Arapongas,Cível,Vícios Construtivos,Primeira Instância,PR,Arapongas,"40.000,00","44.750,08",,14/06/2024 15:58,Judicial,Ordinário - Conhecimento,Vara Cível,,,10/06/2024,,
448961,1011852-72.2024.8.26.0451,Pacaembu Piracicaba Incorporadora Ltda.,Jennifer Rosana Baboni,Bruno - Escritório RST&A,Yara Regina Araujo Richter,Ativo,Residencial Vida Nova Suíça,Cível,Vícios Construtivos,Primeira Instância,SP,Piracicaba,"30.000,00","33.107,25",,14/06/2024 15:53,Judicial,Ordinário - Conhecimento,Vara Cível,,,10/06/2024,,
448794,1505499-60.2023.8.26.0073,Haus Compra e Venda de Bens Imóveis Ltda.,Prefeitura Municipal de Avaré,Jurídico Interno Cível,Procuradoria do Estado de São Paulo,Ativo,,Cível,Execução Fiscal - IPTU,Primeira Instância,SP,Avaré,"31.097,22","35.180,82",,10/06/2024 16:08,Judicial,Ordinário - Conhecimento,SAF - Serviço de Anexo Fiscal,,,07/06/2024,,
448764,0033552-53.2024.8.16.0014,Vida Nova Londrina - Empreendimento Imobiliário Ltda.,Jonatan Narciso da Silva,Bruno - Escritório RST&A,Gabriela Duarte Bianchini,Ativo,Bem Viver Londrina,Cível,Ação de Revisão Contratual,Primeira Instância,PR,Londrina,"17.998,80","19.863,03",,07/06/2024 16:36,Judicial,Ordinário - Conhecimento,Vara Cível,,,05/06/2024,,
448762,1052426-06.2023.8.26.0506,Poá Empreendimento Imobiliário Ltda,Laila Francielle Dutra dos Santos,Thaia - Escritório RST&A,Mara Lucia Catani Marin,Ativo,Jardim Cristo Redentor,Cível,Alienação Fiduciária,Primeira Instância,SP,Ribeirão Preto,"672.624,24","762.626,29",,07/06/2024 15:44,Judicial,Ordinário - Conhecimento,Vara Cível,,,05/06/2024,,
448633,0001664-70.2024.8.16.0045,Pacaembu Construtora S/A,Luan dos Santos Martinez Pereira,Bruno - Escritório RST&A,Sandro Rafael Barioni de Matos,Ativo,Bem Viver Arapongas,Cível,Vícios Construtivos,Primeira Instância,PR,Arapongas,"30.000,00","33.562,56",,04/06/2024 15:09,Judicial,Ordinário - Conhecimento,Vara Cível,,,04/06/2024,,
448632,0001662-03.2024.8.16.0045,Pacaembu Construtora S/A,Ronaldo do Prado Paula,Bruno - Escritório RST&A,Sandro Rafael Barioni de Matos,Ativo,Bem Viver Arapongas,Cível,Vícios Construtivos,Primeira Instância,PR,Arapongas,"30.000,00","33.562,56",,04/06/2024 14:46,Judicial,Ordinário - Conhecimento,Vara Cível,,,04/06/2024,,
448240,1002538-90.2024.8.26.0358,Pacaembu Construtora S/A,Sara Marini Sifontes Galhardo,Bruno - Escritório RST&A,Fausto José da Rocha,Ativo,Vida Nova Dignidade 2,Cível,Negativação indevida,Primeira Instância,SP,Mirassol,"29.466,05","32.518,00",,23/05/2024 16:37,Judicial,Ordinário - Conhecimento,Vara Cível,,,22/05/2024,,
448097,0010771-04.2024.5.15.0115,Pacaembu Presidente Prudente - Empreendimento Imobiliário Ltda.,Edgar Reis Cordeiro,Jurídico Trabalhista,Hamilton Fernando Machado de Mattos,Ativo,Vida Nova Pacaembu - Presidente Prudente,Trabalhista,,Primeira Instância,SP,Presidente Prudente,"269.866,72","0,00",,20/05/2024 15:11,Judicial,Reclamatória Trabalhista,Vara do Trabalho,,,22/05/2024,,
447763,0008778-56.2024.8.16.0014,Pacaembu Construtora S/A,Luciane Dias da Mota Gomes,Bruno - Escritório RST&A,Sandro Rafael Barioni de Matos,Ativo,Bem Viver Londrina,Cível,Vícios Construtivos,Primeira Instância,PR,Londrina,"40.000,00","44.750,08",,14/05/2024 12:37,Judicial,Ordinário - Conhecimento,Vara Cível,,,09/05/2024,,
447496,1007644-45.2024.8.26.0451,Pacaembu Piracicaba Incorporadora Ltda.,Luciana Xisto dos Santos,Bruno - Escritório RST&A,Everton de Oliveira Gil,Ativo,Residencial Vida Nova Suíça,Cível,Vícios Construtivos,Primeira Instância,SP,Piracicaba,"25.000,00","27.691,46",,08/05/2024 11:39,Judicial,Ordinário - Conhecimento,Vara Cível,,,06/05/2024,,
446740,0003509-36.2024.8.16.0014,Pacaembu Construtora S/A,Jheniffer Caroline Silva Oliveira,Bruno - Escritório RST&A,Leonardo de Almeida Zanetti,Ativo,Bem Viver Londrina,Cível,Vícios Construtivos,Primeira Instância,PR,Londrina,"28.110,92","31.628,41",,17/04/2024 12:27,Judicial,Ordinário - Conhecimento,Vara Cível,,,16/04/2024,,
446515,1007269-44.2024.8.26.0451,Pacaembu Piracicaba Incorporadora Ltda.,Isolda Fernandes da Silva,Bruno - Escritório RST&A,Everton de Oliveira Gil,Ativo,Residencial Vida Nova Suíça,Cível,Vícios Construtivos,Primeira Instância,SP,Piracicaba,"25.000,00","27.691,46",,12/04/2024 13:39,Judicial,Ordinário - Conhecimento,Vara Cível,,,05/03/2025,,
446479,1006160-92.2024.8.26.0451,Pacaembu Piracicaba Incorporadora Ltda.,Romilda Dinora Pereira,Bruno - Escritório RST&A,Everton de Oliveira Gil,Ativo,Residencial Vida Nova Suíça,Cível,Vícios Construtivos,Primeira Instância,SP,Piracicaba,"25.000,00","27.744,07",,11/04/2024 14:24,Judicial,Ordinário - Conhecimento,Vara Cível,,,10/04/2024,,
446190,1006136-64.2024.8.26.0451,Pacaembu Piracicaba Incorporadora Ltda.,Erick Lucas da Silva Moraes,Bruno - Escritório RST&A,Everton de Oliveira Gil,Ativo,Residencial Vida Nova Suíça,Cível,Vícios Construtivos,Primeira Instância,SP,Piracicaba,"25.000,00","27.744,07",,04/04/2024 15:02,Judicial,Ordinário - Conhecimento,Vara Cível,,,03/04/2024,,
445925,1001109-66.2024.8.26.0624,Vida Nova Tatuí III Empreendimento Imobiliário Ltda.,Leandro de Jesus Bastos,Thaia - Escritório RST&A,Robson Aparecido Camargo Sampaio,Ativo,Vida Nova Tatuí 3,Cível,Alienação Fiduciária,Primeira Instância,SP,Tatuí,"40.090,96","44.851,84",,27/03/2024 12:18,Judicial,Ordinário - Conhecimento,Vara Cível,,,26/03/2024,,
445695,1011581-76.2024.8.26.0576,Pacaembu Construtora S/A,Lucas de Souza Guerreiro,Bruno - Escritório RST&A,Gustavo Andrioti Pinto,Ativo,Reserva Rio Preto,Cível,Muro de Arrimo,Primeira Instância,SP,São José do Rio Preto,"50.000,00","55.488,15",,20/03/2024 16:24,Judicial,Ordinário - Conhecimento,Vara Cível,,,26/03/2024,,
445460,1004888-63.2024.8.26.0451,Pacaembu Piracicaba Incorporadora Ltda.,Jennifer Jéssica Gonçalves,Bruno - Escritório RST&A,Everton de Oliveira Gil,Ativo,Residencial Vida Nova Suíça,Cível,Vícios Construtivos,Primeira Instância,SP,Piracicaba,"20.000,00","22.195,26",,15/03/2024 11:46,Judicial,Ordinário - Conhecimento,Vara Cível,,,06/06/2024,,
445373,0012932-30.2023.5.15.0015,Pacaembu Construtora S/A,Carina Ferreira de Jesus da Paz,Jurídico Trabalhista,Anderson Luiz Scofoni,Ativo,Vida Nova Franca,Trabalhista,,Primeira Instância,SP,Franca,"102.204,00","0,00",,13/03/2024 18:08,Judicial,Reclamatória Trabalhista,Vara do Trabalho,,,11/03/2024,,
445270,0008362-35.2024.8.26.0071,Pacaembu Bauru - Empreendimento Imobiliário Ltda.,Geni de Sousa Santos,Bruno - Escritório RST&A,Fabio Jose de Souza,Ativo,Bauru - Loteamento Vargem Limpa I,Cível,Vícios Construtivos,Primeira Instância,SP,Bauru,"15.600,00","17.452,53",,12/03/2024 12:14,Judicial,Ordinário - Conhecimento,Vara Cível,,,11/03/2024,,
445237,1009939-68.2024.8.26.0576,Pacaembu Construtora S/A,Daniela Morgon Sousa,Bruno - Escritório RST&A,Jepson de Caires,Ativo,Loteamento Egydio Zani,Cível,Indenização por Danos Morais e Materiais,Primeira Instância,SP,São José do Rio Preto,"156.262,21","173.414,01",,11/03/2024 14:38,Judicial,Ordinário - Conhecimento,Vara Cível,,,15/03/2024,,
445133,1003820-82.2024.8.26.0482,Pacaembu Construtora S/A,Aparecida Florindo,Bruno - Escritório RST&A,Gabriel Tomaz Mariano,Ativo,Diversas,Cível,Negativação indevida,Primeira Instância,SP,Presidente Prudente,"35.839,32","39.773,15",,06/03/2024 16:02,Judicial,Ordinário - Conhecimento,Vara Cível,,,02/04/2024,,
445127,0008776-86.2024.8.16.0014,Pacaembu Construtora S/A,David Rodrigues de Oliveira,Bruno - Escritório RST&A,Sandro Rafael Barioni de Matos,Ativo,Bem Viver Londrina,Cível,Vícios Construtivos,Primeira Instância,PR,Londrina,"30.000,00","33.562,56",,06/03/2024 14:18,Judicial,Ordinário - Conhecimento,Vara Cível,,,05/03/2024,,
444895,0008780-26.2024.8.16.0014,Pacaembu Construtora S/A,Lucimara Alves Cabral,Bruno - Escritório RST&A,Sandro Rafael Barioni de Matos,Ativo,Bem Viver Londrina,Cível,Vícios Construtivos,Primeira Instância,PR,Londrina,"40.000,00","44.750,08",,29/02/2024 14:20,Judicial,Ordinário - Conhecimento,Vara Cível,,,28/02/2024,,
444800,0000106-45.2024.5.09.0195,Pacaembu Construtora S/A,Mateus Souza Lima,Jurídico Trabalhista,Felipe José Selva,Ativo,Cafelândia,Trabalhista,,Primeira Instância,PR,Cascavel,"31.861,64","0,00",,27/02/2024 13:35,Judicial,Reclamatória Trabalhista,Vara do Trabalho,,,04/03/2024,,
444793,1008329-65.2024.8.26.0576,Pacaembu Construtora S/A,Elisângela Mora da Silva Costa,Jurídico Interno Cível,N/A,Ativo,Reserva Rio Preto,Cível,Execução de Título Extrajudicial,Primeira Instância,SP,São José do Rio Preto,"51.799,38","57.950,66",,27/02/2024 11:14,Judicial,Ordinário - Conhecimento,Vara Cível,,,26/02/2024,,
444648,1008625-43.2023.8.26.0408,Pacaembu Ourinhos Constante - Empreendimento Imobiliário Ltda.,Renata de Sousa Amario,Bruno - Escritório RST&A,Thalis Rodrigues Salmazo,Ativo,Ourinhos Constante 1,Cível,Vícios Construtivos,Primeira Instância,SP,Ourinhos,"157.500,00","178.182,44",,23/02/2024 15:55,Judicial,Ordinário - Conhecimento,Vara Cível,,,17/04/2024,,
444644,1007328-98.2023.8.26.0408,Pacaembu Ourinhos Constante - Empreendimento Imobiliário Ltda.,Elielton Leal Silva,Indeterminado,,Aguardando Citação,Ourinhos Constante 1,,Cobrança indevida,Primeira Instância,SP,Ourinhos,"37.435,58","0,00",,23/02/2024 15:28,Judicial,Ordinário - Conhecimento,Vara Cível,,,23/02/2024,,
444634,1006705-78.2024.8.26.0576,Pacaembu Construtora S/A,Abner Henrique de Souza,Thaia - Escritório RST&A,Wadi Atique,Ativo,Fenhouse,Cível,Vícios Construtivos,Primeira Instância,SP,São José do Rio Preto,"15.500,00","17.340,66",,23/02/2024 14:51,Judicial,Ordinário - Conhecimento,Vara Cível,,,24/10/2024,,
444633,1006707-48.2024.8.26.0576,Pacaembu Construtora S/A,Vilcionei Jesus de Almeida,Thaia - Escritório RST&A,Wadi Atique,Ativo,Fenhouse,Cível,Vícios Construtivos,Primeira Instância,SP,São José do Rio Preto,"4.136,00","4.627,16",,23/02/2024 14:39,Judicial,Ordinário - Conhecimento,Vara Cível,,,02/05/2025,,
444595,1002579-69.2024.8.26.0451,Pacaembu Piracicaba Incorporadora Ltda.,Daiane Campos Morales,Bruno - Escritório RST&A,Everton de Oliveira Gil,Ativo,Residencial Vida Nova Suíça,Cível,Vícios Construtivos,Primeira Instância,SP,Piracicaba,"24.898,60","27.855,36",,22/02/2024 11:01,Judicial,Ordinário - Conhecimento,Vara Cível,,,22/02/2024,,
444592,1002549-34.2024.8.26.0451,Pacaembu Piracicaba Incorporadora Ltda.,Estefani Pedronetti da Silva Alves,Bruno - Escritório RST&A,Yara Regina Araujo Richter,Ativo,Residencial Vida Nova Suíça,Cível,Vícios Construtivos,Primeira Instância,SP,Piracicaba,"25.000,00","27.968,80",,22/02/2024 10:43,Judicial,Ordinário - Conhecimento,Vara Cível,,,25/04/2024,,
444546,1006224-18.2024.8.26.0576,Pacaembu São José do Rio Preto - Empreendimento Imobiliário Ltda.,Sueli da Silva Santos,Bruno - Escritório RST&A,Guilherme Mendonça Mendes de Oliveira,Ativo,SJRP - Reserva Rio Preto (Egydio Zani),Cível,Vícios Construtivos,Primeira Instância,SP,São José do Rio Preto,"20.000,00","22.375,04",,21/02/2024 16:43,Judicial,Ordinário - Conhecimento,Vara Cível,,,10/10/2024,,
444199,0060203-59.2023.8.16.0014,Pacaembu Construtora S/A,Maria Eduarda da Silva Martins,Bruno - Escritório RST&A,Douglas Guergolette Alfieri,Ativo,Bem Viver Londrina,Cível,Vícios Construtivos,Primeira Instância,PR,Londrina,"20.000,00","22.701,09",,14/02/2024 15:30,Judicial,Ordinário - Conhecimento,Vara Cível,,,14/02/2024,,
444034,1030912-54.2023.8.26.0196,Vida Nova Barretos III - Empreendimento Imobiliário Ltda.,Tereza Aparecida da Silva,Thaia - Escritório RST&A,Rodolfo Chiquini da Silva,Ativo,Vida Nova Barretos III,Cível,Alienação Fiduciária,Primeira Instância,SP,Piracicaba,"24.809,98","27.914,43",,07/02/2024 11:18,Judicial,Ordinário - Conhecimento,Vara Cível,,,07/02/2024,,
444015,0018218-13.2023.8.16.0014,Pacaembu Construtora S/A,Anderson de Oliveira,Bruno - Escritório RST&A,Celso José Bonifácio Junior,Ativo,Bem Viver Londrina,Cível,Vícios Construtivos e muro de arrimo,Primeira Instância,PR,Londrina,"30.000,00","34.358,68",,06/02/2024 18:41,Judicial,Ordinário - Conhecimento,Vara Cível,,,09/05/2024,,
444012,1001266-73.2024.8.26.0451,Pacaembu Piracicaba Incorporadora Ltda.,João Lucas Alves Pereira,Bruno - Escritório RST&A,Everton de Oliveira Gil,Ativo,Residencial Vida Nova Suíça,Cível,Vícios Construtivos,Primeira Instância,SP,Piracicaba,"25.000,00","28.128,22",,06/02/2024 18:19,Judicial,Ordinário - Conhecimento,Vara Cível,,,09/02/2024,,
443948,0015872-93.2023.8.16.0045,Pacaembu Arapongas 1 - Empreendimento Imobiliário Ltda.,Igor Antônio Rodrigues,Bruno - Escritório RST&A,Pedro Alexandre Pronievicz Barreto,Ativo,Arapongas - Bem Viver Arapongas,Cível,Muro de Arrimo,Primeira Instância,PR,Arapongas,"8.593,00","9.731,13",,05/02/2024 15:35,Judicial,Ordinário - Conhecimento,Vara Cível,,,02/02/2024,,
443305,1000455-16.2024.8.26.0451,Pacaembu Piracicaba Incorporadora Ltda.,Pedro Santos Silva,Bruno - Escritório RST&A,Everton de Oliveira Gil,Ativo,Residencial Vida Nova Suíça,Cível,Vícios Construtivos,Primeira Instância,SP,Piracicaba,"25.000,00","28.128,22",,19/01/2024 14:35,Judicial,Ordinário - Conhecimento,Vara Cível,,,22/03/2024,,
443211,1026253-13.2023.8.26.0451,Pacaembu Piracicaba Incorporadora Ltda.,Andreza Claudino da Silva,Bruno - Escritório RST&A,Yara Regina Araujo Richter,Ativo,Residencial Vida Nova Suíça,Cível,Vícios Construtivos,Primeira Instância,SP,Piracicaba,"25.000,00","28.282,93",,17/01/2024 11:41,Judicial,Ordinário - Conhecimento,Vara Cível,,,15/01/2024,,
443148,5001132-19.2023.4.03.6131,Pacaembu Construtora S/A,Gabrielle Silva Pinheiro,Thaia - Escritório RST&A,Daniella Muniz Souza,Ativo,Botucatu (Verônica 1),Cível,Ação de Rescisão Contratual,Primeira Instância,SP,Botucatu,"182.900,00","207.601,47",,15/01/2024 16:12,Judicial,Ordinário - Conhecimento,Juizado Especial Federal Cível,,,01/10/2024,,
443142,1000005-73.2024.8.26.0451,Pacaembu Piracicaba Incorporadora Ltda.,Andreia Souza da Rocha,Bruno - Escritório RST&A,Everton de Oliveira Gil,Ativo,Residencial Vida Nova Suíça,Cível,Erro no produto,Primeira Instância,SP,Piracicaba,"25.000,00","28.128,22",,15/01/2024 13:50,Judicial,Ordinário - Conhecimento,Vara Cível,,,15/01/2024,,
443078,0012229-93.2023.5.15.0017,Pacaembu Construtora S/A,Italo Henrique da Silva,Jurídico Trabalhista,Fabiano Renato Dias Perin,Ativo,São José do Rio Preto,Trabalhista,,Primeira Instância,SP,São José do Rio Preto,"79.428,48","0,00",,11/01/2024 12:13,Judicial,Reclamatória Trabalhista,Vara do Trabalho,,,12/03/2024,,
443077,0012386-81.2023.5.15.0012,Pacaembu Construtora S/A,Eduardo Gomes Ferreira,Jurídico Trabalhista,Jamil Aparecido Milani,Ativo,Vida Nova Piracicaba,Trabalhista,,Primeira Instância,SP,Piracicaba,"76.168,36","0,00",,11/01/2024 11:55,Judicial,Reclamatória Trabalhista,Vara do Trabalho,,,25/01/2024,,
443076,0011704-83.2023.5.15.0091,Pacaembu Construtora S/A,Jurandir Aparecido de Oliveira,Jurídico Trabalhista,,Ativo,Vida Nova Bauru,Trabalhista,,Primeira Instância,SP,Bauru,"135.144,78","0,00",,11/01/2024 11:50,Judicial,Reclamatória Trabalhista,Vara do Trabalho,,,29/01/2024,,
443006,1058273-70.2023.8.26.0576,Pacaembu Construtora S/A,Erik da Silva Santos,Bruno - Escritório RST&A,Guilherme Mendonça Mendes de Oliveira,Ativo,Reserva Rio Preto,Cível,Muro de Arrimo,Primeira Instância,SP,São José do Rio Preto,"20.000,00","22.648,97",,09/01/2024 12:36,Judicial,Ordinário - Conhecimento,Vara Cível,,,17/01/2025,,
442982,1025710-10.2023.8.26.0451,Pacaembu Piracicaba Incorporadora Ltda.,Junia Maria Soares,Bruno - Escritório RST&A,Yara Regina Araujo Richter,Ativo,Residencial Vida Nova Suíça,Cível,Vícios Construtivos,Primeira Instância,SP,piracicaba,"25.000,00","28.282,93",,08/01/2024 16:08,Judicial,Ordinário - Conhecimento,Vara Cível,,,04/01/2024,,
442781,1031351-65.2023.8.26.0196,Vida Nova Barretos III - Empreendimento Imobiliário Ltda.,Arthur Henrique Rocha Machado,Bruno - Escritório RST&A,Rodolfo Chiquini da Silva,Ativo,Vida Nova Barretos III,Cível,Alienação Fiduciária,Primeira Instância,SP,Franca,"7.124,62","8.060,20",,28/12/2023 13:26,Judicial,Ordinário - Conhecimento,Vara Cível,,,27/12/2023,,
442779,1021067-09.2023.8.26.0451,Pacaembu Piracicaba Incorporadora Ltda.,Luis Henrique dos Santos,Bruno - Escritório RST&A,Yara Regina Araujo Richter,Ativo,Residencial Vida Nova Suíça,Cível,Vícios Construtivos,Primeira Instância,SP,Piracicaba,"25.000,00","28.345,18",,28/12/2023 11:29,Judicial,Ordinário - Conhecimento,Vara Cível,,,27/12/2023,,
442778,1059362-31.2023.8.26.0576,Pacaembu Água Santa - Empreendimento Imobiliário Ltda.,Carla Maria da Costa,Bruno - Escritório RST&A,Eduardo Zuanazzi Saden,Ativo,SJRP - Urban Fortes I - Fenhouse,Cível,Vícios Construtivos,Primeira Instância,SP,São José do Rio Preto,"27.400,00","30.998,09",,28/12/2023 11:26,Judicial,Ordinário - Conhecimento,Vara Cível,,,27/12/2023,,
442754,1042695-83.2023.8.26.0506,Poá Empreendimento Imobiliário Ltda,Simone dos Reis,Bruno - Escritório RST&A,Guilherme Toniazzo Ruas,Ativo,Jardim Cristo Redentor,Cível,Alienação Fiduciária,Primeira Instância,SP,Ribeirão Preto,"69.840,09","79.272,31",,27/12/2023 14:51,Judicial,Ordinário - Conhecimento,Vara Cível,,,22/12/2023,,
442744,1025617-47.2023.8.26.0451,Pacaembu Piracicaba Incorporadora Ltda.,Andreia Souza da Rocha,Bruno - Escritório RST&A,Everton de Oliveira Gil,Ativo,Residencial Vida Nova Suíça,Cível,Vícios Construtivos,Primeira Instância,SP,piracicaba,"25.000,00","28.282,93",,27/12/2023 12:02,Judicial,Ordinário - Conhecimento,Vara Cível,,,22/12/2023,,
442717,1007035-31.2023.8.26.0408,Pacaembu Ourinhos Constante - Empreendimento Imobiliário Ltda.,Marcia Nicoleti de Moraes,Bruno - Escritório RST&A,Gilberto José Rodrigues,Ativo,Ourinhos Constante 1,Cível,Negativação indevida,Primeira Instância,SP,Ourinhos,"52.080,00","59.048,69",,26/12/2023 17:20,Judicial,Ordinário - Conhecimento,Vara Cível,,,22/12/2023,,
442224,1056624-70.2023.8.26.0576,Pacaembu São José do Rio Preto - Empreendimento Imobiliário Ltda.,Igor Marcelo Ferreira da Silva,Bruno - Escritório RST&A,Guilherme Mendonça Mendes de Oliveira,Ativo,SJRP - Reserva Rio Preto (Egydio Zani),Cível,Muro de Arrimo,Primeira Instância,SP,São José do Rio Preto,"20.000,00","22.680,68",,13/12/2023 16:33,Judicial,Ordinário - Conhecimento,Vara Cível,,,17/05/2024,,
442222,1056623-85.2023.8.26.0576,Pacaembu São José do Rio Preto - Empreendimento Imobiliário Ltda.,Rodrigo da Silva Tomaz,Bruno - Escritório RST&A,Guilherme Mendonça Mendes de Oliveira,Ativo,SJRP - Reserva Rio Preto (Egydio Zani),Cível,Muro de Arrimo,Primeira Instância,SP,São José do Rio Preto,"20.000,00","22.648,97",,13/12/2023 16:28,Judicial,Ordinário - Conhecimento,Vara Cível,,,26/01/2024,,
442220,1056621-18.2023.8.26.0576,Pacaembu São José do Rio Preto - Empreendimento Imobiliário Ltda.,Sofia Queiroz Furquim,Bruno - Escritório RST&A,Guilherme Mendonça Mendes de Oliveira,Ativo,SJRP - Reserva Rio Preto (Egydio Zani),Cível,Muro de Arrimo,Primeira Instância,SP,São José do Rio Preto,"20.000,00","22.648,97",,13/12/2023 16:14,Judicial,Ordinário - Conhecimento,Vara Cível,,,10/06/2024,,
442150,1024348-70.2023.8.26.0451,Pacaembu Piracicaba Incorporadora Ltda.,Michele Aparecida Francisco de Carvalho,Bruno - Escritório RST&A,Everton de Oliveira Gil,Ativo,Residencial Vida Nova Suíça,Cível,Vícios Construtivos,Primeira Instância,SP,Piracicaba,"25.000,00","28.311,21",,12/12/2023 14:50,Judicial,Ordinário - Conhecimento,Vara Cível,,,08/12/2023,,
442097,0012347-84.2023.5.15.0012,Pacaembu Construtora S/A,Edimilsom Pereira da Silva,Jurídico Trabalhista,Jorge Priensnitz,Ativo,Vida Nova Tatuí Caguassu,Trabalhista,,Primeira Instância,SP,Piracicaba,"17.933,69","0,00",,11/12/2023 12:29,Judicial,Reclamatória Trabalhista,Vara do Trabalho,,,25/01/2024,,
442095,0012351-24.2023.5.15.0012,Pacaembu Construtora S/A,Edimilsom Pereira da Silva Junior,Jurídico Trabalhista,Jorge Priensnitz,Ativo,Vida Nova Tatuí Caguassu,Trabalhista,,Primeira Instância,SP,Piracicaba,"24.876,14","0,00",,11/12/2023 12:04,Judicial,Reclamatória Trabalhista,Vara do Trabalho,,,25/01/2024,,
442088,1071039-65.2022.8.26.0100,Vida Nova Itapetininga III - Empreendimento Imobiliário Ltda,Jn Fomento Mercantil ltda Epp.,Jurídico Interno Cível,Fernanda Elissa de Carvalho Awada,Ativo,Reserva da Mata,Cível,Execução de Título Extrajudicial,Primeira Instância,SP,São Paulo,"1.000,00","1.170,38",,11/12/2023 11:15,Judicial,Ordinário - Conhecimento,Vara Cível,,,05/12/2023,,
442086,1056622-03.2023.8.26.0576,Pacaembu Construtora S/A,Leandro da Silva Assunção,Bruno - Escritório RST&A,Guilherme Mendonça Mendes de Oliveira,Ativo,Reserva Rio Preto,Cível,Muro de Arrimo,Primeira Instância,SP,São José do Rio Preto,"20.000,00","22.648,97",,11/12/2023 10:35,Judicial,Ordinário - Conhecimento,Vara Cível,,,05/12/2023,,
441989,1016272-57.2023.8.26.0451,Pacaembu Piracicaba Incorporadora Ltda.,Camila de Arruda Ferraz,Bruno - Escritório RST&A,Antonio de Jesus Volpato,Ativo,Residencial Vida Nova Suíça,Cível,Negativação indevida,Primeira Instância,SP,Piracicaba,"19.787,92","22.505,29",,07/12/2023 16:37,Judicial,Ordinário - Conhecimento,Vara Cível,,,05/12/2023,,
440965,1021439-55.2023.8.26.0451,Pacaembu Piracicaba Incorporadora Ltda.,Rafaella Martins Correia da Silva,Bruno - Escritório RST&A,Everton de Oliveira Gil,Ativo,Residencial Vida Nova Suíça,Cível,Vícios Construtivos,Primeira Instância,SP,Piracicaba,"25.000,00","28.345,18",,23/11/2023 10:57,Judicial,Ordinário - Conhecimento,Vara Cível,,,14/11/2023,,
439904,1021641-32.2023.8.26.0451,Pacaembu Piracicaba Incorporadora Ltda.,Débora da Silva Galvão,Bruno - Escritório RST&A,Everton de Oliveira Gil,Ativo,Residencial Vida Nova Suíça,Cível,Vícios Construtivos,Primeira Instância,SP,Piracicaba,"25.000,00","28.345,18",,03/11/2023 13:12,Judicial,Ordinário - Conhecimento,Vara Cível,,,01/11/2023,,
439385,1517252-87.2023.8.26.0566,Vida Nova Sao Carlos - Empreendimento Imobiliario LTDA,SAAE - São Carlos,Jurídico Interno Cível,Jus Postulandi,Ativo,Vida Nova São Carlos,Cível,Execução Fiscal,Primeira Instância,SP,São Carlos,"1.432,78","1.624,50",,30/10/2023 15:34,Judicial,Ordinário - Conhecimento,Vara da Fazenda Pública,,,26/10/2023,,
439384,1019644-14.2023.8.26.0451,Pacaembu Piracicaba Incorporadora Ltda.,Milena Amaral Silva,Bruno - Escritório RST&A,Everton de Oliveira Gil,Ativo,Residencial Vida Nova Suíça,Cível,Vícios Construtivos,Primeira Instância,SP,Piracicaba,"20.000,00","22.701,09",,30/10/2023 15:21,Judicial,Ordinário - Conhecimento,Vara Cível,,,22/11/2023,,
439383,1021113-95.2023.8.26.0451,Pacaembu Piracicaba Incorporadora Ltda.,Anderson Bezerra Santos Souza,Bruno - Escritório RST&A,Everton de Oliveira Gil,Ativo,Residencial Vida Nova Suíça,Cível,Vícios Construtivos,Primeira Instância,SP,Piracicaba,"25.000,00","28.345,18",,30/10/2023 14:58,Judicial,Ordinário - Conhecimento,Vara Cível,,,25/10/2023,,
439379,1020757-03.2023.8.26.0451,Pacaembu Piracicaba Com Viva - Empreendimento Imobiliário Ltda. (Filial),Guilherme da Silva Araujo,Bruno - Escritório RST&A,Everton de Oliveira Gil,Ativo,Piracicaba - Comviva,Cível,Erro no produto,Primeira Instância,SP,Piracicaba,"25.000,00","28.345,18",,30/10/2023 14:19,Judicial,Ordinário - Conhecimento,Vara Cível,,,25/10/2023,,
439360,1017286-52.2023.8.26.0071,Pacaembu Bauru II- Empreendimento Imobiliário Ltda.,Mariana Doca Monteiro,Bruno - Escritório RST&A,Andre Luis Sevestrin Terencio,Ativo,Bauru - Loteamento Vargem Limpa II,Cível,Alienação Fiduciária,Primeira Instância,SP,Bauru,"22.158,00","25.178,16",,30/10/2023 11:10,Judicial,Ordinário - Conhecimento,Vara Cível,,,25/10/2023,,
438716,1049868-45.2023.8.26.0576,Pacaembu Construtora S/A,Auryelly Tainara de Souza Lopes,Bruno - Escritório RST&A,Beatriz Amorim Bertacini,Ativo,Reserva Rio Preto,Cível,Vícios Construtivos e muro de arrimo,Primeira Instância,SP,São José do Rio Preto,"23.200,00","26.304,33",,25/10/2023 16:03,Judicial,Ordinário - Conhecimento,Vara Cível,,,15/11/2023,,
437462,0011665-11.2023.5.15.0116,Vida Nova Tatuí III Empreendimento Imobiliário Ltda.,Matheus Henrique Pontes Siqueira Silva,Jurídico Trabalhista,Gustavo Pessoa Cruz,Ativo,Vida Nova Tatuí III,Trabalhista,,Primeira Instância,SP,Tatuí,"19.596,00","0,00",,19/10/2023 18:57,Judicial,Reclamatória Trabalhista,Vara do Trabalho,,,18/10/2023,,
435779,1019366-13.2023.8.26.0451,Pacaembu Piracicaba Incorporadora Ltda.,Luciano Jeronimo Nagata,Bruno - Escritório RST&A,Yara Regina Araujo Richter,Ativo,Residencial Vida Nova Suíça,Cível,Vícios Construtivos,Primeira Instância,SP,Piracicaba,"30.000,00","34.051,64",,11/10/2023 14:55,Judicial,Ordinário - Conhecimento,Vara Cível,,,05/10/2023,,
435186,0011707-65.2023.5.15.0082,Pacaembu Construtora S/A,Marcos Henrique Santana de Almeida,Jurídico Trabalhista,Daniel Alex Michelon,Ativo,São José do Rio Preto,Trabalhista,,Primeira Instância,SP,São José do Rio Preto,"184.687,43","0,00",,09/10/2023 17:42,Judicial,Reclamatória Trabalhista,Vara do Trabalho,,,20/10/2023,,
435152,0011588-11.2023.5.15.0113,Pacaembu Construtora S/A,Valdenor Pereira da Mota de Lima,Jurídico Trabalhista,Pablo de Figueiredo Souza Arraes,Ativo,Vida Nova Pindamonhangaba,Trabalhista,,Primeira Instância,SP,São José do Rio Preto,"150.074,07","0,00",,09/10/2023 16:58,Judicial,Reclamatória Trabalhista,Vara do Trabalho,,,16/10/2023,,
434163,0009381-66.2023.8.16.0014,Pacaembu Construtora S/A,Renata Oliveira da Silva,Bruno - Escritório RST&A,Celso José Bonifácio Junior,Ativo,Bem Viver Londrina,Cível,Vícios Construtivos e muro de arrimo,Primeira Instância,PR,Londrina,"30.000,00","34.844,83",,04/10/2023 16:49,Judicial,Ordinário - Conhecimento,Vara Cível,,,03/10/2023,,
432955,1017792-52.2023.8.26.0451,Pacaembu Piracicaba Incorporadora Ltda.,Alan Eduardo dos Santos Nogueira,Bruno - Escritório RST&A,Yara Regina Araujo Richter,Ativo,Residencial Vida Nova Suíça,Cível,Vícios Construtivos,Primeira Instância,SP,Piracicaba,"30.000,00","34.051,64",,29/09/2023 15:11,Judicial,Ordinário - Conhecimento,Vara Cível,,,27/09/2023,,
428823,0000897-32.2023.5.09.0653,Pacaembu Arapongas 1 - Empreendimento Imobiliário Ltda.,Mario Cesar Fernandes da Silva,Jurídico Trabalhista,Itacir Joaquim da Silva,Ativo,Vida Nova Arapongas,Trabalhista,,Primeira Instância,SP,Arapongas,"7.741,89","0,00",,13/09/2023 11:33,Judicial,Reclamatória Trabalhista,Vara do Trabalho,,,11/09/2023,,
428322,0011118-68.2023.5.15.0116,Pacaembu Construtora S/A,Gregorio Velasco,Jurídico Trabalhista,Rodrigo Hernandes Moreno,Ativo,Vida Nova Tatui Caguassu,Trabalhista,,Primeira Instância,SP,Tatuí,"42.192,69","0,00",,11/09/2023 14:29,Judicial,Reclamatória Trabalhista,Vara do Trabalho,,,04/09/2023,,
427760,1044926-67.2023.8.26.0576,Pacaembu Água Santa - Empreendimento Imobiliário Ltda.,Prefeitura de São José do Rio Preto,Serur Advogados,Procuradoria do Estado de São Paulo,Ativo,SJRP - Urban Fortes I - Fenhouse,Tributário,Extinção do Crédito Tributário,Primeira Instância,SP,São José do Rio Preto,"310.000,00","351.866,90",,06/09/2023 17:08,Judicial,Mandado de Segurança - Tributário,Vara da Fazenda Pública,,,06/09/2023,,
424270,1503853-43.2022.8.26.0269,Haus Compra e Venda de Bens Imóveis Ltda.,Prefeitura de Itapetininga,Jurídico Interno Cível,Procuradoria do Estado de São Paulo,Ativo,,Cível,Execução Fiscal - IPTU,Primeira Instância,SP,Itapetininga,"2.460,89","2.915,90",,22/08/2023 16:42,Judicial,Ordinário - Conhecimento,SAF - Serviço de Anexo Fiscal,,,30/11/2023,,
424269,1502991-40.2023.8.26.0624,Haus Compra e Venda de Bens Imóveis Ltda.,Prefeitura Municipal de Tatui,Jurídico Interno Cível,Procuradoria do Estado de São Paulo,Ativo,Vida Nova Tatuí,Cível,Execução Fiscal - IPTU,Primeira Instância,SP,Tatuí,"1.414,39","1.605,57",,22/08/2023 16:37,Judicial,Ordinário - Conhecimento,SAF - Serviço de Anexo Fiscal,,,27/09/2023,,
424268,1502990-55.2023.8.26.0624,Haus Compra e Venda de Bens Imóveis Ltda.,Prefeitura Municipal de Tatui,Jurídico Interno Cível,Procuradoria do Estado de São Paulo,Ativo,Vida Nova Tatuí,Cível,Execução Fiscal - IPTU,Primeira Instância,SP,Tatuí,"1.049,35","1.191,19",,22/08/2023 16:30,Judicial,Ordinário - Conhecimento,SAF - Serviço de Anexo Fiscal,,,27/09/2023,,
424266,1502989-70.2023.8.26.0624,Haus Compra e Venda de Bens Imóveis Ltda.,Prefeitura Municipal de Tatui,Jurídico Interno Cível,Procuradoria do Estado de São Paulo,Ativo,,Cível,Execução Fiscal - IPTU,Primeira Instância,SP,Tatuí,"1.026,04","1.164,72",,22/08/2023 15:49,Judicial,Ordinário - Conhecimento,SAF - Serviço de Anexo Fiscal,,,02/10/2023,,
424265,1502988-85.2023.8.26.0624,Haus Compra e Venda de Bens Imóveis Ltda.,Prefeitura Municipal de Tatui,Jurídico Interno Cível,Procuradoria do Estado de São Paulo,Ativo,,Cível,Execução Fiscal - IPTU,Primeira Instância,SP,Tatuí,"1.414,39","1.605,57",,22/08/2023 15:38,Judicial,Ordinário - Conhecimento,SAF - Serviço de Anexo Fiscal,,,02/10/2023,,
424132,1019822-49.2023.8.26.0196,Pacaembu Construtora S/A,Vinícius Braulio da Costa,Bruno - Escritório RST&A,Guilherme Mendonça Mendes de Oliveira,Ativo,Lealdade,Cível,Vícios Construtivos,Primeira Instância,SP,Lins,"20.000,00","22.746,49",,22/08/2023 11:48,Judicial,Ordinário - Conhecimento,Vara Cível,,,06/09/2023,,
424130,1040318-26.2023.8.26.0576,Pacaembu Construtora S/A,Lidiane Roberta da Silva Maciel,Bruno - Escritório RST&A,Guilherme Mendonça Mendes de Oliveira,Ativo,Lealdade,Cível,Vícios Construtivos,Primeira Instância,SP,São José do Rio Preto,"20.000,00","22.746,49",,22/08/2023 11:30,Judicial,Ordinário - Conhecimento,Vara Cível,,,04/09/2023,,
422721,0011119-53.2023.5.15.0116,Pacaembu Construtora S/A,Gregorio Velasco,Jurídico Trabalhista,Rodrigo Hernandes Moreno,Ativo,Vida Nova Tatui Caguassu,Trabalhista,,Primeira Instância,SP,Tatuí,"16.587,18","0,00",,16/08/2023 11:13,Judicial,Reclamatória Trabalhista,Vara do Trabalho,,,14/08/2023,,
420936,1503588-86.2023.8.26.0566,Vida Nova Sao Carlos - Empreendimento Imobiliario LTDA,SAAE - São Carlos,Jurídico Interno Cível,Procuradoria do Estado de São Paulo,Ativo,Vida Nova São Carlos,Cível,Execução Fiscal,Primeira Instância,SP,São Carlos,"14.412,27","16.376,68",,07/08/2023 16:21,Judicial,Ordinário - Conhecimento,Vara da Fazenda Pública,,,07/08/2023,,
420935,0018785-44.2023.8.16.0014,Pacaembu Construtora S/A,Lucas Vinicius Fernandes,Bruno - Escritório RST&A,Celso José Bonifácio Junior,Ativo,Bem Viver Londrina,Cível,Vícios Construtivos e muro de arrimo,Primeira Instância,PR,Londrina,"30.000,00","34.358,68",,07/08/2023 16:15,Judicial,Ordinário - Conhecimento,Vara Cível,,,07/08/2023,,
420600,1013979-17.2023.8.26.0451,Pacaembu Piracicaba Incorporadora Ltda.,Lays dos Santos Alves,Bruno - Escritório RST&A,Yara Regina Araujo Richter,Ativo,Residencial Vida Nova Suíça,Cível,Vícios Construtivos,Primeira Instância,SP,Piracicaba,"30.000,00","34.089,03",,04/08/2023 14:35,Judicial,Ordinário - Conhecimento,Vara Cível,,,03/08/2023,,
415883,1077743-60.2023.8.26.0100,Janaina Helena de Almeida,Itaú Unibanco S.a,Jurídico Interno Cível,,Ativo - não Pacaembu,,Cível,Declaratória de Inexigibilidade de Crédito,Primeira Instância,SP,São Paulo,"0,00","0,00",,14/07/2023 16:29,Judicial,Ordinário - Conhecimento,Vara Cível,,,14/07/2023,,
415552,1000905-16.2023.5.02.0320,Pacaembu Construtora S/A,Antonio Ernaldo Freires da Silva,Jurídico Trabalhista,Fábio Gusmão de Mesquita Santos,Ativo,Bem Viver Arapongas,Trabalhista,,Primeira Instância,SP,Guarulhos,"57.093,57","0,00",,13/07/2023 10:37,Judicial,Reclamatória Trabalhista,Vara do Trabalho,,,31/08/2023,,
414165,1004195-15.2023.8.26.0322,Pacaembu Lins III - Empreendimento Imobiliario Spe Ltda,Luzia Cristina Picinato,Bruno - Escritório RST&A,Sandro Rafael Barioni de Matos,Ativo,,Cível,Vícios Construtivos e muro de arrimo,Primeira Instância,SP,Lins,"30.000,00","34.054,94",,07/07/2023 15:54,Judicial,Ordinário - Conhecimento,Vara Cível,,,07/07/2023,,
413939,0002644-57.2024.8.26.0071,Pacaembu Bauru - Empreendimento Imobiliário Ltda.,Marcelo Mathews Almeida Ramos,Bruno - Escritório RST&A,Fabio Jose de Souza,Ativo,Bauru - Loteamento Vargem Limpa I,Cível,Vícios Construtivos,Primeira Instância,SP,Bauru,"15.600,00","17.772,32",,06/07/2023 16:25,Judicial,Ordinário - Conhecimento,Vara Cível,,,06/07/2023,,
413937,5004020-36.2023.4.03.6106,Pacaembu Construtora S/A,Naylla Vitoria Rosemberg Marcelo,Indeterminado,Flavia Amaral dos Santos,Aguardando Citação,Cedral,Cível,Ação de Rescisão Contratual,Primeira Instância,SP,São José do Rio Preto,"39.997,02","45.448,65",,06/07/2023 15:59,Judicial,Ordinário - Conhecimento,Vara Cível,,,06/07/2023,,
413669,5000192-58.2021.4.03.6314,Pacaembu Construtora S/A,Silvia de Sant Anna,Bruno - Escritório RST&A,Elaine Cristina Vechiato,Ativo,Jardim Itália,Cível,Vícios Construtivos,Primeira Instância,SP,Barretos,"16.500,00","19.518,41",,05/07/2023 15:19,Judicial,Ordinário - Conhecimento,Juizado Especial Cível,,,04/06/2024,,
413471,1003501-13.2023.8.26.0624,Vida Nova Tatuí III Empreendimento Imobiliário Ltda.,Geraldo Cunha Neto,Bruno - Escritório RST&A,Eduardo de Jesus Tavares Filho,Ativo,Vida Nova Tatuí,Cível,Alienação Fiduciária,Primeira Instância,SP,Tatuí,"31.983,00","36.436,67",,04/07/2023 15:42,Judicial,Ordinário - Conhecimento,Vara Cível,,,03/07/2023,,
412423,0010847-38.2023.5.15.0026,Pacaembu Construtora S/A,Rafael Carvalho de Farias,Jurídico Trabalhista,Tuan Galiano Freitas,Ativo,Presidente Prudente 3,Trabalhista,,Primeira Instância,SP,Presidente Prudente,"64.095,04","0,00",,28/06/2023 16:55,Judicial,Reclamatória Trabalhista,Vara do Trabalho,,,27/09/2023,,
412421,1000209-59.2024.5.02.0056,Pacaembu Construtora S/A,Natanael Rodrigues Carneiro de Santana,Escritório Tozzini,Adalberto dos Santos Augusto Junior,Ativo,Escritório Central,Trabalhista,,Primeira Instância,SP,São Paulo,"673.375,90","0,00",,28/06/2023 16:20,Judicial,Reclamatória Trabalhista,Vara do Trabalho,,,13/07/2023,,
411426,0031817-19.2023.8.16.0014,Pacaembu Construtora S/A,Nilza Garcia de Araujo,Bruno - Escritório RST&A,Celso José Bonifácio Junior,Ativo,Bem Viver Londrina,Cível,Vícios Construtivos e muro de arrimo,Primeira Instância,PR,Londrina,"30.000,00","34.054,94",,23/06/2023 14:18,Judicial,Ordinário - Conhecimento,Vara Cível,,,23/06/2023,,
411217,1003765-63.2023.8.26.0322,Pacaembu Lins III - Empreendimento Imobiliario Spe Ltda,Kelly Picinato Pereira,Bruno - Escritório RST&A,Sandro Rafael Barioni de Matos,Ativo,Lins - Vida Nova Lins III,Cível,Vícios Construtivos e muro de arrimo,Primeira Instância,SP,Lins,"30.000,00","34.054,94",,22/06/2023 12:34,Judicial,Ordinário - Conhecimento,Vara Cível,,,23/06/2023,,
411214,1003768-18.2023.8.26.0322,Pacaembu Lins III - Empreendimento Imobiliario Spe Ltda,Wesley Prado dos Santos Tosi,Bruno - Escritório RST&A,Sandro Rafael Barioni de Matos,Ativo,Lins - Junqueira 3 - Modulo 3,Cível,Vícios Construtivos e muro de arrimo,Primeira Instância,SP,Lins,"40.000,00","45.406,59",,22/06/2023 12:16,Judicial,Ordinário - Conhecimento,Vara Cível,,,23/08/2023,,
411212,1003771-70.2023.8.26.0322,Pacaembu Lins III - Empreendimento Imobiliario Spe Ltda,Guilherme Moraes de Lima,Bruno - Escritório RST&A,Sandro Rafael Barioni de Matos,Ativo,Lins - Vida Nova Lins III,Cível,Vícios Construtivos e muro de arrimo,Primeira Instância,SP,Lins,"30.000,00","34.054,94",,22/06/2023 12:14,Judicial,Ordinário - Conhecimento,Vara Cível,,,13/07/2023,,
411211,1003909-37.2023.8.26.0322,Pacaembu Lins III - Empreendimento Imobiliario Spe Ltda,Mariene dos Santos Cavalaria,Bruno - Escritório RST&A,Sandro Rafael Barioni de Matos,Ativo,Lins - Vida Nova Lins III,Cível,Vícios Construtivos e muro de arrimo,Primeira Instância,SP,Lins,"30.000,00","34.054,94",,22/06/2023 12:13,Judicial,Ordinário - Conhecimento,Vara Cível,,,27/07/2023,,
411210,1003911-07.2023.8.26.0322,Pacaembu Lins III - Empreendimento Imobiliario Spe Ltda,Elaine Aparecida Dias,Bruno - Escritório RST&A,Sandro Rafael Barioni de Matos,Ativo,Lins - Vida Nova Lins III,Cível,Vícios Construtivos e muro de arrimo,Primeira Instância,SP,Lins,"30.000,00","34.054,94",,22/06/2023 12:12,Judicial,Ordinário - Conhecimento,Vara Cível,,,18/08/2023,,
411209,1003913-74.2023.8.26.0322,Pacaembu Lins III - Empreendimento Imobiliario Spe Ltda,Guilherme Carminato Dutra,Bruno - Escritório RST&A,Sandro Rafael Barioni de Matos,Ativo,Lins - Vida Nova Lins III,Cível,Vícios Construtivos e muro de arrimo,Primeira Instância,SP,Lins,"30.000,00","34.054,94",,22/06/2023 12:11,Judicial,Ordinário - Conhecimento,Vara Cível,,,13/07/2023,,
411208,1003914-59.2023.8.26.0322,Pacaembu Lins III - Empreendimento Imobiliario Spe Ltda,Wilhan Prado de Souza,Bruno - Escritório RST&A,Sandro Rafael Barioni de Matos,Ativo,Lins - Junqueira 3 - Modulo 4,Cível,Vícios Construtivos e muro de arrimo,Primeira Instância,SP,Lins,"30.000,00","34.054,94",,22/06/2023 12:11,Judicial,Ordinário - Conhecimento,Vara Cível,,,18/07/2023,,
411206,1003744-87.2023.8.26.0322,Pacaembu Lins III - Empreendimento Imobiliario Spe Ltda,Beatriz Fernandes Moreira,Bruno - Escritório RST&A,Sandro Rafael Barioni de Matos,Ativo,Lins - Vida Nova Lins III,Cível,Vícios Construtivos e muro de arrimo,Primeira Instância,SP,Lins,"30.000,00","34.054,94",,22/06/2023 12:09,Judicial,Ordinário - Conhecimento,Vara Cível,,,07/07/2023,,
411204,1003753-49.2023.8.26.0322,Pacaembu Lins III - Empreendimento Imobiliario Spe Ltda,Mayara Daiane Ferreira Martins,Bruno - Escritório RST&A,Sandro Rafael Barioni de Matos,Ativo,Lins - Vida Nova Lins III,Cível,Vícios Construtivos e muro de arrimo,Primeira Instância,SP,Lins,"30.000,00","34.054,94",,22/06/2023 12:07,Judicial,Ordinário - Conhecimento,Vara Cível,,,22/06/2023,,
411203,1003756-04.2023.8.26.0322,Pacaembu Lins III - Empreendimento Imobiliario Spe Ltda,Nathalia Andreza Canteiro de Lima,Bruno - Escritório RST&A,Sandro Rafael Barioni de Matos,Ativo,Lins - Vida Nova Lins III,Cível,Vícios Construtivos e muro de arrimo,Primeira Instância,SP,Lins,"30.000,00","34.054,94",,22/06/2023 12:06,Judicial,Ordinário - Conhecimento,Vara Cível,,,15/06/2023,,
411202,1003757-86.2023.8.26.0322,Pacaembu Lins III - Empreendimento Imobiliario Spe Ltda,Antonio Rogerio Borges,Bruno - Escritório RST&A,Sandro Rafael Barioni de Matos,Ativo,Lins - Vida Nova Lins III,Cível,Vícios Construtivos e muro de arrimo,Primeira Instância,SP,Lins,"30.000,00","34.054,94",,22/06/2023 12:05,Judicial,Ordinário - Conhecimento,Vara Cível,,,07/07/2023,,
411200,1003761-26.2023.8.26.0322,Pacaembu Lins III - Empreendimento Imobiliario Spe Ltda,Marcela de Brito,Bruno - Escritório RST&A,Sandro Rafael Barioni de Matos,Ativo,Lins - Vida Nova Lins III,Cível,Vícios Construtivos e muro de arrimo,Primeira Instância,SP,Lins,"30.000,00","34.054,94",,22/06/2023 12:03,Judicial,Ordinário - Conhecimento,Vara Cível,,,15/06/2023,,
411199,1013357-11.2023.8.26.0071,Pacaembu Bauru II- Empreendimento Imobiliário Ltda.,Sidnei Barbosa Teixeira,Bruno - Escritório RST&A,Luciano Pinhata,Ativo,Bauru - Vida Nova Bauru II,Cível,Alienação Fiduciária,Primeira Instância,SP,Bauru,"21.581,62","24.586,89",,22/06/2023 12:02,Judicial,Ordinário - Conhecimento,Vara Cível,,,13/06/2023,,
411198,1003762-11.2023.8.26.0322,Pacaembu Lins III - Empreendimento Imobiliario Spe Ltda,Jean Carlos Porto Vancin,Bruno - Escritório RST&A,Sandro Rafael Barioni de Matos,Ativo,Lins - Vida Nova Lins III,Cível,Vícios Construtivos e muro de arrimo,Primeira Instância,SP,Lins,"40.000,00","45.406,59",,22/06/2023 12:01,Judicial,Ordinário - Conhecimento,Vara Cível,,,17/07/2023,,
411197,1003763-93.2023.8.26.0322,Pacaembu Lins III - Empreendimento Imobiliario Spe Ltda,Cristiano dos Santos,Bruno - Escritório RST&A,Sandro Rafael Barioni de Matos,Ativo,Lins - Vida Nova Lins III,Cível,Vícios Construtivos e muro de arrimo,Primeira Instância,SP,Lins,"30.000,00","34.054,94",,22/06/2023 12:00,Judicial,Ordinário - Conhecimento,Vara Cível,,,23/06/2023,,
410474,0010950-03.2023.5.15.0137,Pacaembu Construtora S/A,Daniela Darly Pereira Lima,Jurídico Trabalhista,Augusto Carlos Lamêgo Junior,Ativo,Nova Suiça - Piracicaba,Trabalhista,,Primeira Instância,SP,Piracicaba,"5.160,00","0,00",,19/06/2023 11:46,Judicial,Reclamatória Trabalhista,Vara do Trabalho,,,28/06/2023,,
410189,1009834-19.2023.8.26.0482,Pacaembu Construtora S/A,Daniel dos Santos Gonçalves,Bruno - Escritório RST&A,Marcelo Manfrim,Ativo,Vida Nova Pacaembu - Presidente Prudente,Cível,Vícios Construtivos,Primeira Instância,SP,Presidente Prudente,"30.546,48","34.675,29",,15/06/2023 13:45,Judicial,Ordinário - Conhecimento,Vara Cível,,,15/06/2023,,
409780,0008314-76.2024.8.26.0071,Pacaembu Bauru - Empreendimento Imobiliário Ltda.,Daiane Cristina da Silva,Bruno - Escritório RST&A,Fabio Jose de Souza,Ativo,Bauru - Loteamento Vargem Limpa I,Cível,Vícios Construtivos,Primeira Instância,SP,Bauru,"15.600,00","17.772,32",,13/06/2023 16:37,Judicial,Ordinário - Conhecimento,Vara Cível,,,13/06/2023,,
409778,0004626-09.2024.8.26.0071,Pacaembu Bauru - Empreendimento Imobiliário Ltda.,Matheus Henrique Goncalves,Bruno - Escritório RST&A,Fabio Jose de Souza,Ativo,Bauru - Loteamento Vargem Limpa I,Cível,Vícios Construtivos,Primeira Instância,SP,Bauru,"15.600,00","17.772,32",,13/06/2023 16:20,Judicial,Ordinário - Conhecimento,Vara Cível,,,13/06/2023,,
409643,0010643-57.2023.5.15.0005,Pacaembu Construtora S/A,Paulo Ricardo Santos Vicentino,Mattos Engelberg Echenique Advogados,Maria Carolina Markies Zani,Ativo,Vida Nova Bauru,Trabalhista,,Primeira Instância,SP,Bauru,"180.477,71","0,00",,13/06/2023 11:15,Judicial,Reclamatória Trabalhista,Vara do Trabalho,,,13/06/2023,,
408357,0001694-08.2023.8.26.0322,Pacaembu Construtora S/A,Danielle Cristiane Bento,Bruno - Escritório RST&A,Jus Postulandi,Ativo,Vida Nova Lins III,Cível,Muro de Arrimo,Primeira Instância,SP,Lins,"5.000,00","5.696,26",,05/06/2023 16:22,Judicial,Ordinário - Conhecimento,Juizado Especial Cível,,,05/06/2023,,
408028,1010114-83.2023.8.26.0451,Pacaembu Piracicaba Incorporadora Ltda.,Robson Gomes dos Santos,Bruno - Escritório RST&A,Lenita Davanzo,Ativo,Residencial Vida Nova Suíça,Cível,Vícios Construtivos,Primeira Instância,SP,Piracicaba,"25.000,00","28.481,28",,02/06/2023 16:06,Judicial,Ordinário - Conhecimento,Vara Cível,,,02/06/2023,,
407962,0011728-59.2023.5.15.0076,Pacaembu Construtora S/A,Vinicius Laudares da Fonseca,Jurídico Trabalhista,Marcelo Junior Vilela,Ativo,Jardins de Franca,Trabalhista,,Primeira Instância,SP,Franca,"164.214,27","0,00",,02/06/2023 14:03,Judicial,Reclamatória Trabalhista,Vara do Trabalho,,,06/06/2023,,
407801,0011638-40.2023.5.15.0015,Pacaembu Construtora S/A,Robson Amaral de Souza,Jurídico Trabalhista,Marcelo Junior Vilela,Ativo,Jardins de Franca,Trabalhista,,Primeira Instância,SP,Franca,"129.271,18","0,00",,01/06/2023 16:24,Judicial,Reclamatória Trabalhista,Vara do Trabalho,,,06/06/2023,,
406762,1021359-07.2023.8.26.0576,Pacaembu Água Santa - Empreendimento Imobiliário Ltda.,Carla Maria da Costa,Bruno - Escritório RST&A,Eduardo Zuanazzi Saden,Ativo,SJRP - Urban Fortes I - Fenhouse,Cível,Vícios Construtivos,Primeira Instância,SP,São José do Rio Preto,"26.040,00","29.823,33",,29/05/2023 11:14,Judicial,Ordinário - Conhecimento,Vara Cível,,,29/05/2023,,
405788,1024972-35.2023.8.26.0576,Pacaembu Construtora S/A,Jardim California Empreendimentos Imobiliarios Spe ltda,Jurídico Interno Cível,Karina Mara Roda Perissotto,Ativo,Cedral,Cível,Monitória,Primeira Instância,SP,São José do Rio Preto,"328.339,68","374.061,41",,22/05/2023 14:57,Judicial,Ordinário - Conhecimento,Vara Cível,,,22/05/2023,,
404367,1506318-19.2020.8.26.0132,Gold Land Catanduva I,Município de Catanduva,Jurídico Interno Cível,,Ativo,,Cível,Execução Fiscal,,,,"683,31","0,00",,12/05/2023 15:23,Judicial,Execução Fiscal,,,,12/05/2023,,
404366,1501234-03.2021.8.26.0132,Gold Land Catanduva I,Município de Catanduva,Jurídico Interno Cível,,Ativo,,Cível,Execução Fiscal,,,,"601,29","0,00",,12/05/2023 15:15,Judicial,Execução,,,,12/05/2023,,
404364,1501233-18.2021.8.26.0132,Gold Land Catanduva I,Município de Catanduva,Jurídico Interno Cível,,Ativo,,Cível,Execução Fiscal,,,,"325,90","0,00",,12/05/2023 15:09,Judicial,Execução Fiscal,,,,12/05/2023,,
403935,1001003-38.2023.8.26.0625,Gold Land Barretos,Prefeitura Municipal de Taubaté,Jurídico Interno Cível,,Ativo - não Pacaembu,,Cível,Registro de imóveis,,,,"0,00","0,00",,11/05/2023 11:22,Judicial,Pedido de providências,,,,11/05/2023,,
403934,1504903-98.2020.8.26.0132,Gold Land Empreendimentos Imobiliários Ltda,Município de Catanduva,Serur Advogados,Município de Catanduva,Ativo,,Cível,Execução Fiscal - IPTU,Primeira Instância,SP,Catanduva,"54.879,34","78.750,25",,11/05/2023 11:15,Judicial,Execução Fiscal,SAF - Serviço de Anexo Fiscal,,,11/05/2023,,
403906,1511102-14.2022.8.26.0344,Gold Land Empreendimentos Imobiliários Ltda,Adelia da Silva Ribeiro Batista,Jurídico Interno Cível,,Ativo,,Cível,Execução Fiscal - IPTU,,,,"3.586,21","0,00",,11/05/2023 10:41,Judicial,Execução Fiscal,,,,11/05/2023,,
403905,1500210-12.2023.8.26.0344,Gold Land Empreendimentos Imobiliários Ltda,Vanderlei Voltareli,Jurídico Interno Cível,,Ativo,,Cível,Execução Fiscal - IPTU,,,,"2.068,54","0,00",,11/05/2023 10:33,Judicial,Execução Fiscal,,,,11/05/2023,,
403737,0009628-91.2023.8.26.0071,Pacaembu Bauru - Empreendimento Imobiliário Ltda.,Maria de Lourdes Oliveira,Bruno - Escritório RST&A,Fabio Jose de Souza,Ativo,Bauru - Loteamento Vargem Limpa I,Cível,Vícios Construtivos,Primeira Instância,SP,Bauru,"15.600,00","17.980,86",,10/05/2023 16:17,Judicial,Ordinário - Conhecimento,Vara Cível,,,10/05/2023,,
403705,0009674-80.2023.8.26.0071,Pacaembu Bauru - Empreendimento Imobiliário Ltda.,Gabriel Bispo da Silva,Bruno - Escritório RST&A,Fabio Jose de Souza,Ativo,Bauru - Loteamento Vargem Limpa I,Cível,Vícios Construtivos,Primeira Instância,SP,Bauru,"15.600,00","17.866,51",,10/05/2023 15:51,Judicial,Ordinário - Conhecimento,Vara Cível,,,10/05/2023,,
403703,0009666-06.2023.8.26.0071,Pacaembu Bauru - Empreendimento Imobiliário Ltda.,Alan Cesar Ambrozio,Bruno - Escritório RST&A,Fabio Jose de Souza,Ativo,Bauru - Loteamento Vargem Limpa I,Cível,Vícios Construtivos,Primeira Instância,SP,Bauru,"15.600,00","17.980,86",,10/05/2023 15:04,Judicial,Ordinário - Conhecimento,Vara Cível,,,10/05/2023,,
403672,0009657-44.2023.8.26.0071,Pacaembu Bauru II- Empreendimento Imobiliário Ltda.,Adriano Cataluppi,Bruno - Escritório RST&A,Fabio Jose de Souza,Ativo,Bauru - Loteamento Vargem Limpa I,Cível,Vícios Construtivos,Primeira Instância,SP,Bauru,"15.600,00","17.980,86",,10/05/2023 14:54,Judicial,Ordinário - Conhecimento,Vara Cível,,,10/05/2023,,
401995,0018780-22.2023.8.16.0014,Pacaembu Construtora S/A,Sidneia Firmino de Lima,Bruno - Escritório RST&A,Celso José Bonifácio Junior,Ativo,Bem Viver Londrina,Cível,Vícios Construtivos e muro de arrimo,Primeira Instância,PR,Londrina,"30.000,00","34.358,68",,02/05/2023 16:26,Judicial,Ordinário - Conhecimento,Vara Cível,,,02/05/2023,,
401993,0068990-14.2022.8.16.0014,Pacaembu Construtora S/A,Joaquim Vieira,Bruno - Escritório RST&A,Paulo Aparecido Vieira,Ativo,Bem Viver Londrina,Cível,Perdas e Danos,Primeira Instância,PR,Londrina,"400.000,00","469.955,36",,02/05/2023 16:08,Judicial,Ordinário - Conhecimento,Vara Cível,,,02/05/2023,,
396813,0010485-06.2023.5.15.0133,Pacaembu Construtora S/A,Orlando Carlos Hummel Julian,Jurídico Trabalhista,Thais Oliveira Pulici,Ativo,Vida Nova Rio Preto,Trabalhista,,Primeira Instância,SP,São José do Rio Preto,"232.611,07","0,00",,04/04/2023 15:57,Judicial,Reclamatória Trabalhista,Vara do Trabalho,,,13/06/2023,,
396811,0010481-66.2023.5.15.0133,Pacaembu Construtora S/A,Orivando Henrique Bertolucci Junior,Jurídico Trabalhista,Thais Oliveira Pulici,Ativo,Vida Nova Dignidade,Trabalhista,,Primeira Instância,SP,São José do Rio Preto,"266.106,84","0,00",,04/04/2023 15:46,Judicial,Reclamatória Trabalhista,Vara do Trabalho,,,09/06/2023,,
396809,0010448-76.2023.5.15.0133,Pacaembu Construtora S/A,Eva Lopes Silva Alves (espólio de Wilson Aparecido Alves),Jurídico Trabalhista,Thais Oliveira Pulici,Ativo,Vida Nova Rio Preto,Trabalhista,,Primeira Instância,SP,São José do Rio Preto,"85.881,60","0,00",,04/04/2023 15:35,Judicial,Reclamatória Trabalhista,Vara do Trabalho,,,15/08/2023,,
396808,0010474-33.2023.5.15.0082,Pacaembu Construtora S/A,Andre Luiz Marchi,Jurídico Trabalhista,Thais Oliveira Pulci,Ativo,Vida Nova Dignidade,Trabalhista,,Primeira Instância,SP,São José do Rio Preto,"244.571,24","0,00",,04/04/2023 15:27,Judicial,Reclamatória Trabalhista,Vara do Trabalho,,,05/05/2023,,
396807,0010455-28.2023.5.15.0017,Pacaembu Construtora S/A,Ivair Roberto Nunes Alves,Escritório Tozzini,Thais Oliveira Pulici,Ativo,Vida Nova Dignidade,Trabalhista,,Primeira Instância,SP,São José do Rio Preto,"286.787,66","0,00",,04/04/2023 15:20,Judicial,Reclamatória Trabalhista,Vara do Trabalho,,,17/04/2023,,
396806,0010822-58.2023.5.15.0015,Pacaembu Construtora S/A,Lucas Ferreira Augusto,Escritório Tozzini,Camila Robini Takada,Ativo,Jardins de Franca,Trabalhista,,Primeira Instância,SP,Franca,"489.477,67","0,00",,04/04/2023 15:04,Judicial,Reclamatória Trabalhista,Vara do Trabalho,,,19/04/2023,,
393078,1501474-11.2022.8.26.0664,Haus Compra e Venda de Bens Imóveis Ltda.,Prefeitura de Votuporanga,Jurídico Interno Cível,Procuradoria do Estado de São Paulo,Ativo,Vida Nova Votuporanga III,Tributário,Execução Fiscal - IPTU,Primeira Instância,SP,Votuporanga,"1.469,77","1.738,64",,15/03/2023 10:59,Judicial,Execução Fiscal,SAF - Serviço de Anexo Fiscal,,,15/03/2023,,
391658,5005041-13.2023.4.03.6182,Ana Caroline Pires de Souza Prieto,Conselho de Arquitetura e Urbanismo de São Paulo,Jurídico Interno Cível,,Ativo - não Pacaembu,,Cível,Embargos à Execução,Primeira Instância,SP,São Paulo,"3.519,48","4.087,86",,08/03/2023 10:24,Judicial,Embargos a Execução Fiscal,Vara Execuções,,,08/03/2023,,
386867,0006435-68.2023.8.26.0071,Pacaembu Bauru II- Empreendimento Imobiliário Ltda.,Luiz Henrique Vendramin Rosalin,Bruno - Escritório RST&A,Fabio Jose de Souza,Ativo,Bauru - Loteamento Vargem Limpa I,Cível,Vícios Construtivos,Primeira Instância,SP,Bauru,"18.342,99","21.403,28",,10/02/2023 14:18,Judicial,Ordinário - Conhecimento,Vara Cível,,,10/02/2023,,
384827,1058286-22.2022.8.26.0506,Pacaembu Construtora S/A,Liziana Moreira Pinto,Bruno - Escritório RST&A,Yuri Alexieivig Mendes de Almeida,Ativo,Vida Nova Ribeirão,Cível,Muro de Arrimo,Primeira Instância,SP,Ribeirão Preto,"20.319,75","23.873,44",,31/01/2023 11:33,Judicial,Ordinário - Conhecimento,Vara Cível,,,31/01/2023,,
381890,1001755-83.2022.5.02.0036,Pacaembu Construtora S/A,Thayna Ramos Fernandes,Jurídico Trabalhista,Eduardo Augusto Alves Santana,Ativo,Escritório Central,Trabalhista,,Primeira Instância,SP,São Paulo,"132.245,57","0,00",,10/01/2023 11:33,Judicial,Reclamatória Trabalhista,Vara do Trabalho,,,10/01/2023,,
379786,0011936-03.2022.5.15.0133,Pacaembu Construtora S/A,Julio Cezar Vendramini,Escritório Tozzini,Thais Oliveira Pulici,Ativo,Nova Catanduva III F1,Trabalhista,,Primeira Instância,SP,São José do Rio Preto,"266.106,84","0,00",,14/12/2022 15:46,Judicial,Reclamatória Trabalhista,Vara do Trabalho,,,09/03/2023,,
379784,0012016-24.2022.5.15.0017,Pacaembu Construtora S/A,Odair Bueno da Silva,Escritório Tozzini,Thais Oliveira Pulici,Ativo,Vida Nova Fraternidade,Trabalhista,,Primeira Instância,SP,São José do Rio Preto,"267.972,97","0,00",,14/12/2022 15:35,Judicial,Reclamatória Trabalhista,Vara do Trabalho,,,17/02/2023,,
379250,0011944-36.2022.5.15.0082,Pacaembu Construtora S/A,Vaulte Aparecido Mendes Rodrigues,Escritório Tozzini,Thais Oliveira Pulici,Ativo,Vida Nova Fraternidade,Trabalhista,,Primeira Instância,SP,São José do Rio Preto,"289.665,39","0,00",,09/12/2022 16:35,Judicial,Reclamatória Trabalhista,Vara do Trabalho,,,13/12/2022,,
378690,0011506-86.2022.5.15.0089,Pacaembu Construtora S/A,Fabio Galvão de Oliveira e outro (1),Jurídico Trabalhista,Nelson Ribeiro da Silva,Ativo,Vida Nova Bauru,Trabalhista,,Primeira Instância,SP,Bauru,"90.002,45","0,00",,06/12/2022 11:50,Judicial,Reclamatória Trabalhista,Vara do Trabalho,,,09/12/2022,,
378373,0011920-25.2022.5.15.0044,Pacaembu Construtora S/A,Aecio Ribeiro Cunha,Escritório Tozzini,Thais Oliveira Pulici,Ativo,Vida Nova Catanduva II,Trabalhista,,Primeira Instância,SP,São José do Rio Preto,"266.106,84","0,00",,02/12/2022 12:21,Judicial,Reclamatória Trabalhista,Vara do Trabalho,,,13/12/2022,,
371760,1024478-70.2022.8.26.0071,Pacaembu Bauru - Empreendimento Imobiliário Ltda.,Jefferson Camilo Pereira,Bruno - Escritório RST&A,Luiz Sérgio Ribeiro Corrêa Júnior,Ativo,Bauru - Loteamento Vargem Limpa II,Cível,Alienação Fiduciária,Primeira Instância,SP,Bauru,"20.726,92","24.480,65",,13/10/2022 13:10,Judicial,Ordinário - Conhecimento,Vara Cível,,,13/10/2022,,
371731,1052770-05.2022.8.26.0576,Pacaembu Cedral I - Empreendimento Imobiliário Ltda,Ana Carolina da Silva Jesus,Bruno - Escritório RST&A,Jéssika de Cássia Maroco,Ativo,SJRP - Cedral - Jardim California,Cível,Alienação Fiduciária,Primeira Instância,SP,São José do Rio Preto,"165.000,00","194.882,20",,13/10/2022 11:12,Judicial,Ordinário - Conhecimento,Vara Cível,,,13/10/2022,,
370508,0000356-87.2022.5.06.0371,Pacaembu Construtora S/A,Richarlisson Antonio Bezerra Diniz,Jurídico Trabalhista,Nilton Carlos Pereira Madureira,Ativo,Vida Nova Barretos III,Trabalhista,,Primeira Instância,PE,Serra Talhada,"47.921,28","0,00",,30/09/2022 10:51,Judicial,Reclamatória Trabalhista,Vara do Trabalho,,,30/09/2022,,
370373,1024523-74.2022.8.26.0071,Pacaembu Bauru - Empreendimento Imobiliário Ltda.,Ernane Jose de Melo Costa,Jurídico Interno Cível,Defensoria Pública do Estado de São Paulo,Ativo,Bauru - Vida Nova Bauru,Cível,Execução de Título Extrajudicial,Primeira Instância,SP,Bauru,"14.641,78","17.293,47",,29/09/2022 10:31,Judicial,Execução de Título Extrajudicial,Vara Cível,,,29/09/2022,,
369948,1103321-59.2022.8.26.0100,Pacaembu Piracicaba Incorporadora Ltda.,Alexandre Ferreira de Moura,Jurídico Interno Cível,Clayton Roger Galhardo,Ativo,Residencial Vida Nova Suíça,Cível,Sustação de Protesto,Primeira Instância,SP,São Paulo,"62.674,66","74.025,31",,23/09/2022 15:31,Judicial,Ordinário - Conhecimento,Vara Cível,,,23/09/2022,,
365918,1517764-37.2022.8.26.0071,Pacaembu Lins III - Empreendimento Imobiliario Spe Ltda,Fazenda Pública do Estado de São Paulo,Jurídico Interno Cível,Procuradoria do Estado de São Paulo,Ativo,,Tributário,Execução Fiscal,Primeira Instância,SP,Bauru,"137.295,66","161.657,79",,19/08/2022 14:33,Judicial,Execução Fiscal,Setor de Execuções Fiscais,,,19/08/2022,,
363212,1040075-19.2022.8.26.0576,Pacaembu Construtora S/A,Claudemiro Aparecido Lacerda,Thaia - Escritório RST&A,Sergio Toyohiko Kiyomura,Ativo,,Cível,Embargos à Execução,Primeira Instância,SP,São José do Rio Preto,"1.030.000,00","1.205.489,49",,05/08/2022 16:02,Judicial,Embargos à Execução,Vara Cível,,,05/08/2022,,
361628,1006831-19.2022.8.26.0344,Atlanta Construções Comercio e Empreendimentos Ltda,Sônia Aparecida da Costa Biet,Bentivegna e Ribeiro Advogados,Juliano Candeloro Herminio,Ativo - não Pacaembu,,Cível,Usucapião Extraordinário,Primeira Instância,SP,Marília,"60.000,00","70.976,03",,02/08/2022 10:49,Judicial,Usucapião,Vara Cível,,,02/08/2022,,
353378,0011376-38.2022.5.15.0076,Pacaembu Construtora S/A,Zaqueu Andrade Silva,Escritório Tozzini,Anderson Luiz Scofoni,Ativo,Jardins de Franca,Trabalhista,,Primeira Instância,SP,Franca,"533.317,47","0,00",,04/07/2022 16:30,Judicial,Reclamatória Trabalhista,Vara do Trabalho,,,07/07/2022,,
353180,0011369-35.2022.5.15.0015,Pacaembu Construtora S/A,Jose Cristiano da Silva,Escritório Tozzini,Anderson Luiz Scofoni,Ativo,Jardins de Franca,Trabalhista,,Primeira Instância,SP,Franca,"643.682,71","0,00",,04/07/2022 14:55,Judicial,Reclamatória Trabalhista,Vara do Trabalho,,,07/07/2022,,
347744,1022918-49.2022.8.26.0506,Poá Empreendimento Imobiliário Ltda,Brenda Cristina da Silva Theodoro,Bruno - Escritório RST&A,Rafael Nascimento Cariola,Ativo,Jardim Cristo Redentor,Cível,Alienação Fiduciária,Primeira Instância,SP,Ribeirão Preto,"30.690,48","36.142,17",,21/06/2022 11:35,Judicial,Ordinário - Conhecimento,Vara Cível,,,21/06/2022,,
342191,0010729-96.2022.5.15.0026,Pacaembu Construtora S/A,Thiago Augusto Fidelis,Escritório Tozzini,Hamilton Fernando Machado de Mattos,Ativo,Vida Nova Pacaembu - Presidente Prudente,Trabalhista,,Primeira Instância,SP,Presidente Prudente,"265.257,84","0,00",,03/06/2022 12:43,Judicial,Reclamatória Trabalhista,Vara do Trabalho,,,13/09/2022,,
334271,1002006-20.2022.8.26.0445,Pacaembu Construtora S/A,Vitor Franca Macedo,Bruno - Escritório RST&A,Onivaldo Freitas Júnior,Ativo,,Cível,Produção Antecipada de Provas,Primeira Instância,SP,Pindamonhangaba,"1.000,00","1.195,24",,13/05/2022 16:33,Judicial,Ordinário - Conhecimento,Vara Cível,,,13/05/2022,,
326749,1019921-77.2022.8.26.0576,Pacaembu Construtora S/A,Claudemiro Aparecido Lacerda,Thaia - Escritório RST&A,Sergio Toyohiko Kiyomura,Ativo,,Cível,Execução de Título Extrajudicial,Primeira Instância,SP,São José do Rio Preto,"1.030.000,00","1.231.093,43",,26/04/2022 14:17,Judicial,Execução de Título Extrajudicial,Vara Cível,,,26/04/2022,,
323975,1011674-26.2022.8.26.0506,Poá Empreendimento Imobiliário Ltda,Michelle Cristina da Silva,Bruno - Escritório RST&A,Rodolpho Luiz de Rangel Moreira Ramos,Ativo,Jardim Cristo Redentor,Cível,Alienação Fiduciária,Primeira Instância,SP,Ribeirão Preto,"115.046,40","139.859,02",,11/04/2022 11:00,Judicial,Ordinário - Conhecimento,Vara Cível,,,11/04/2022,,
304076,1504061-84.2021.8.26.0132,Gold Land Empreendimentos Imobiliários Ltda,Prefeitura do Município de Catanduva,Serur Advogados,,Ativo,,Cível,Execução Fiscal,Primeira Instância,,Catanduva,"0,00","0,00",,11/01/2022 12:13,Judicial,Execução Fiscal,SAF - Serviço de Anexo Fiscal,,,11/01/2022,,
303355,0011924-97.2021.5.15.0076,Pacaembu Construtora S/A,Ronaldo Rogério Junior,Escritório Tozzini,Anderson Luiz Scofoni,Ativo,Vida Nova Franca,Trabalhista,,Primeira Instância,SP,Franca,"313.975,05","0,00",,05/01/2022 11:40,Judicial,Reclamatória Trabalhista,Vara do Trabalho,,,01/02/2022,,
303354,0011928-37.2021.5.15.0076,Pacaembu Construtora S/A,Lucas Francisco Souza,Escritório Tozzini,Anderson Luiz Scofoni,Ativo,Jardins de Franca,Trabalhista,,Primeira Instância,SP,Franca,"218.206,80","0,00",,05/01/2022 11:36,Judicial,Reclamatória Trabalhista,Vara do Trabalho,,,01/02/2022,,
303353,0011915-38.2021.5.15.0076,Pacaembu Construtora S/A,Carlos Eduardo Ferreira de Jesus,Escritório Tozzini,Anderson Luiz Scofoni,Ativo,Jardins de Franca,Trabalhista,,Primeira Instância,SP,Franca,"122.321,75","0,00",,05/01/2022 11:30,Judicial,Reclamatória Trabalhista,Vara do Trabalho,,,24/01/2022,,
294738,0011639-07.2021.5.15.0076,Pacaembu Construtora S/A,Marcelo Adriano Porto,Escritório Tozzini,Luisa Helena Roque Cardoso,Ativo,Jardins de Franca,Trabalhista,,Primeira Instância,SP,Franca,"89.700,72","0,00",,26/11/2021 16:44,Judicial,Reclamatória Trabalhista,CEJUSC Franca,,,26/11/2021,,
294572,0031365-05.2019.8.26.0100,Pacaembu Construtora S/A,Icmm Participações e Empreendimentos Imobiliários ltda,Bentivegna e Ribeiro Advogados,,Ativo - não Pacaembu,,Cível,Ação de Rescisão Contratual,Primeira Instância,SP,São Paulo,"264.688,69","388.190,91",,26/11/2021 14:17,Judicial,Cumprimento de Sentença,Vara Cível,,,26/11/2021,,
292561,0011087-95.2021.5.15.0026,Pacaembu Construtora S/A,Viviane dos Santos Epifanio,Jurídico Trabalhista,Marcel Massaferro Balbo,Ativo,Vida Nova Pacaembu - Presidente Prudente,Trabalhista,,,SP,Presidente Prudente,"32.043,20","0,00",,19/11/2021 20:43,Judicial,Reclamatória Trabalhista,Vara do Trabalho,,,26/11/2021,,
287746,0011489-26.2021.5.15.0076,Pacaembu Construtora S/A,João dos Reis Guiraldelli,Escritório Tozzini,Anderson Luiz Scofoni,Ativo,Vida Nova Franca,Trabalhista,,Primeira Instância,SP,Franca,"183.427,47","0,00",,26/10/2021 10:17,Judicial,Reclamatória Trabalhista,Vara do Trabalho,,,29/10/2021,,
285366,0010977-90.2021.5.15.0028,Pacaembu Construtora S/A,Andre Luis Daltin,Jurídico Trabalhista,Braulio Monti Junior,Ativo,Vida Nova Dignidade,Trabalhista,,,SP,Catanduva,"5.000,00","0,00",,11/10/2021 16:49,Judicial,Reclamatória Trabalhista,Vara do Trabalho,,,20/01/2022,,
285365,5004590-56.2021.4.03.6182,Potencial Empreendimentos Ltda.,Conselho Regional de Engenharia e Agronomia do Estado de São Paulo,Bentivegna e Ribeiro Advogados,Ricardo Garcia Gomes,Ativo,,Cível,Execução Fiscal,Primeira Instância,SP,São Paulo,"13.427,66","18.234,46",,11/10/2021 16:46,Judicial,Execução Fiscal,Execuções Fiscais Federal,,,11/10/2021,,
285235,1506356-40.2021.8.26.0344,Gold Land Empreendimentos Imobiliários Ltda,Prefeitura Municipal de Marília,Jurídico Interno Cível,,Ativo,,Cível,Execução Fiscal,Primeira Instância,SP,Marília,"3.798,38","4.975,43",,11/10/2021 13:54,Judicial,Execução de Título Extrajudicial,Vara da Fazenda Pública,,,11/10/2021,,
283353,1505878-32.2021.8.26.0344,Potencial Empreendimentos Ltda.,Prefeitura Municipal de Marília,Jurídico Interno Cível,,Ativo,,Cível,Execução Fiscal - IPTU,Primeira Instância,SP,Marília,"1.239,12","1.632,84",,29/09/2021 14:35,Judicial,Execução Fiscal,Vara da Fazenda Pública,,,29/09/2021,,
278546,1010067-47.2020.8.26.0344,Imobiliária Rio Branco ltda,Prefeitura Municipal de Marília,Bentivegna e Ribeiro Advogados,,Ativo,,Cível,Embargos à execução,Primeira Instância,SP,Marília,"1.340,61","1.738,31",,26/08/2021 12:23,Judicial,Embargos à Execução,Vara da Fazenda Pública,,,26/08/2021,,
277247,5001817-24.2022.4.03.6337,Pacaembu Construtora S/A,Vanderson da Silva Melo,Bruno - Escritório RST&A,Emerson Paulo dos Santos,Ativo,Vida Nova Votuporanga,Cível,Indenização por Danos Morais,Primeira Instância,SP,Votuporanga,"29.716,64","38.925,30",,18/08/2021 14:00,Judicial,Ordinário - Conhecimento,Juizado Especial Cível,,,18/08/2021,,
274310,0011086-46.2021.5.15.0015,Pacaembu Construtora S/A,José da Penha Ribeiro Lopes,Escritório Tozzini,Anderson Luiz Scofoni,Ativo,Jardins de Franca,Trabalhista,,Primeira Instância,SP,Franca,"659.949,18","0,00",,05/08/2021 20:29,Judicial,Reclamatória Trabalhista,Vara do Trabalho,,,16/08/2021,,
268801,1021889-95.2021.8.26.0506,Pacaembu Construtora S/A,Fabio Cristofoli,Bruno - Escritório RST&A,Ricardo Beschizza Ianelli,Ativo,Jardim Cristo Redentor,Cível,Alienação Fiduciária,Primeira Instância,SP,Ribeirão Preto,"66.065,66","87.057,47",,08/07/2021 16:01,Judicial,Ordinário - Conhecimento,Vara Cível,,,08/07/2021,,
268041,0001108-08.2017.5.13.0026,"Beach Shoes Comércio, Importação, Exportação e Franquia de Calçados e Bolsas Ltda. - EPP",Luciano Batista Dutra,Jurídico Trabalhista,Maxwell Estrela Araújo Dantas,Ativo,,Trabalhista,,Primeira Instância,PE,João Pessoa,"40.000,00","0,00",,01/07/2021 14:31,Judicial,Reclamatória Trabalhista,Vara do Trabalho,,,01/07/2021,,
265598,0000239-57.2021.4.03.6334,Pacaembu Construtora S/A,Marcos Paulo de Oliveira,Bruno - Escritório RST&A,Jacqueline Allana Montanari,Ativo,Vida Nova Assis II,Cível,Vícios Construtivos,Primeira Instância,SP,Assis,"59.000,00","79.469,01",,16/06/2021 14:58,Judicial,Ordinário - Conhecimento,Juizado Especial Cível,,,16/06/2021,,
263948,0010603-16.2021.5.15.0015,Pacaembu Construtora S/A,Jose Aparecido Ferreira,Escritório Tozzini,Anderson Luiz Scofoni,Ativo,Jardins de Franca,Trabalhista,,Primeira Instância,SP,Franca,"246.598,04","0,00",,04/06/2021 11:43,Judicial,Reclamatória Trabalhista,Vara do Trabalho,,,07/06/2021,,
262566,0001138-55.2017.5.13.0022,"Beach Shoes Comércio, Importação, Exportação e Franquia de Calçados e Bolsas Ltda. - EPP",Rosinalva Leôncio de Lima,Jurídico Trabalhista,Maxwell Estrela Araújo Dantas,Ativo,,Trabalhista,,Primeira Instância,PB,João Pessoa,"40.000,00","0,00",,26/05/2021 15:52,Judicial,Reclamatória Trabalhista,Vara do Trabalho,,,21/05/2021,,
260518,0010207-54.2021.5.15.0107,Pacaembu Construtora S/A,Juarez Cândido Bastos,Jurídico Trabalhista,Adriano Silva Souza,Ativo,Vida Nova Olímpia II,Trabalhista,,Primeira Instância,SP,Olímpia,"1.489.453,35","0,00",,12/05/2021 11:25,Judicial,Reclamatória Trabalhista,Vara do Trabalho,,,31/05/2021,,
260516,0011174-33.2020.5.15.0011,Pacaembu Construtora S/A,André Luiz de Oliveira,Jurídico Trabalhista,Daniel Alonso Machado Junior,Ativo,Vida Nova Barretos,Trabalhista,,Primeira Instância,SP,Barretos,"70.158,57","0,00",,12/05/2021 11:09,Judicial,Reclamatória Trabalhista,Vara do Trabalho,,,03/02/2022,,
258737,0010519-26.2021.5.15.0076,Pacaembu Construtora S/A,Gregory Oliveira da Cruz,Escritório Tozzini,Anderson Luiz Scofoni,Ativo,Jardins de Franca,Trabalhista,,Primeira Instância,SP,Franca,"242.058,29","0,00",,28/04/2021 15:00,Judicial,Reclamatória Trabalhista,Vara do Trabalho,,,07/05/2021,,
258668,1501597-33.2021.8.26.0344,Gold Land Empreendimentos Imobiliários Ltda,Prefeitura Municipal Marilia,Jurídico Interno Cível,Procurador Fazenda Municipio de Marilia,Ativo,,Cível,Execução Fiscal - IPTU,Primeira Instância,SP,Marília,"1.383,95","0,00",,28/04/2021 10:53,Judicial,Execução Fiscal,Vara da Fazenda Pública,,,28/04/2021,,
257418,0010384-03.2021.5.15.0015,Pacaembu Construtora S/A,Fabio de Almeida Chamorro,Escritório Tozzini,Anderson Luiz Scofoni,Ativo,Jardins de Franca,Trabalhista,,Primeira Instância,SP,Franca,"420.424,86","0,00",,16/04/2021 15:07,Judicial,Reclamatória Trabalhista,Vara do Trabalho,,,20/04/2021,,
248847,1000670-63.2020.5.02.0317,Jeferson Marcelo Machado,Thiago Jesus Mingguci,Jurídico Trabalhista,Rone Gonçalves,Ativo,,Trabalhista,,Primeira Instância,,Guarulhos,"0,00","0,00",,25/01/2021 12:44,Judicial,Reclamatória Trabalhista,Vara do Trabalho,,,25/01/2021,,
248843,1000672-18.2020.5.02.0322,Jeferson Marcelo Machado,Thais do Carmo,Jurídico Trabalhista,Rone Gonçalves,Ativo,,Trabalhista,,,SP,Guarulhos,"0,00","0,00",,25/01/2021 12:19,Judicial,Reclamatória Trabalhista,Vara do Trabalho,,,05/01/2021,,
247217,0012142-62.2020.5.15.0076,Pacaembu Construtora S/A,Mateus de Paula Xavier,Jurídico Trabalhista,Katia Teixeira Viegas,Ativo,Jardins de Franca,Trabalhista,,Primeira Instância,SP,Franca,"61.417,14","0,00",,30/12/2020 10:50,Judicial,Reclamatória Trabalhista,Vara do Trabalho,,,23/12/2020,,
245610,5052288-36.2020.4.04.7000,"Beach Shoes Comércio, Importação, Exportação e Franquia de Calçados e Bolsas Ltda. - EPP",INFRAERO - Empresa Brasileira de Infra-Estrutura Aeroportuária,Jurídico Trabalhista,VERONICA MARZULLO AGUIAR,Ativo,,Processo Cível,"Transporte Aéreo - Aeroporto, Concessão / Permissão / Autorização, Serviços, DIREITO ADMINISTRATIVO E OUTRAS MATÉRIAS DE DIREITO PÚBLICO",Primeira Instância,PR,Curitiba,"0,00","0,00",,02/12/2020 19:39,Judicial,Embargos à Execução,Juízo Federal da 5ª VF de Curitiba,,,02/12/2020,,
245321,5000438-40.2020.4.04.7000,"Beach Shoes Comércio, Importação, Exportação e Franquia de Calçados e Bolsas Ltda. - EPP",INFRAERO - Empresa Brasileira de Infra-Estrutura Aeroportuária,Jurídico Interno Cível,Alexandra Pedroso Peppes,Ativo,,Processo Cível,"Execução Contratual, Contratos Administrativos, DiIREITO ADMINISTRATIVO E OUTRAS MATÉRIAS DE DIREITO PÚBLICO",Primeira Instância,PR,Curitiba,"56.693,87","0,00",,27/11/2020 17:26,Judicial,Execução de Título Extrajudicial,Juízo Federal da 5ª VF de Curitiba,,,27/11/2020,,
244391,1044746-56.2020.8.26.0576,Pacaembu Construtora S/A,Jeane Pedretti,Bruno - Escritório RST&A,Nelsi Cassia Gomes Silva,Ativo,Vida Nova Fraternidade,Cível,Indenização por Danos Morais e Materiais,Primeira Instância,SP,São José do Rio Preto,"10.450,00","14.703,78",,19/11/2020 19:32,Judicial,Ordinário - Conhecimento,Vara Cível,,,19/11/2020,,
243198,0011060-34.2019.5.15.0107,Pacaembu Marilia Altos do Palmital 379 - Empreendimento Imobiliario LTDA,Confederação da Agricultura e Pecuária do Brasil,Jurídico Trabalhista,Claudio Urenha Gomes,Ativo,,Trabalhista,,Primeira Instância,SP,Olímpia,"13.329,78","19.372,62",,04/11/2020 16:26,Judicial,Reclamatória Trabalhista,Vara do Trabalho,,,12/12/2019,,
241313,0007211-37.2020.4.03.6315,Pacaembu Construtora S/A,Damares Vitoria Matias de Campos,Jurídico Interno Cível,Darci Sueiro Junior,Aguardando Notificação,,Cível,Produção de Provas,Primeira Instância,SP,Sorocaba,"13.000,00","18.598,82",,13/10/2020 11:06,Judicial,Tutela Cautelar Antecedente,Juizado Especial Federal Cível,,,06/10/2020,,
236659,1001042-06.2020.5.02.0610,Pacaembu Construtora S/A,Osvaldo dos Santos Silva Junior,Jurídico Trabalhista,Elvis Cleber Narcio,Ativo,Vida Nova Ribeirão - B1,Trabalhista,,Primeira Instância,SP,São Paulo,"45.665,23","0,00",,14/08/2020 11:46,Judicial,Reclamatória Trabalhista,Vara do Trabalho,,,02/09/2020,,
235535,0011338-94.2020.5.15.0076,Pacaembu Construtora S/A,Joselino Ranuzii da Silva,Escritório Tozzini,Anderson Luiz Scofoni,Ativo,Vida Nova Franca,Trabalhista,,Primeira Instância,SP,Franca,"200.187,42","0,00",,31/07/2020 16:21,Judicial,Reclamatória Trabalhista,Vara do Trabalho,,,03/08/2020,,
235443,0001113-21.2017.5.13.0029,"Beach Shoes Comércio, Importação, Exportação e Franquia de Calçados e Bolsas Ltda. - EPP",Gracielle Nunes dos Santos Silva,Jurídico Trabalhista,Maxwell Estrela Araújo Dantas,Ativo,,Trabalhista,,Primeira Instância,PB,João Pessoa,"40.000,00","0,00",,30/07/2020 15:14,Judicial,Reclamatória Trabalhista,Vara do Trabalho,,,30/07/2020,,
235192,1504305-61.2018.8.26.0344,Imobiliaria Seguranca Marilia Ltda,Prefeitura Municipal de Marília,Jurídico Interno Cível,,Ativo,,Processo Cível,Execução Fiscal,Primeira Instância,SP,Marília,"1.589,01","2.397,84",,27/07/2020 11:38,Judicial,Execução Fiscal,Vara da Fazenda Pública,,,27/07/2020,,
235149,1508618-02.2017.8.26.0344,Imobiliária Rio Branco Wilson Almeida,Prefeitura Municipal de Marília,Jurídico Interno Cível,,Ativo,,Processo Cível,Execução Fiscal,Primeira Instância,SP,Marília,"1.340,61","2.085,60",,24/07/2020 16:33,Judicial,Execução Fiscal,Vara da Fazenda Pública,,,24/07/2020,,
234719,0011174-21.2020.5.15.0015,Pacaembu Construtora S/A,Gilmar Abilo Dias,Jurídico Trabalhista,Anderson Luiz Scofoni,Ativo,Jardins de Franca,Trabalhista,,Primeira Instância,SP,Franca,"274.782,64","0,00",,20/07/2020 12:20,Judicial,Reclamatória Trabalhista,Vara do Trabalho,,,20/07/2020,,
234716,0011168-14.2020.5.15.0015,Pacaembu Construtora S/A,Juliano Aparecido Barbosa,Escritório Tozzini,Anderson Luiz Scofoni,Ativo,Jardins de Franca,Trabalhista,Abandono de Emprego,Primeira Instância,SP,Franca,"274.782,64","0,00",,20/07/2020 11:07,Judicial,Reclamatória Trabalhista,Vara do Trabalho,,,20/07/2020,,
234613,0011170-81.2020.5.15.0015,Pacaembu Construtora S/A,Tiago da Silva Melo,Escritório Tozzini,Anderson Luiz Scofoni,Ativo,Jardins de Franca,Trabalhista,,Primeira Instância,SP,Franca,"345.098,80","0,00",,17/07/2020 16:27,Judicial,Reclamatória Trabalhista,Vara do Trabalho,,,17/07/2020,,
234086,0011198-49.2020.5.15.0015,Pacaembu Construtora S/A,Elismar Bento dos Santos,Escritório Tozzini,Anderson Luiz Scofoni,Ativo,Jardins de Franca,Trabalhista,,Primeira Instância,SP,Franca,"343.700,85","0,00",,10/07/2020 15:55,Judicial,Reclamatória Trabalhista,Vara do Trabalho,,,03/08/2020,,
234085,0011199-34.2020.5.15.0015,Pacaembu Construtora S/A,Samuel da Silva,Escritório Tozzini,Anderson Luiz Scofoni,Ativo,Jardins de Franca,Trabalhista,Adicional,Primeira Instância,SP,Franca,"424.712,46","0,00",,10/07/2020 15:47,Judicial,Reclamatória Trabalhista,Vara do Trabalho,,,03/08/2020,,
234081,0011197-64.2020.5.15.0015,Pacaembu Construtora S/A,Eliseu Teixeira da Silva,Escritório Tozzini,Anderson Luiz Scofoni,Ativo,Jardins de Franca,Trabalhista,Contrato Individual de Trabalho,Primeira Instância,SP,Franca,"340.255,30","0,00",,10/07/2020 15:20,Judicial,Reclamatória Trabalhista,Vara do Trabalho,,,03/08/2020,,
234069,0010295-50.2020.5.15.0100,Pacaembu Construtora S/A,Arnaldo Amaro de Sousa,Escritório Tozzini,José Euclides Lopes,Ativo,Vida Nova Assis,Trabalhista,,Primeira Instância,SP,Assis,"164.722,62","0,00",,10/07/2020 14:12,Judicial,Reclamatória Trabalhista,Vara do Trabalho,,,12/02/2021,,
233999,0011196-90.2020.5.15.0076,Pacaembu Construtora S/A,Gabriel Pereira Ribeiro,Escritório Tozzini,Anderson Luiz Scofoni,Ativo,Jardins de Franca,Trabalhista,Abono,Primeira Instância,SP,Franca,"283.703,20","0,00",,09/07/2020 15:41,Judicial,Reclamatória Trabalhista,Vara do Trabalho,,,17/07/2020,,
233921,0011192-53.2020.5.15.0076,Pacaembu Construtora S/A,William Bernardes da Silva,Escritório Tozzini,Anderson Luiz Scofoni,Ativo,Vida Nova Franca,Trabalhista,Abono,Primeira Instância,SP,Franca,"208.617,58","0,00",,09/07/2020 13:02,Judicial,Reclamatória Trabalhista,Vara do Trabalho,,,17/07/2020,,
233919,0010697-02.2020.5.15.0046,Pacaembu Construtora S/A,José Jesus Ferreira,Jurídico Trabalhista,Roberto Benetti Filho,Ativo,Vida Nova Araras,Trabalhista,,Primeira Instância,SP,Araras,"19.047,36","0,00",,09/07/2020 11:40,Judicial,Reclamatória Trabalhista,Vara do Trabalho,,,09/07/2020,,
233918,1018843-70.2019.8.26.0053,Olinda Maria Gomes da Costa Brito Eusébio,CETESB - Companhia Ambiental do Estado de São Paulo,Jurídico Interno Cível,,Ativo,,Processo Cível,Mandado de Segurança,Primeira Instância,SP,São Paulo,"1.000,00","1.475,39",,09/07/2020 11:07,Judicial,Mandado de Segurança,Vara da Fazenda Pública,,,08/07/2020,,
229573,0010112-59.2020.5.15.0042,Pacaembu Construtora S/A,Jose Leonardo Dos Anjos,Jurídico Trabalhista,Adauto Luiz Siqueira,Ativo,Vida Nova Votuporanga IV,Trabalhista,,Primeira Instância,SP,Ribeirão Preto,"66.684,53","0,00",,22/05/2020 13:11,Judicial,Reclamatória Trabalhista,Vara do Trabalho,,,21/05/2020,,
227655,1500744-92.2019.8.26.0344,Imobiliária Rio Branco Wilson Almeida,Prefeitura do Município de Marília,Jurídico Interno Cível,,Ativo,,Processo Cível,Execução Fiscal,Primeira Instância,SP,Marília,"1.999,18","0,00",,04/05/2020 12:53,Judicial,Execução Fiscal,Vara da Fazenda Pública,,,28/04/2020,,
225938,0010130-64.2020.5.15.0015,Pacaembu Construtora S/A,Eneias Junior Mendonça,Escritório Tozzini,Anderson Luiz Scofoni,Ativo,Jardins de Franca,Trabalhista,,Primeira Instância,SP,Franca,"341.086,65","0,00",,04/03/2020 16:57,Judicial,Reclamatória Trabalhista,Vara do Trabalho,,,04/03/2020,,
225317,0095100-59.2003.5.02.0401,Embras - Empreendimentos e Construções Ltda,Jose Rodrigues Filho,Jurídico Trabalhista,Armando Fernandes Filho,Ativo,,Trabalhista,,,SP,Praia Grande,"0,00","0,00",,23/01/2020 16:41,Judicial,Reclamatória Trabalhista,Vara do Trabalho,,,23/01/2020,,
225276,0012012-27.2019.5.15.0070,Pacaembu Construtora S/A,Gilberto Carlos Favarao,Escritório Tozzini,Braulio Monti Junior,Ativo,Vida Nova Dignidade,Trabalhista,,Primeira Instância,SP,Catanduva,"70.000,00","0,00",,21/01/2020 12:01,Judicial,Reclamatória Trabalhista,Vara do Trabalho,,,17/01/2020,,
225146,1000044-96.2020.8.26.0132,Pacaembu Construtora S/A,Superintendência de Água e Esgoto de Catanduva,Jurídico Interno Cível,Procuradoria do Estado de São Paulo,Ativo,,Tributário,Execução Fiscal,Primeira Instância,SP,Catanduva,"5.495,16","7.890,04",,14/01/2020 10:41,Judicial,Execução Fiscal,SAF - Serviço de Anexo Fiscal,,,14/01/2020,,
224715,1001598-77.2019.5.02.0081,Plastic Beach Industria e Comercio de Calçados Eireli,Walter Oliveira da Fonseca,Jurídico Trabalhista,IGOR ALVES DA SILVA,Ativo,,Trabalhista,,Primeira Instância,SP,São Paulo,"26.998,02","0,00",,17/12/2019 11:04,Judicial,Reclamatória Trabalhista,Vara do Trabalho,,,17/12/2019,,
224606,0011932-63.2019.5.15.0070,Pacaembu Construtora S/A,Andre Luis Daltin,Jurídico Trabalhista,Braulio Monti Junior,Ativo,Vida Nova Dignidade,Trabalhista,,Primeira Instância,SP,Catanduva,"70.000,00","0,00",,11/12/2019 17:59,Judicial,Reclamatória Trabalhista,Vara do Trabalho,,,06/12/2019,,
224600,0011986-58.2019.5.15.0028,Pacaembu Construtora S/A,Delvaci Francisco Teixeira,Jurídico Trabalhista,Braulio Monti Junior,Ativo,Vida Nova Catanduva II,Trabalhista,,Primeira Instância,SP,Catanduva,"70.000,00","0,00",,11/12/2019 16:35,Judicial,Reclamatória Trabalhista,Vara do Trabalho,,,06/12/2019,,
222844,0010446-29.2019.5.15.0107,Pacaembu Construtora S/A,Ednaldo Rodrigues Vaz,Jurídico Trabalhista,Andre Zanini Wahbe,Ativo,Vida Nova Olímpia,Trabalhista,,Primeira Instância,SP,Olímpia,"74.816,50","0,00",,10/10/2019 16:59,Judicial,Reclamatória Trabalhista,Vara do Trabalho,,,03/10/2019,,
217060,0012571-16.2017.5.15.0082,"Beach Shoes Comércio, Importação, Exportação e Franquia de Calçados e Bolsas Ltda. - EPP",Fabiana Regina de Paula,Jurídico Trabalhista,Mariana Osti Alves de Souza Cardoso,Ativo,,Trabalhista,,Primeira Instância,SP,São José do Rio Preto,"108.569,89","0,00",,29/08/2019 16:01,Judicial,Reclamatória Trabalhista,Vara do Trabalho,,,29/08/2019,,
217055,1000382-87.2018.5.02.0058,"Beach Shoes Comércio, Importação, Exportação e Franquia de Calçados e Bolsas Ltda. - EPP",Jhony Vieira Vasconcelos,Jurídico Trabalhista,Alexandre Carlos Giancoli Filho,Ativo,,Trabalhista,,Primeira Instância,SP,São Paulo,"40.133,86","0,00",,29/08/2019 15:52,Judicial,Reclamatória Trabalhista,Vara do Trabalho,,,29/08/2019,,
215471,1561189-62.2019.8.26.0090,Potencial Empreendimentos Ltda.,Prefeitura do Município de São Paulo,Jurídico Interno Cível,,Ativo,,Processo Cível,Execução Fiscal - IPTU/ Imposto Predial e Territorial Urbano,Primeira Instância,SP,São Paulo,"5.855,86","0,00",,20/08/2019 14:54,Judicial,Execução Fiscal,Execuções Fiscais Municipais,,,20/08/2019,,
212470,1090469-42.2018.8.26.0100,Plastic Beach Industria e Comercio de Calçados Eireli,"Eazycomm Suporte, Serviços e Comércio de Informática e Telecomunicações Ltda.",,,Ativo,,Processo Cível,,Primeira Instância,SP,São Paulo,"2.959,49","0,00",,05/08/2019 18:21,Judicial,Monitória - Prestação de Serviços,Vara Cível,,,05/08/2019,,
212469,1001033-19.2018.8.26.0344,Wilson de Almeida Junior,Teruaki Kushikawa,Escritório Reis & Souza Advogados,,Ativo - não Pacaembu,,Cível,Usucapião,Primeira Instância,SP,Marília,"45.000,00","0,00",,05/08/2019 18:17,Judicial,Usucapião,Vara Cível,,,05/08/2019,,
211657,1010830-87.2016.8.26.0344,"Beach Shoes Comércio, Importação, Exportação e Franquia de Calçados e Bolsas Ltda. - EPP",Alessandra Idalgo Iague,Bentivegna e Ribeiro Advogados,,Ativo,,Processo Cível,,Primeira Instância,SP,Marília,"135.410,42","0,00",,31/07/2019 16:26,Judicial,Execução de Título Extrajudicial,Vara Cível,,,31/07/2019,,
211654,0017646-92.2015.8.26.0100,"Beach Shoes Comércio, Importação, Exportação e Franquia de Calçados e Bolsas Ltda. - EPP",Mariley Martins de Miranda Silveira,Kelly Botelho Dias,,Ativo,,Processo Cível,,Primeira Instância,SP,São Paulo,"180.825,39","0,00",,31/07/2019 16:08,Judicial,Rescisão / Resolução,Vara Cível,,,31/07/2019,,
211650,1094058-13.2016.8.26.0100,"Beach Shoes Comércio, Importação, Exportação e Franquia de Calçados e Bolsas Ltda. - EPP",Alessandra Santos do Vale Ferreira,Bentivegna e Ribeiro Advogados,,Ativo,,Processo Cível,,Primeira Instância,SP,São Paulo,"23.889,74","0,00",,31/07/2019 15:52,Judicial,Execução de Título Extrajudicial,Vara Cível,,,31/07/2019,,
211645,1039990-79.2017.8.26.0100,"Beach Shoes Comércio, Importação, Exportação e Franquia de Calçados e Bolsas Ltda. - EPP",Viviane Nervo Pergher,,,Ativo,,Processo Cível,,Primeira Instância,SP,São Paulo,"100.000,00","0,00",,31/07/2019 15:23,Judicial,Rescisão / Resolução,Vara Cível,,,31/07/2019,,
206763,0020484-70.2014.5.04.0305,Beach Mix Comercio de Calçados e Bolsas Ltda,Raquel Fernanda Rodrigues Paim,Nathalia Garcia,Alexandre Pienis,Ativo,,Trabalhista,,,,Novo Hamburgo,"30.000,00","0,00",,08/07/2019 14:11,Judicial,Reclamação Pré-processual,Vara do Trabalho,,,08/07/2019,,
206759,1000542-83.2019.5.02.0024,Beach Mix Comercio de Calçados e Bolsas Ltda,Anderson José Ramos da Silva,Nathalia Garcia,Thais Abdalla Bochour Cunha,Ativo,,Trabalhista,,,SP,São Paulo,"124.688,79","0,00",,08/07/2019 13:57,Judicial,Reclamatória Trabalhista,Vara do Trabalho,,,08/07/2019,,
203298,0010792-72.2019.5.15.0044,Pacaembu Construtora S/A,Fabio Sebastiao da Silva,Jurídico Trabalhista,Nilson Antonio da Silveira Junior,Ativo,Vida Nova Itapetininga,Trabalhista,,Primeira Instância,SP,São José do Rio Preto,"51.267,37","0,00",,18/06/2019 17:14,Judicial,Reclamatória Trabalhista,Vara do Trabalho,,,18/06/2019,,
202322,0010765-15.2019.5.15.0004,Pacaembu Construtora S/A,Weslei Romario Silva Lourenço,Jurídico Trabalhista,Renato César Matos,Ativo,Vida Nova Ribeirão - B2,Trabalhista,,Primeira Instância,SP,Ribeirão Preto,"64.225,91","0,00",,13/06/2019 12:01,Judicial,Carta Precatória,Vara do Trabalho,,,06/07/2018,,
191315,0010338-19.2019.5.15.0133,Pacaembu Construtora S/A,Edimilson Gomes de Souza,Jurídico Trabalhista,Tupa Montemor Pereira,Ativo,Vida Nova Itapetininga,Trabalhista,,Primeira Instância,SP,São José do Rio Preto,"45.273,88","5.115,94",,05/04/2019 15:57,Judicial,Reclamatória Trabalhista,Vara do Trabalho,,,26/03/2019,,
190358,0010340-62.2019.5.15.0044,Pacaembu Construtora S/A,Jose Robevan Alves de Souza,Jurídico Trabalhista,Tupa Montemor Pereira,Ativo,Vida Nova Itapetininga,Trabalhista,,Primeira Instância,SP,São José do Rio Preto,"43.264,28","4.888,86",,29/03/2019 17:13,Judicial,Reclamatória Trabalhista,Vara do Trabalho,,,18/03/2019,,
182760,0010649-37.2017.5.15.0082,Beach Mix Comercio de Calçados e Bolsas Ltda,Jaqueline de Souza Silva,Jurídico Trabalhista,Danilo Jesus Godoi Ramos,Ativo,,Trabalhista,Anotação / Baixa / Retificação,Primeira Instância,SP,São José do Rio Preto,"18.952,61","0,00",,05/02/2019 13:17,Judicial,Reclamatória Trabalhista,Vara do Trabalho,,,05/02/2019,,
182759,0012397-41.2016.5.15.0082,Beach Mix Comercio de Calçados e Bolsas Ltda,Jaqueline de Souza Silva,Jurídico Trabalhista,Danilo Jesus Godoi Ramos,Ativo,,Trabalhista,Aviso Prévio,Primeira Instância,SP,São José do Rio Preto,"21.754,74","0,00",,05/02/2019 13:12,Judicial,Reclamatória Trabalhista,Vara do Trabalho,,,05/02/2019,,
182758,0012382-89.2016.5.15.0044,Beach Mix Comercio de Calçados e Bolsas Ltda,Michele dos Santos Vicentini,Jurídico Trabalhista,Felipe Carusi Neto,Ativo,,Trabalhista,FGTS,Primeira Instância,SP,São José do Rio Preto,"5.926,12","0,00",,05/02/2019 13:05,Judicial,Reclamatória Trabalhista,Vara do Trabalho,,,05/02/2019,,
182757,0012720-63.2016.5.15.0044,Beach Mix Comercio de Calçados e Bolsas Ltda,Silvia Liliam de Oliveira,Jurídico Trabalhista,Jorge Rodrigo Seba,Ativo,,Trabalhista,FGTS,Primeira Instância,SP,São José do Rio Preto,"8.959,22","0,00",,05/02/2019 13:00,Judicial,Reclamatória Trabalhista,Vara do Trabalho,,,05/02/2019,,
182756,0011457-93.2016.5.15.0044,Beach Mix Comercio de Calçados e Bolsas Ltda,Samantha Scaamardi Silvado,Jurídico Trabalhista,Luciano Pereira Castro,Ativo,,Trabalhista,Multa do Artigo 477 da CLT,Primeira Instância,SP,São José do Rio Preto,"16.527,77","0,00",,05/02/2019 12:46,Judicial,Reclamatória Trabalhista,Vara do Trabalho,,,05/02/2019,,
182755,0012038-81.2015.5.15.0129,Beach Mix Comercio de Calçados e Bolsas Ltda,Jeniffer Kelly Oliveira Viana,Jurídico Trabalhista,Cristiano Reis Cortezia,Ativo,,Trabalhista,Outras Hipóteses de Estabilidade,Primeira Instância,SP,Campinas,"26.033,08","0,00",,05/02/2019 12:28,Judicial,Reclamatória Trabalhista,Vara do Trabalho,,,05/02/2019,,
182754,0011731-30.2016.5.15.0053,Beach Mix Comercio de Calçados e Bolsas Ltda,Daniele Roberta Candido da Silva,Jurídico Trabalhista,Eduardo Cruvinel,Ativo,,Trabalhista,Sucumbência,Primeira Instância,SP,Campinas,"20.000,00","0,00",,05/02/2019 12:16,Judicial,Reclamatória Trabalhista,Vara do Trabalho,,,05/02/2019,,
182753,0011405-70.2016.5.15.0053,Beach Mix Comercio de Calçados e Bolsas Ltda,Claudineia Miguel Costa,Jurídico Trabalhista,Eduardo Cruvinel,Ativo,,Trabalhista,Verbas Rescisórias,Primeira Instância,SP,Campinas,"15.000,00","0,00",,05/02/2019 11:53,Judicial,Reclamatória Trabalhista,Vara do Trabalho,,,05/02/2019,,
182752,0010975-84.2016.5.15.0032,Beach Mix Comercio de Calçados e Bolsas Ltda,Juliana Alves Galhardo,Jurídico Trabalhista,Plinio Jose Barbosa Junior,Ativo,,Trabalhista,Rescisão do Contrato de Trabalho,Primeira Instância,SP,Campinas,"5.810,73","0,00",,05/02/2019 11:38,Judicial,Reclamatória Trabalhista,Vara do Trabalho,,,05/02/2019,,
182751,0011459-95.2016.5.15.0001,Beach Mix Comercio de Calçados e Bolsas Ltda,Viviane Ferreira de Oliveira Fermino,Jurídico Trabalhista,Eduardo Cruvinel,Ativo,,Trabalhista,Responsabilidade Civil do Empregador,Primeira Instância,SP,Campinas,"18.000,00","0,00",,05/02/2019 11:30,Judicial,Reclamatória Trabalhista,Vara do Trabalho,,,05/02/2019,,
182746,1001444-64.2018.5.02.0705,Beach Mix Comercio de Calçados e Bolsas Ltda,Marcia Rosana Pereira Santos,Jurídico Trabalhista,Ana Claudia Alves da Cunha,Ativo,,Trabalhista,,Primeira Instância,SP,São Paulo,"51.301,90","0,00",,05/02/2019 10:26,Judicial,Reclamatória Trabalhista,Vara do Trabalho,,,05/02/2019,,
182744,1000211-84.2018.5.02.0720,Beach Mix Comercio de Calçados e Bolsas Ltda,Danielly Carla Pereira Serrone Barbosa,Jurídico Trabalhista,Flavia Nepomuceno Costa,Ativo,,Trabalhista,,Primeira Instância,SP,São Paulo,"14.174,13","0,00",,05/02/2019 10:15,Judicial,Reclamatória Trabalhista,Vara do Trabalho,,,05/02/2019,,
182741,1000215-58.2018.5.02.0062,Beach Mix Comercio de Calçados e Bolsas Ltda,Beatriz Souza Mendes de Oliveira,Jurídico Trabalhista,Rony Jose Morais,Ativo,,Trabalhista,,Primeira Instância,SP,São Paulo,"44.983,07","0,00",,05/02/2019 10:02,Judicial,Reclamatória Trabalhista,Vara do Trabalho,,,05/02/2019,,
182739,1000005-53.2018.5.02.0079,Beach Mix Comercio de Calçados e Bolsas Ltda,Valdir Oliveira,Jurídico Trabalhista,Alexandre Carlos Giancoli Filho,Ativo,,Trabalhista,,Primeira Instância,SP,São Paulo,"36.063,04","0,00",,05/02/2019 09:48,Judicial,Reclamatória Trabalhista,Vara do Trabalho,,,05/02/2019,,
181514,0012118-05.2015.5.15.0110,Beach Mix Comercio de Calçados e Bolsas Ltda,Denise Fernanda Gonçalves,Jurídico Trabalhista,Milene de oliveira Pereira,Ativo,,Trabalhista,Rescisão do Contrato de Trabalho,Primeira Instância,SP,José Bonifácio,"47.989,11","0,00",,28/01/2019 16:51,Judicial,Reclamatória Trabalhista,Vara do Trabalho,,,28/01/2019,,
177588,1001473-39.2018.5.02.0051,Wilson de Almeida Junior,José medeiros de Brito,,,Ativo,,,,Primeira Instância,SP,São Paulo,"60.831,26","0,00",,04/12/2018 20:49,Judicial,Reclamatória Trabalhista,Vara do Trabalho,,,04/12/2018,,
167405,1001040-20.2018.5.02.0056,Pacaembu Construtora S/A,União Federal,Jurídico Trabalhista,,Ativo,,Trabalhista,Autos de Infração,,SP,São Paulo,"11.896,22","11.896,22",,11/09/2018 18:06,Judicial,Ação Anulatória,Vara do Trabalho,,,23/08/2018,,
156270,0010799-85.2018.5.15.0016,Pacaembu Construtora S/A,Rogerio Andrade,Jurídico Trabalhista,João Eduardo Ascencio,Ativo,Vida Nova Ribeirão,Trabalhista,Indenizado - Efeitos,Primeira Instância,SP,Sorocaba,"105.372,09","11.907,04",,22/06/2018 14:58,Judicial,Reclamatória Trabalhista,Vara do Trabalho,,,22/06/2018,,
156223,1000408-85.2018.5.02.0446,Pacaembu Construtora S/A,Marcos Correa da Silva,Jurídico Trabalhista,Alexandre Fernandes Domingues,Ativo,Vida Nova Maracá II,Trabalhista,,Primeira Instância,SP,Santos,"159.787,00","18.055,93",,22/06/2018 13:12,Judicial,Reclamatória Trabalhista,Vara do Trabalho,,,22/06/2018,,
155082,1501534-13.2018.8.26.0344,Gold Land Empreendimentos Imobiliários Ltda,Prefeitura Municipal Marilia,Jurídico Interno Cível,Município de Marília,Ativo,,Cível,IPTU/ Imposto Predial e Territorial Urbano,Primeira Instância,SP,Marília,"3.876,14","0,00",,14/06/2018 19:12,Judicial,Execução Fiscal,Vara da Fazenda,,,14/06/2018,,
127435,1508290-72.2017.8.26.0344,AJ Comercial e Construtora Ltda.,Prefeitura do Município de Marília,Jurídico Interno Cível,,Ativo,PACA.0356,Cível,Execução Fiscal,Primeira Instância,SP,Marília,"1.696,20","0,00",,08/01/2018 12:42,Judicial,Execução Fiscal,Vara da Fazenda Pública,,,08/01/2018,,
122533,0011684-33.2017.5.15.0017,Pacaembu Construtora S/A,Agnaldo Antônio Perez Nogueira,Jurídico Trabalhista,Leandro Lourival Lopes,Ativo,Lealdade,Trabalhista,DIREITO DO TRABALHO,Primeira Instância,SP,São José do Rio Preto,"198.379,31","0,00",,05/09/2017 14:45,Judicial,Reclamatória Trabalhista,Vara do Trabalho,,,31/08/2017,,
121583,1502564-20.2017.8.26.0344,AJ Comercial e Construtora Ltda.,Prefeitura do Município de Marília,Jurídico Interno Cível,,Ativo,PACA.0341,Processo Cível,Execução Fiscal,Primeira Instância,SP,Marília,"1.642,42","0,00",,02/08/2017 11:55,Judicial,Execução Fiscal,Vara da Fazenda,,,02/08/2017,,
120560,1056144-75.2017.8.26.0100,Pacaembu Construtora S/A,Quality Serviços de Pinturas Ltda,Bruno - Escritório RST&A,N/A,Ativo,,Cível,Ação de cobrança,Primeira Instância,SP,São Paulo,"67.925,98","106.063,52",,20/06/2017 15:08,Judicial,Ordinário - Conhecimento,Vara Cível,,,20/06/2017,,
120558,0010737-43.2017.5.15.0028,Pacaembu Construtora S/A,Edimauro Donizetti Moura Castro,Jurídico Trabalhista,Nilson Antonio da Silveira Junior,Ativo,Fraternidade,Trabalhista,Adicional,Primeira Instância,SP,Catanduva,"82.312,69","9.301,33",,20/06/2017 14:43,Judicial,Reclamatória Trabalhista,Vara do Trabalho,,,31/05/2017,,
120505,1056132-61.2017.8.26.0100,Pacaembu Construtora S/A,Quality Serviços de Pinturas Ltda,Bruno - Escritório RST&A,N/A,Ativo,,Cível,Ação de cobrança,Primeira Instância,SP,São Paulo,"74.739,03","116.701,81",,19/06/2017 11:15,Judicial,Ordinário - Conhecimento,Vara Cível,,,19/06/2017,,
119943,0010893-02.2017.5.15.0070,Pacaembu Construtora S/A,Marcio Roberto dos Santos Rocha,Jurídico Trabalhista,Nilson Antonio da Silveira Junior,Ativo,Obra Não identificada,Trabalhista,Adicional,Primeira Instância,SP,Catanduva,"116.401,90","13.153,41",,26/05/2017 16:49,Judicial,Reclamatória Trabalhista,Vara do Trabalho,,,26/05/2017,,
119627,0009859-70.2006.8.26.0506,Agropecuária Anel Viário S/A,Vianorte S/A,Jurídico Interno Cível,Gustavo Pereira Defina,Ativo,PACA.0335,Processo Cível,Desapropriação,Primeira Instância,SP,Ribeirão Preto,"101.041,04","0,00",,08/05/2017 10:33,Judicial,Desapropriação,Vara da Fazenda,,,08/05/2017,,
118980,0010515-46.2017.5.15.0070,Pacaembu Construtora S/A,Izaias Francisco do Nascimento,Jurídico Trabalhista,Daniela Redigolo Donato,Ativo,Vida Nova Catanduva II,Trabalhista,Adicional,Primeira Instância,SP,Catanduva,"102.573,68","0,00",,10/04/2017 11:37,Judicial,Reclamatória Trabalhista,Vara do Trabalho,,,10/04/2017,,
118913,1504741-03.2017.8.26.0361,Potencial Empreendimentos Ltda.,Prefeitura Municipal de Mogi das Cruzes,Jurídico Interno Cível,,Ativo,PACA.0342,Processo Cível,Dívida Ativa,Primeira Instância,SP,Mogi das Cruzes,"1.641,89","0,00",,06/04/2017 16:15,Judicial,Execução Fiscal,Vara da Fazenda,,,06/04/2017,,
118695,0026520-04.2001.8.26.0053,Atlanta Construções Comercio e Empreendimentos Ltda,Ministério Público do Estado de São Paulo,Jurídico Interno Cível,,Ativo,PACA.0266,Processo Cível,Direito Administrativo,Primeira Instância,SP,São Paulo,"1.591.223,00","0,00",,29/03/2017 17:01,Judicial,Ação Civil Pública,Vara da Fazenda,,,29/03/2017,,
118676,0601852-65.2011.8.26.0344,Wilson de Almeida,Departamento Água e Esgoto Marília,Bentivegna e Ribeiro Advogados,Marcelo Augusto Lazzarini Lucchese,Ativo,0060.0094,Processo Cível,Dívida Ativa,Primeira Instância,SP,Marília,"578,74","0,00",,29/03/2017 14:35,Judicial,Execução Fiscal,Vara da Fazenda,,,29/03/2017,,
118674,0600701-06.2007.8.26.0344,Wilson de Almeida,Departamento Água e Esgoto Marília,Jurídico Interno Cível,,Ativo,PACA.0272,Processo Cível,Dívida Ativa,Primeira Instância,SP,Marília,"481,11","0,00",,29/03/2017 14:16,Judicial,Execução Fiscal,Vara da Fazenda,,,29/03/2017,,
118647,0046827-06.2009.8.26.0309,Irmãos Carbonari S/A Comercial Industrial e Agricola,Fazenda Pública de Jundiaí,Bentivegna e Ribeiro Advogados,,Ativo,PACA.0218,Processo Cível,Execução Fiscal,Primeira Instância,SP,Jundiaí,"1.305,28","0,00",,28/03/2017 16:46,Judicial,Execução Fiscal,Vara da Fazenda,,,28/03/2017,,
118646,0041111-03.2006.8.26.0309,Irmãos Carbonari S/A Comercial Industrial e Agricola,Município de Jundiaí,Jurídico Interno Cível,,Ativo,PACA.0219,Processo Cível,,Primeira Instância,SP,Jundiaí,"3.528,79","0,00",,28/03/2017 16:44,Judicial,Execução Fiscal,Vara da Fazenda,,,28/03/2017,,
118645,0018000-34.1999.8.26.0309,Irmãos Carbonari S/A Comercial Industrial e Agricola,Fazenda do Estado de São Paulo,Jurídico Interno Cível,,Ativo,,Processo Cível,Execução Fiscal,Primeira Instância,SP,Jundiaí,"1.403,35","0,00",,28/03/2017 16:42,Judicial,Execução Fiscal,Vara da Fazenda,,,28/03/2017,,
118643,0013247-34.1999.8.26.0309,Irmãos Carbonari S/A Comercial Industrial e Agricola,Fazenda do Estado de São Paulo,Bentivegna e Ribeiro Advogados,,Ativo,,Processo Cível,Execução Fiscal,Primeira Instância,SP,Jundiaí,"2.731,25","0,00",,28/03/2017 16:40,Judicial,Execução Fiscal,Vara da Fazenda,,,28/03/2017,,
118642,0000454-10.1992.8.26.0309,Irmãos Carbonari S/A Comercial Industrial e Agricola,Fazenda do Estado de São Paulo,Jurídico Interno Cível,,Ativo,PACA.0224,Processo Cível,ICMS/ Imposto sobre Circulação de Mercadorias,Primeira Instância,SP,Jundiaí,"1.403,35","0,00",,28/03/2017 16:37,Judicial,Execução Fiscal,Vara da Fazenda,,,28/03/2017,,
118528,0022038-81.1999.8.26.0344,Wilson de Almeida,Departamento de Água e Esgoto de Marília Daem,Jurídico Interno Cível,,Ativo,0060.0093,Processo Cível,,Primeira Instância,SP,Marília,"321,51","0,00",,23/03/2017 18:36,Judicial,Execução Fiscal,Vara da Fazenda,,,23/03/2017,,
118527,0532748-15.2013.8.26.0344,Wilson de Almeida Junior,Prefeitura Municipal de Marília,Bentivegna e Ribeiro Advogados,,Ativo,0060.0091,Processo Cível,IPTU,Primeira Instância,SP,Marília,"612,29","0,00",,23/03/2017 18:33,Judicial,Execução Fiscal,Vara da Fazenda,,,23/03/2017,,
118526,0534935-54.2005.8.26.0577,Planoeste Cronstrutora Ltda.,Prefeitura Municipal de São José dos Campos,Bentivegna e Ribeiro Advogados,,Ativo,0060.0072,Processo Cível,ISS - Imposto Sobre Serviços,Primeira Instância,SP,,"8.579,96","0,00",,23/03/2017 18:24,Judicial,Execução Fiscal,Vara da Fazenda,,,23/03/2017,,
116724,1038589-28.2016.8.26.0602,CM Aparecidinha Empreendimentos Imobiliários Ltda,Prefeitura Municipal de Sorocaba,Bentivegna e Ribeiro Advogados,,Ativo,0060.0104,Processo Cível,Taxas Municipais,Primeira Instância,SP,Sorocaba,"197.336,67","197.336,67",,04/01/2017 11:00,Judicial,Anulatória de Débito Fiscal,Vara da Fazenda,,,04/01/2017,,
115498,0011928-59.2016.5.03.0104,Pacaembu Construtora S/A,Fransuelo Antônio da Silva,Jurídico Trabalhista,Maria Alices Dias Costa,Ativo,Vida Nova Maracá,Trabalhista,,Primeira Instância,MG,Uberlândia,"41.900,00","4.734,70",,07/11/2016 15:21,Judicial,Reclamatória Trabalhista,Vara do Trabalho,,,07/11/2016,,
115328,1001916-43.2016.5.02.0056,Pacaembu Construtora S/A,União Federal,Escritório Tozzini,,Ativo,,Trabalhista,Anulatória de Débito Fiscal,Primeira Instância,SP,São Paulo,"60.763,05","0,00",,31/10/2016 18:27,Judicial,Ação Anulatória,Vara do Trabalho,,,31/10/2016,,
113366,0012065-37.2016.5.15.0062,Pacaembu Construtora S/A,Douglas Pinto de Oliveira Costa,Jurídico Trabalhista,Márcio Antônio Eugênio,Ativo,Vida Nova Barretos,Trabalhista,,Primeira Instância,SP,Lins,"40.000,00","0,00",,19/08/2016 19:00,Judicial,Reclamatória Trabalhista,Vara do Trabalho,,,19/08/2016,,
113005,1023522-23.2016.8.26.0602,Real Elevadores Imobiliária S/A,Makinvest Investimentos e Participações LTDA,Bentivegna e Ribeiro Advogados,,Ativo,0060.0095,Processo Cível,Usucapião Extraordinário,Primeira Instância,SP,Sorocaba,"100.000,00","0,00",,03/08/2016 18:45,Judicial,Interdito Proibitório,Vara Cível,,,03/08/2016,,
112241,0011443-31.2016.5.15.0070,Pacaembu Construtora S/A,Dirceu Gallego,Jurídico Trabalhista,Helton Carvalho,Ativo,Fraternidade,Trabalhista,,Primeira Instância,SP,Catanduva,"161.422,80","18.240,77",,07/07/2016 11:58,Judicial,Reclamatória Trabalhista,Vara do Trabalho,,,07/07/2016,,
112050,0532747-30.2013.8.26.0344,Imobiliária Rio Branco Wilson Almeida,Prefeitura Municipal de Marília,Bentivegna e Ribeiro Advogados,,Ativo,0060.0092,Processo Cível,Execução Fiscal,Primeira Instância,SP,Marília,"1.202,59","0,00",,28/06/2016 09:29,Judicial,Execução Fiscal,Vara da Fazenda,,,27/05/2016,,
108126,0022521-43.2001.8.26.0344,Wilson de Almeida Junior,Prefeitura Municipal de Marília,Jurídico Interno Cível,Elisete Lima dos Santos,Ativo,PACA.0279,Processo Cível,IPTU/ Imposto Predial e Territorial Urbano,Primeira Instância,,,"367,40","0,00",,05/02/2016 13:31,Judicial,Execução Fiscal,,,,05/02/2016,,
106457,0026120-53.2002.8.26.0344,MML Empreendimentos Ltda.,Prefeitura Municipal de Marília,Jurídico Interno Cível,Koiti Hayashi,Ativo,PACA.0285,Processo Cível,Execução Fiscal,Primeira Instância,SP,Marília,"456.793,20","0,00",,09/11/2015 11:46,Judicial,Execução Fiscal,Vara da Fazenda,,,09/11/2015,,
106038,0587700-07.2014.8.26.0344,AJ Comercial e Construtora Ltda.,Prefeitura Municipal de Marília,,Koiti Hayashi,Ativo - não Pacaembu,PACA.0174,Tributário,Taxas Municipais,Primeira Instância,SP,Marília,"610,46","0,00",,19/10/2015 12:36,Judicial,Execução Fiscal,Vara da Fazenda,,,19/10/2015,,
105835,0031299-29.2009.8.26.0309,Irmãos Carbonari S/A Comercial Industrial e Agricola,Fazenda Pública de Jundiaí,Jurídico Interno Cível,Cláudia Helena Fuso Cam,Ativo,PACA.0240,Processo Cível,Taxas Municipais,Primeira Instância,SP,Jundiaí,"7.420,20","0,00",,09/10/2015 14:42,Judicial,Execução Fiscal,Vara da Fazenda,,,09/10/2015,,
102585,1007955-83.2015.8.26.0602,Pacaembu Construtora S/A,Ministério Público do Estado de São Paulo,Mendonça Sica Advogados Associados,Promotoria de Justiça do Estado de São Paulo,Ativo,,Cível,Ação Civil de Improbidade Administrativa,Primeira Instância,SP,Sorocaba,"5.917.012,00","10.826.240,34",,07/05/2015 18:18,Judicial,Ação Civil de Improbidade Administrativa,Vara da Fazenda,,,07/05/2015,,
97795,0010640-05.2014.5.15.0107,Pacaembu Construtora S/A,Ministério Público do Trabalho,Escritório Tozzini,Luciano Zanguetin Michelão,Ativo,,Trabalhista,Ação Civil de Improbidade Administrativa,Primeira Instância,SP,Olímpia,"1.000.000,00","0,00",,12/11/2014 11:30,Judicial,Ação Civil Pública,Vara do Trabalho,,,12/11/2014,,
97239,0505032-62.2014.8.26.0090,Potencial Empreendimentos Ltda.,Prefeitura do Município de São Paulo,Bentivegna e Ribeiro Advogados,Myoko Tereza Kometani Melo,Ativo,0060.0068,Processo Cível,Execução Fiscal,Primeira Instância,,São Paulo,"387,76","0,00",,29/10/2014 16:31,Judicial,Execução Fiscal,Exec. Fiscais,,,29/10/2014,,
88407,0018943-33.2005.8.26.0344,MML Empreendimentos Ltda.,Fazenda Estadual,Bentivegna e Ribeiro Advogados,,Ativo,PACA.0312,Processo Cível,Execução Fiscal,Primeira Instância,SP,Marília,"41.969,99","0,00",,18/02/2014 21:31,Judicial,Execução Fiscal,Vara da Fazenda Pública,,,18/02/2014,,
88310,0535281-44.2013.8.26.0344,Potencial Empreendimentos Ltda.,Prefeitura Municipal de Marília,Jurídico Interno Cível,Koiti Hayashi,Ativo,PACA.0294,Processo Cível,Taxas Municipais,Primeira Instância,SP,Marília,"1.274,06","0,00",,18/02/2014 08:54,Judicial,Execução Fiscal,Vara Cível,,,18/02/2014,,
88308,0535280-59.2013.8.26.0344,Potencial Empreendimentos Ltda.,Prefeitura Municipal de Marília,Bentivegna e Ribeiro Advogados,Koiti Hayashi,Ativo,0060.0081,Processo Cível,IPTU/ Imposto Predial e Territorial Urbano,Primeira Instância,,Marília,"671,31","0,00",,18/02/2014 08:43,Judicial,Execução Fiscal,Vara da Fazenda Pública,,,18/02/2014,,
88306,0535279-74.2013.8.26.0344,Potencial Empreendimentos Ltda.,Prefeitura Municipal de Marília,Jurídico Interno Cível,Koiti Hayashi,Ativo,,Processo Cível,Taxas Municipais,Primeira Instância,SP,Marília,"1.068,51","0,00",,18/02/2014 08:40,Judicial,Execução Fiscal,Vara da Fazenda,,,18/02/2014,,
88305,0535278-89.2013.8.26.0344,Potencial Empreendimentos Ltda.,Prefeitura Municipal de Marília,Jurídico Interno Cível,Koiti Hayashi,Ativo,PACA.0296,Processo Cível,Execução Fiscal,Primeira Instância,SP,Marília,"772,10","0,00",,18/02/2014 08:37,Judicial,Execução Fiscal,Vara da Fazenda Pública,,,18/02/2014,,
87947,0003035-20.2014.8.26.0602,CM Aparecidinha Empreendimentos Imobiliários Ltda,Prefeitura Municipal de Sorocaba,Bentivegna e Ribeiro Advogados,,Ativo,0060.0062,Processo Cível,Taxas Municipais IPTU,Primeira Instância,SP,Sorocaba,"50.000,00","99.764,16",,05/02/2014 10:39,Judicial,Anulatória de Débito Fiscal,Vara da Fazenda Pública,,,05/02/2014,,
87238,0032405-81.2010.8.26.0344,Planoeste Cronstrutora Ltda.,Fazenda Pública do Estado de São Paulo,Rosangela Pereira,Ignacia Tomi Shinomya de Castro,Ativo,PACA.0320,Processo Cível,Execução Fiscal,Primeira Instância,SP,Marília,"0,00","0,00",,15/01/2014 15:31,Judicial,Exceção de Incompetência,Vara da Fazenda,,,15/01/2014,,
86163,0501551-81.2009.8.26.0344,Planoeste Cronstrutora Ltda.,Prefeitura Municipal Marilia,Bentivegna e Ribeiro Advogados,,Ativo,0060.0026,Processo Cível,Dívida Ativa,Primeira Instância,SP,São Paulo,"1.238,02","0,00",,25/11/2013 22:28,,Execução Fiscal,Câmara de Direito Público,,,25/11/2013,,
66062,0502938-97.2010.8.26.0344,Potencial Empreendimentos Ltda.,Prefeitura Municipal Marilia,Jurídico Interno Cível,Eliste Lima,Ativo,PACA.0301,Processo Cível,Execução Fiscal,Primeira Instância,SP,marilia,"888,28","0,00",,02/07/2012 16:33,Judicial,Execução Fiscal,Exec. Fiscais,,,02/07/2012,,
66058,0501170-73.2009.8.26.0344,Potencial Empreendimentos Ltda.,Prefeitura Municipal Marilia,Bentivegna e Ribeiro Advogados,,Ativo,0060.0057,Processo Cível,,Primeira Instância,SP,marilia,"1.238,02","0,00",,02/07/2012 16:16,Judicial,Execução Fiscal,Exec. Fiscais,,,02/07/2012,,
65484,0016757-37.2005.8.26.0344,Potencial Empreendimentos Ltda.,Prefeitura Municipal de Marília,Bentivegna e Ribeiro Advogados,,Ativo,0060.0036,Processo Cível,Execução Fiscal,Primeira Instância,,,"2.627,22","0,00",,18/06/2012 12:46,Judicial,Execução Fiscal,,,,18/06/2012,,
65367,0016743-53.2005.8.26.0344,Potencial Empreendimentos Ltda.,Prefeitura Municipal de Marília,Bentivegna e Ribeiro Advogados,,Ativo,0060.0037,Processo Cível,Execução Fiscal,Primeira Instância,,Marília,"2.829,36","0,00",,14/06/2012 15:43,Judicial,Execução Fiscal,Vara da Fazenda Pública,,,14/06/2012,,
54168,0501659-13.2009.8.26.0344,Potencial Empreendimentos Ltda.,Município de Marília,Bentivegna e Ribeiro Advogados,Elisete Lima dos Santos,Ativo,0060.0060,Processo Cível,Execução Fiscal ITR Imposto Territorial Rural,Primeira Instância,SP,Marília,"1.238,02","0,00",,14/09/2011 13:28,Judicial,Execução Fiscal,Vara da Fazenda Pública,,,14/09/2011,,
53568,0501354-29.2009.8.26.0344,Potencial Empreendimentos Ltda.,Fazenda Pública Municipal de Marília,Bentivegna e Ribeiro Advogados,Elisete Lima dos Santos,Ativo,0060.0024,Processo Cível,Prefeitura Municipal de Marília ajuizou ação de Execução Fiscal contra Pontecial,Primeira Instância,,,"1.238,02","0,00",,01/09/2011 12:20,Judicial,Execução Fiscal,,,,01/09/2011,,
20483,0011571-91.2009.8.26.0344,Planoeste Cronstrutora Ltda.,Fazenda Pública do Estado de São Paulo,Marcos Alberto Gimenes Bolonhezi,Ignacia Tomi Shinomya de Castro,Ativo,,Processo Cível,Cobrança de ICMS,Primeira Instância,SP,Marília,"3.271.834,73","0,00",,29/11/2010 11:51,Judicial,Execução Fiscal,Exec. Fiscais,,,29/11/2010,,
